
===========================================================================
report_checks -path_delay min (Hold)
============================================================================
======================= nom_tt_025C_1v80 Corner ===================================

Startpoint: operand_b[63] (input port clocked by __VIRTUAL_CLK__)
Endpoint: overflow_flag (output port clocked by __VIRTUAL_CLK__)
Path Group: __VIRTUAL_CLK__
Path Type: min

Fanout         Cap        Slew       Delay        Time   Description
---------------------------------------------------------------------------------------------
                      0.000000    0.000000    0.000000   clock __VIRTUAL_CLK__ (rise edge)
                                  0.000000    0.000000   clock network delay (ideal)
                                  8.000000    8.000000 v input external delay
     1    0.003985    0.011365    0.006129    8.006129 v operand_b[63] (in)
                                                         operand_b[63] (net)
                      0.011367    0.000000    8.006129 v input129/A (sky130_fd_sc_hd__buf_1)
     2    0.011857    0.074759    0.107956    8.114085 v input129/X (sky130_fd_sc_hd__buf_1)
                                                         net129 (net)
                      0.074760    0.000422    8.114508 v _6476_/B (sky130_fd_sc_hd__nand2_2)
     2    0.007894    0.060918    0.083693    8.198200 ^ _6476_/Y (sky130_fd_sc_hd__nand2_2)
                                                         _2554_ (net)
                      0.060918    0.000139    8.198340 ^ _6490_/A0 (sky130_fd_sc_hd__mux2_2)
     1    0.005282    0.047425    0.143659    8.341999 ^ _6490_/X (sky130_fd_sc_hd__mux2_2)
                                                         _2568_ (net)
                      0.047425    0.000149    8.342149 ^ _6500_/A2 (sky130_fd_sc_hd__o21ai_2)
     1    0.009494    0.045510    0.060354    8.402503 v _6500_/Y (sky130_fd_sc_hd__o21ai_2)
                                                         net136 (net)
                      0.045537    0.000475    8.402978 v output136/A (sky130_fd_sc_hd__clkdlybuf4s25_1)
     1    0.036277    0.269820    0.403568    8.806546 v output136/X (sky130_fd_sc_hd__clkdlybuf4s25_1)
                                                         overflow_flag (net)
                      0.269822    0.001096    8.807642 v overflow_flag (out)
                                              8.807642   data arrival time

                      0.000000    0.000000    0.000000   clock __VIRTUAL_CLK__ (rise edge)
                                  0.000000    0.000000   clock network delay (ideal)
                                  0.250000    0.250000   clock uncertainty
                                  0.000000    0.250000   clock reconvergence pessimism
                                 -8.000000   -7.750000   output external delay
                                             -7.750000   data required time
---------------------------------------------------------------------------------------------
                                             -7.750000   data required time
                                             -8.807642   data arrival time
---------------------------------------------------------------------------------------------
                                             16.557642   slack (MET)


Startpoint: operand_b[63] (input port clocked by __VIRTUAL_CLK__)
Endpoint: carry_out (output port clocked by __VIRTUAL_CLK__)
Path Group: __VIRTUAL_CLK__
Path Type: min

Fanout         Cap        Slew       Delay        Time   Description
---------------------------------------------------------------------------------------------
                      0.000000    0.000000    0.000000   clock __VIRTUAL_CLK__ (rise edge)
                                  0.000000    0.000000   clock network delay (ideal)
                                  8.000000    8.000000 ^ input external delay
     1    0.004161    0.025645    0.014347    8.014347 ^ operand_b[63] (in)
                                                         operand_b[63] (net)
                      0.025645    0.000000    8.014347 ^ input129/A (sky130_fd_sc_hd__buf_1)
     2    0.012423    0.152205    0.142405    8.156752 ^ input129/X (sky130_fd_sc_hd__buf_1)
                                                         net129 (net)
                      0.152208    0.000446    8.157198 ^ _6476_/B (sky130_fd_sc_hd__nand2_2)
     2    0.007115    0.049248    0.075716    8.232914 v _6476_/Y (sky130_fd_sc_hd__nand2_2)
                                                         _2554_ (net)
                      0.049248    0.000113    8.233027 v _6477_/B (sky130_fd_sc_hd__nor2_2)
     1    0.003093    0.063076    0.069305    8.302332 ^ _6477_/Y (sky130_fd_sc_hd__nor2_2)
                                                         _2555_ (net)
                      0.063076    0.000086    8.302418 ^ _6478_/B1 (sky130_fd_sc_hd__a41o_2)
     1    0.003588    0.032655    0.089674    8.392092 ^ _6478_/X (sky130_fd_sc_hd__a41o_2)
                                                         _2556_ (net)
                      0.032655    0.000101    8.392193 ^ _6483_/B1 (sky130_fd_sc_hd__a311o_2)
     1    0.002794    0.030102    0.086507    8.478700 ^ _6483_/X (sky130_fd_sc_hd__a311o_2)
                                                         _2561_ (net)
                      0.030102    0.000080    8.478780 ^ _6488_/B (sky130_fd_sc_hd__or3b_2)
     1    0.010419    0.069659    0.119607    8.598386 ^ _6488_/X (sky130_fd_sc_hd__or3b_2)
                                                         _2567_ (net)
                      0.069660    0.000425    8.598812 ^ _6489_/A (sky130_fd_sc_hd__buf_1)
     1    0.003259    0.049170    0.086923    8.685735 ^ _6489_/X (sky130_fd_sc_hd__buf_1)
                                                         net134 (net)
                      0.049170    0.000091    8.685825 ^ output134/A (sky130_fd_sc_hd__clkdlybuf4s25_1)
     1    0.035683    0.359727    0.446660    9.132486 ^ output134/X (sky130_fd_sc_hd__clkdlybuf4s25_1)
                                                         carry_out (net)
                      0.359727    0.000981    9.133467 ^ carry_out (out)
                                              9.133467   data arrival time

                      0.000000    0.000000    0.000000   clock __VIRTUAL_CLK__ (rise edge)
                                  0.000000    0.000000   clock network delay (ideal)
                                  0.250000    0.250000   clock uncertainty
                                  0.000000    0.250000   clock reconvergence pessimism
                                 -8.000000   -7.750000   output external delay
                                             -7.750000   data required time
---------------------------------------------------------------------------------------------
                                             -7.750000   data required time
                                             -9.133467   data arrival time
---------------------------------------------------------------------------------------------
                                             16.883467   slack (MET)


Startpoint: operand_b[62] (input port clocked by __VIRTUAL_CLK__)
Endpoint: zero_flag (output port clocked by __VIRTUAL_CLK__)
Path Group: __VIRTUAL_CLK__
Path Type: min

Fanout         Cap        Slew       Delay        Time   Description
---------------------------------------------------------------------------------------------
                      0.000000    0.000000    0.000000   clock __VIRTUAL_CLK__ (rise edge)
                                  0.000000    0.000000   clock network delay (ideal)
                                  8.000000    8.000000 v input external delay
     1    0.003794    0.010921    0.005819    8.005819 v operand_b[62] (in)
                                                         operand_b[62] (net)
                      0.010927    0.000000    8.005819 v input128/A (sky130_fd_sc_hd__buf_1)
     2    0.015474    0.094842    0.122260    8.128078 v input128/X (sky130_fd_sc_hd__buf_1)
                                                         net128 (net)
                      0.094843    0.000485    8.128564 v _5962_/B (sky130_fd_sc_hd__nand2_2)
     3    0.007899    0.062807    0.092403    8.220966 ^ _5962_/Y (sky130_fd_sc_hd__nand2_2)
                                                         _1990_ (net)
                      0.062807    0.000175    8.221141 ^ _5975_/C (sky130_fd_sc_hd__and3_2)
     1    0.003948    0.047503    0.168292    8.389434 ^ _5975_/X (sky130_fd_sc_hd__and3_2)
                                                         _2004_ (net)
                      0.047503    0.000123    8.389557 ^ _5979_/A0 (sky130_fd_sc_hd__mux2_2)
     1    0.004331    0.043386    0.135243    8.524799 ^ _5979_/X (sky130_fd_sc_hd__mux2_2)
                                                         _2009_ (net)
                      0.043397    0.000134    8.524934 ^ _5980_/C1 (sky130_fd_sc_hd__a211o_2)
     3    0.027288    0.132843    0.157442    8.682376 ^ _5980_/X (sky130_fd_sc_hd__a211o_2)
                                                         net135 (net)
                      0.132847    0.000854    8.683230 ^ _6005_/C (sky130_fd_sc_hd__nor4_4)
     1    0.006069    0.020563    0.058917    8.742147 v _6005_/Y (sky130_fd_sc_hd__nor4_4)
                                                         net201 (net)
                      0.020564    0.000236    8.742384 v output201/A (sky130_fd_sc_hd__clkdlybuf4s25_1)
     1    0.036971    0.274625    0.396829    9.139214 v output201/X (sky130_fd_sc_hd__clkdlybuf4s25_1)
                                                         zero_flag (net)
                      0.274628    0.001223    9.140436 v zero_flag (out)
                                              9.140436   data arrival time

                      0.000000    0.000000    0.000000   clock __VIRTUAL_CLK__ (rise edge)
                                  0.000000    0.000000   clock network delay (ideal)
                                  0.250000    0.250000   clock uncertainty
                                  0.000000    0.250000   clock reconvergence pessimism
                                 -8.000000   -7.750000   output external delay
                                             -7.750000   data required time
---------------------------------------------------------------------------------------------
                                             -7.750000   data required time
                                             -9.140436   data arrival time
---------------------------------------------------------------------------------------------
                                             16.890436   slack (MET)


Startpoint: operand_b[62] (input port clocked by __VIRTUAL_CLK__)
Endpoint: negative_flag (output port clocked by __VIRTUAL_CLK__)
Path Group: __VIRTUAL_CLK__
Path Type: min

Fanout         Cap        Slew       Delay        Time   Description
---------------------------------------------------------------------------------------------
                      0.000000    0.000000    0.000000   clock __VIRTUAL_CLK__ (rise edge)
                                  0.000000    0.000000   clock network delay (ideal)
                                  8.000000    8.000000 v input external delay
     1    0.003794    0.010921    0.005819    8.005819 v operand_b[62] (in)
                                                         operand_b[62] (net)
                      0.010927    0.000000    8.005819 v input128/A (sky130_fd_sc_hd__buf_1)
     2    0.015474    0.094842    0.122260    8.128078 v input128/X (sky130_fd_sc_hd__buf_1)
                                                         net128 (net)
                      0.094843    0.000485    8.128564 v _5962_/B (sky130_fd_sc_hd__nand2_2)
     3    0.007899    0.062807    0.092403    8.220966 ^ _5962_/Y (sky130_fd_sc_hd__nand2_2)
                                                         _1990_ (net)
                      0.062807    0.000175    8.221141 ^ _5975_/C (sky130_fd_sc_hd__and3_2)
     1    0.003948    0.047503    0.168292    8.389434 ^ _5975_/X (sky130_fd_sc_hd__and3_2)
                                                         _2004_ (net)
                      0.047503    0.000123    8.389557 ^ _5979_/A0 (sky130_fd_sc_hd__mux2_2)
     1    0.004331    0.043386    0.135243    8.524799 ^ _5979_/X (sky130_fd_sc_hd__mux2_2)
                                                         _2009_ (net)
                      0.043397    0.000134    8.524934 ^ _5980_/C1 (sky130_fd_sc_hd__a211o_2)
     3    0.027288    0.132843    0.157442    8.682376 ^ _5980_/X (sky130_fd_sc_hd__a211o_2)
                                                         net135 (net)
                      0.132846    0.000779    8.683155 ^ output135/A (sky130_fd_sc_hd__clkdlybuf4s25_1)
     1    0.035751    0.361201    0.473563    9.156717 ^ output135/X (sky130_fd_sc_hd__clkdlybuf4s25_1)
                                                         negative_flag (net)
                      0.361201    0.000983    9.157701 ^ negative_flag (out)
                                              9.157701   data arrival time

                      0.000000    0.000000    0.000000   clock __VIRTUAL_CLK__ (rise edge)
                                  0.000000    0.000000   clock network delay (ideal)
                                  0.250000    0.250000   clock uncertainty
                                  0.000000    0.250000   clock reconvergence pessimism
                                 -8.000000   -7.750000   output external delay
                                             -7.750000   data required time
---------------------------------------------------------------------------------------------
                                             -7.750000   data required time
                                             -9.157701   data arrival time
---------------------------------------------------------------------------------------------
                                             16.907701   slack (MET)


Startpoint: operand_b[61] (input port clocked by __VIRTUAL_CLK__)
Endpoint: result[62] (output port clocked by __VIRTUAL_CLK__)
Path Group: __VIRTUAL_CLK__
Path Type: min

Fanout         Cap        Slew       Delay        Time   Description
---------------------------------------------------------------------------------------------
                      0.000000    0.000000    0.000000   clock __VIRTUAL_CLK__ (rise edge)
                                  0.000000    0.000000   clock network delay (ideal)
                                  8.000000    8.000000 v input external delay
     1    0.005172    0.014003    0.007998    8.007998 v operand_b[61] (in)
                                                         operand_b[61] (net)
                      0.014005    0.000000    8.007998 v input127/A (sky130_fd_sc_hd__buf_1)
     4    0.026754    0.157569    0.167955    8.175954 v input127/X (sky130_fd_sc_hd__buf_1)
                                                         net127 (net)
                      0.157572    0.000897    8.176850 v _5932_/B (sky130_fd_sc_hd__nand2_2)
     2    0.010729    0.082488    0.127856    8.304707 ^ _5932_/Y (sky130_fd_sc_hd__nand2_2)
                                                         _1958_ (net)
                      0.082489    0.000390    8.305097 ^ _5933_/B1 (sky130_fd_sc_hd__o21ai_2)
     2    0.008093    0.050268    0.067145    8.372242 v _5933_/Y (sky130_fd_sc_hd__o21ai_2)
                                                         _1959_ (net)
                      0.050268    0.000242    8.372484 v _5934_/A (sky130_fd_sc_hd__inv_2)
     2    0.005842    0.034566    0.050022    8.422506 ^ _5934_/Y (sky130_fd_sc_hd__inv_2)
                                                         _1960_ (net)
                      0.034566    0.000086    8.422592 ^ _5950_/A2 (sky130_fd_sc_hd__a311o_2)
     1    0.006062    0.044387    0.158797    8.581389 ^ _5950_/X (sky130_fd_sc_hd__a311o_2)
                                                         _1978_ (net)
                      0.044387    0.000248    8.581637 ^ _5951_/C1 (sky130_fd_sc_hd__a221o_2)
     2    0.014242    0.081671    0.131576    8.713213 ^ _5951_/X (sky130_fd_sc_hd__a221o_2)
                                                         net195 (net)
                      0.081672    0.000365    8.713577 ^ output195/A (sky130_fd_sc_hd__clkdlybuf4s25_1)
     1    0.035551    0.358720    0.456528    9.170106 ^ output195/X (sky130_fd_sc_hd__clkdlybuf4s25_1)
                                                         result[62] (net)
                      0.358720    0.000937    9.171042 ^ result[62] (out)
                                              9.171042   data arrival time

                      0.000000    0.000000    0.000000   clock __VIRTUAL_CLK__ (rise edge)
                                  0.000000    0.000000   clock network delay (ideal)
                                  0.250000    0.250000   clock uncertainty
                                  0.000000    0.250000   clock reconvergence pessimism
                                 -8.000000   -7.750000   output external delay
                                             -7.750000   data required time
---------------------------------------------------------------------------------------------
                                             -7.750000   data required time
                                             -9.171042   data arrival time
---------------------------------------------------------------------------------------------
                                             16.921043   slack (MET)


Startpoint: operand_b[62] (input port clocked by __VIRTUAL_CLK__)
Endpoint: result[63] (output port clocked by __VIRTUAL_CLK__)
Path Group: __VIRTUAL_CLK__
Path Type: min

Fanout         Cap        Slew       Delay        Time   Description
---------------------------------------------------------------------------------------------
                      0.000000    0.000000    0.000000   clock __VIRTUAL_CLK__ (rise edge)
                                  0.000000    0.000000   clock network delay (ideal)
                                  8.000000    8.000000 v input external delay
     1    0.003794    0.010921    0.005819    8.005819 v operand_b[62] (in)
                                                         operand_b[62] (net)
                      0.010927    0.000000    8.005819 v input128/A (sky130_fd_sc_hd__buf_1)
     2    0.015474    0.094842    0.122260    8.128078 v input128/X (sky130_fd_sc_hd__buf_1)
                                                         net128 (net)
                      0.094843    0.000485    8.128564 v _5962_/B (sky130_fd_sc_hd__nand2_2)
     3    0.007899    0.062807    0.092403    8.220966 ^ _5962_/Y (sky130_fd_sc_hd__nand2_2)
                                                         _1990_ (net)
                      0.062807    0.000175    8.221141 ^ _5975_/C (sky130_fd_sc_hd__and3_2)
     1    0.003948    0.047503    0.168292    8.389434 ^ _5975_/X (sky130_fd_sc_hd__and3_2)
                                                         _2004_ (net)
                      0.047503    0.000123    8.389557 ^ _5979_/A0 (sky130_fd_sc_hd__mux2_2)
     1    0.004331    0.043386    0.135243    8.524799 ^ _5979_/X (sky130_fd_sc_hd__mux2_2)
                                                         _2009_ (net)
                      0.043397    0.000134    8.524934 ^ _5980_/C1 (sky130_fd_sc_hd__a211o_2)
     3    0.027288    0.132843    0.157442    8.682376 ^ _5980_/X (sky130_fd_sc_hd__a211o_2)
                                                         net135 (net)
                      0.132846    0.000755    8.683131 ^ _6501_/A (sky130_fd_sc_hd__buf_2)
     1    0.002528    0.026719    0.114868    8.797999 ^ _6501_/X (sky130_fd_sc_hd__buf_2)
                                                         net196 (net)
                      0.026719    0.000047    8.798046 ^ output196/A (sky130_fd_sc_hd__clkdlybuf4s25_1)
     1    0.036012    0.363579    0.441242    9.239287 ^ output196/X (sky130_fd_sc_hd__clkdlybuf4s25_1)
                                                         result[63] (net)
                      0.363579    0.001064    9.240352 ^ result[63] (out)
                                              9.240352   data arrival time

                      0.000000    0.000000    0.000000   clock __VIRTUAL_CLK__ (rise edge)
                                  0.000000    0.000000   clock network delay (ideal)
                                  0.250000    0.250000   clock uncertainty
                                  0.000000    0.250000   clock reconvergence pessimism
                                 -8.000000   -7.750000   output external delay
                                             -7.750000   data required time
---------------------------------------------------------------------------------------------
                                             -7.750000   data required time
                                             -9.240352   data arrival time
---------------------------------------------------------------------------------------------
                                             16.990353   slack (MET)


Startpoint: operand_b[49] (input port clocked by __VIRTUAL_CLK__)
Endpoint: result[50] (output port clocked by __VIRTUAL_CLK__)
Path Group: __VIRTUAL_CLK__
Path Type: min

Fanout         Cap        Slew       Delay        Time   Description
---------------------------------------------------------------------------------------------
                      0.000000    0.000000    0.000000   clock __VIRTUAL_CLK__ (rise edge)
                                  0.000000    0.000000   clock network delay (ideal)
                                  8.000000    8.000000 ^ input external delay
     1    0.005102    0.029741    0.017312    8.017312 ^ operand_b[49] (in)
                                                         operand_b[49] (net)
                      0.029742    0.000000    8.017312 ^ input113/A (sky130_fd_sc_hd__clkdlybuf4s25_1)
     3    0.013462    0.144525    0.295995    8.313308 ^ input113/X (sky130_fd_sc_hd__clkdlybuf4s25_1)
                                                         net113 (net)
                      0.144525    0.000556    8.313864 ^ _5503_/A2 (sky130_fd_sc_hd__o21a_2)
     3    0.013672    0.080664    0.165488    8.479352 ^ _5503_/X (sky130_fd_sc_hd__o21a_2)
                                                         _1499_ (net)
                      0.080664    0.000330    8.479682 ^ _5504_/B1 (sky130_fd_sc_hd__a21oi_2)
     2    0.016763    0.050500    0.061129    8.540811 v _5504_/Y (sky130_fd_sc_hd__a21oi_2)
                                                         _1500_ (net)
                      0.050520    0.000765    8.541575 v _5505_/B (sky130_fd_sc_hd__xnor2_2)
     1    0.004117    0.042089    0.114730    8.656305 ^ _5505_/Y (sky130_fd_sc_hd__xnor2_2)
                                                         _1501_ (net)
                      0.042089    0.000124    8.656429 ^ _5520_/B1 (sky130_fd_sc_hd__a221o_2)
     2    0.013131    0.076305    0.161275    8.817705 ^ _5520_/X (sky130_fd_sc_hd__a221o_2)
                                                         net182 (net)
                      0.076306    0.000477    8.818182 ^ output182/A (sky130_fd_sc_hd__clkdlybuf4s25_1)
     1    0.036766    0.370410    0.462838    9.281020 ^ output182/X (sky130_fd_sc_hd__clkdlybuf4s25_1)
                                                         result[50] (net)
                      0.370410    0.000690    9.281710 ^ result[50] (out)
                                              9.281710   data arrival time

                      0.000000    0.000000    0.000000   clock __VIRTUAL_CLK__ (rise edge)
                                  0.000000    0.000000   clock network delay (ideal)
                                  0.250000    0.250000   clock uncertainty
                                  0.000000    0.250000   clock reconvergence pessimism
                                 -8.000000   -7.750000   output external delay
                                             -7.750000   data required time
---------------------------------------------------------------------------------------------
                                             -7.750000   data required time
                                             -9.281710   data arrival time
---------------------------------------------------------------------------------------------
                                             17.031710   slack (MET)


Startpoint: operand_b[60] (input port clocked by __VIRTUAL_CLK__)
Endpoint: result[61] (output port clocked by __VIRTUAL_CLK__)
Path Group: __VIRTUAL_CLK__
Path Type: min

Fanout         Cap        Slew       Delay        Time   Description
---------------------------------------------------------------------------------------------
                      0.000000    0.000000    0.000000   clock __VIRTUAL_CLK__ (rise edge)
                                  0.000000    0.000000   clock network delay (ideal)
                                  8.000000    8.000000 v input external delay
     1    0.007555    0.019134    0.011727    8.011726 v operand_b[60] (in)
                                                         operand_b[60] (net)
                      0.019141    0.000000    8.011726 v input126/A (sky130_fd_sc_hd__clkdlybuf4s25_1)
     4    0.025594    0.193492    0.339430    8.351156 v input126/X (sky130_fd_sc_hd__clkdlybuf4s25_1)
                                                         net126 (net)
                      0.193497    0.001101    8.352258 v _5897_/B (sky130_fd_sc_hd__nand2_2)
     3    0.025324    0.150597    0.191821    8.544079 ^ _5897_/Y (sky130_fd_sc_hd__nand2_2)
                                                         _1921_ (net)
                      0.150600    0.000889    8.544968 ^ _5913_/A2 (sky130_fd_sc_hd__a31o_2)
     1    0.004523    0.039571    0.168257    8.713225 ^ _5913_/X (sky130_fd_sc_hd__a31o_2)
                                                         _1938_ (net)
                      0.039571    0.000137    8.713362 ^ _5915_/B1 (sky130_fd_sc_hd__a211o_2)
     2    0.014761    0.076346    0.121274    8.834636 ^ _5915_/X (sky130_fd_sc_hd__a211o_2)
                                                         net194 (net)
                      0.076347    0.000359    8.834994 ^ output194/A (sky130_fd_sc_hd__clkdlybuf4s25_1)
     1    0.035978    0.362809    0.457526    9.292520 ^ output194/X (sky130_fd_sc_hd__clkdlybuf4s25_1)
                                                         result[61] (net)
                      0.362809    0.000976    9.293496 ^ result[61] (out)
                                              9.293496   data arrival time

                      0.000000    0.000000    0.000000   clock __VIRTUAL_CLK__ (rise edge)
                                  0.000000    0.000000   clock network delay (ideal)
                                  0.250000    0.250000   clock uncertainty
                                  0.000000    0.250000   clock reconvergence pessimism
                                 -8.000000   -7.750000   output external delay
                                             -7.750000   data required time
---------------------------------------------------------------------------------------------
                                             -7.750000   data required time
                                             -9.293496   data arrival time
---------------------------------------------------------------------------------------------
                                             17.043495   slack (MET)


Startpoint: operand_b[57] (input port clocked by __VIRTUAL_CLK__)
Endpoint: result[57] (output port clocked by __VIRTUAL_CLK__)
Path Group: __VIRTUAL_CLK__
Path Type: min

Fanout         Cap        Slew       Delay        Time   Description
---------------------------------------------------------------------------------------------
                      0.000000    0.000000    0.000000   clock __VIRTUAL_CLK__ (rise edge)
                                  0.000000    0.000000   clock network delay (ideal)
                                  8.000000    8.000000 ^ input external delay
     1    0.007932    0.042236    0.026075    8.026075 ^ operand_b[57] (in)
                                                         operand_b[57] (net)
                      0.042240    0.000000    8.026075 ^ input122/A (sky130_fd_sc_hd__clkdlybuf4s25_1)
     2    0.017975    0.188030    0.329503    8.355577 ^ input122/X (sky130_fd_sc_hd__clkdlybuf4s25_1)
                                                         net122 (net)
                      0.188030    0.000639    8.356216 ^ _5773_/A1 (sky130_fd_sc_hd__a22o_2)
     1    0.006117    0.048673    0.177788    8.534004 ^ _5773_/X (sky130_fd_sc_hd__a22o_2)
                                                         _1789_ (net)
                      0.048673    0.000183    8.534187 ^ _5774_/A2 (sky130_fd_sc_hd__o21ai_2)
     1    0.004665    0.028488    0.047773    8.581961 v _5774_/Y (sky130_fd_sc_hd__o21ai_2)
                                                         _1790_ (net)
                      0.028489    0.000154    8.582114 v _5775_/B1 (sky130_fd_sc_hd__o211a_2)
     1    0.006945    0.036184    0.126576    8.708690 v _5775_/X (sky130_fd_sc_hd__o211a_2)
                                                         _1791_ (net)
                      0.036186    0.000293    8.708983 v _5776_/B1 (sky130_fd_sc_hd__o21ai_2)
     1    0.003720    0.042046    0.045344    8.754327 ^ _5776_/Y (sky130_fd_sc_hd__o21ai_2)
                                                         _1793_ (net)
                      0.042046    0.000111    8.754438 ^ _5777_/C1 (sky130_fd_sc_hd__a221o_2)
     2    0.012791    0.074664    0.125843    8.880281 ^ _5777_/X (sky130_fd_sc_hd__a221o_2)
                                                         net189 (net)
                      0.074668    0.000608    8.880890 ^ output189/A (sky130_fd_sc_hd__clkdlybuf4s25_1)
     1    0.036875    0.371578    0.462615    9.343505 ^ output189/X (sky130_fd_sc_hd__clkdlybuf4s25_1)
                                                         result[57] (net)
                      0.371578    0.001242    9.344747 ^ result[57] (out)
                                              9.344747   data arrival time

                      0.000000    0.000000    0.000000   clock __VIRTUAL_CLK__ (rise edge)
                                  0.000000    0.000000   clock network delay (ideal)
                                  0.250000    0.250000   clock uncertainty
                                  0.000000    0.250000   clock reconvergence pessimism
                                 -8.000000   -7.750000   output external delay
                                             -7.750000   data required time
---------------------------------------------------------------------------------------------
                                             -7.750000   data required time
                                             -9.344747   data arrival time
---------------------------------------------------------------------------------------------
                                             17.094746   slack (MET)


Startpoint: operand_b[36] (input port clocked by __VIRTUAL_CLK__)
Endpoint: result[37] (output port clocked by __VIRTUAL_CLK__)
Path Group: __VIRTUAL_CLK__
Path Type: min

Fanout         Cap        Slew       Delay        Time   Description
---------------------------------------------------------------------------------------------
                      0.000000    0.000000    0.000000   clock __VIRTUAL_CLK__ (rise edge)
                                  0.000000    0.000000   clock network delay (ideal)
                                  8.000000    8.000000 v input external delay
     1    0.004081    0.011583    0.006282    8.006282 v operand_b[36] (in)
                                                         operand_b[36] (net)
                      0.011589    0.000000    8.006282 v input99/A (sky130_fd_sc_hd__clkdlybuf4s25_1)
     3    0.015486    0.124174    0.285434    8.291716 v input99/X (sky130_fd_sc_hd__clkdlybuf4s25_1)
                                                         net99 (net)
                      0.124175    0.000547    8.292263 v _5002_/A (sky130_fd_sc_hd__inv_2)
     2    0.007490    0.053599    0.083037    8.375299 ^ _5002_/Y (sky130_fd_sc_hd__inv_2)
                                                         _0963_ (net)
                      0.053600    0.000237    8.375537 ^ _5003_/B1 (sky130_fd_sc_hd__a21o_2)
     1    0.009078    0.053684    0.099774    8.475311 ^ _5003_/X (sky130_fd_sc_hd__a21o_2)
                                                         _0964_ (net)
                      0.053685    0.000350    8.475661 ^ _5005_/A2 (sky130_fd_sc_hd__a21oi_2)
     1    0.009093    0.031816    0.062665    8.538326 v _5005_/Y (sky130_fd_sc_hd__a21oi_2)
                                                         _0966_ (net)
                      0.031817    0.000272    8.538598 v _5006_/B (sky130_fd_sc_hd__xnor2_2)
     1    0.012438    0.069299    0.138963    8.677560 v _5006_/Y (sky130_fd_sc_hd__xnor2_2)
                                                         _0967_ (net)
                      0.069303    0.000554    8.678115 v _5007_/B (sky130_fd_sc_hd__nor2_2)
     1    0.004617    0.078930    0.087718    8.765833 ^ _5007_/Y (sky130_fd_sc_hd__nor2_2)
                                                         _0968_ (net)
                      0.078930    0.000114    8.765946 ^ _5025_/B1 (sky130_fd_sc_hd__a211o_2)
     2    0.015160    0.078213    0.135932    8.901878 ^ _5025_/X (sky130_fd_sc_hd__a211o_2)
                                                         net167 (net)
                      0.078217    0.000603    8.902482 ^ output167/A (sky130_fd_sc_hd__clkdlybuf4s25_1)
     1    0.036568    0.368620    0.461844    9.364326 ^ output167/X (sky130_fd_sc_hd__clkdlybuf4s25_1)
                                                         result[37] (net)
                      0.368620    0.001160    9.365485 ^ result[37] (out)
                                              9.365485   data arrival time

                      0.000000    0.000000    0.000000   clock __VIRTUAL_CLK__ (rise edge)
                                  0.000000    0.000000   clock network delay (ideal)
                                  0.250000    0.250000   clock uncertainty
                                  0.000000    0.250000   clock reconvergence pessimism
                                 -8.000000   -7.750000   output external delay
                                             -7.750000   data required time
---------------------------------------------------------------------------------------------
                                             -7.750000   data required time
                                             -9.365485   data arrival time
---------------------------------------------------------------------------------------------
                                             17.115486   slack (MET)


Startpoint: operand_a[1] (input port clocked by __VIRTUAL_CLK__)
Endpoint: result[2] (output port clocked by __VIRTUAL_CLK__)
Path Group: __VIRTUAL_CLK__
Path Type: min

Fanout         Cap        Slew       Delay        Time   Description
---------------------------------------------------------------------------------------------
                      0.000000    0.000000    0.000000   clock __VIRTUAL_CLK__ (rise edge)
                                  0.000000    0.000000   clock network delay (ideal)
                                  8.000000    8.000000 v input external delay
     1    0.007617    0.019317    0.011825    8.011826 v operand_a[1] (in)
                                                         operand_a[1] (net)
                      0.019324    0.000000    8.011826 v input17/A (sky130_fd_sc_hd__clkdlybuf4s25_1)
     4    0.021619    0.166281    0.319687    8.331511 v input17/X (sky130_fd_sc_hd__clkdlybuf4s25_1)
                                                         net17 (net)
                      0.166283    0.000787    8.332298 v _3408_/B (sky130_fd_sc_hd__nand2b_2)
     4    0.016926    0.104177    0.154048    8.486347 ^ _3408_/Y (sky130_fd_sc_hd__nand2b_2)
                                                         _2621_ (net)
                      0.104181    0.000766    8.487113 ^ _3413_/A1 (sky130_fd_sc_hd__a21o_2)
     2    0.013028    0.073668    0.156809    8.643922 ^ _3413_/X (sky130_fd_sc_hd__a21o_2)
                                                         _2626_ (net)
                      0.073670    0.000495    8.644417 ^ _3415_/B2 (sky130_fd_sc_hd__a221o_2)
     1    0.006695    0.052007    0.148480    8.792897 ^ _3415_/X (sky130_fd_sc_hd__a221o_2)
                                                         _2628_ (net)
                      0.052007    0.000253    8.793151 ^ _3436_/B1 (sky130_fd_sc_hd__a221o_2)
     2    0.012413    0.072929    0.162117    8.955268 ^ _3436_/X (sky130_fd_sc_hd__a221o_2)
                                                         net159 (net)
                      0.072931    0.000492    8.955760 ^ output159/A (sky130_fd_sc_hd__clkdlybuf4s25_1)
     1    0.035628    0.359340    0.454166    9.409925 ^ output159/X (sky130_fd_sc_hd__clkdlybuf4s25_1)
                                                         result[2] (net)
                      0.359340    0.000932    9.410857 ^ result[2] (out)
                                              9.410857   data arrival time

                      0.000000    0.000000    0.000000   clock __VIRTUAL_CLK__ (rise edge)
                                  0.000000    0.000000   clock network delay (ideal)
                                  0.250000    0.250000   clock uncertainty
                                  0.000000    0.250000   clock reconvergence pessimism
                                 -8.000000   -7.750000   output external delay
                                             -7.750000   data required time
---------------------------------------------------------------------------------------------
                                             -7.750000   data required time
                                             -9.410857   data arrival time
---------------------------------------------------------------------------------------------
                                             17.160858   slack (MET)


Startpoint: operand_b[40] (input port clocked by __VIRTUAL_CLK__)
Endpoint: result[41] (output port clocked by __VIRTUAL_CLK__)
Path Group: __VIRTUAL_CLK__
Path Type: min

Fanout         Cap        Slew       Delay        Time   Description
---------------------------------------------------------------------------------------------
                      0.000000    0.000000    0.000000   clock __VIRTUAL_CLK__ (rise edge)
                                  0.000000    0.000000   clock network delay (ideal)
                                  8.000000    8.000000 ^ input external delay
     1    0.005929    0.033366    0.019826    8.019826 ^ operand_b[40] (in)
                                                         operand_b[40] (net)
                      0.033367    0.000000    8.019826 ^ input104/A (sky130_fd_sc_hd__clkdlybuf4s25_1)
     2    0.017926    0.187601    0.326196    8.346022 ^ input104/X (sky130_fd_sc_hd__clkdlybuf4s25_1)
                                                         net104 (net)
                      0.187601    0.000719    8.346741 ^ _5196_/A2 (sky130_fd_sc_hd__a2111o_2)
     1    0.005302    0.036033    0.165620    8.512361 ^ _5196_/X (sky130_fd_sc_hd__a2111o_2)
                                                         _1171_ (net)
                      0.036033    0.000108    8.512469 ^ _5197_/C1 (sky130_fd_sc_hd__o211ai_2)
     1    0.003272    0.041825    0.059059    8.571528 v _5197_/Y (sky130_fd_sc_hd__o211ai_2)
                                                         _1172_ (net)
                      0.041825    0.000095    8.571624 v _5198_/B1 (sky130_fd_sc_hd__a41o_2)
     1    0.002375    0.031626    0.206336    8.777960 v _5198_/X (sky130_fd_sc_hd__a41o_2)
                                                         _1173_ (net)
                      0.031626    0.000044    8.778004 v _5199_/B1 (sky130_fd_sc_hd__a31o_2)
     2    0.015494    0.062590    0.231910    9.009914 v _5199_/X (sky130_fd_sc_hd__a31o_2)
                                                         net172 (net)
                      0.062604    0.000846    9.010760 v output172/A (sky130_fd_sc_hd__clkdlybuf4s25_1)
     1    0.036461    0.271076    0.411510    9.422271 v output172/X (sky130_fd_sc_hd__clkdlybuf4s25_1)
                                                         result[41] (net)
                      0.271078    0.001112    9.423383 v result[41] (out)
                                              9.423383   data arrival time

                      0.000000    0.000000    0.000000   clock __VIRTUAL_CLK__ (rise edge)
                                  0.000000    0.000000   clock network delay (ideal)
                                  0.250000    0.250000   clock uncertainty
                                  0.000000    0.250000   clock reconvergence pessimism
                                 -8.000000   -7.750000   output external delay
                                             -7.750000   data required time
---------------------------------------------------------------------------------------------
                                             -7.750000   data required time
                                             -9.423383   data arrival time
---------------------------------------------------------------------------------------------
                                             17.173382   slack (MET)


Startpoint: operand_b[16] (input port clocked by __VIRTUAL_CLK__)
Endpoint: result[17] (output port clocked by __VIRTUAL_CLK__)
Path Group: __VIRTUAL_CLK__
Path Type: min

Fanout         Cap        Slew       Delay        Time   Description
---------------------------------------------------------------------------------------------
                      0.000000    0.000000    0.000000   clock __VIRTUAL_CLK__ (rise edge)
                                  0.000000    0.000000   clock network delay (ideal)
                                  8.000000    8.000000 v input external delay
     1    0.007686    0.019419    0.011939    8.011939 v operand_b[16] (in)
                                                         operand_b[16] (net)
                      0.019426    0.000000    8.011939 v input77/A (sky130_fd_sc_hd__clkdlybuf4s25_1)
     5    0.030311    0.227147    0.363077    8.375015 v input77/X (sky130_fd_sc_hd__clkdlybuf4s25_1)
                                                         net77 (net)
                      0.227156    0.001537    8.376553 v _4129_/A1 (sky130_fd_sc_hd__o211ai_2)
     1    0.004379    0.053002    0.216434    8.592986 ^ _4129_/Y (sky130_fd_sc_hd__o211ai_2)
                                                         _0110_ (net)
                      0.053002    0.000131    8.593118 ^ _4166_/A2 (sky130_fd_sc_hd__a31o_2)
     1    0.005593    0.044926    0.146777    8.739894 ^ _4166_/X (sky130_fd_sc_hd__a31o_2)
                                                         _0147_ (net)
                      0.044926    0.000208    8.740102 ^ _4167_/B1 (sky130_fd_sc_hd__a31o_2)
     2    0.035617    0.202985    0.205148    8.945251 ^ _4167_/X (sky130_fd_sc_hd__a31o_2)
                                                         net145 (net)
                      0.203002    0.001457    8.946707 ^ output145/A (sky130_fd_sc_hd__clkdlybuf4s25_1)
     1    0.037702    0.380026    0.502006    9.448713 ^ output145/X (sky130_fd_sc_hd__clkdlybuf4s25_1)
                                                         result[17] (net)
                      0.380027    0.001352    9.450065 ^ result[17] (out)
                                              9.450065   data arrival time

                      0.000000    0.000000    0.000000   clock __VIRTUAL_CLK__ (rise edge)
                                  0.000000    0.000000   clock network delay (ideal)
                                  0.250000    0.250000   clock uncertainty
                                  0.000000    0.250000   clock reconvergence pessimism
                                 -8.000000   -7.750000   output external delay
                                             -7.750000   data required time
---------------------------------------------------------------------------------------------
                                             -7.750000   data required time
                                             -9.450065   data arrival time
---------------------------------------------------------------------------------------------
                                             17.200066   slack (MET)


Startpoint: operand_b[49] (input port clocked by __VIRTUAL_CLK__)
Endpoint: result[51] (output port clocked by __VIRTUAL_CLK__)
Path Group: __VIRTUAL_CLK__
Path Type: min

Fanout         Cap        Slew       Delay        Time   Description
---------------------------------------------------------------------------------------------
                      0.000000    0.000000    0.000000   clock __VIRTUAL_CLK__ (rise edge)
                                  0.000000    0.000000   clock network delay (ideal)
                                  8.000000    8.000000 ^ input external delay
     1    0.005102    0.029741    0.017312    8.017312 ^ operand_b[49] (in)
                                                         operand_b[49] (net)
                      0.029742    0.000000    8.017312 ^ input113/A (sky130_fd_sc_hd__clkdlybuf4s25_1)
     3    0.013462    0.144525    0.295995    8.313308 ^ input113/X (sky130_fd_sc_hd__clkdlybuf4s25_1)
                                                         net113 (net)
                      0.144525    0.000556    8.313864 ^ _5503_/A2 (sky130_fd_sc_hd__o21a_2)
     3    0.013672    0.080664    0.165488    8.479352 ^ _5503_/X (sky130_fd_sc_hd__o21a_2)
                                                         _1499_ (net)
                      0.080664    0.000330    8.479682 ^ _5504_/B1 (sky130_fd_sc_hd__a21oi_2)
     2    0.016763    0.050500    0.061129    8.540811 v _5504_/Y (sky130_fd_sc_hd__a21oi_2)
                                                         _1500_ (net)
                      0.050512    0.000605    8.541416 v _5543_/S (sky130_fd_sc_hd__mux2_2)
     1    0.004808    0.045982    0.214187    8.755603 ^ _5543_/X (sky130_fd_sc_hd__mux2_2)
                                                         _1542_ (net)
                      0.045982    0.000161    8.755763 ^ _5561_/A2 (sky130_fd_sc_hd__a211o_2)
     1    0.003022    0.026424    0.109845    8.865608 ^ _5561_/X (sky130_fd_sc_hd__a211o_2)
                                                         _1562_ (net)
                      0.026424    0.000058    8.865665 ^ _5562_/B1 (sky130_fd_sc_hd__a21o_2)
     2    0.016345    0.087280    0.114046    8.979712 ^ _5562_/X (sky130_fd_sc_hd__a21o_2)
                                                         net183 (net)
                      0.087282    0.000559    8.980270 ^ output183/A (sky130_fd_sc_hd__clkdlybuf4s25_1)
     1    0.037861    0.381360    0.473185    9.453455 ^ output183/X (sky130_fd_sc_hd__clkdlybuf4s25_1)
                                                         result[51] (net)
                      0.381360    0.001232    9.454687 ^ result[51] (out)
                                              9.454687   data arrival time

                      0.000000    0.000000    0.000000   clock __VIRTUAL_CLK__ (rise edge)
                                  0.000000    0.000000   clock network delay (ideal)
                                  0.250000    0.250000   clock uncertainty
                                  0.000000    0.250000   clock reconvergence pessimism
                                 -8.000000   -7.750000   output external delay
                                             -7.750000   data required time
---------------------------------------------------------------------------------------------
                                             -7.750000   data required time
                                             -9.454687   data arrival time
---------------------------------------------------------------------------------------------
                                             17.204687   slack (MET)


Startpoint: operand_b[44] (input port clocked by __VIRTUAL_CLK__)
Endpoint: result[47] (output port clocked by __VIRTUAL_CLK__)
Path Group: __VIRTUAL_CLK__
Path Type: min

Fanout         Cap        Slew       Delay        Time   Description
---------------------------------------------------------------------------------------------
                      0.000000    0.000000    0.000000   clock __VIRTUAL_CLK__ (rise edge)
                                  0.000000    0.000000   clock network delay (ideal)
                                  8.000000    8.000000 ^ input external delay
     1    0.005007    0.029326    0.017000    8.017000 ^ operand_b[44] (in)
                                                         operand_b[44] (net)
                      0.029326    0.000000    8.017000 ^ input108/A (sky130_fd_sc_hd__clkdlybuf4s25_1)
     4    0.026918    0.274795    0.383243    8.400243 ^ input108/X (sky130_fd_sc_hd__clkdlybuf4s25_1)
                                                         net108 (net)
                      0.274795    0.000705    8.400948 ^ _5321_/A1 (sky130_fd_sc_hd__a21boi_2)
     6    0.030980    0.091415    0.175258    8.576206 v _5321_/Y (sky130_fd_sc_hd__a21boi_2)
                                                         _1304_ (net)
                      0.091433    0.001223    8.577429 v _5397_/C1 (sky130_fd_sc_hd__o211ai_2)
     1    0.003125    0.054355    0.068907    8.646336 ^ _5397_/Y (sky130_fd_sc_hd__o211ai_2)
                                                         _1386_ (net)
                      0.054355    0.000063    8.646399 ^ _5398_/D1 (sky130_fd_sc_hd__o2111a_2)
     1    0.004426    0.048314    0.170005    8.816403 ^ _5398_/X (sky130_fd_sc_hd__o2111a_2)
                                                         _1387_ (net)
                      0.048314    0.000109    8.816513 ^ _5399_/C1 (sky130_fd_sc_hd__a211o_2)
     1    0.003700    0.029357    0.085000    8.901513 ^ _5399_/X (sky130_fd_sc_hd__a211o_2)
                                                         _1388_ (net)
                      0.029357    0.000105    8.901617 ^ _5400_/B1 (sky130_fd_sc_hd__a21o_2)
     2    0.013552    0.073990    0.106165    9.007782 ^ _5400_/X (sky130_fd_sc_hd__a21o_2)
                                                         net178 (net)
                      0.073995    0.000658    9.008440 ^ output178/A (sky130_fd_sc_hd__clkdlybuf4s25_1)
     1    0.037073    0.373391    0.463998    9.472438 ^ output178/X (sky130_fd_sc_hd__clkdlybuf4s25_1)
                                                         result[47] (net)
                      0.373391    0.000807    9.473246 ^ result[47] (out)
                                              9.473246   data arrival time

                      0.000000    0.000000    0.000000   clock __VIRTUAL_CLK__ (rise edge)
                                  0.000000    0.000000   clock network delay (ideal)
                                  0.250000    0.250000   clock uncertainty
                                  0.000000    0.250000   clock reconvergence pessimism
                                 -8.000000   -7.750000   output external delay
                                             -7.750000   data required time
---------------------------------------------------------------------------------------------
                                             -7.750000   data required time
                                             -9.473246   data arrival time
---------------------------------------------------------------------------------------------
                                             17.223246   slack (MET)


Startpoint: operand_b[32] (input port clocked by __VIRTUAL_CLK__)
Endpoint: result[33] (output port clocked by __VIRTUAL_CLK__)
Path Group: __VIRTUAL_CLK__
Path Type: min

Fanout         Cap        Slew       Delay        Time   Description
---------------------------------------------------------------------------------------------
                      0.000000    0.000000    0.000000   clock __VIRTUAL_CLK__ (rise edge)
                                  0.000000    0.000000   clock network delay (ideal)
                                  8.000000    8.000000 v input external delay
     1    0.005501    0.014685    0.008513    8.008513 v operand_b[32] (in)
                                                         operand_b[32] (net)
                      0.014688    0.000000    8.008513 v input95/A (sky130_fd_sc_hd__clkdlybuf4s25_1)
     4    0.028700    0.215748    0.353497    8.362010 v input95/X (sky130_fd_sc_hd__clkdlybuf4s25_1)
                                                         net95 (net)
                      0.215749    0.000805    8.362815 v _4827_/A1 (sky130_fd_sc_hd__a21oi_2)
     1    0.009238    0.142308    0.214850    8.577665 ^ _4827_/Y (sky130_fd_sc_hd__a21oi_2)
                                                         _0792_ (net)
                      0.142308    0.000274    8.577939 ^ _4828_/B (sky130_fd_sc_hd__xnor2_2)
     2    0.012125    0.068083    0.097997    8.675937 v _4828_/Y (sky130_fd_sc_hd__xnor2_2)
                                                         _0793_ (net)
                      0.068086    0.000476    8.676413 v _4852_/A1 (sky130_fd_sc_hd__o221ai_2)
     1    0.005588    0.071322    0.187997    8.864409 ^ _4852_/Y (sky130_fd_sc_hd__o221ai_2)
                                                         _0817_ (net)
                      0.071322    0.000203    8.864614 ^ _4859_/B1 (sky130_fd_sc_hd__a311o_2)
     2    0.013734    0.079662    0.141265    9.005878 ^ _4859_/X (sky130_fd_sc_hd__a311o_2)
                                                         net163 (net)
                      0.079663    0.000474    9.006352 ^ output163/A (sky130_fd_sc_hd__clkdlybuf4s25_1)
     1    0.038397    0.386522    0.473973    9.480326 ^ output163/X (sky130_fd_sc_hd__clkdlybuf4s25_1)
                                                         result[33] (net)
                      0.386524    0.001489    9.481813 ^ result[33] (out)
                                              9.481813   data arrival time

                      0.000000    0.000000    0.000000   clock __VIRTUAL_CLK__ (rise edge)
                                  0.000000    0.000000   clock network delay (ideal)
                                  0.250000    0.250000   clock uncertainty
                                  0.000000    0.250000   clock reconvergence pessimism
                                 -8.000000   -7.750000   output external delay
                                             -7.750000   data required time
---------------------------------------------------------------------------------------------
                                             -7.750000   data required time
                                             -9.481813   data arrival time
---------------------------------------------------------------------------------------------
                                             17.231813   slack (MET)


Startpoint: operand_b[30] (input port clocked by __VIRTUAL_CLK__)
Endpoint: result[31] (output port clocked by __VIRTUAL_CLK__)
Path Group: __VIRTUAL_CLK__
Path Type: min

Fanout         Cap        Slew       Delay        Time   Description
---------------------------------------------------------------------------------------------
                      0.000000    0.000000    0.000000   clock __VIRTUAL_CLK__ (rise edge)
                                  0.000000    0.000000   clock network delay (ideal)
                                  8.000000    8.000000 ^ input external delay
     1    0.006462    0.035721    0.021508    8.021508 ^ operand_b[30] (in)
                                                         operand_b[30] (net)
                      0.035723    0.000000    8.021508 ^ input93/A (sky130_fd_sc_hd__clkdlybuf4s25_1)
     4    0.015539    0.164526    0.311557    8.333065 ^ input93/X (sky130_fd_sc_hd__clkdlybuf4s25_1)
                                                         net93 (net)
                      0.164526    0.000468    8.333533 ^ _4738_/B1 (sky130_fd_sc_hd__a21o_2)
     1    0.002951    0.029423    0.107230    8.440763 ^ _4738_/X (sky130_fd_sc_hd__a21o_2)
                                                         _0705_ (net)
                      0.029423    0.000081    8.440844 ^ _4740_/B1 (sky130_fd_sc_hd__a32o_2)
     1    0.009415    0.072736    0.127547    8.568391 ^ _4740_/X (sky130_fd_sc_hd__a32o_2)
                                                         _0707_ (net)
                      0.072736    0.000283    8.568674 ^ _4741_/B (sky130_fd_sc_hd__xnor2_2)
     4    0.029264    0.135963    0.133512    8.702186 v _4741_/Y (sky130_fd_sc_hd__xnor2_2)
                                                         _0708_ (net)
                      0.135979    0.001186    8.703372 v _4745_/A (sky130_fd_sc_hd__xnor2_2)
     1    0.002884    0.035550    0.160737    8.864109 ^ _4745_/Y (sky130_fd_sc_hd__xnor2_2)
                                                         _0712_ (net)
                      0.035550    0.000078    8.864187 ^ _4764_/B1 (sky130_fd_sc_hd__a221o_2)
     2    0.014810    0.084388    0.164714    9.028901 ^ _4764_/X (sky130_fd_sc_hd__a221o_2)
                                                         net161 (net)
                      0.084395    0.000790    9.029691 ^ output161/A (sky130_fd_sc_hd__clkdlybuf4s25_1)
     1    0.037437    0.377270    0.469199    9.498890 ^ output161/X (sky130_fd_sc_hd__clkdlybuf4s25_1)
                                                         result[31] (net)
                      0.377272    0.001613    9.500503 ^ result[31] (out)
                                              9.500503   data arrival time

                      0.000000    0.000000    0.000000   clock __VIRTUAL_CLK__ (rise edge)
                                  0.000000    0.000000   clock network delay (ideal)
                                  0.250000    0.250000   clock uncertainty
                                  0.000000    0.250000   clock reconvergence pessimism
                                 -8.000000   -7.750000   output external delay
                                             -7.750000   data required time
---------------------------------------------------------------------------------------------
                                             -7.750000   data required time
                                             -9.500503   data arrival time
---------------------------------------------------------------------------------------------
                                             17.250504   slack (MET)


Startpoint: operand_b[14] (input port clocked by __VIRTUAL_CLK__)
Endpoint: result[15] (output port clocked by __VIRTUAL_CLK__)
Path Group: __VIRTUAL_CLK__
Path Type: min

Fanout         Cap        Slew       Delay        Time   Description
---------------------------------------------------------------------------------------------
                      0.000000    0.000000    0.000000   clock __VIRTUAL_CLK__ (rise edge)
                                  0.000000    0.000000   clock network delay (ideal)
                                  8.000000    8.000000 ^ input external delay
     1    0.006778    0.037118    0.022483    8.022484 ^ operand_b[14] (in)
                                                         operand_b[14] (net)
                      0.037121    0.000000    8.022484 ^ input75/A (sky130_fd_sc_hd__clkdlybuf4s25_1)
     4    0.027522    0.280649    0.389380    8.411863 ^ input75/X (sky130_fd_sc_hd__clkdlybuf4s25_1)
                                                         net75 (net)
                      0.280655    0.001635    8.413499 ^ _4040_/A2 (sky130_fd_sc_hd__o2111a_2)
     1    0.005700    0.055022    0.219854    8.633353 ^ _4040_/X (sky130_fd_sc_hd__o2111a_2)
                                                         _0023_ (net)
                      0.055022    0.000182    8.633535 ^ _4046_/A (sky130_fd_sc_hd__or3_2)
     3    0.014667    0.080916    0.140745    8.774281 ^ _4046_/X (sky130_fd_sc_hd__or3_2)
                                                         _0029_ (net)
                      0.080917    0.000474    8.774755 ^ _4048_/A (sky130_fd_sc_hd__xor2_2)
     1    0.003906    0.079856    0.117033    8.891788 ^ _4048_/X (sky130_fd_sc_hd__xor2_2)
                                                         _0031_ (net)
                      0.079856    0.000114    8.891901 ^ _4065_/B1 (sky130_fd_sc_hd__a221o_2)
     2    0.010552    0.064910    0.163991    9.055892 ^ _4065_/X (sky130_fd_sc_hd__a221o_2)
                                                         net143 (net)
                      0.064911    0.000359    9.056252 ^ output143/A (sky130_fd_sc_hd__clkdlybuf4s25_1)
     1    0.035090    0.353963    0.448146    9.504396 ^ output143/X (sky130_fd_sc_hd__clkdlybuf4s25_1)
                                                         result[15] (net)
                      0.353963    0.000769    9.505166 ^ result[15] (out)
                                              9.505166   data arrival time

                      0.000000    0.000000    0.000000   clock __VIRTUAL_CLK__ (rise edge)
                                  0.000000    0.000000   clock network delay (ideal)
                                  0.250000    0.250000   clock uncertainty
                                  0.000000    0.250000   clock reconvergence pessimism
                                 -8.000000   -7.750000   output external delay
                                             -7.750000   data required time
---------------------------------------------------------------------------------------------
                                             -7.750000   data required time
                                             -9.505166   data arrival time
---------------------------------------------------------------------------------------------
                                             17.255165   slack (MET)


Startpoint: operand_a[11] (input port clocked by __VIRTUAL_CLK__)
Endpoint: result[13] (output port clocked by __VIRTUAL_CLK__)
Path Group: __VIRTUAL_CLK__
Path Type: min

Fanout         Cap        Slew       Delay        Time   Description
---------------------------------------------------------------------------------------------
                      0.000000    0.000000    0.000000   clock __VIRTUAL_CLK__ (rise edge)
                                  0.000000    0.000000   clock network delay (ideal)
                                  8.000000    8.000000 ^ input external delay
     1    0.006221    0.034654    0.020735    8.020736 ^ operand_a[11] (in)
                                                         operand_a[11] (net)
                      0.034655    0.000000    8.020736 ^ input8/A (sky130_fd_sc_hd__clkdlybuf4s25_1)
     5    0.025563    0.261427    0.376494    8.397229 ^ input8/X (sky130_fd_sc_hd__clkdlybuf4s25_1)
                                                         net8 (net)
                      0.261427    0.000465    8.397695 ^ _3909_/A (sky130_fd_sc_hd__nand2_2)
     1    0.007871    0.077599    0.089381    8.487075 v _3909_/Y (sky130_fd_sc_hd__nand2_2)
                                                         _3112_ (net)
                      0.077599    0.000294    8.487370 v _3910_/B1 (sky130_fd_sc_hd__o31a_2)
     2    0.012737    0.046788    0.141494    8.628863 v _3910_/X (sky130_fd_sc_hd__o31a_2)
                                                         _3113_ (net)
                      0.046791    0.000401    8.629265 v _3911_/B1 (sky130_fd_sc_hd__o21ai_2)
     6    0.039174    0.228396    0.173592    8.802856 ^ _3911_/Y (sky130_fd_sc_hd__o21ai_2)
                                                         _3114_ (net)
                      0.228404    0.001053    8.803910 ^ _3958_/A2 (sky130_fd_sc_hd__o21ai_2)
     1    0.010105    0.052385    0.096509    8.900418 v _3958_/Y (sky130_fd_sc_hd__o21ai_2)
                                                         _3160_ (net)
                      0.052386    0.000330    8.900748 v _3959_/B (sky130_fd_sc_hd__xnor2_2)
     1    0.007301    0.053436    0.141402    9.042150 ^ _3959_/Y (sky130_fd_sc_hd__xnor2_2)
                                                         _3161_ (net)
                      0.053436    0.000204    9.042354 ^ _3992_/A2 (sky130_fd_sc_hd__o21ai_2)
     2    0.010031    0.047621    0.063498    9.105851 v _3992_/Y (sky130_fd_sc_hd__o21ai_2)
                                                         net141 (net)
                      0.047622    0.000297    9.106148 v output141/A (sky130_fd_sc_hd__clkdlybuf4s25_1)
     1    0.035284    0.262651    0.399737    9.505885 v output141/X (sky130_fd_sc_hd__clkdlybuf4s25_1)
                                                         result[13] (net)
                      0.262651    0.000719    9.506604 v result[13] (out)
                                              9.506604   data arrival time

                      0.000000    0.000000    0.000000   clock __VIRTUAL_CLK__ (rise edge)
                                  0.000000    0.000000   clock network delay (ideal)
                                  0.250000    0.250000   clock uncertainty
                                  0.000000    0.250000   clock reconvergence pessimism
                                 -8.000000   -7.750000   output external delay
                                             -7.750000   data required time
---------------------------------------------------------------------------------------------
                                             -7.750000   data required time
                                             -9.506604   data arrival time
---------------------------------------------------------------------------------------------
                                             17.256603   slack (MET)


Startpoint: operand_b[9] (input port clocked by __VIRTUAL_CLK__)
Endpoint: result[9] (output port clocked by __VIRTUAL_CLK__)
Path Group: __VIRTUAL_CLK__
Path Type: min

Fanout         Cap        Slew       Delay        Time   Description
---------------------------------------------------------------------------------------------
                      0.000000    0.000000    0.000000   clock __VIRTUAL_CLK__ (rise edge)
                                  0.000000    0.000000   clock network delay (ideal)
                                  8.000000    8.000000 ^ input external delay
     1    0.005620    0.032012    0.018891    8.018890 ^ operand_b[9] (in)
                                                         operand_b[9] (net)
                      0.032013    0.000000    8.018890 ^ input133/A (sky130_fd_sc_hd__clkdlybuf4s25_1)
     5    0.031325    0.317758    0.412537    8.431427 ^ input133/X (sky130_fd_sc_hd__clkdlybuf4s25_1)
                                                         net133 (net)
                      0.317762    0.001509    8.432937 ^ _3789_/A1 (sky130_fd_sc_hd__a221o_2)
     1    0.010417    0.064288    0.239242    8.672178 ^ _3789_/X (sky130_fd_sc_hd__a221o_2)
                                                         _2995_ (net)
                      0.064290    0.000443    8.672621 ^ _3796_/A2 (sky130_fd_sc_hd__a22oi_2)
     1    0.002823    0.043768    0.068784    8.741405 v _3796_/Y (sky130_fd_sc_hd__a22oi_2)
                                                         _3002_ (net)
                      0.043768    0.000078    8.741484 v _3808_/B1 (sky130_fd_sc_hd__o211a_2)
     1    0.010298    0.043678    0.142129    8.883613 v _3808_/X (sky130_fd_sc_hd__o211a_2)
                                                         _3014_ (net)
                      0.043688    0.000610    8.884222 v _3809_/B1 (sky130_fd_sc_hd__o21ai_2)
     1    0.005502    0.051710    0.054917    8.939139 ^ _3809_/Y (sky130_fd_sc_hd__o21ai_2)
                                                         _3015_ (net)
                      0.051710    0.000200    8.939340 ^ _3810_/C1 (sky130_fd_sc_hd__a221o_2)
     2    0.008561    0.055624    0.113912    9.053251 ^ _3810_/X (sky130_fd_sc_hd__a221o_2)
                                                         net200 (net)
                      0.055625    0.000332    9.053583 ^ output200/A (sky130_fd_sc_hd__clkdlybuf4s25_1)
     1    0.036241    0.365042    0.452545    9.506127 ^ output200/X (sky130_fd_sc_hd__clkdlybuf4s25_1)
                                                         result[9] (net)
                      0.365042    0.000817    9.506945 ^ result[9] (out)
                                              9.506945   data arrival time

                      0.000000    0.000000    0.000000   clock __VIRTUAL_CLK__ (rise edge)
                                  0.000000    0.000000   clock network delay (ideal)
                                  0.250000    0.250000   clock uncertainty
                                  0.000000    0.250000   clock reconvergence pessimism
                                 -8.000000   -7.750000   output external delay
                                             -7.750000   data required time
---------------------------------------------------------------------------------------------
                                             -7.750000   data required time
                                             -9.506945   data arrival time
---------------------------------------------------------------------------------------------
                                             17.256945   slack (MET)


Startpoint: operand_b[27] (input port clocked by __VIRTUAL_CLK__)
Endpoint: result[28] (output port clocked by __VIRTUAL_CLK__)
Path Group: __VIRTUAL_CLK__
Path Type: min

Fanout         Cap        Slew       Delay        Time   Description
---------------------------------------------------------------------------------------------
                      0.000000    0.000000    0.000000   clock __VIRTUAL_CLK__ (rise edge)
                                  0.000000    0.000000   clock network delay (ideal)
                                  8.000000    8.000000 ^ input external delay
     1    0.004099    0.025377    0.014139    8.014139 ^ operand_b[27] (in)
                                                         operand_b[27] (net)
                      0.025377    0.000000    8.014139 ^ input89/A (sky130_fd_sc_hd__clkdlybuf4s25_1)
     4    0.018156    0.189849    0.325063    8.339202 ^ input89/X (sky130_fd_sc_hd__clkdlybuf4s25_1)
                                                         net89 (net)
                      0.189849    0.000719    8.339921 ^ _4626_/A2 (sky130_fd_sc_hd__a22o_2)
     3    0.013768    0.082525    0.205198    8.545118 ^ _4626_/X (sky130_fd_sc_hd__a22o_2)
                                                         _0596_ (net)
                      0.082526    0.000416    8.545534 ^ _4629_/A_N (sky130_fd_sc_hd__nand2b_2)
     4    0.024482    0.141165    0.186086    8.731620 ^ _4629_/Y (sky130_fd_sc_hd__nand2b_2)
                                                         _0599_ (net)
                      0.141165    0.000202    8.731822 ^ _4630_/B (sky130_fd_sc_hd__xnor2_2)
     1    0.004644    0.042113    0.118950    8.850772 ^ _4630_/Y (sky130_fd_sc_hd__xnor2_2)
                                                         _0600_ (net)
                      0.042114    0.000157    8.850929 ^ _4652_/A2 (sky130_fd_sc_hd__o221a_2)
     1    0.005440    0.053483    0.177204    9.028133 ^ _4652_/X (sky130_fd_sc_hd__o221a_2)
                                                         _0622_ (net)
                      0.053483    0.000114    9.028247 ^ _4653_/B1 (sky130_fd_sc_hd__o21ai_2)
     2    0.012150    0.055430    0.068452    9.096699 v _4653_/Y (sky130_fd_sc_hd__o21ai_2)
                                                         net157 (net)
                      0.055438    0.000530    9.097229 v output157/A (sky130_fd_sc_hd__clkdlybuf4s25_1)
     1    0.036618    0.272316    0.409312    9.506540 v output157/X (sky130_fd_sc_hd__clkdlybuf4s25_1)
                                                         result[28] (net)
                      0.272318    0.001125    9.507666 v result[28] (out)
                                              9.507666   data arrival time

                      0.000000    0.000000    0.000000   clock __VIRTUAL_CLK__ (rise edge)
                                  0.000000    0.000000   clock network delay (ideal)
                                  0.250000    0.250000   clock uncertainty
                                  0.000000    0.250000   clock reconvergence pessimism
                                 -8.000000   -7.750000   output external delay
                                             -7.750000   data required time
---------------------------------------------------------------------------------------------
                                             -7.750000   data required time
                                             -9.507666   data arrival time
---------------------------------------------------------------------------------------------
                                             17.257666   slack (MET)


Startpoint: operand_b[44] (input port clocked by __VIRTUAL_CLK__)
Endpoint: result[45] (output port clocked by __VIRTUAL_CLK__)
Path Group: __VIRTUAL_CLK__
Path Type: min

Fanout         Cap        Slew       Delay        Time   Description
---------------------------------------------------------------------------------------------
                      0.000000    0.000000    0.000000   clock __VIRTUAL_CLK__ (rise edge)
                                  0.000000    0.000000   clock network delay (ideal)
                                  8.000000    8.000000 ^ input external delay
     1    0.005007    0.029326    0.017000    8.017000 ^ operand_b[44] (in)
                                                         operand_b[44] (net)
                      0.029326    0.000000    8.017000 ^ input108/A (sky130_fd_sc_hd__clkdlybuf4s25_1)
     4    0.026918    0.274795    0.383243    8.400243 ^ input108/X (sky130_fd_sc_hd__clkdlybuf4s25_1)
                                                         net108 (net)
                      0.274795    0.000705    8.400948 ^ _5321_/A1 (sky130_fd_sc_hd__a21boi_2)
     6    0.030980    0.091415    0.175258    8.576206 v _5321_/Y (sky130_fd_sc_hd__a21boi_2)
                                                         _1304_ (net)
                      0.091415    0.000499    8.576705 v _5322_/B (sky130_fd_sc_hd__xnor2_2)
     1    0.007724    0.055976    0.158834    8.735538 ^ _5322_/Y (sky130_fd_sc_hd__xnor2_2)
                                                         _1305_ (net)
                      0.055977    0.000248    8.735786 ^ _5332_/A2 (sky130_fd_sc_hd__a221o_2)
     1    0.006583    0.046409    0.148565    8.884352 ^ _5332_/X (sky130_fd_sc_hd__a221o_2)
                                                         _1316_ (net)
                      0.046409    0.000247    8.884598 ^ _5333_/C1 (sky130_fd_sc_hd__a221o_2)
     2    0.024513    0.131516    0.166492    9.051090 ^ _5333_/X (sky130_fd_sc_hd__a221o_2)
                                                         net176 (net)
                      0.131520    0.000854    9.051944 ^ output176/A (sky130_fd_sc_hd__clkdlybuf4s25_1)
     1    0.035827    0.361913    0.473852    9.525796 ^ output176/X (sky130_fd_sc_hd__clkdlybuf4s25_1)
                                                         result[45] (net)
                      0.361913    0.000842    9.526637 ^ result[45] (out)
                                              9.526637   data arrival time

                      0.000000    0.000000    0.000000   clock __VIRTUAL_CLK__ (rise edge)
                                  0.000000    0.000000   clock network delay (ideal)
                                  0.250000    0.250000   clock uncertainty
                                  0.000000    0.250000   clock reconvergence pessimism
                                 -8.000000   -7.750000   output external delay
                                             -7.750000   data required time
---------------------------------------------------------------------------------------------
                                             -7.750000   data required time
                                             -9.526637   data arrival time
---------------------------------------------------------------------------------------------
                                             17.276638   slack (MET)


Startpoint: operand_b[27] (input port clocked by __VIRTUAL_CLK__)
Endpoint: result[29] (output port clocked by __VIRTUAL_CLK__)
Path Group: __VIRTUAL_CLK__
Path Type: min

Fanout         Cap        Slew       Delay        Time   Description
---------------------------------------------------------------------------------------------
                      0.000000    0.000000    0.000000   clock __VIRTUAL_CLK__ (rise edge)
                                  0.000000    0.000000   clock network delay (ideal)
                                  8.000000    8.000000 ^ input external delay
     1    0.004099    0.025377    0.014139    8.014139 ^ operand_b[27] (in)
                                                         operand_b[27] (net)
                      0.025377    0.000000    8.014139 ^ input89/A (sky130_fd_sc_hd__clkdlybuf4s25_1)
     4    0.018156    0.189849    0.325063    8.339202 ^ input89/X (sky130_fd_sc_hd__clkdlybuf4s25_1)
                                                         net89 (net)
                      0.189849    0.000719    8.339921 ^ _4626_/A2 (sky130_fd_sc_hd__a22o_2)
     3    0.013768    0.082525    0.205198    8.545118 ^ _4626_/X (sky130_fd_sc_hd__a22o_2)
                                                         _0596_ (net)
                      0.082526    0.000372    8.545491 ^ _4687_/C (sky130_fd_sc_hd__and4b_2)
     1    0.006324    0.067733    0.224106    8.769597 ^ _4687_/X (sky130_fd_sc_hd__and4b_2)
                                                         _0656_ (net)
                      0.067734    0.000247    8.769844 ^ _4688_/C1 (sky130_fd_sc_hd__a211o_2)
     1    0.005778    0.037690    0.098903    8.868747 ^ _4688_/X (sky130_fd_sc_hd__a211o_2)
                                                         _0657_ (net)
                      0.037690    0.000171    8.868918 ^ _4689_/C1 (sky130_fd_sc_hd__a221oi_2)
     1    0.008619    0.034454    0.036448    8.905367 v _4689_/Y (sky130_fd_sc_hd__a221oi_2)
                                                         _0658_ (net)
                      0.034455    0.000378    8.905745 v _4690_/B1 (sky130_fd_sc_hd__o21ai_2)
     1    0.003138    0.038882    0.042489    8.948234 ^ _4690_/Y (sky130_fd_sc_hd__o21ai_2)
                                                         _0659_ (net)
                      0.038882    0.000089    8.948322 ^ _4691_/C1 (sky130_fd_sc_hd__a221o_2)
     2    0.010749    0.065837    0.117476    9.065798 ^ _4691_/X (sky130_fd_sc_hd__a221o_2)
                                                         net158 (net)
                      0.065837    0.000281    9.066079 ^ output158/A (sky130_fd_sc_hd__clkdlybuf4s25_1)
     1    0.037110    0.373740    0.461221    9.527300 ^ output158/X (sky130_fd_sc_hd__clkdlybuf4s25_1)
                                                         result[29] (net)
                      0.373740    0.001272    9.528572 ^ result[29] (out)
                                              9.528572   data arrival time

                      0.000000    0.000000    0.000000   clock __VIRTUAL_CLK__ (rise edge)
                                  0.000000    0.000000   clock network delay (ideal)
                                  0.250000    0.250000   clock uncertainty
                                  0.000000    0.250000   clock reconvergence pessimism
                                 -8.000000   -7.750000   output external delay
                                             -7.750000   data required time
---------------------------------------------------------------------------------------------
                                             -7.750000   data required time
                                             -9.528572   data arrival time
---------------------------------------------------------------------------------------------
                                             17.278572   slack (MET)


Startpoint: operand_a[11] (input port clocked by __VIRTUAL_CLK__)
Endpoint: result[12] (output port clocked by __VIRTUAL_CLK__)
Path Group: __VIRTUAL_CLK__
Path Type: min

Fanout         Cap        Slew       Delay        Time   Description
---------------------------------------------------------------------------------------------
                      0.000000    0.000000    0.000000   clock __VIRTUAL_CLK__ (rise edge)
                                  0.000000    0.000000   clock network delay (ideal)
                                  8.000000    8.000000 v input external delay
     1    0.005996    0.015778    0.009256    8.009255 v operand_a[11] (in)
                                                         operand_a[11] (net)
                      0.015780    0.000000    8.009255 v input8/A (sky130_fd_sc_hd__clkdlybuf4s25_1)
     5    0.024422    0.185101    0.332807    8.342062 v input8/X (sky130_fd_sc_hd__clkdlybuf4s25_1)
                                                         net8 (net)
                      0.185101    0.000452    8.342514 v _3909_/A (sky130_fd_sc_hd__nand2_2)
     1    0.008022    0.073587    0.115073    8.457588 ^ _3909_/Y (sky130_fd_sc_hd__nand2_2)
                                                         _3112_ (net)
                      0.073587    0.000302    8.457890 ^ _3910_/B1 (sky130_fd_sc_hd__o31a_2)
     2    0.013295    0.082990    0.168662    8.626553 ^ _3910_/X (sky130_fd_sc_hd__o31a_2)
                                                         _3113_ (net)
                      0.082991    0.000419    8.626971 ^ _3911_/B1 (sky130_fd_sc_hd__o21ai_2)
     6    0.037180    0.148336    0.140749    8.767720 v _3911_/Y (sky130_fd_sc_hd__o21ai_2)
                                                         _3114_ (net)
                      0.148344    0.000846    8.768566 v _3912_/B (sky130_fd_sc_hd__xor2_2)
     1    0.005079    0.091914    0.157130    8.925696 ^ _3912_/X (sky130_fd_sc_hd__xor2_2)
                                                         _3115_ (net)
                      0.091914    0.000130    8.925826 ^ _3953_/A2 (sky130_fd_sc_hd__a221o_2)
     2    0.006984    0.048250    0.160533    9.086359 ^ _3953_/X (sky130_fd_sc_hd__a221o_2)
                                                         net140 (net)
                      0.048250    0.000219    9.086578 ^ output140/A (sky130_fd_sc_hd__clkdlybuf4s25_1)
     1    0.035771    0.360566    0.447058    9.533635 ^ output140/X (sky130_fd_sc_hd__clkdlybuf4s25_1)
                                                         result[12] (net)
                      0.360566    0.000793    9.534429 ^ result[12] (out)
                                              9.534429   data arrival time

                      0.000000    0.000000    0.000000   clock __VIRTUAL_CLK__ (rise edge)
                                  0.000000    0.000000   clock network delay (ideal)
                                  0.250000    0.250000   clock uncertainty
                                  0.000000    0.250000   clock reconvergence pessimism
                                 -8.000000   -7.750000   output external delay
                                             -7.750000   data required time
---------------------------------------------------------------------------------------------
                                             -7.750000   data required time
                                             -9.534429   data arrival time
---------------------------------------------------------------------------------------------
                                             17.284430   slack (MET)


Startpoint: operand_b[23] (input port clocked by __VIRTUAL_CLK__)
Endpoint: result[23] (output port clocked by __VIRTUAL_CLK__)
Path Group: __VIRTUAL_CLK__
Path Type: min

Fanout         Cap        Slew       Delay        Time   Description
---------------------------------------------------------------------------------------------
                      0.000000    0.000000    0.000000   clock __VIRTUAL_CLK__ (rise edge)
                                  0.000000    0.000000   clock network delay (ideal)
                                  8.000000    8.000000 v input external delay
     1    0.007488    0.019035    0.011605    8.011605 v operand_b[23] (in)
                                                         operand_b[23] (net)
                      0.019041    0.000000    8.011605 v input85/A (sky130_fd_sc_hd__buf_1)
     5    0.030664    0.179333    0.185606    8.197211 v input85/X (sky130_fd_sc_hd__buf_1)
                                                         net85 (net)
                      0.179334    0.000536    8.197747 v _4397_/B (sky130_fd_sc_hd__xor2_2)
     3    0.015914    0.062408    0.211420    8.409168 v _4397_/X (sky130_fd_sc_hd__xor2_2)
                                                         _0372_ (net)
                      0.062412    0.000499    8.409667 v max_cap321/A (sky130_fd_sc_hd__buf_2)
     6    0.036435    0.092279    0.181637    8.591304 v max_cap321/X (sky130_fd_sc_hd__buf_2)
                                                         net321 (net)
                      0.092336    0.002005    8.593308 v _4407_/A (sky130_fd_sc_hd__xor2_2)
     1    0.008274    0.125822    0.187588    8.780896 ^ _4407_/X (sky130_fd_sc_hd__xor2_2)
                                                         _0382_ (net)
                      0.125822    0.000353    8.781249 ^ _4427_/B1 (sky130_fd_sc_hd__a221o_2)
     1    0.003660    0.033444    0.150965    8.932214 ^ _4427_/X (sky130_fd_sc_hd__a221o_2)
                                                         _0402_ (net)
                      0.033444    0.000107    8.932321 ^ _4428_/B1 (sky130_fd_sc_hd__a31o_2)
     2    0.017674    0.106957    0.137065    9.069386 ^ _4428_/X (sky130_fd_sc_hd__a31o_2)
                                                         net152 (net)
                      0.107005    0.000835    9.070221 ^ output152/A (sky130_fd_sc_hd__clkdlybuf4s25_1)
     1    0.035618    0.359707    0.465307    9.535528 ^ output152/X (sky130_fd_sc_hd__clkdlybuf4s25_1)
                                                         result[23] (net)
                      0.359707    0.000896    9.536425 ^ result[23] (out)
                                              9.536425   data arrival time

                      0.000000    0.000000    0.000000   clock __VIRTUAL_CLK__ (rise edge)
                                  0.000000    0.000000   clock network delay (ideal)
                                  0.250000    0.250000   clock uncertainty
                                  0.000000    0.250000   clock reconvergence pessimism
                                 -8.000000   -7.750000   output external delay
                                             -7.750000   data required time
---------------------------------------------------------------------------------------------
                                             -7.750000   data required time
                                             -9.536425   data arrival time
---------------------------------------------------------------------------------------------
                                             17.286425   slack (MET)


Startpoint: operand_b[44] (input port clocked by __VIRTUAL_CLK__)
Endpoint: result[46] (output port clocked by __VIRTUAL_CLK__)
Path Group: __VIRTUAL_CLK__
Path Type: min

Fanout         Cap        Slew       Delay        Time   Description
---------------------------------------------------------------------------------------------
                      0.000000    0.000000    0.000000   clock __VIRTUAL_CLK__ (rise edge)
                                  0.000000    0.000000   clock network delay (ideal)
                                  8.000000    8.000000 ^ input external delay
     1    0.005007    0.029326    0.017000    8.017000 ^ operand_b[44] (in)
                                                         operand_b[44] (net)
                      0.029326    0.000000    8.017000 ^ input108/A (sky130_fd_sc_hd__clkdlybuf4s25_1)
     4    0.026918    0.274795    0.383243    8.400243 ^ input108/X (sky130_fd_sc_hd__clkdlybuf4s25_1)
                                                         net108 (net)
                      0.274795    0.000705    8.400948 ^ _5321_/A1 (sky130_fd_sc_hd__a21boi_2)
     6    0.030980    0.091415    0.175258    8.576206 v _5321_/Y (sky130_fd_sc_hd__a21boi_2)
                                                         _1304_ (net)
                      0.091420    0.000761    8.576967 v _5336_/A2 (sky130_fd_sc_hd__o21a_2)
     1    0.009826    0.042609    0.217804    8.794771 v _5336_/X (sky130_fd_sc_hd__o21a_2)
                                                         _1320_ (net)
                      0.042612    0.000323    8.795094 v _5337_/B (sky130_fd_sc_hd__xnor2_2)
     1    0.003787    0.038320    0.109536    8.904631 ^ _5337_/Y (sky130_fd_sc_hd__xnor2_2)
                                                         _1321_ (net)
                      0.038324    0.000112    8.904743 ^ _5362_/A2 (sky130_fd_sc_hd__a211o_2)
     2    0.019664    0.098573    0.164273    9.069016 ^ _5362_/X (sky130_fd_sc_hd__a211o_2)
                                                         net177 (net)
                      0.098588    0.001163    9.070179 ^ output177/A (sky130_fd_sc_hd__clkdlybuf4s25_1)
     1    0.036079    0.364043    0.465683    9.535861 ^ output177/X (sky130_fd_sc_hd__clkdlybuf4s25_1)
                                                         result[46] (net)
                      0.364043    0.000703    9.536564 ^ result[46] (out)
                                              9.536564   data arrival time

                      0.000000    0.000000    0.000000   clock __VIRTUAL_CLK__ (rise edge)
                                  0.000000    0.000000   clock network delay (ideal)
                                  0.250000    0.250000   clock uncertainty
                                  0.000000    0.250000   clock reconvergence pessimism
                                 -8.000000   -7.750000   output external delay
                                             -7.750000   data required time
---------------------------------------------------------------------------------------------
                                             -7.750000   data required time
                                             -9.536564   data arrival time
---------------------------------------------------------------------------------------------
                                             17.286564   slack (MET)


Startpoint: operand_b[58] (input port clocked by __VIRTUAL_CLK__)
Endpoint: result[59] (output port clocked by __VIRTUAL_CLK__)
Path Group: __VIRTUAL_CLK__
Path Type: min

Fanout         Cap        Slew       Delay        Time   Description
---------------------------------------------------------------------------------------------
                      0.000000    0.000000    0.000000   clock __VIRTUAL_CLK__ (rise edge)
                                  0.000000    0.000000   clock network delay (ideal)
                                  8.000000    8.000000 v input external delay
     1    0.004241    0.011955    0.006541    8.006541 v operand_b[58] (in)
                                                         operand_b[58] (net)
                      0.011956    0.000000    8.006541 v input123/A (sky130_fd_sc_hd__buf_1)
     4    0.038332    0.222933    0.212792    8.219333 v input123/X (sky130_fd_sc_hd__buf_1)
                                                         net123 (net)
                      0.222935    0.000928    8.220262 v max_cap625/A (sky130_fd_sc_hd__buf_2)
     6    0.065630    0.154527    0.295005    8.515266 v max_cap625/X (sky130_fd_sc_hd__buf_2)
                                                         net625 (net)
                      0.154557    0.001978    8.517244 v _5819_/B1 (sky130_fd_sc_hd__o21ai_2)
     2    0.008648    0.083736    0.111510    8.628754 ^ _5819_/Y (sky130_fd_sc_hd__o21ai_2)
                                                         _1838_ (net)
                      0.083736    0.000189    8.628943 ^ _5820_/B1 (sky130_fd_sc_hd__o21a_2)
     1    0.009190    0.060434    0.146039    8.774981 ^ _5820_/X (sky130_fd_sc_hd__o21a_2)
                                                         _1839_ (net)
                      0.060435    0.000265    8.775247 ^ _5821_/B (sky130_fd_sc_hd__xnor2_2)
     1    0.007652    0.054762    0.110106    8.885352 ^ _5821_/Y (sky130_fd_sc_hd__xnor2_2)
                                                         _1840_ (net)
                      0.054763    0.000284    8.885636 ^ _5827_/A2 (sky130_fd_sc_hd__o21a_2)
     1    0.006834    0.047976    0.117312    9.002948 ^ _5827_/X (sky130_fd_sc_hd__o21a_2)
                                                         _1846_ (net)
                      0.047976    0.000178    9.003125 ^ _5839_/B1 (sky130_fd_sc_hd__o211ai_2)
     2    0.012527    0.095715    0.111706    9.114832 v _5839_/Y (sky130_fd_sc_hd__o211ai_2)
                                                         net191 (net)
                      0.095721    0.000819    9.115651 v output191/A (sky130_fd_sc_hd__clkdlybuf4s25_1)
     1    0.037305    0.276657    0.429099    9.544750 v output191/X (sky130_fd_sc_hd__clkdlybuf4s25_1)
                                                         result[59] (net)
                      0.276664    0.001563    9.546313 v result[59] (out)
                                              9.546313   data arrival time

                      0.000000    0.000000    0.000000   clock __VIRTUAL_CLK__ (rise edge)
                                  0.000000    0.000000   clock network delay (ideal)
                                  0.250000    0.250000   clock uncertainty
                                  0.000000    0.250000   clock reconvergence pessimism
                                 -8.000000   -7.750000   output external delay
                                             -7.750000   data required time
---------------------------------------------------------------------------------------------
                                             -7.750000   data required time
                                             -9.546313   data arrival time
---------------------------------------------------------------------------------------------
                                             17.296312   slack (MET)


Startpoint: operand_b[36] (input port clocked by __VIRTUAL_CLK__)
Endpoint: result[38] (output port clocked by __VIRTUAL_CLK__)
Path Group: __VIRTUAL_CLK__
Path Type: min

Fanout         Cap        Slew       Delay        Time   Description
---------------------------------------------------------------------------------------------
                      0.000000    0.000000    0.000000   clock __VIRTUAL_CLK__ (rise edge)
                                  0.000000    0.000000   clock network delay (ideal)
                                  8.000000    8.000000 ^ input external delay
     1    0.004306    0.026277    0.014830    8.014830 ^ operand_b[36] (in)
                                                         operand_b[36] (net)
                      0.026278    0.000000    8.014830 ^ input99/A (sky130_fd_sc_hd__clkdlybuf4s25_1)
     3    0.016363    0.172522    0.313727    8.328557 ^ input99/X (sky130_fd_sc_hd__clkdlybuf4s25_1)
                                                         net99 (net)
                      0.172522    0.000494    8.329051 ^ _5040_/A2 (sky130_fd_sc_hd__a22o_2)
     1    0.007385    0.053671    0.177493    8.506543 ^ _5040_/X (sky130_fd_sc_hd__a22o_2)
                                                         _1002_ (net)
                      0.053671    0.000272    8.506815 ^ _5041_/B1 (sky130_fd_sc_hd__o21ai_2)
     4    0.021248    0.091057    0.091673    8.598489 v _5041_/Y (sky130_fd_sc_hd__o21ai_2)
                                                         _1003_ (net)
                      0.091063    0.000606    8.599094 v _5042_/C (sky130_fd_sc_hd__nand3_2)
     1    0.005784    0.049099    0.089685    8.688779 ^ _5042_/Y (sky130_fd_sc_hd__nand3_2)
                                                         _1004_ (net)
                      0.049100    0.000215    8.688993 ^ _5043_/B1 (sky130_fd_sc_hd__o31a_2)
     1    0.013896    0.086604    0.162464    8.851458 ^ _5043_/X (sky130_fd_sc_hd__o31a_2)
                                                         _1005_ (net)
                      0.086611    0.000814    8.852272 ^ _5063_/B1 (sky130_fd_sc_hd__o221a_2)
     1    0.005536    0.053928    0.189085    9.041357 ^ _5063_/X (sky130_fd_sc_hd__o221a_2)
                                                         _1027_ (net)
                      0.053928    0.000163    9.041521 ^ _5064_/B1 (sky130_fd_sc_hd__o21ai_2)
     2    0.019971    0.084794    0.088294    9.129814 v _5064_/Y (sky130_fd_sc_hd__o21ai_2)
                                                         net168 (net)
                      0.084813    0.000997    9.130812 v output168/A (sky130_fd_sc_hd__clkdlybuf4s25_1)
     1    0.037400    0.277448    0.425237    9.556048 v output168/X (sky130_fd_sc_hd__clkdlybuf4s25_1)
                                                         result[38] (net)
                      0.277452    0.001353    9.557402 v result[38] (out)
                                              9.557402   data arrival time

                      0.000000    0.000000    0.000000   clock __VIRTUAL_CLK__ (rise edge)
                                  0.000000    0.000000   clock network delay (ideal)
                                  0.250000    0.250000   clock uncertainty
                                  0.000000    0.250000   clock reconvergence pessimism
                                 -8.000000   -7.750000   output external delay
                                             -7.750000   data required time
---------------------------------------------------------------------------------------------
                                             -7.750000   data required time
                                             -9.557402   data arrival time
---------------------------------------------------------------------------------------------
                                             17.307400   slack (MET)


Startpoint: operand_b[32] (input port clocked by __VIRTUAL_CLK__)
Endpoint: result[36] (output port clocked by __VIRTUAL_CLK__)
Path Group: __VIRTUAL_CLK__
Path Type: min

Fanout         Cap        Slew       Delay        Time   Description
---------------------------------------------------------------------------------------------
                      0.000000    0.000000    0.000000   clock __VIRTUAL_CLK__ (rise edge)
                                  0.000000    0.000000   clock network delay (ideal)
                                  8.000000    8.000000 v input external delay
     1    0.005501    0.014685    0.008513    8.008513 v operand_b[32] (in)
                                                         operand_b[32] (net)
                      0.014688    0.000000    8.008513 v input95/A (sky130_fd_sc_hd__clkdlybuf4s25_1)
     4    0.028700    0.215748    0.353497    8.362010 v input95/X (sky130_fd_sc_hd__clkdlybuf4s25_1)
                                                         net95 (net)
                      0.215750    0.000938    8.362947 v _4854_/A (sky130_fd_sc_hd__xnor2_2)
     1    0.003637    0.041327    0.194172    8.557119 ^ _4854_/Y (sky130_fd_sc_hd__xnor2_2)
                                                         _0819_ (net)
                      0.041327    0.000106    8.557225 ^ _4855_/A2 (sky130_fd_sc_hd__a211o_2)
     1    0.003622    0.029651    0.111175    8.668401 ^ _4855_/X (sky130_fd_sc_hd__a211o_2)
                                                         _0820_ (net)
                      0.029651    0.000106    8.668507 ^ _4856_/B1 (sky130_fd_sc_hd__o31a_2)
     2    0.010214    0.068613    0.142290    8.810796 ^ _4856_/X (sky130_fd_sc_hd__o31a_2)
                                                         _0821_ (net)
                      0.068615    0.000474    8.811270 ^ _4953_/A (sky130_fd_sc_hd__or2b_2)
     1    0.003238    0.028750    0.098386    8.909657 ^ _4953_/X (sky130_fd_sc_hd__or2b_2)
                                                         _0915_ (net)
                      0.028750    0.000089    8.909745 ^ _4992_/A2 (sky130_fd_sc_hd__a31o_2)
     2    0.015981    0.097891    0.181583    9.091328 ^ _4992_/X (sky130_fd_sc_hd__a31o_2)
                                                         net166 (net)
                      0.097893    0.000606    9.091933 ^ output166/A (sky130_fd_sc_hd__clkdlybuf4s25_1)
     1    0.037251    0.375594    0.472619    9.564553 ^ output166/X (sky130_fd_sc_hd__clkdlybuf4s25_1)
                                                         result[36] (net)
                      0.375595    0.001345    9.565898 ^ result[36] (out)
                                              9.565898   data arrival time

                      0.000000    0.000000    0.000000   clock __VIRTUAL_CLK__ (rise edge)
                                  0.000000    0.000000   clock network delay (ideal)
                                  0.250000    0.250000   clock uncertainty
                                  0.000000    0.250000   clock reconvergence pessimism
                                 -8.000000   -7.750000   output external delay
                                             -7.750000   data required time
---------------------------------------------------------------------------------------------
                                             -7.750000   data required time
                                             -9.565898   data arrival time
---------------------------------------------------------------------------------------------
                                             17.315899   slack (MET)


Startpoint: operand_b[55] (input port clocked by __VIRTUAL_CLK__)
Endpoint: result[56] (output port clocked by __VIRTUAL_CLK__)
Path Group: __VIRTUAL_CLK__
Path Type: min

Fanout         Cap        Slew       Delay        Time   Description
---------------------------------------------------------------------------------------------
                      0.000000    0.000000    0.000000   clock __VIRTUAL_CLK__ (rise edge)
                                  0.000000    0.000000   clock network delay (ideal)
                                  8.000000    8.000000 ^ input external delay
     1    0.008071    0.042850    0.026501    8.026501 ^ operand_b[55] (in)
                                                         operand_b[55] (net)
                      0.042854    0.000000    8.026501 ^ input120/A (sky130_fd_sc_hd__clkdlybuf4s25_1)
     3    0.015371    0.162921    0.312673    8.339174 ^ input120/X (sky130_fd_sc_hd__clkdlybuf4s25_1)
                                                         net120 (net)
                      0.162921    0.000655    8.339828 ^ _5709_/C1 (sky130_fd_sc_hd__a211o_2)
     6    0.026662    0.130255    0.191554    8.531383 ^ _5709_/X (sky130_fd_sc_hd__a211o_2)
                                                         _1720_ (net)
                      0.130255    0.000500    8.531883 ^ _5722_/A1 (sky130_fd_sc_hd__a21o_2)
     2    0.007632    0.047849    0.145361    8.677244 ^ _5722_/X (sky130_fd_sc_hd__a21o_2)
                                                         _1734_ (net)
                      0.047849    0.000133    8.677378 ^ _5724_/A (sky130_fd_sc_hd__and2_2)
     2    0.015682    0.094043    0.167190    8.844567 ^ _5724_/X (sky130_fd_sc_hd__and2_2)
                                                         _1736_ (net)
                      0.094045    0.000508    8.845076 ^ _5726_/A (sky130_fd_sc_hd__xnor2_2)
     1    0.003894    0.032520    0.070449    8.915524 v _5726_/Y (sky130_fd_sc_hd__xnor2_2)
                                                         _1739_ (net)
                      0.032520    0.000111    8.915635 v _5746_/A2 (sky130_fd_sc_hd__a21o_2)
     2    0.017537    0.065173    0.230441    9.146075 v _5746_/X (sky130_fd_sc_hd__a21o_2)
                                                         net188 (net)
                      0.065176    0.000526    9.146601 v output188/A (sky130_fd_sc_hd__clkdlybuf4s25_1)
     1    0.039034    0.289573    0.424860    9.571462 v output188/X (sky130_fd_sc_hd__clkdlybuf4s25_1)
                                                         result[56] (net)
                      0.289584    0.001921    9.573382 v result[56] (out)
                                              9.573382   data arrival time

                      0.000000    0.000000    0.000000   clock __VIRTUAL_CLK__ (rise edge)
                                  0.000000    0.000000   clock network delay (ideal)
                                  0.250000    0.250000   clock uncertainty
                                  0.000000    0.250000   clock reconvergence pessimism
                                 -8.000000   -7.750000   output external delay
                                             -7.750000   data required time
---------------------------------------------------------------------------------------------
                                             -7.750000   data required time
                                             -9.573382   data arrival time
---------------------------------------------------------------------------------------------
                                             17.323381   slack (MET)


Startpoint: operand_b[13] (input port clocked by __VIRTUAL_CLK__)
Endpoint: result[14] (output port clocked by __VIRTUAL_CLK__)
Path Group: __VIRTUAL_CLK__
Path Type: min

Fanout         Cap        Slew       Delay        Time   Description
---------------------------------------------------------------------------------------------
                      0.000000    0.000000    0.000000   clock __VIRTUAL_CLK__ (rise edge)
                                  0.000000    0.000000   clock network delay (ideal)
                                  8.000000    8.000000 ^ input external delay
     1    0.006091    0.034086    0.020362    8.020363 ^ operand_b[13] (in)
                                                         operand_b[13] (net)
                      0.034088    0.000000    8.020363 ^ input74/A (sky130_fd_sc_hd__clkdlybuf4s25_1)
     4    0.038170    0.384699    0.456597    8.476959 ^ input74/X (sky130_fd_sc_hd__clkdlybuf4s25_1)
                                                         net74 (net)
                      0.384699    0.001311    8.478270 ^ _3996_/A2 (sky130_fd_sc_hd__o21a_2)
     1    0.003402    0.034213    0.165769    8.644038 ^ _3996_/X (sky130_fd_sc_hd__o21a_2)
                                                         _3197_ (net)
                      0.034213    0.000095    8.644134 ^ _3997_/B1 (sky130_fd_sc_hd__a31o_2)
     1    0.015284    0.094193    0.128784    8.772918 ^ _3997_/X (sky130_fd_sc_hd__a31o_2)
                                                         _3198_ (net)
                      0.094197    0.000679    8.773597 ^ _3998_/B (sky130_fd_sc_hd__xor2_2)
     1    0.009036    0.133880    0.169030    8.942626 ^ _3998_/X (sky130_fd_sc_hd__xor2_2)
                                                         _3199_ (net)
                      0.133880    0.000326    8.942952 ^ _4031_/A2 (sky130_fd_sc_hd__a221o_2)
     2    0.009913    0.061933    0.184009    9.126962 ^ _4031_/X (sky130_fd_sc_hd__a221o_2)
                                                         net142 (net)
                      0.061937    0.000528    9.127489 ^ output142/A (sky130_fd_sc_hd__clkdlybuf4s25_1)
     1    0.035338    0.356344    0.448771    9.576260 ^ output142/X (sky130_fd_sc_hd__clkdlybuf4s25_1)
                                                         result[14] (net)
                      0.356344    0.000786    9.577046 ^ result[14] (out)
                                              9.577046   data arrival time

                      0.000000    0.000000    0.000000   clock __VIRTUAL_CLK__ (rise edge)
                                  0.000000    0.000000   clock network delay (ideal)
                                  0.250000    0.250000   clock uncertainty
                                  0.000000    0.250000   clock reconvergence pessimism
                                 -8.000000   -7.750000   output external delay
                                             -7.750000   data required time
---------------------------------------------------------------------------------------------
                                             -7.750000   data required time
                                             -9.577046   data arrival time
---------------------------------------------------------------------------------------------
                                             17.327047   slack (MET)


Startpoint: operand_a[1] (input port clocked by __VIRTUAL_CLK__)
Endpoint: result[4] (output port clocked by __VIRTUAL_CLK__)
Path Group: __VIRTUAL_CLK__
Path Type: min

Fanout         Cap        Slew       Delay        Time   Description
---------------------------------------------------------------------------------------------
                      0.000000    0.000000    0.000000   clock __VIRTUAL_CLK__ (rise edge)
                                  0.000000    0.000000   clock network delay (ideal)
                                  8.000000    8.000000 ^ input external delay
     1    0.007842    0.041836    0.025795    8.025795 ^ operand_a[1] (in)
                                                         operand_a[1] (net)
                      0.041839    0.000000    8.025795 ^ input17/A (sky130_fd_sc_hd__clkdlybuf4s25_1)
     4    0.022893    0.235428    0.361274    8.387069 ^ input17/X (sky130_fd_sc_hd__clkdlybuf4s25_1)
                                                         net17 (net)
                      0.235428    0.000894    8.387962 ^ _3465_/A2 (sky130_fd_sc_hd__a31o_2)
     2    0.012534    0.086604    0.222430    8.610393 ^ _3465_/X (sky130_fd_sc_hd__a31o_2)
                                                         _2677_ (net)
                      0.086604    0.000427    8.610820 ^ _3466_/B2 (sky130_fd_sc_hd__o22a_2)
     4    0.021500    0.116826    0.187323    8.798142 ^ _3466_/X (sky130_fd_sc_hd__o22a_2)
                                                         _2678_ (net)
                      0.116826    0.000388    8.798531 ^ _3497_/A1 (sky130_fd_sc_hd__o21a_2)
     1    0.009902    0.064710    0.161407    8.959938 ^ _3497_/X (sky130_fd_sc_hd__o21a_2)
                                                         _2708_ (net)
                      0.064711    0.000308    8.960246 ^ _3498_/B (sky130_fd_sc_hd__xnor2_2)
     1    0.006316    0.048946    0.106447    9.066693 ^ _3498_/Y (sky130_fd_sc_hd__xnor2_2)
                                                         _2709_ (net)
                      0.048946    0.000200    9.066894 ^ _3545_/A2 (sky130_fd_sc_hd__o211ai_2)
     2    0.010474    0.079415    0.093970    9.160864 v _3545_/Y (sky130_fd_sc_hd__o211ai_2)
                                                         net181 (net)
                      0.079415    0.000356    9.161220 v output181/A (sky130_fd_sc_hd__clkdlybuf4s25_1)
     1    0.036393    0.270271    0.418249    9.579468 v output181/X (sky130_fd_sc_hd__clkdlybuf4s25_1)
                                                         result[4] (net)
                      0.270272    0.000959    9.580427 v result[4] (out)
                                              9.580427   data arrival time

                      0.000000    0.000000    0.000000   clock __VIRTUAL_CLK__ (rise edge)
                                  0.000000    0.000000   clock network delay (ideal)
                                  0.250000    0.250000   clock uncertainty
                                  0.000000    0.250000   clock reconvergence pessimism
                                 -8.000000   -7.750000   output external delay
                                             -7.750000   data required time
---------------------------------------------------------------------------------------------
                                             -7.750000   data required time
                                             -9.580427   data arrival time
---------------------------------------------------------------------------------------------
                                             17.330427   slack (MET)


Startpoint: operand_b[5] (input port clocked by __VIRTUAL_CLK__)
Endpoint: result[18] (output port clocked by __VIRTUAL_CLK__)
Path Group: __VIRTUAL_CLK__
Path Type: min

Fanout         Cap        Slew       Delay        Time   Description
---------------------------------------------------------------------------------------------
                      0.000000    0.000000    0.000000   clock __VIRTUAL_CLK__ (rise edge)
                                  0.000000    0.000000   clock network delay (ideal)
                                  8.000000    8.000000 v input external delay
     1    0.004020    0.011460    0.006178    8.006178 v operand_b[5] (in)
                                                         operand_b[5] (net)
                      0.011465    0.000000    8.006178 v input125/A (sky130_fd_sc_hd__clkdlybuf4s25_1)
     2    0.026293    0.198793    0.340108    8.346286 v input125/X (sky130_fd_sc_hd__clkdlybuf4s25_1)
                                                         net125 (net)
                      0.198794    0.000861    8.347146 v fanout622/A (sky130_fd_sc_hd__clkdlybuf4s25_1)
     4    0.023238    0.176781    0.395158    8.742304 v fanout622/X (sky130_fd_sc_hd__clkdlybuf4s25_1)
                                                         net622 (net)
                      0.176784    0.000909    8.743213 v _4209_/B2 (sky130_fd_sc_hd__o221ai_2)
     1    0.005806    0.071168    0.184571    8.927784 ^ _4209_/Y (sky130_fd_sc_hd__o221ai_2)
                                                         _0189_ (net)
                      0.071168    0.000177    8.927960 ^ _4210_/C1 (sky130_fd_sc_hd__a221o_2)
     2    0.024606    0.132086    0.175210    9.103171 ^ _4210_/X (sky130_fd_sc_hd__a221o_2)
                                                         net146 (net)
                      0.132094    0.001072    9.104243 ^ output146/A (sky130_fd_sc_hd__clkdlybuf4s25_1)
     1    0.036624    0.369749    0.478980    9.583223 ^ output146/X (sky130_fd_sc_hd__clkdlybuf4s25_1)
                                                         result[18] (net)
                      0.369749    0.001107    9.584330 ^ result[18] (out)
                                              9.584330   data arrival time

                      0.000000    0.000000    0.000000   clock __VIRTUAL_CLK__ (rise edge)
                                  0.000000    0.000000   clock network delay (ideal)
                                  0.250000    0.250000   clock uncertainty
                                  0.000000    0.250000   clock reconvergence pessimism
                                 -8.000000   -7.750000   output external delay
                                             -7.750000   data required time
---------------------------------------------------------------------------------------------
                                             -7.750000   data required time
                                             -9.584330   data arrival time
---------------------------------------------------------------------------------------------
                                             17.334330   slack (MET)


Startpoint: operand_b[33] (input port clocked by __VIRTUAL_CLK__)
Endpoint: result[34] (output port clocked by __VIRTUAL_CLK__)
Path Group: __VIRTUAL_CLK__
Path Type: min

Fanout         Cap        Slew       Delay        Time   Description
---------------------------------------------------------------------------------------------
                      0.000000    0.000000    0.000000   clock __VIRTUAL_CLK__ (rise edge)
                                  0.000000    0.000000   clock network delay (ideal)
                                  8.000000    8.000000 v input external delay
     1    0.005277    0.014203    0.008165    8.008165 v operand_b[33] (in)
                                                         operand_b[33] (net)
                      0.014205    0.000000    8.008165 v input96/A (sky130_fd_sc_hd__clkdlybuf4s25_1)
     7    0.028716    0.215852    0.353483    8.361648 v input96/X (sky130_fd_sc_hd__clkdlybuf4s25_1)
                                                         net96 (net)
                      0.215852    0.000504    8.362152 v _4815_/B (sky130_fd_sc_hd__nand2_2)
     7    0.032459    0.183529    0.225474    8.587626 ^ _4815_/Y (sky130_fd_sc_hd__nand2_2)
                                                         _0780_ (net)
                      0.183530    0.000902    8.588529 ^ _4865_/A1 (sky130_fd_sc_hd__a21bo_2)
     3    0.022255    0.125218    0.217480    8.806008 ^ _4865_/X (sky130_fd_sc_hd__a21bo_2)
                                                         _0829_ (net)
                      0.125218    0.000438    8.806446 ^ _4866_/B (sky130_fd_sc_hd__xnor2_2)
     1    0.010978    0.070040    0.138514    8.944961 ^ _4866_/Y (sky130_fd_sc_hd__xnor2_2)
                                                         _0830_ (net)
                      0.070041    0.000452    8.945413 ^ _4893_/A2 (sky130_fd_sc_hd__a221o_2)
     2    0.015372    0.087315    0.186380    9.131792 ^ _4893_/X (sky130_fd_sc_hd__a221o_2)
                                                         net164 (net)
                      0.087316    0.000509    9.132301 ^ output164/A (sky130_fd_sc_hd__clkdlybuf4s25_1)
     1    0.036962    0.372597    0.467344    9.599645 ^ output164/X (sky130_fd_sc_hd__clkdlybuf4s25_1)
                                                         result[34] (net)
                      0.372597    0.001227    9.600872 ^ result[34] (out)
                                              9.600872   data arrival time

                      0.000000    0.000000    0.000000   clock __VIRTUAL_CLK__ (rise edge)
                                  0.000000    0.000000   clock network delay (ideal)
                                  0.250000    0.250000   clock uncertainty
                                  0.000000    0.250000   clock reconvergence pessimism
                                 -8.000000   -7.750000   output external delay
                                             -7.750000   data required time
---------------------------------------------------------------------------------------------
                                             -7.750000   data required time
                                             -9.600872   data arrival time
---------------------------------------------------------------------------------------------
                                             17.350872   slack (MET)


Startpoint: operand_b[41] (input port clocked by __VIRTUAL_CLK__)
Endpoint: result[42] (output port clocked by __VIRTUAL_CLK__)
Path Group: __VIRTUAL_CLK__
Path Type: min

Fanout         Cap        Slew       Delay        Time   Description
---------------------------------------------------------------------------------------------
                      0.000000    0.000000    0.000000   clock __VIRTUAL_CLK__ (rise edge)
                                  0.000000    0.000000   clock network delay (ideal)
                                  8.000000    8.000000 v input external delay
     1    0.006080    0.015959    0.009383    8.009382 v operand_b[41] (in)
                                                         operand_b[41] (net)
                      0.015961    0.000000    8.009382 v input105/A (sky130_fd_sc_hd__clkdlybuf4s25_1)
     4    0.029853    0.223952    0.359656    8.369039 v input105/X (sky130_fd_sc_hd__clkdlybuf4s25_1)
                                                         net105 (net)
                      0.223954    0.000937    8.369976 v _5158_/A (sky130_fd_sc_hd__nor2b_2)
     4    0.020632    0.238608    0.280279    8.650255 ^ _5158_/Y (sky130_fd_sc_hd__nor2b_2)
                                                         _1129_ (net)
                      0.238608    0.000480    8.650735 ^ _5201_/A1 (sky130_fd_sc_hd__o31ai_2)
     1    0.009247    0.047004    0.126535    8.777269 v _5201_/Y (sky130_fd_sc_hd__o31ai_2)
                                                         _1175_ (net)
                      0.047004    0.000218    8.777489 v _5202_/B (sky130_fd_sc_hd__xor2_2)
     4    0.020869    0.071630    0.173094    8.950583 v _5202_/X (sky130_fd_sc_hd__xor2_2)
                                                         _1176_ (net)
                      0.071636    0.000707    8.951290 v _5209_/A (sky130_fd_sc_hd__xor2_2)
     1    0.004965    0.090672    0.153962    9.105252 ^ _5209_/X (sky130_fd_sc_hd__xor2_2)
                                                         _1184_ (net)
                      0.090672    0.000092    9.105344 ^ _5232_/A2 (sky130_fd_sc_hd__o21ai_2)
     2    0.013066    0.061436    0.080498    9.185843 v _5232_/Y (sky130_fd_sc_hd__o21ai_2)
                                                         net173 (net)
                      0.061467    0.000545    9.186388 v output173/A (sky130_fd_sc_hd__clkdlybuf4s25_1)
     1    0.037396    0.277618    0.416036    9.602424 v output173/X (sky130_fd_sc_hd__clkdlybuf4s25_1)
                                                         result[42] (net)
                      0.277618    0.000715    9.603139 v result[42] (out)
                                              9.603139   data arrival time

                      0.000000    0.000000    0.000000   clock __VIRTUAL_CLK__ (rise edge)
                                  0.000000    0.000000   clock network delay (ideal)
                                  0.250000    0.250000   clock uncertainty
                                  0.000000    0.250000   clock reconvergence pessimism
                                 -8.000000   -7.750000   output external delay
                                             -7.750000   data required time
---------------------------------------------------------------------------------------------
                                             -7.750000   data required time
                                             -9.603139   data arrival time
---------------------------------------------------------------------------------------------
                                             17.353138   slack (MET)


Startpoint: operand_b[18] (input port clocked by __VIRTUAL_CLK__)
Endpoint: result[19] (output port clocked by __VIRTUAL_CLK__)
Path Group: __VIRTUAL_CLK__
Path Type: min

Fanout         Cap        Slew       Delay        Time   Description
---------------------------------------------------------------------------------------------
                      0.000000    0.000000    0.000000   clock __VIRTUAL_CLK__ (rise edge)
                                  0.000000    0.000000   clock network delay (ideal)
                                  8.000000    8.000000 v input external delay
     1    0.007904    0.019893    0.012267    8.012266 v operand_b[18] (in)
                                                         operand_b[18] (net)
                      0.019901    0.000000    8.012266 v input79/A (sky130_fd_sc_hd__clkdlybuf4s25_1)
     5    0.038697    0.287010    0.405095    8.417361 v input79/X (sky130_fd_sc_hd__clkdlybuf4s25_1)
                                                         net79 (net)
                      0.287022    0.001934    8.419294 v _4227_/B (sky130_fd_sc_hd__nand2_2)
     2    0.022442    0.149828    0.221562    8.640857 ^ _4227_/Y (sky130_fd_sc_hd__nand2_2)
                                                         _0206_ (net)
                      0.149833    0.000976    8.641833 ^ _4228_/A (sky130_fd_sc_hd__nand2_2)
     1    0.008668    0.060837    0.076319    8.718153 v _4228_/Y (sky130_fd_sc_hd__nand2_2)
                                                         _0207_ (net)
                      0.060838    0.000327    8.718479 v _4232_/A2 (sky130_fd_sc_hd__o21ai_2)
     1    0.011198    0.086998    0.160071    8.878551 ^ _4232_/Y (sky130_fd_sc_hd__o21ai_2)
                                                         _0211_ (net)
                      0.087008    0.000565    8.879115 ^ _4245_/B1 (sky130_fd_sc_hd__a221o_2)
     1    0.003358    0.032479    0.136585    9.015700 ^ _4245_/X (sky130_fd_sc_hd__a221o_2)
                                                         _0224_ (net)
                      0.032479    0.000093    9.015794 ^ _4246_/B1 (sky130_fd_sc_hd__a31o_2)
     2    0.014696    0.091059    0.126025    9.141819 ^ _4246_/X (sky130_fd_sc_hd__a31o_2)
                                                         net147 (net)
                      0.091067    0.000902    9.142721 ^ output147/A (sky130_fd_sc_hd__clkdlybuf4s25_1)
     1    0.036227    0.365518    0.463712    9.606433 ^ output147/X (sky130_fd_sc_hd__clkdlybuf4s25_1)
                                                         result[19] (net)
                      0.365519    0.001346    9.607779 ^ result[19] (out)
                                              9.607779   data arrival time

                      0.000000    0.000000    0.000000   clock __VIRTUAL_CLK__ (rise edge)
                                  0.000000    0.000000   clock network delay (ideal)
                                  0.250000    0.250000   clock uncertainty
                                  0.000000    0.250000   clock reconvergence pessimism
                                 -8.000000   -7.750000   output external delay
                                             -7.750000   data required time
---------------------------------------------------------------------------------------------
                                             -7.750000   data required time
                                             -9.607779   data arrival time
---------------------------------------------------------------------------------------------
                                             17.357779   slack (MET)


Startpoint: operand_b[47] (input port clocked by __VIRTUAL_CLK__)
Endpoint: result[48] (output port clocked by __VIRTUAL_CLK__)
Path Group: __VIRTUAL_CLK__
Path Type: min

Fanout         Cap        Slew       Delay        Time   Description
---------------------------------------------------------------------------------------------
                      0.000000    0.000000    0.000000   clock __VIRTUAL_CLK__ (rise edge)
                                  0.000000    0.000000   clock network delay (ideal)
                                  8.000000    8.000000 ^ input external delay
     1    0.004855    0.028664    0.016528    8.016528 ^ operand_b[47] (in)
                                                         operand_b[47] (net)
                      0.028665    0.000000    8.016528 ^ input111/A (sky130_fd_sc_hd__clkdlybuf4s25_1)
     3    0.014369    0.153275    0.301549    8.318077 ^ input111/X (sky130_fd_sc_hd__clkdlybuf4s25_1)
                                                         net111 (net)
                      0.153275    0.000559    8.318636 ^ _5409_/A (sky130_fd_sc_hd__nor2_2)
     1    0.002070    0.022242    0.049727    8.368363 v _5409_/Y (sky130_fd_sc_hd__nor2_2)
                                                         _1398_ (net)
                      0.022242    0.000056    8.368419 v _5410_/A2_N (sky130_fd_sc_hd__a2bb2o_2)
     3    0.014520    0.083643    0.240311    8.608730 ^ _5410_/X (sky130_fd_sc_hd__a2bb2o_2)
                                                         _1399_ (net)
                      0.083644    0.000468    8.609198 ^ _5411_/B1 (sky130_fd_sc_hd__a31o_2)
     4    0.022292    0.131736    0.170661    8.779859 ^ _5411_/X (sky130_fd_sc_hd__a31o_2)
                                                         _1400_ (net)
                      0.131736    0.000531    8.780390 ^ _5412_/B (sky130_fd_sc_hd__xor2_2)
     1    0.007775    0.120520    0.165634    8.946024 ^ _5412_/X (sky130_fd_sc_hd__xor2_2)
                                                         _1401_ (net)
                      0.120520    0.000300    8.946324 ^ _5453_/A2 (sky130_fd_sc_hd__a221o_2)
     2    0.015781    0.089088    0.202186    9.148510 ^ _5453_/X (sky130_fd_sc_hd__a221o_2)
                                                         net179 (net)
                      0.089091    0.000609    9.149119 ^ output179/A (sky130_fd_sc_hd__clkdlybuf4s25_1)
     1    0.035582    0.359080    0.459309    9.608428 ^ output179/X (sky130_fd_sc_hd__clkdlybuf4s25_1)
                                                         result[48] (net)
                      0.359080    0.000737    9.609165 ^ result[48] (out)
                                              9.609165   data arrival time

                      0.000000    0.000000    0.000000   clock __VIRTUAL_CLK__ (rise edge)
                                  0.000000    0.000000   clock network delay (ideal)
                                  0.250000    0.250000   clock uncertainty
                                  0.000000    0.250000   clock reconvergence pessimism
                                 -8.000000   -7.750000   output external delay
                                             -7.750000   data required time
---------------------------------------------------------------------------------------------
                                             -7.750000   data required time
                                             -9.609165   data arrival time
---------------------------------------------------------------------------------------------
                                             17.359165   slack (MET)


Startpoint: operand_a[1] (input port clocked by __VIRTUAL_CLK__)
Endpoint: result[3] (output port clocked by __VIRTUAL_CLK__)
Path Group: __VIRTUAL_CLK__
Path Type: min

Fanout         Cap        Slew       Delay        Time   Description
---------------------------------------------------------------------------------------------
                      0.000000    0.000000    0.000000   clock __VIRTUAL_CLK__ (rise edge)
                                  0.000000    0.000000   clock network delay (ideal)
                                  8.000000    8.000000 ^ input external delay
     1    0.007842    0.041836    0.025795    8.025795 ^ operand_a[1] (in)
                                                         operand_a[1] (net)
                      0.041839    0.000000    8.025795 ^ input17/A (sky130_fd_sc_hd__clkdlybuf4s25_1)
     4    0.022893    0.235428    0.361274    8.387069 ^ input17/X (sky130_fd_sc_hd__clkdlybuf4s25_1)
                                                         net17 (net)
                      0.235428    0.000894    8.387962 ^ _3465_/A2 (sky130_fd_sc_hd__a31o_2)
     2    0.012534    0.086604    0.222430    8.610393 ^ _3465_/X (sky130_fd_sc_hd__a31o_2)
                                                         _2677_ (net)
                      0.086604    0.000427    8.610820 ^ _3466_/B2 (sky130_fd_sc_hd__o22a_2)
     4    0.021500    0.116826    0.187323    8.798142 ^ _3466_/X (sky130_fd_sc_hd__o22a_2)
                                                         _2678_ (net)
                      0.116827    0.000482    8.798625 ^ _3467_/B (sky130_fd_sc_hd__xnor2_2)
     1    0.005805    0.047538    0.118773    8.917397 ^ _3467_/Y (sky130_fd_sc_hd__xnor2_2)
                                                         _2679_ (net)
                      0.047540    0.000172    8.917570 ^ _3491_/A2 (sky130_fd_sc_hd__o2111a_2)
     2    0.008220    0.065512    0.187132    9.104702 ^ _3491_/X (sky130_fd_sc_hd__o2111a_2)
                                                         _2703_ (net)
                      0.065512    0.000226    9.104929 ^ _3492_/C (sky130_fd_sc_hd__nand3b_2)
     1    0.006528    0.062566    0.083546    9.188475 v _3492_/Y (sky130_fd_sc_hd__nand3b_2)
                                                         net170 (net)
                      0.062567    0.000263    9.188737 v output170/A (sky130_fd_sc_hd__clkdlybuf4s25_1)
     1    0.039362    0.291975    0.425366    9.614102 v output170/X (sky130_fd_sc_hd__clkdlybuf4s25_1)
                                                         result[3] (net)
                      0.291988    0.002020    9.616122 v result[3] (out)
                                              9.616122   data arrival time

                      0.000000    0.000000    0.000000   clock __VIRTUAL_CLK__ (rise edge)
                                  0.000000    0.000000   clock network delay (ideal)
                                  0.250000    0.250000   clock uncertainty
                                  0.000000    0.250000   clock reconvergence pessimism
                                 -8.000000   -7.750000   output external delay
                                             -7.750000   data required time
---------------------------------------------------------------------------------------------
                                             -7.750000   data required time
                                             -9.616122   data arrival time
---------------------------------------------------------------------------------------------
                                             17.366123   slack (MET)


Startpoint: operand_b[15] (input port clocked by __VIRTUAL_CLK__)
Endpoint: result[16] (output port clocked by __VIRTUAL_CLK__)
Path Group: __VIRTUAL_CLK__
Path Type: min

Fanout         Cap        Slew       Delay        Time   Description
---------------------------------------------------------------------------------------------
                      0.000000    0.000000    0.000000   clock __VIRTUAL_CLK__ (rise edge)
                                  0.000000    0.000000   clock network delay (ideal)
                                  8.000000    8.000000 ^ input external delay
     1    0.005138    0.029900    0.017446    8.017447 ^ operand_b[15] (in)
                                                         operand_b[15] (net)
                      0.029902    0.000000    8.017447 ^ input76/A (sky130_fd_sc_hd__clkdlybuf4s25_1)
     3    0.017891    0.187277    0.324831    8.342278 ^ input76/X (sky130_fd_sc_hd__clkdlybuf4s25_1)
                                                         net76 (net)
                      0.187277    0.000746    8.343023 ^ _4072_/A2 (sky130_fd_sc_hd__o22a_2)
     2    0.011369    0.069875    0.186320    8.529344 ^ _4072_/X (sky130_fd_sc_hd__o22a_2)
                                                         _0054_ (net)
                      0.069876    0.000322    8.529666 ^ _4073_/B1 (sky130_fd_sc_hd__a21o_2)
     3    0.016290    0.087102    0.128312    8.657979 ^ _4073_/X (sky130_fd_sc_hd__a21o_2)
                                                         _0055_ (net)
                      0.087103    0.000478    8.658457 ^ _4074_/B1 (sky130_fd_sc_hd__a31o_2)
     4    0.022723    0.134132    0.172975    8.831431 ^ _4074_/X (sky130_fd_sc_hd__a31o_2)
                                                         _0056_ (net)
                      0.134137    0.000958    8.832389 ^ _4075_/B (sky130_fd_sc_hd__xnor2_2)
     1    0.010040    0.066162    0.136845    8.969234 ^ _4075_/Y (sky130_fd_sc_hd__xnor2_2)
                                                         _0057_ (net)
                      0.066164    0.000414    8.969648 ^ _4117_/A2 (sky130_fd_sc_hd__a221o_2)
     2    0.016477    0.092478    0.189003    9.158651 ^ _4117_/X (sky130_fd_sc_hd__a221o_2)
                                                         net144 (net)
                      0.092481    0.000669    9.159320 ^ output144/A (sky130_fd_sc_hd__clkdlybuf4s25_1)
     1    0.038433    0.387000    0.478634    9.637954 ^ output144/X (sky130_fd_sc_hd__clkdlybuf4s25_1)
                                                         result[16] (net)
                      0.387000    0.001188    9.639142 ^ result[16] (out)
                                              9.639142   data arrival time

                      0.000000    0.000000    0.000000   clock __VIRTUAL_CLK__ (rise edge)
                                  0.000000    0.000000   clock network delay (ideal)
                                  0.250000    0.250000   clock uncertainty
                                  0.000000    0.250000   clock reconvergence pessimism
                                 -8.000000   -7.750000   output external delay
                                             -7.750000   data required time
---------------------------------------------------------------------------------------------
                                             -7.750000   data required time
                                             -9.639142   data arrival time
---------------------------------------------------------------------------------------------
                                             17.389141   slack (MET)


Startpoint: operand_b[43] (input port clocked by __VIRTUAL_CLK__)
Endpoint: result[44] (output port clocked by __VIRTUAL_CLK__)
Path Group: __VIRTUAL_CLK__
Path Type: min

Fanout         Cap        Slew       Delay        Time   Description
---------------------------------------------------------------------------------------------
                      0.000000    0.000000    0.000000   clock __VIRTUAL_CLK__ (rise edge)
                                  0.000000    0.000000   clock network delay (ideal)
                                  8.000000    8.000000 ^ input external delay
     1    0.005158    0.029988    0.017472    8.017472 ^ operand_b[43] (in)
                                                         operand_b[43] (net)
                      0.029988    0.000000    8.017472 ^ input107/A (sky130_fd_sc_hd__clkdlybuf4s25_1)
     2    0.008604    0.097841    0.264566    8.282039 ^ input107/X (sky130_fd_sc_hd__clkdlybuf4s25_1)
                                                         net107 (net)
                      0.097841    0.000296    8.282334 ^ fanout672/A (sky130_fd_sc_hd__clkdlybuf4s25_1)
     5    0.013665    0.146414    0.319869    8.602203 ^ fanout672/X (sky130_fd_sc_hd__clkdlybuf4s25_1)
                                                         net672 (net)
                      0.146414    0.000392    8.602595 ^ _5270_/A2 (sky130_fd_sc_hd__a21o_2)
     2    0.013257    0.072579    0.171718    8.774313 ^ _5270_/X (sky130_fd_sc_hd__a21o_2)
                                                         _1249_ (net)
                      0.072581    0.000517    8.774830 ^ _5271_/B1 (sky130_fd_sc_hd__a21o_2)
     3    0.020806    0.108635    0.143534    8.918365 ^ _5271_/X (sky130_fd_sc_hd__a21o_2)
                                                         _1250_ (net)
                      0.108636    0.000536    8.918900 ^ _5272_/B (sky130_fd_sc_hd__xnor2_2)
     1    0.005728    0.047094    0.116254    9.035154 ^ _5272_/Y (sky130_fd_sc_hd__xnor2_2)
                                                         _1251_ (net)
                      0.047094    0.000213    9.035367 ^ _5304_/A2 (sky130_fd_sc_hd__a211o_2)
     2    0.011878    0.064040    0.142498    9.177866 ^ _5304_/X (sky130_fd_sc_hd__a211o_2)
                                                         net175 (net)
                      0.064046    0.000650    9.178516 ^ output175/A (sky130_fd_sc_hd__clkdlybuf4s25_1)
     1    0.037608    0.378476    0.464142    9.642657 ^ output175/X (sky130_fd_sc_hd__clkdlybuf4s25_1)
                                                         result[44] (net)
                      0.378476    0.000898    9.643556 ^ result[44] (out)
                                              9.643556   data arrival time

                      0.000000    0.000000    0.000000   clock __VIRTUAL_CLK__ (rise edge)
                                  0.000000    0.000000   clock network delay (ideal)
                                  0.250000    0.250000   clock uncertainty
                                  0.000000    0.250000   clock reconvergence pessimism
                                 -8.000000   -7.750000   output external delay
                                             -7.750000   data required time
---------------------------------------------------------------------------------------------
                                             -7.750000   data required time
                                             -9.643556   data arrival time
---------------------------------------------------------------------------------------------
                                             17.393555   slack (MET)


Startpoint: operand_b[53] (input port clocked by __VIRTUAL_CLK__)
Endpoint: result[53] (output port clocked by __VIRTUAL_CLK__)
Path Group: __VIRTUAL_CLK__
Path Type: min

Fanout         Cap        Slew       Delay        Time   Description
---------------------------------------------------------------------------------------------
                      0.000000    0.000000    0.000000   clock __VIRTUAL_CLK__ (rise edge)
                                  0.000000    0.000000   clock network delay (ideal)
                                  8.000000    8.000000 ^ input external delay
     1    0.004697    0.027975    0.016056    8.016056 ^ operand_b[53] (in)
                                                         operand_b[53] (net)
                      0.027975    0.000000    8.016056 ^ input118/A (sky130_fd_sc_hd__clkdlybuf4s25_1)
     6    0.037016    0.373356    0.448098    8.464155 ^ input118/X (sky130_fd_sc_hd__clkdlybuf4s25_1)
                                                         net118 (net)
                      0.373357    0.001342    8.465497 ^ _5612_/A1 (sky130_fd_sc_hd__a221o_2)
     1    0.005782    0.042950    0.230700    8.696197 ^ _5612_/X (sky130_fd_sc_hd__a221o_2)
                                                         _1616_ (net)
                      0.042950    0.000161    8.696358 ^ _5621_/A2 (sky130_fd_sc_hd__a221o_2)
     1    0.003049    0.034197    0.128958    8.825315 ^ _5621_/X (sky130_fd_sc_hd__a221o_2)
                                                         _1626_ (net)
                      0.034197    0.000083    8.825399 ^ _5622_/C1 (sky130_fd_sc_hd__a211o_2)
     1    0.003382    0.027952    0.078643    8.904042 ^ _5622_/X (sky130_fd_sc_hd__a211o_2)
                                                         _1627_ (net)
                      0.027952    0.000107    8.904150 ^ _5629_/A (sky130_fd_sc_hd__or3b_2)
     1    0.002781    0.030581    0.089835    8.993984 ^ _5629_/X (sky130_fd_sc_hd__or3b_2)
                                                         _1635_ (net)
                      0.030581    0.000054    8.994039 ^ _5630_/A (sky130_fd_sc_hd__buf_1)
     2    0.016950    0.203804    0.177855    9.171894 ^ _5630_/X (sky130_fd_sc_hd__buf_1)
                                                         net185 (net)
                      0.203808    0.000733    9.172626 ^ output185/A (sky130_fd_sc_hd__clkdlybuf4s25_1)
     1    0.036035    0.363720    0.491578    9.664205 ^ output185/X (sky130_fd_sc_hd__clkdlybuf4s25_1)
                                                         result[53] (net)
                      0.363720    0.001043    9.665248 ^ result[53] (out)
                                              9.665248   data arrival time

                      0.000000    0.000000    0.000000   clock __VIRTUAL_CLK__ (rise edge)
                                  0.000000    0.000000   clock network delay (ideal)
                                  0.250000    0.250000   clock uncertainty
                                  0.000000    0.250000   clock reconvergence pessimism
                                 -8.000000   -7.750000   output external delay
                                             -7.750000   data required time
---------------------------------------------------------------------------------------------
                                             -7.750000   data required time
                                             -9.665248   data arrival time
---------------------------------------------------------------------------------------------
                                             17.415247   slack (MET)


Startpoint: operand_b[5] (input port clocked by __VIRTUAL_CLK__)
Endpoint: result[20] (output port clocked by __VIRTUAL_CLK__)
Path Group: __VIRTUAL_CLK__
Path Type: min

Fanout         Cap        Slew       Delay        Time   Description
---------------------------------------------------------------------------------------------
                      0.000000    0.000000    0.000000   clock __VIRTUAL_CLK__ (rise edge)
                                  0.000000    0.000000   clock network delay (ideal)
                                  8.000000    8.000000 v input external delay
     1    0.004020    0.011460    0.006178    8.006178 v operand_b[5] (in)
                                                         operand_b[5] (net)
                      0.011465    0.000000    8.006178 v input125/A (sky130_fd_sc_hd__clkdlybuf4s25_1)
     2    0.026293    0.198793    0.340108    8.346286 v input125/X (sky130_fd_sc_hd__clkdlybuf4s25_1)
                                                         net125 (net)
                      0.198794    0.000861    8.347146 v fanout622/A (sky130_fd_sc_hd__clkdlybuf4s25_1)
     4    0.023238    0.176781    0.395158    8.742304 v fanout622/X (sky130_fd_sc_hd__clkdlybuf4s25_1)
                                                         net622 (net)
                      0.176783    0.000853    8.743156 v _4295_/A1 (sky130_fd_sc_hd__o21ai_2)
     1    0.009840    0.074468    0.212356    8.955513 ^ _4295_/Y (sky130_fd_sc_hd__o21ai_2)
                                                         _0273_ (net)
                      0.074497    0.000522    8.956036 ^ _4296_/C1 (sky130_fd_sc_hd__a221o_2)
     1    0.003688    0.033801    0.103338    9.059373 ^ _4296_/X (sky130_fd_sc_hd__a221o_2)
                                                         _0274_ (net)
                      0.033802    0.000104    9.059477 ^ _4297_/B1 (sky130_fd_sc_hd__a21o_2)
     2    0.020411    0.106640    0.129622    9.189098 ^ _4297_/X (sky130_fd_sc_hd__a21o_2)
                                                         net149 (net)
                      0.106640    0.000293    9.189392 ^ output149/A (sky130_fd_sc_hd__clkdlybuf4s25_1)
     1    0.038411    0.387068    0.482935    9.672327 ^ output149/X (sky130_fd_sc_hd__clkdlybuf4s25_1)
                                                         result[20] (net)
                      0.387069    0.001485    9.673812 ^ result[20] (out)
                                              9.673812   data arrival time

                      0.000000    0.000000    0.000000   clock __VIRTUAL_CLK__ (rise edge)
                                  0.000000    0.000000   clock network delay (ideal)
                                  0.250000    0.250000   clock uncertainty
                                  0.000000    0.250000   clock reconvergence pessimism
                                 -8.000000   -7.750000   output external delay
                                             -7.750000   data required time
---------------------------------------------------------------------------------------------
                                             -7.750000   data required time
                                             -9.673812   data arrival time
---------------------------------------------------------------------------------------------
                                             17.423813   slack (MET)


Startpoint: operand_b[35] (input port clocked by __VIRTUAL_CLK__)
Endpoint: result[35] (output port clocked by __VIRTUAL_CLK__)
Path Group: __VIRTUAL_CLK__
Path Type: min

Fanout         Cap        Slew       Delay        Time   Description
---------------------------------------------------------------------------------------------
                      0.000000    0.000000    0.000000   clock __VIRTUAL_CLK__ (rise edge)
                                  0.000000    0.000000   clock network delay (ideal)
                                  8.000000    8.000000 v input external delay
     1    0.005403    0.014502    0.008359    8.008359 v operand_b[35] (in)
                                                         operand_b[35] (net)
                      0.014505    0.000000    8.008359 v input98/A (sky130_fd_sc_hd__clkdlybuf4s25_1)
     9    0.035195    0.262052    0.385912    8.394270 v input98/X (sky130_fd_sc_hd__clkdlybuf4s25_1)
                                                         net98 (net)
                      0.262052    0.000699    8.394969 v _4894_/A_N (sky130_fd_sc_hd__and2b_2)
     3    0.013754    0.082177    0.319528    8.714498 ^ _4894_/X (sky130_fd_sc_hd__and2b_2)
                                                         _0857_ (net)
                      0.082178    0.000380    8.714878 ^ _4896_/A (sky130_fd_sc_hd__nor2_2)
     6    0.024931    0.066322    0.080746    8.795624 v _4896_/Y (sky130_fd_sc_hd__nor2_2)
                                                         _0859_ (net)
                      0.066361    0.001235    8.796860 v _4902_/A1 (sky130_fd_sc_hd__o21ai_2)
     1    0.017080    0.114438    0.223894    9.020753 ^ _4902_/Y (sky130_fd_sc_hd__o21ai_2)
                                                         _0865_ (net)
                      0.114443    0.000555    9.021308 ^ _4952_/A2 (sky130_fd_sc_hd__a221o_2)
     2    0.013153    0.076619    0.191505    9.212814 ^ _4952_/X (sky130_fd_sc_hd__a221o_2)
                                                         net165 (net)
                      0.076620    0.000460    9.213274 ^ output165/A (sky130_fd_sc_hd__clkdlybuf4s25_1)
     1    0.037548    0.378169    0.467566    9.680840 ^ output165/X (sky130_fd_sc_hd__clkdlybuf4s25_1)
                                                         result[35] (net)
                      0.378169    0.001322    9.682161 ^ result[35] (out)
                                              9.682161   data arrival time

                      0.000000    0.000000    0.000000   clock __VIRTUAL_CLK__ (rise edge)
                                  0.000000    0.000000   clock network delay (ideal)
                                  0.250000    0.250000   clock uncertainty
                                  0.000000    0.250000   clock reconvergence pessimism
                                 -8.000000   -7.750000   output external delay
                                             -7.750000   data required time
---------------------------------------------------------------------------------------------
                                             -7.750000   data required time
                                             -9.682161   data arrival time
---------------------------------------------------------------------------------------------
                                             17.432161   slack (MET)


Startpoint: operand_b[42] (input port clocked by __VIRTUAL_CLK__)
Endpoint: result[43] (output port clocked by __VIRTUAL_CLK__)
Path Group: __VIRTUAL_CLK__
Path Type: min

Fanout         Cap        Slew       Delay        Time   Description
---------------------------------------------------------------------------------------------
                      0.000000    0.000000    0.000000   clock __VIRTUAL_CLK__ (rise edge)
                                  0.000000    0.000000   clock network delay (ideal)
                                  8.000000    8.000000 ^ input external delay
     1    0.005856    0.033046    0.019620    8.019620 ^ operand_b[42] (in)
                                                         operand_b[42] (net)
                      0.033047    0.000000    8.019620 ^ input106/A (sky130_fd_sc_hd__clkdlybuf4s25_1)
     1    0.007544    0.087995    0.258499    8.278119 ^ input106/X (sky130_fd_sc_hd__clkdlybuf4s25_1)
                                                         net106 (net)
                      0.087995    0.000290    8.278408 ^ fanout674/A (sky130_fd_sc_hd__clkdlybuf4s25_1)
     9    0.039274    0.395382    0.481685    8.760094 ^ fanout674/X (sky130_fd_sc_hd__clkdlybuf4s25_1)
                                                         net674 (net)
                      0.395403    0.003089    8.763183 ^ _5235_/A1 (sky130_fd_sc_hd__o21a_2)
     1    0.009267    0.059809    0.214102    8.977284 ^ _5235_/X (sky130_fd_sc_hd__o21a_2)
                                                         _1211_ (net)
                      0.059809    0.000278    8.977562 ^ _5236_/B (sky130_fd_sc_hd__xnor2_2)
     1    0.004429    0.040904    0.098308    9.075871 ^ _5236_/Y (sky130_fd_sc_hd__xnor2_2)
                                                         _1213_ (net)
                      0.040904    0.000136    9.076006 ^ _5265_/A2 (sky130_fd_sc_hd__a211o_2)
     2    0.015618    0.080218    0.152769    9.228775 ^ _5265_/X (sky130_fd_sc_hd__a211o_2)
                                                         net174 (net)
                      0.080222    0.000653    9.229428 ^ output174/A (sky130_fd_sc_hd__clkdlybuf4s25_1)
     1    0.036514    0.368085    0.462256    9.691684 ^ output174/X (sky130_fd_sc_hd__clkdlybuf4s25_1)
                                                         result[43] (net)
                      0.368085    0.001007    9.692692 ^ result[43] (out)
                                              9.692692   data arrival time

                      0.000000    0.000000    0.000000   clock __VIRTUAL_CLK__ (rise edge)
                                  0.000000    0.000000   clock network delay (ideal)
                                  0.250000    0.250000   clock uncertainty
                                  0.000000    0.250000   clock reconvergence pessimism
                                 -8.000000   -7.750000   output external delay
                                             -7.750000   data required time
---------------------------------------------------------------------------------------------
                                             -7.750000   data required time
                                             -9.692692   data arrival time
---------------------------------------------------------------------------------------------
                                             17.442692   slack (MET)


Startpoint: operand_a[1] (input port clocked by __VIRTUAL_CLK__)
Endpoint: result[7] (output port clocked by __VIRTUAL_CLK__)
Path Group: __VIRTUAL_CLK__
Path Type: min

Fanout         Cap        Slew       Delay        Time   Description
---------------------------------------------------------------------------------------------
                      0.000000    0.000000    0.000000   clock __VIRTUAL_CLK__ (rise edge)
                                  0.000000    0.000000   clock network delay (ideal)
                                  8.000000    8.000000 ^ input external delay
     1    0.007842    0.041836    0.025795    8.025795 ^ operand_a[1] (in)
                                                         operand_a[1] (net)
                      0.041839    0.000000    8.025795 ^ input17/A (sky130_fd_sc_hd__clkdlybuf4s25_1)
     4    0.022893    0.235428    0.361274    8.387069 ^ input17/X (sky130_fd_sc_hd__clkdlybuf4s25_1)
                                                         net17 (net)
                      0.235428    0.000894    8.387962 ^ _3465_/A2 (sky130_fd_sc_hd__a31o_2)
     2    0.012534    0.086604    0.222430    8.610393 ^ _3465_/X (sky130_fd_sc_hd__a31o_2)
                                                         _2677_ (net)
                      0.086604    0.000353    8.610745 ^ _3666_/B (sky130_fd_sc_hd__or3_2)
     2    0.014662    0.080780    0.149858    8.760603 ^ _3666_/X (sky130_fd_sc_hd__or3_2)
                                                         _2874_ (net)
                      0.080782    0.000520    8.761124 ^ _3675_/A1 (sky130_fd_sc_hd__a31o_2)
     1    0.016648    0.101558    0.192698    8.953822 ^ _3675_/X (sky130_fd_sc_hd__a31o_2)
                                                         _2883_ (net)
                      0.101562    0.000743    8.954565 ^ _3676_/B (sky130_fd_sc_hd__xor2_2)
     1    0.007938    0.122293    0.162100    9.116665 ^ _3676_/X (sky130_fd_sc_hd__xor2_2)
                                                         _2884_ (net)
                      0.122293    0.000292    9.116958 ^ _3721_/A2 (sky130_fd_sc_hd__a221oi_2)
     2    0.012561    0.042669    0.101325    9.218283 v _3721_/Y (sky130_fd_sc_hd__a221oi_2)
                                                         _2929_ (net)
                      0.042670    0.000324    9.218607 v _3722_/A (sky130_fd_sc_hd__inv_2)
     1    0.003257    0.024157    0.038733    9.257340 ^ _3722_/Y (sky130_fd_sc_hd__inv_2)
                                                         net198 (net)
                      0.024160    0.000094    9.257434 ^ output198/A (sky130_fd_sc_hd__clkdlybuf4s25_1)
     1    0.035331    0.356926    0.436226    9.693661 ^ output198/X (sky130_fd_sc_hd__clkdlybuf4s25_1)
                                                         result[7] (net)
                      0.356926    0.000678    9.694338 ^ result[7] (out)
                                              9.694338   data arrival time

                      0.000000    0.000000    0.000000   clock __VIRTUAL_CLK__ (rise edge)
                                  0.000000    0.000000   clock network delay (ideal)
                                  0.250000    0.250000   clock uncertainty
                                  0.000000    0.250000   clock reconvergence pessimism
                                 -8.000000   -7.750000   output external delay
                                             -7.750000   data required time
---------------------------------------------------------------------------------------------
                                             -7.750000   data required time
                                             -9.694338   data arrival time
---------------------------------------------------------------------------------------------
                                             17.444338   slack (MET)


Startpoint: operand_b[5] (input port clocked by __VIRTUAL_CLK__)
Endpoint: result[26] (output port clocked by __VIRTUAL_CLK__)
Path Group: __VIRTUAL_CLK__
Path Type: min

Fanout         Cap        Slew       Delay        Time   Description
---------------------------------------------------------------------------------------------
                      0.000000    0.000000    0.000000   clock __VIRTUAL_CLK__ (rise edge)
                                  0.000000    0.000000   clock network delay (ideal)
                                  8.000000    8.000000 v input external delay
     1    0.004020    0.011460    0.006178    8.006178 v operand_b[5] (in)
                                                         operand_b[5] (net)
                      0.011465    0.000000    8.006178 v input125/A (sky130_fd_sc_hd__clkdlybuf4s25_1)
     2    0.026293    0.198793    0.340108    8.346286 v input125/X (sky130_fd_sc_hd__clkdlybuf4s25_1)
                                                         net125 (net)
                      0.198798    0.001223    8.347508 v fanout617/A (sky130_fd_sc_hd__clkdlybuf4s25_1)
     3    0.016460    0.130829    0.360537    8.708046 v fanout617/X (sky130_fd_sc_hd__clkdlybuf4s25_1)
                                                         net617 (net)
                      0.130831    0.000687    8.708733 v _4568_/A1 (sky130_fd_sc_hd__o221a_2)
     1    0.005995    0.035023    0.309729    9.018462 v _4568_/X (sky130_fd_sc_hd__o221a_2)
                                                         _0540_ (net)
                      0.035023    0.000194    9.018656 v _4569_/B1 (sky130_fd_sc_hd__o21ai_2)
     1    0.003598    0.041346    0.044421    9.063077 ^ _4569_/Y (sky130_fd_sc_hd__o21ai_2)
                                                         _0541_ (net)
                      0.041346    0.000106    9.063183 ^ _4570_/B1 (sky130_fd_sc_hd__a21o_2)
     2    0.007505    0.046518    0.090397    9.153580 ^ _4570_/X (sky130_fd_sc_hd__a21o_2)
                                                         _0542_ (net)
                      0.046518    0.000173    9.153752 ^ _4571_/B1 (sky130_fd_sc_hd__a21o_2)
     1    0.008402    0.050593    0.095114    9.248867 ^ _4571_/X (sky130_fd_sc_hd__a21o_2)
                                                         net155 (net)
                      0.050595    0.000332    9.249199 ^ output155/A (sky130_fd_sc_hd__clkdlybuf4s25_1)
     1    0.037482    0.377252    0.458595    9.707794 ^ output155/X (sky130_fd_sc_hd__clkdlybuf4s25_1)
                                                         result[26] (net)
                      0.377252    0.001292    9.709086 ^ result[26] (out)
                                              9.709086   data arrival time

                      0.000000    0.000000    0.000000   clock __VIRTUAL_CLK__ (rise edge)
                                  0.000000    0.000000   clock network delay (ideal)
                                  0.250000    0.250000   clock uncertainty
                                  0.000000    0.250000   clock reconvergence pessimism
                                 -8.000000   -7.750000   output external delay
                                             -7.750000   data required time
---------------------------------------------------------------------------------------------
                                             -7.750000   data required time
                                             -9.709086   data arrival time
---------------------------------------------------------------------------------------------
                                             17.459087   slack (MET)


Startpoint: operand_b[47] (input port clocked by __VIRTUAL_CLK__)
Endpoint: result[49] (output port clocked by __VIRTUAL_CLK__)
Path Group: __VIRTUAL_CLK__
Path Type: min

Fanout         Cap        Slew       Delay        Time   Description
---------------------------------------------------------------------------------------------
                      0.000000    0.000000    0.000000   clock __VIRTUAL_CLK__ (rise edge)
                                  0.000000    0.000000   clock network delay (ideal)
                                  8.000000    8.000000 ^ input external delay
     1    0.004855    0.028664    0.016528    8.016528 ^ operand_b[47] (in)
                                                         operand_b[47] (net)
                      0.028665    0.000000    8.016528 ^ input111/A (sky130_fd_sc_hd__clkdlybuf4s25_1)
     3    0.014369    0.153275    0.301549    8.318077 ^ input111/X (sky130_fd_sc_hd__clkdlybuf4s25_1)
                                                         net111 (net)
                      0.153275    0.000559    8.318636 ^ _5409_/A (sky130_fd_sc_hd__nor2_2)
     1    0.002070    0.022242    0.049727    8.368363 v _5409_/Y (sky130_fd_sc_hd__nor2_2)
                                                         _1398_ (net)
                      0.022242    0.000056    8.368419 v _5410_/A2_N (sky130_fd_sc_hd__a2bb2o_2)
     3    0.014520    0.083643    0.240311    8.608730 ^ _5410_/X (sky130_fd_sc_hd__a2bb2o_2)
                                                         _1399_ (net)
                      0.083644    0.000468    8.609198 ^ _5411_/B1 (sky130_fd_sc_hd__a31o_2)
     4    0.022292    0.131736    0.170661    8.779859 ^ _5411_/X (sky130_fd_sc_hd__a31o_2)
                                                         _1400_ (net)
                      0.131736    0.000304    8.780163 ^ _5472_/A2 (sky130_fd_sc_hd__o21a_2)
     1    0.008772    0.057609    0.144969    8.925132 ^ _5472_/X (sky130_fd_sc_hd__o21a_2)
                                                         _1466_ (net)
                      0.057609    0.000242    8.925374 ^ _5473_/B (sky130_fd_sc_hd__xnor2_2)
     1    0.011334    0.062168    0.077371    9.002745 v _5473_/Y (sky130_fd_sc_hd__xnor2_2)
                                                         _1467_ (net)
                      0.062199    0.000479    9.003223 v _5488_/A2 (sky130_fd_sc_hd__o21ai_2)
     1    0.003821    0.045634    0.107349    9.110572 ^ _5488_/Y (sky130_fd_sc_hd__o21ai_2)
                                                         _1484_ (net)
                      0.045635    0.000122    9.110694 ^ _5489_/C1 (sky130_fd_sc_hd__a221o_2)
     2    0.017729    0.098567    0.143581    9.254275 ^ _5489_/X (sky130_fd_sc_hd__a221o_2)
                                                         net180 (net)
                      0.098570    0.000644    9.254919 ^ output180/A (sky130_fd_sc_hd__clkdlybuf4s25_1)
     1    0.037915    0.382065    0.477218    9.732137 ^ output180/X (sky130_fd_sc_hd__clkdlybuf4s25_1)
                                                         result[49] (net)
                      0.382065    0.001263    9.733400 ^ result[49] (out)
                                              9.733400   data arrival time

                      0.000000    0.000000    0.000000   clock __VIRTUAL_CLK__ (rise edge)
                                  0.000000    0.000000   clock network delay (ideal)
                                  0.250000    0.250000   clock uncertainty
                                  0.000000    0.250000   clock reconvergence pessimism
                                 -8.000000   -7.750000   output external delay
                                             -7.750000   data required time
---------------------------------------------------------------------------------------------
                                             -7.750000   data required time
                                             -9.733400   data arrival time
---------------------------------------------------------------------------------------------
                                             17.483400   slack (MET)


Startpoint: operand_b[55] (input port clocked by __VIRTUAL_CLK__)
Endpoint: result[58] (output port clocked by __VIRTUAL_CLK__)
Path Group: __VIRTUAL_CLK__
Path Type: min

Fanout         Cap        Slew       Delay        Time   Description
---------------------------------------------------------------------------------------------
                      0.000000    0.000000    0.000000   clock __VIRTUAL_CLK__ (rise edge)
                                  0.000000    0.000000   clock network delay (ideal)
                                  8.000000    8.000000 ^ input external delay
     1    0.008071    0.042850    0.026501    8.026501 ^ operand_b[55] (in)
                                                         operand_b[55] (net)
                      0.042854    0.000000    8.026501 ^ input120/A (sky130_fd_sc_hd__clkdlybuf4s25_1)
     3    0.015371    0.162921    0.312673    8.339174 ^ input120/X (sky130_fd_sc_hd__clkdlybuf4s25_1)
                                                         net120 (net)
                      0.162921    0.000655    8.339828 ^ _5709_/C1 (sky130_fd_sc_hd__a211o_2)
     6    0.026662    0.130255    0.191554    8.531383 ^ _5709_/X (sky130_fd_sc_hd__a211o_2)
                                                         _1720_ (net)
                      0.130255    0.000500    8.531883 ^ _5722_/A1 (sky130_fd_sc_hd__a21o_2)
     2    0.007632    0.047849    0.145361    8.677244 ^ _5722_/X (sky130_fd_sc_hd__a21o_2)
                                                         _1734_ (net)
                      0.047849    0.000142    8.677386 ^ _5761_/A1 (sky130_fd_sc_hd__a21oi_2)
     4    0.014671    0.048700    0.069739    8.747125 v _5761_/Y (sky130_fd_sc_hd__a21oi_2)
                                                         _1776_ (net)
                      0.048725    0.000423    8.747548 v _5788_/A2 (sky130_fd_sc_hd__a31oi_2)
     1    0.002933    0.073328    0.142169    8.889717 ^ _5788_/Y (sky130_fd_sc_hd__a31oi_2)
                                                         _1805_ (net)
                      0.073328    0.000113    8.889830 ^ _5790_/A (sky130_fd_sc_hd__or2_2)
     1    0.004581    0.036937    0.107846    8.997676 ^ _5790_/X (sky130_fd_sc_hd__or2_2)
                                                         _1807_ (net)
                      0.036937    0.000146    8.997822 ^ _5807_/A2 (sky130_fd_sc_hd__a21bo_2)
     1    0.002523    0.028961    0.105222    9.103043 ^ _5807_/X (sky130_fd_sc_hd__a21bo_2)
                                                         _1826_ (net)
                      0.028961    0.000047    9.103090 ^ _5808_/A (sky130_fd_sc_hd__buf_1)
     2    0.012924    0.157957    0.147234    9.250324 ^ _5808_/X (sky130_fd_sc_hd__buf_1)
                                                         net190 (net)
                      0.157959    0.000502    9.250826 ^ output190/A (sky130_fd_sc_hd__clkdlybuf4s25_1)
     1    0.036300    0.366473    0.482824    9.733650 ^ output190/X (sky130_fd_sc_hd__clkdlybuf4s25_1)
                                                         result[58] (net)
                      0.366473    0.001041    9.734692 ^ result[58] (out)
                                              9.734692   data arrival time

                      0.000000    0.000000    0.000000   clock __VIRTUAL_CLK__ (rise edge)
                                  0.000000    0.000000   clock network delay (ideal)
                                  0.250000    0.250000   clock uncertainty
                                  0.000000    0.250000   clock reconvergence pessimism
                                 -8.000000   -7.750000   output external delay
                                             -7.750000   data required time
---------------------------------------------------------------------------------------------
                                             -7.750000   data required time
                                             -9.734692   data arrival time
---------------------------------------------------------------------------------------------
                                             17.484692   slack (MET)


Startpoint: operand_b[6] (input port clocked by __VIRTUAL_CLK__)
Endpoint: result[10] (output port clocked by __VIRTUAL_CLK__)
Path Group: __VIRTUAL_CLK__
Path Type: min

Fanout         Cap        Slew       Delay        Time   Description
---------------------------------------------------------------------------------------------
                      0.000000    0.000000    0.000000   clock __VIRTUAL_CLK__ (rise edge)
                                  0.000000    0.000000   clock network delay (ideal)
                                  8.000000    8.000000 v input external delay
     1    0.004876    0.013363    0.007525    8.007524 v operand_b[6] (in)
                                                         operand_b[6] (net)
                      0.013364    0.000000    8.007524 v input130/A (sky130_fd_sc_hd__clkdlybuf4s25_1)
     4    0.021819    0.167677    0.318596    8.326120 v input130/X (sky130_fd_sc_hd__clkdlybuf4s25_1)
                                                         net130 (net)
                      0.167678    0.000552    8.326672 v _3678_/B1 (sky130_fd_sc_hd__a21oi_2)
     2    0.009390    0.139781    0.183393    8.510065 ^ _3678_/Y (sky130_fd_sc_hd__a21oi_2)
                                                         _2886_ (net)
                      0.139781    0.000298    8.510364 ^ _3818_/B (sky130_fd_sc_hd__or3_2)
     1    0.016263    0.088495    0.172428    8.682792 ^ _3818_/X (sky130_fd_sc_hd__or3_2)
                                                         _3023_ (net)
                      0.088498    0.000642    8.683434 ^ _3819_/B2 (sky130_fd_sc_hd__o22a_2)
     2    0.011907    0.071725    0.155612    8.839046 ^ _3819_/X (sky130_fd_sc_hd__o22a_2)
                                                         _3024_ (net)
                      0.071727    0.000452    8.839499 ^ _3820_/B (sky130_fd_sc_hd__nand2_2)
     2    0.020991    0.089669    0.096811    8.936310 v _3820_/Y (sky130_fd_sc_hd__nand2_2)
                                                         _3025_ (net)
                      0.089673    0.000448    8.936757 v _3821_/B (sky130_fd_sc_hd__xor2_2)
     3    0.020119    0.253367    0.251289    9.188046 ^ _3821_/X (sky130_fd_sc_hd__xor2_2)
                                                         _3026_ (net)
                      0.253369    0.000569    9.188616 ^ _3854_/A2 (sky130_fd_sc_hd__o221ai_2)
     2    0.006758    0.077732    0.132847    9.321462 v _3854_/Y (sky130_fd_sc_hd__o221ai_2)
                                                         net138 (net)
                      0.077732    0.000203    9.321666 v output138/A (sky130_fd_sc_hd__clkdlybuf4s25_1)
     1    0.035598    0.264558    0.413813    9.735478 v output138/X (sky130_fd_sc_hd__clkdlybuf4s25_1)
                                                         result[10] (net)
                      0.264558    0.000655    9.736133 v result[10] (out)
                                              9.736133   data arrival time

                      0.000000    0.000000    0.000000   clock __VIRTUAL_CLK__ (rise edge)
                                  0.000000    0.000000   clock network delay (ideal)
                                  0.250000    0.250000   clock uncertainty
                                  0.000000    0.250000   clock reconvergence pessimism
                                 -8.000000   -7.750000   output external delay
                                             -7.750000   data required time
---------------------------------------------------------------------------------------------
                                             -7.750000   data required time
                                             -9.736133   data arrival time
---------------------------------------------------------------------------------------------
                                             17.486134   slack (MET)


Startpoint: operand_b[53] (input port clocked by __VIRTUAL_CLK__)
Endpoint: result[54] (output port clocked by __VIRTUAL_CLK__)
Path Group: __VIRTUAL_CLK__
Path Type: min

Fanout         Cap        Slew       Delay        Time   Description
---------------------------------------------------------------------------------------------
                      0.000000    0.000000    0.000000   clock __VIRTUAL_CLK__ (rise edge)
                                  0.000000    0.000000   clock network delay (ideal)
                                  8.000000    8.000000 ^ input external delay
     1    0.004697    0.027975    0.016056    8.016056 ^ operand_b[53] (in)
                                                         operand_b[53] (net)
                      0.027975    0.000000    8.016056 ^ input118/A (sky130_fd_sc_hd__clkdlybuf4s25_1)
     6    0.037016    0.373356    0.448098    8.464155 ^ input118/X (sky130_fd_sc_hd__clkdlybuf4s25_1)
                                                         net118 (net)
                      0.373357    0.001362    8.465516 ^ _5637_/B (sky130_fd_sc_hd__or2_2)
     2    0.012036    0.075208    0.204034    8.669551 ^ _5637_/X (sky130_fd_sc_hd__or2_2)
                                                         _1643_ (net)
                      0.075211    0.000554    8.670105 ^ _5638_/B1 (sky130_fd_sc_hd__o31a_2)
     2    0.006098    0.048221    0.140873    8.810978 ^ _5638_/X (sky130_fd_sc_hd__o31a_2)
                                                         _1644_ (net)
                      0.048221    0.000143    8.811121 ^ _5639_/C (sky130_fd_sc_hd__and3_2)
     1    0.012634    0.085162    0.202784    9.013906 ^ _5639_/X (sky130_fd_sc_hd__and3_2)
                                                         _1645_ (net)
                      0.085164    0.000515    9.014421 ^ _5640_/B (sky130_fd_sc_hd__xnor2_2)
     1    0.004924    0.043393    0.106960    9.121381 ^ _5640_/Y (sky130_fd_sc_hd__xnor2_2)
                                                         _1646_ (net)
                      0.043393    0.000167    9.121548 ^ _5669_/A2 (sky130_fd_sc_hd__a221o_2)
     2    0.014236    0.081690    0.174828    9.296375 ^ _5669_/X (sky130_fd_sc_hd__a221o_2)
                                                         net186 (net)
                      0.081692    0.000539    9.296915 ^ output186/A (sky130_fd_sc_hd__clkdlybuf4s25_1)
     1    0.038835    0.390763    0.477668    9.774582 ^ output186/X (sky130_fd_sc_hd__clkdlybuf4s25_1)
                                                         result[54] (net)
                      0.390763    0.001256    9.775838 ^ result[54] (out)
                                              9.775838   data arrival time

                      0.000000    0.000000    0.000000   clock __VIRTUAL_CLK__ (rise edge)
                                  0.000000    0.000000   clock network delay (ideal)
                                  0.250000    0.250000   clock uncertainty
                                  0.000000    0.250000   clock reconvergence pessimism
                                 -8.000000   -7.750000   output external delay
                                             -7.750000   data required time
---------------------------------------------------------------------------------------------
                                             -7.750000   data required time
                                             -9.775838   data arrival time
---------------------------------------------------------------------------------------------
                                             17.525839   slack (MET)


Startpoint: operand_b[55] (input port clocked by __VIRTUAL_CLK__)
Endpoint: result[60] (output port clocked by __VIRTUAL_CLK__)
Path Group: __VIRTUAL_CLK__
Path Type: min

Fanout         Cap        Slew       Delay        Time   Description
---------------------------------------------------------------------------------------------
                      0.000000    0.000000    0.000000   clock __VIRTUAL_CLK__ (rise edge)
                                  0.000000    0.000000   clock network delay (ideal)
                                  8.000000    8.000000 ^ input external delay
     1    0.008071    0.042850    0.026501    8.026501 ^ operand_b[55] (in)
                                                         operand_b[55] (net)
                      0.042854    0.000000    8.026501 ^ input120/A (sky130_fd_sc_hd__clkdlybuf4s25_1)
     3    0.015371    0.162921    0.312673    8.339174 ^ input120/X (sky130_fd_sc_hd__clkdlybuf4s25_1)
                                                         net120 (net)
                      0.162921    0.000655    8.339828 ^ _5709_/C1 (sky130_fd_sc_hd__a211o_2)
     6    0.026662    0.130255    0.191554    8.531383 ^ _5709_/X (sky130_fd_sc_hd__a211o_2)
                                                         _1720_ (net)
                      0.130255    0.000500    8.531883 ^ _5722_/A1 (sky130_fd_sc_hd__a21o_2)
     2    0.007632    0.047849    0.145361    8.677244 ^ _5722_/X (sky130_fd_sc_hd__a21o_2)
                                                         _1734_ (net)
                      0.047849    0.000142    8.677386 ^ _5761_/A1 (sky130_fd_sc_hd__a21oi_2)
     4    0.014671    0.048700    0.069739    8.747125 v _5761_/Y (sky130_fd_sc_hd__a21oi_2)
                                                         _1776_ (net)
                      0.048727    0.000492    8.747617 v _5789_/C1 (sky130_fd_sc_hd__o2111a_2)
     3    0.013325    0.051787    0.163703    8.911320 v _5789_/X (sky130_fd_sc_hd__o2111a_2)
                                                         _1806_ (net)
                      0.051791    0.000459    8.911779 v _5825_/A (sky130_fd_sc_hd__nand3_2)
     4    0.019114    0.107751    0.104401    9.016180 ^ _5825_/Y (sky130_fd_sc_hd__nand3_2)
                                                         _1844_ (net)
                      0.107755    0.000519    9.016699 ^ _5853_/B (sky130_fd_sc_hd__nor2_2)
     1    0.011934    0.044234    0.061093    9.077792 v _5853_/Y (sky130_fd_sc_hd__nor2_2)
                                                         _1873_ (net)
                      0.044260    0.000471    9.078263 v _5854_/B (sky130_fd_sc_hd__xnor2_2)
     1    0.002909    0.035358    0.102816    9.181078 ^ _5854_/Y (sky130_fd_sc_hd__xnor2_2)
                                                         _1874_ (net)
                      0.035358    0.000078    9.181156 ^ _5871_/A2 (sky130_fd_sc_hd__a211o_2)
     2    0.009971    0.055760    0.132466    9.313623 ^ _5871_/X (sky130_fd_sc_hd__a211o_2)
                                                         net193 (net)
                      0.055763    0.000455    9.314077 ^ output193/A (sky130_fd_sc_hd__clkdlybuf4s25_1)
     1    0.037539    0.377851    0.460380    9.774458 ^ output193/X (sky130_fd_sc_hd__clkdlybuf4s25_1)
                                                         result[60] (net)
                      0.377854    0.001737    9.776196 ^ result[60] (out)
                                              9.776196   data arrival time

                      0.000000    0.000000    0.000000   clock __VIRTUAL_CLK__ (rise edge)
                                  0.000000    0.000000   clock network delay (ideal)
                                  0.250000    0.250000   clock uncertainty
                                  0.000000    0.250000   clock reconvergence pessimism
                                 -8.000000   -7.750000   output external delay
                                             -7.750000   data required time
---------------------------------------------------------------------------------------------
                                             -7.750000   data required time
                                             -9.776196   data arrival time
---------------------------------------------------------------------------------------------
                                             17.526194   slack (MET)


Startpoint: operand_b[27] (input port clocked by __VIRTUAL_CLK__)
Endpoint: result[32] (output port clocked by __VIRTUAL_CLK__)
Path Group: __VIRTUAL_CLK__
Path Type: min

Fanout         Cap        Slew       Delay        Time   Description
---------------------------------------------------------------------------------------------
                      0.000000    0.000000    0.000000   clock __VIRTUAL_CLK__ (rise edge)
                                  0.000000    0.000000   clock network delay (ideal)
                                  8.000000    8.000000 ^ input external delay
     1    0.004099    0.025377    0.014139    8.014139 ^ operand_b[27] (in)
                                                         operand_b[27] (net)
                      0.025377    0.000000    8.014139 ^ input89/A (sky130_fd_sc_hd__clkdlybuf4s25_1)
     4    0.018156    0.189849    0.325063    8.339202 ^ input89/X (sky130_fd_sc_hd__clkdlybuf4s25_1)
                                                         net89 (net)
                      0.189849    0.000719    8.339921 ^ _4626_/A2 (sky130_fd_sc_hd__a22o_2)
     3    0.013768    0.082525    0.205198    8.545118 ^ _4626_/X (sky130_fd_sc_hd__a22o_2)
                                                         _0596_ (net)
                      0.082531    0.000727    8.545846 ^ _4773_/A1_N (sky130_fd_sc_hd__o2bb2a_2)
     3    0.014893    0.060580    0.236333    8.782179 v _4773_/X (sky130_fd_sc_hd__o2bb2a_2)
                                                         _0739_ (net)
                      0.060585    0.000601    8.782780 v _4776_/A (sky130_fd_sc_hd__and2_2)
     4    0.021700    0.074518    0.209141    8.991921 v _4776_/X (sky130_fd_sc_hd__and2_2)
                                                         _0742_ (net)
                      0.074522    0.000593    8.992515 v _4777_/B (sky130_fd_sc_hd__xnor2_2)
     1    0.007567    0.055073    0.151467    9.143982 ^ _4777_/Y (sky130_fd_sc_hd__xnor2_2)
                                                         _0743_ (net)
                      0.055074    0.000297    9.144279 ^ _4812_/A2 (sky130_fd_sc_hd__a221o_2)
     2    0.013910    0.080112    0.177026    9.321304 ^ _4812_/X (sky130_fd_sc_hd__a221o_2)
                                                         net162 (net)
                      0.080116    0.000630    9.321934 ^ output162/A (sky130_fd_sc_hd__clkdlybuf4s25_1)
     1    0.037607    0.378799    0.469081    9.791015 ^ output162/X (sky130_fd_sc_hd__clkdlybuf4s25_1)
                                                         result[32] (net)
                      0.378800    0.001348    9.792363 ^ result[32] (out)
                                              9.792363   data arrival time

                      0.000000    0.000000    0.000000   clock __VIRTUAL_CLK__ (rise edge)
                                  0.000000    0.000000   clock network delay (ideal)
                                  0.250000    0.250000   clock uncertainty
                                  0.000000    0.250000   clock reconvergence pessimism
                                 -8.000000   -7.750000   output external delay
                                             -7.750000   data required time
---------------------------------------------------------------------------------------------
                                             -7.750000   data required time
                                             -9.792363   data arrival time
---------------------------------------------------------------------------------------------
                                             17.542362   slack (MET)


Startpoint: operand_b[36] (input port clocked by __VIRTUAL_CLK__)
Endpoint: result[39] (output port clocked by __VIRTUAL_CLK__)
Path Group: __VIRTUAL_CLK__
Path Type: min

Fanout         Cap        Slew       Delay        Time   Description
---------------------------------------------------------------------------------------------
                      0.000000    0.000000    0.000000   clock __VIRTUAL_CLK__ (rise edge)
                                  0.000000    0.000000   clock network delay (ideal)
                                  8.000000    8.000000 ^ input external delay
     1    0.004306    0.026277    0.014830    8.014830 ^ operand_b[36] (in)
                                                         operand_b[36] (net)
                      0.026278    0.000000    8.014830 ^ input99/A (sky130_fd_sc_hd__clkdlybuf4s25_1)
     3    0.016363    0.172522    0.313727    8.328557 ^ input99/X (sky130_fd_sc_hd__clkdlybuf4s25_1)
                                                         net99 (net)
                      0.172522    0.000494    8.329051 ^ _5040_/A2 (sky130_fd_sc_hd__a22o_2)
     1    0.007385    0.053671    0.177493    8.506543 ^ _5040_/X (sky130_fd_sc_hd__a22o_2)
                                                         _1002_ (net)
                      0.053671    0.000272    8.506815 ^ _5041_/B1 (sky130_fd_sc_hd__o21ai_2)
     4    0.021248    0.091057    0.091673    8.598489 v _5041_/Y (sky130_fd_sc_hd__o21ai_2)
                                                         _1003_ (net)
                      0.091061    0.000485    8.598973 v _5080_/B1 (sky130_fd_sc_hd__o21a_2)
     1    0.005254    0.030269    0.131492    8.730466 v _5080_/X (sky130_fd_sc_hd__o21a_2)
                                                         _1045_ (net)
                      0.030286    0.000171    8.730637 v _5081_/S (sky130_fd_sc_hd__mux2_2)
     1    0.017611    0.104174    0.254775    8.985412 ^ _5081_/X (sky130_fd_sc_hd__mux2_2)
                                                         _1046_ (net)
                      0.104177    0.000651    8.986063 ^ _5105_/A2 (sky130_fd_sc_hd__a21o_2)
     1    0.004954    0.035189    0.130977    9.117040 ^ _5105_/X (sky130_fd_sc_hd__a21o_2)
                                                         _1072_ (net)
                      0.035189    0.000171    9.117210 ^ _5106_/B1 (sky130_fd_sc_hd__a31o_2)
     2    0.032432    0.186038    0.190202    9.307412 ^ _5106_/X (sky130_fd_sc_hd__a31o_2)
                                                         net169 (net)
                      0.186054    0.001360    9.308772 ^ output169/A (sky130_fd_sc_hd__clkdlybuf4s25_1)
     1    0.036409    0.367448    0.489886    9.798658 ^ output169/X (sky130_fd_sc_hd__clkdlybuf4s25_1)
                                                         result[39] (net)
                      0.367448    0.001135    9.799793 ^ result[39] (out)
                                              9.799793   data arrival time

                      0.000000    0.000000    0.000000   clock __VIRTUAL_CLK__ (rise edge)
                                  0.000000    0.000000   clock network delay (ideal)
                                  0.250000    0.250000   clock uncertainty
                                  0.000000    0.250000   clock reconvergence pessimism
                                 -8.000000   -7.750000   output external delay
                                             -7.750000   data required time
---------------------------------------------------------------------------------------------
                                             -7.750000   data required time
                                             -9.799793   data arrival time
---------------------------------------------------------------------------------------------
                                             17.549793   slack (MET)


Startpoint: operand_a[1] (input port clocked by __VIRTUAL_CLK__)
Endpoint: result[5] (output port clocked by __VIRTUAL_CLK__)
Path Group: __VIRTUAL_CLK__
Path Type: min

Fanout         Cap        Slew       Delay        Time   Description
---------------------------------------------------------------------------------------------
                      0.000000    0.000000    0.000000   clock __VIRTUAL_CLK__ (rise edge)
                                  0.000000    0.000000   clock network delay (ideal)
                                  8.000000    8.000000 ^ input external delay
     1    0.007842    0.041836    0.025795    8.025795 ^ operand_a[1] (in)
                                                         operand_a[1] (net)
                      0.041839    0.000000    8.025795 ^ input17/A (sky130_fd_sc_hd__clkdlybuf4s25_1)
     4    0.022893    0.235428    0.361274    8.387069 ^ input17/X (sky130_fd_sc_hd__clkdlybuf4s25_1)
                                                         net17 (net)
                      0.235428    0.000894    8.387962 ^ _3465_/A2 (sky130_fd_sc_hd__a31o_2)
     2    0.012534    0.086604    0.222430    8.610393 ^ _3465_/X (sky130_fd_sc_hd__a31o_2)
                                                         _2677_ (net)
                      0.086604    0.000427    8.610820 ^ _3466_/B2 (sky130_fd_sc_hd__o22a_2)
     4    0.021500    0.116826    0.187323    8.798142 ^ _3466_/X (sky130_fd_sc_hd__o22a_2)
                                                         _2678_ (net)
                      0.116826    0.000404    8.798547 ^ _3567_/A1 (sky130_fd_sc_hd__o31a_2)
     3    0.020091    0.117288    0.208197    9.006744 ^ _3567_/X (sky130_fd_sc_hd__o31a_2)
                                                         _2777_ (net)
                      0.117293    0.000852    9.007596 ^ _3568_/B (sky130_fd_sc_hd__xor2_2)
     1    0.003060    0.070890    0.127417    9.135013 ^ _3568_/X (sky130_fd_sc_hd__xor2_2)
                                                         _2778_ (net)
                      0.070890    0.000085    9.135098 ^ _3604_/A2 (sky130_fd_sc_hd__a211o_2)
     1    0.003832    0.029867    0.120614    9.255712 ^ _3604_/X (sky130_fd_sc_hd__a211o_2)
                                                         _2814_ (net)
                      0.029867    0.000111    9.255823 ^ _3605_/C1 (sky130_fd_sc_hd__a211o_2)
     2    0.008312    0.048656    0.094038    9.349861 ^ _3605_/X (sky130_fd_sc_hd__a211o_2)
                                                         net192 (net)
                      0.048656    0.000203    9.350063 ^ output192/A (sky130_fd_sc_hd__clkdlybuf4s25_1)
     1    0.037250    0.374923    0.456857    9.806920 ^ output192/X (sky130_fd_sc_hd__clkdlybuf4s25_1)
                                                         result[5] (net)
                      0.374923    0.000721    9.807641 ^ result[5] (out)
                                              9.807641   data arrival time

                      0.000000    0.000000    0.000000   clock __VIRTUAL_CLK__ (rise edge)
                                  0.000000    0.000000   clock network delay (ideal)
                                  0.250000    0.250000   clock uncertainty
                                  0.000000    0.250000   clock reconvergence pessimism
                                 -8.000000   -7.750000   output external delay
                                             -7.750000   data required time
---------------------------------------------------------------------------------------------
                                             -7.750000   data required time
                                             -9.807641   data arrival time
---------------------------------------------------------------------------------------------
                                             17.557642   slack (MET)


Startpoint: operand_b[7] (input port clocked by __VIRTUAL_CLK__)
Endpoint: result[8] (output port clocked by __VIRTUAL_CLK__)
Path Group: __VIRTUAL_CLK__
Path Type: min

Fanout         Cap        Slew       Delay        Time   Description
---------------------------------------------------------------------------------------------
                      0.000000    0.000000    0.000000   clock __VIRTUAL_CLK__ (rise edge)
                                  0.000000    0.000000   clock network delay (ideal)
                                  8.000000    8.000000 ^ input external delay
     1    0.005206    0.030196    0.017602    8.017602 ^ operand_b[7] (in)
                                                         operand_b[7] (net)
                      0.030197    0.000000    8.017602 ^ input131/A (sky130_fd_sc_hd__clkdlybuf4s25_1)
     3    0.017350    0.182096    0.321198    8.338800 ^ input131/X (sky130_fd_sc_hd__clkdlybuf4s25_1)
                                                         net131 (net)
                      0.182099    0.001030    8.339830 ^ _3740_/A1 (sky130_fd_sc_hd__o21a_2)
     1    0.007908    0.053148    0.169150    8.508981 ^ _3740_/X (sky130_fd_sc_hd__o21a_2)
                                                         _2947_ (net)
                      0.053148    0.000262    8.509242 ^ _3741_/B1 (sky130_fd_sc_hd__a41oi_2)
     3    0.044059    0.114808    0.096790    8.606032 v _3741_/Y (sky130_fd_sc_hd__a41oi_2)
                                                         _2948_ (net)
                      0.115210    0.005227    8.611259 v _3744_/A (sky130_fd_sc_hd__nand2_2)
     4    0.058377    0.300122    0.258143    8.869402 ^ _3744_/Y (sky130_fd_sc_hd__nand2_2)
                                                         _2951_ (net)
                      0.300156    0.002507    8.871910 ^ _3745_/B (sky130_fd_sc_hd__xnor2_2)
     1    0.010253    0.067050    0.162551    9.034461 ^ _3745_/Y (sky130_fd_sc_hd__xnor2_2)
                                                         _2952_ (net)
                      0.067051    0.000373    9.034834 ^ _3764_/B1 (sky130_fd_sc_hd__a221o_2)
     1    0.006595    0.047510    0.143864    9.178698 ^ _3764_/X (sky130_fd_sc_hd__a221o_2)
                                                         _2971_ (net)
                      0.047510    0.000273    9.178970 ^ _3765_/B1 (sky130_fd_sc_hd__a31o_2)
     2    0.021066    0.125170    0.153896    9.332868 ^ _3765_/X (sky130_fd_sc_hd__a31o_2)
                                                         net199 (net)
                      0.125234    0.001236    9.334104 ^ output199/A (sky130_fd_sc_hd__clkdlybuf4s25_1)
     1    0.036167    0.365228    0.474725    9.808828 ^ output199/X (sky130_fd_sc_hd__clkdlybuf4s25_1)
                                                         result[8] (net)
                      0.365228    0.000703    9.809532 ^ result[8] (out)
                                              9.809532   data arrival time

                      0.000000    0.000000    0.000000   clock __VIRTUAL_CLK__ (rise edge)
                                  0.000000    0.000000   clock network delay (ideal)
                                  0.250000    0.250000   clock uncertainty
                                  0.000000    0.250000   clock reconvergence pessimism
                                 -8.000000   -7.750000   output external delay
                                             -7.750000   data required time
---------------------------------------------------------------------------------------------
                                             -7.750000   data required time
                                             -9.809532   data arrival time
---------------------------------------------------------------------------------------------
                                             17.559532   slack (MET)


Startpoint: cmd[1] (input port clocked by __VIRTUAL_CLK__)
Endpoint: result[0] (output port clocked by __VIRTUAL_CLK__)
Path Group: __VIRTUAL_CLK__
Path Type: min

Fanout         Cap        Slew       Delay        Time   Description
---------------------------------------------------------------------------------------------
                      0.000000    0.000000    0.000000   clock __VIRTUAL_CLK__ (rise edge)
                                  0.000000    0.000000   clock network delay (ideal)
                                  8.000000    8.000000 v input external delay
     1    0.006056    0.015915    0.009384    8.009383 v cmd[1] (in)
                                                         cmd[1] (net)
                      0.015919    0.000000    8.009383 v input3/A (sky130_fd_sc_hd__clkdlybuf4s25_1)
     1    0.003055    0.041538    0.219199    8.228582 v input3/X (sky130_fd_sc_hd__clkdlybuf4s25_1)
                                                         net3 (net)
                      0.041538    0.000060    8.228642 v fanout552/A (sky130_fd_sc_hd__clkdlybuf4s25_1)
     7    0.044194    0.326729    0.440277    8.668921 v fanout552/X (sky130_fd_sc_hd__clkdlybuf4s25_1)
                                                         net552 (net)
                      0.326741    0.002140    8.671060 v _3265_/C_N (sky130_fd_sc_hd__or3b_2)
     2    0.006239    0.049117    0.298603    8.969663 ^ _3265_/X (sky130_fd_sc_hd__or3b_2)
                                                         _1502_ (net)
                      0.049117    0.000150    8.969812 ^ _3271_/C (sky130_fd_sc_hd__or4_2)
     1    0.008696    0.054328    0.118866    9.088678 ^ _3271_/X (sky130_fd_sc_hd__or4_2)
                                                         _1566_ (net)
                      0.054329    0.000342    9.089021 ^ _3272_/C1 (sky130_fd_sc_hd__o221a_2)
     1    0.006771    0.059844    0.173658    9.262678 ^ _3272_/X (sky130_fd_sc_hd__o221a_2)
                                                         _1577_ (net)
                      0.059844    0.000236    9.262915 ^ _3297_/B1 (sky130_fd_sc_hd__o211ai_2)
     2    0.014687    0.115374    0.123790    9.386704 v _3297_/Y (sky130_fd_sc_hd__o211ai_2)
                                                         net137 (net)
                      0.115380    0.000631    9.387336 v output137/A (sky130_fd_sc_hd__clkdlybuf4s25_1)
     1    0.036638    0.271480    0.434235    9.821570 v output137/X (sky130_fd_sc_hd__clkdlybuf4s25_1)
                                                         result[0] (net)
                      0.271482    0.001139    9.822709 v result[0] (out)
                                              9.822709   data arrival time

                      0.000000    0.000000    0.000000   clock __VIRTUAL_CLK__ (rise edge)
                                  0.000000    0.000000   clock network delay (ideal)
                                  0.250000    0.250000   clock uncertainty
                                  0.000000    0.250000   clock reconvergence pessimism
                                 -8.000000   -7.750000   output external delay
                                             -7.750000   data required time
---------------------------------------------------------------------------------------------
                                             -7.750000   data required time
                                             -9.822709   data arrival time
---------------------------------------------------------------------------------------------
                                             17.572710   slack (MET)


Startpoint: operand_a[24] (input port clocked by __VIRTUAL_CLK__)
Endpoint: result[25] (output port clocked by __VIRTUAL_CLK__)
Path Group: __VIRTUAL_CLK__
Path Type: min

Fanout         Cap        Slew       Delay        Time   Description
---------------------------------------------------------------------------------------------
                      0.000000    0.000000    0.000000   clock __VIRTUAL_CLK__ (rise edge)
                                  0.000000    0.000000   clock network delay (ideal)
                                  8.000000    8.000000 v input external delay
     1    0.005726    0.015171    0.008859    8.008859 v operand_a[24] (in)
                                                         operand_a[24] (net)
                      0.015174    0.000000    8.008859 v input22/A (sky130_fd_sc_hd__clkdlybuf4s25_1)
     2    0.026069    0.197205    0.339906    8.348764 v input22/X (sky130_fd_sc_hd__clkdlybuf4s25_1)
                                                         net22 (net)
                      0.197212    0.001284    8.350049 v fanout569/A (sky130_fd_sc_hd__clkdlybuf4s25_1)
    10    0.051457    0.377139    0.534913    8.884961 v fanout569/X (sky130_fd_sc_hd__clkdlybuf4s25_1)
                                                         net569 (net)
                      0.377152    0.002399    8.887361 v _4483_/A1 (sky130_fd_sc_hd__o211ai_2)
     1    0.002925    0.058352    0.251026    9.138387 ^ _4483_/Y (sky130_fd_sc_hd__o211ai_2)
                                                         _0456_ (net)
                      0.058352    0.000056    9.138442 ^ _4525_/A2 (sky130_fd_sc_hd__a31o_2)
     2    0.019707    0.117791    0.203467    9.341908 ^ _4525_/X (sky130_fd_sc_hd__a31o_2)
                                                         net154 (net)
                      0.117792    0.000581    9.342489 ^ output154/A (sky130_fd_sc_hd__clkdlybuf4s25_1)
     1    0.037396    0.377334    0.480016    9.822506 ^ output154/X (sky130_fd_sc_hd__clkdlybuf4s25_1)
                                                         result[25] (net)
                      0.377335    0.001455    9.823960 ^ result[25] (out)
                                              9.823960   data arrival time

                      0.000000    0.000000    0.000000   clock __VIRTUAL_CLK__ (rise edge)
                                  0.000000    0.000000   clock network delay (ideal)
                                  0.250000    0.250000   clock uncertainty
                                  0.000000    0.250000   clock reconvergence pessimism
                                 -8.000000   -7.750000   output external delay
                                             -7.750000   data required time
---------------------------------------------------------------------------------------------
                                             -7.750000   data required time
                                             -9.823960   data arrival time
---------------------------------------------------------------------------------------------
                                             17.573961   slack (MET)


Startpoint: operand_b[20] (input port clocked by __VIRTUAL_CLK__)
Endpoint: result[21] (output port clocked by __VIRTUAL_CLK__)
Path Group: __VIRTUAL_CLK__
Path Type: min

Fanout         Cap        Slew       Delay        Time   Description
---------------------------------------------------------------------------------------------
                      0.000000    0.000000    0.000000   clock __VIRTUAL_CLK__ (rise edge)
                                  0.000000    0.000000   clock network delay (ideal)
                                  8.000000    8.000000 ^ input external delay
     1    0.004574    0.027439    0.015670    8.015670 ^ operand_b[20] (in)
                                                         operand_b[20] (net)
                      0.027440    0.000000    8.015670 ^ input82/A (sky130_fd_sc_hd__clkdlybuf4s25_1)
     1    0.004032    0.055107    0.233245    8.248916 ^ input82/X (sky130_fd_sc_hd__clkdlybuf4s25_1)
                                                         net82 (net)
                      0.055107    0.000120    8.249036 ^ fanout370/A (sky130_fd_sc_hd__clkdlybuf4s25_1)
    10    0.054619    0.543645    0.571540    8.820576 ^ fanout370/X (sky130_fd_sc_hd__clkdlybuf4s25_1)
                                                         net370 (net)
                      0.543645    0.001271    8.821847 ^ _4317_/A1 (sky130_fd_sc_hd__a21oi_2)
     1    0.012946    0.036862    0.149120    8.970966 v _4317_/Y (sky130_fd_sc_hd__a21oi_2)
                                                         _0294_ (net)
                      0.036877    0.000539    8.971505 v _4318_/B (sky130_fd_sc_hd__xnor2_2)
     1    0.007853    0.051603    0.127283    9.098788 v _4318_/Y (sky130_fd_sc_hd__xnor2_2)
                                                         _0295_ (net)
                      0.051605    0.000298    9.099087 v _4319_/B (sky130_fd_sc_hd__nor2_2)
     1    0.002862    0.060825    0.068422    9.167509 ^ _4319_/Y (sky130_fd_sc_hd__nor2_2)
                                                         _0296_ (net)
                      0.060825    0.000078    9.167587 ^ _4345_/B1 (sky130_fd_sc_hd__a211o_2)
     2    0.029334    0.142083    0.172247    9.339834 ^ _4345_/X (sky130_fd_sc_hd__a211o_2)
                                                         net150 (net)
                      0.142150    0.002411    9.342245 ^ output150/A (sky130_fd_sc_hd__clkdlybuf4s25_1)
     1    0.036720    0.370656    0.481879    9.824125 ^ output150/X (sky130_fd_sc_hd__clkdlybuf4s25_1)
                                                         result[21] (net)
                      0.370656    0.001140    9.825265 ^ result[21] (out)
                                              9.825265   data arrival time

                      0.000000    0.000000    0.000000   clock __VIRTUAL_CLK__ (rise edge)
                                  0.000000    0.000000   clock network delay (ideal)
                                  0.250000    0.250000   clock uncertainty
                                  0.000000    0.250000   clock reconvergence pessimism
                                 -8.000000   -7.750000   output external delay
                                             -7.750000   data required time
---------------------------------------------------------------------------------------------
                                             -7.750000   data required time
                                             -9.825265   data arrival time
---------------------------------------------------------------------------------------------
                                             17.575264   slack (MET)


Startpoint: operand_b[47] (input port clocked by __VIRTUAL_CLK__)
Endpoint: result[55] (output port clocked by __VIRTUAL_CLK__)
Path Group: __VIRTUAL_CLK__
Path Type: min

Fanout         Cap        Slew       Delay        Time   Description
---------------------------------------------------------------------------------------------
                      0.000000    0.000000    0.000000   clock __VIRTUAL_CLK__ (rise edge)
                                  0.000000    0.000000   clock network delay (ideal)
                                  8.000000    8.000000 ^ input external delay
     1    0.004855    0.028664    0.016528    8.016528 ^ operand_b[47] (in)
                                                         operand_b[47] (net)
                      0.028665    0.000000    8.016528 ^ input111/A (sky130_fd_sc_hd__clkdlybuf4s25_1)
     3    0.014369    0.153275    0.301549    8.318077 ^ input111/X (sky130_fd_sc_hd__clkdlybuf4s25_1)
                                                         net111 (net)
                      0.153275    0.000559    8.318636 ^ _5409_/A (sky130_fd_sc_hd__nor2_2)
     1    0.002070    0.022242    0.049727    8.368363 v _5409_/Y (sky130_fd_sc_hd__nor2_2)
                                                         _1398_ (net)
                      0.022242    0.000056    8.368419 v _5410_/A2_N (sky130_fd_sc_hd__a2bb2o_2)
     3    0.014520    0.083643    0.240311    8.608730 ^ _5410_/X (sky130_fd_sc_hd__a2bb2o_2)
                                                         _1399_ (net)
                      0.083645    0.000551    8.609281 ^ _5687_/A1 (sky130_fd_sc_hd__a211o_2)
     1    0.003197    0.027296    0.118950    8.728230 ^ _5687_/X (sky130_fd_sc_hd__a211o_2)
                                                         _1697_ (net)
                      0.027296    0.000088    8.728319 ^ _5688_/B1 (sky130_fd_sc_hd__a41o_2)
     3    0.019026    0.099052    0.131329    8.859648 ^ _5688_/X (sky130_fd_sc_hd__a41o_2)
                                                         _1698_ (net)
                      0.099054    0.000616    8.860264 ^ _5694_/A1 (sky130_fd_sc_hd__a22oi_2)
     1    0.008909    0.062638    0.092551    8.952815 v _5694_/Y (sky130_fd_sc_hd__a22oi_2)
                                                         _1704_ (net)
                      0.062638    0.000187    8.953002 v _5695_/B (sky130_fd_sc_hd__xnor2_2)
     1    0.006733    0.047292    0.133737    9.086740 v _5695_/Y (sky130_fd_sc_hd__xnor2_2)
                                                         _1705_ (net)
                      0.047293    0.000242    9.086982 v _5696_/B (sky130_fd_sc_hd__nor2_2)
     1    0.004448    0.076077    0.078407    9.165389 ^ _5696_/Y (sky130_fd_sc_hd__nor2_2)
                                                         _1707_ (net)
                      0.076078    0.000108    9.165497 ^ _5707_/B (sky130_fd_sc_hd__or4b_4)
     1    0.006314    0.035151    0.121885    9.287382 ^ _5707_/X (sky130_fd_sc_hd__or4b_4)
                                                         _1719_ (net)
                      0.035158    0.000198    9.287580 ^ _5708_/A (sky130_fd_sc_hd__buf_6)
     2    0.014989    0.041789    0.089693    9.377273 ^ _5708_/X (sky130_fd_sc_hd__buf_6)
                                                         net187 (net)
                      0.041793    0.000419    9.377692 ^ output187/A (sky130_fd_sc_hd__clkdlybuf4s25_1)
     1    0.036055    0.363552    0.446599    9.824291 ^ output187/X (sky130_fd_sc_hd__clkdlybuf4s25_1)
                                                         result[55] (net)
                      0.363552    0.000992    9.825283 ^ result[55] (out)
                                              9.825283   data arrival time

                      0.000000    0.000000    0.000000   clock __VIRTUAL_CLK__ (rise edge)
                                  0.000000    0.000000   clock network delay (ideal)
                                  0.250000    0.250000   clock uncertainty
                                  0.000000    0.250000   clock reconvergence pessimism
                                 -8.000000   -7.750000   output external delay
                                             -7.750000   data required time
---------------------------------------------------------------------------------------------
                                             -7.750000   data required time
                                             -9.825283   data arrival time
---------------------------------------------------------------------------------------------
                                             17.575283   slack (MET)


Startpoint: operand_b[6] (input port clocked by __VIRTUAL_CLK__)
Endpoint: result[11] (output port clocked by __VIRTUAL_CLK__)
Path Group: __VIRTUAL_CLK__
Path Type: min

Fanout         Cap        Slew       Delay        Time   Description
---------------------------------------------------------------------------------------------
                      0.000000    0.000000    0.000000   clock __VIRTUAL_CLK__ (rise edge)
                                  0.000000    0.000000   clock network delay (ideal)
                                  8.000000    8.000000 v input external delay
     1    0.004876    0.013363    0.007525    8.007524 v operand_b[6] (in)
                                                         operand_b[6] (net)
                      0.013364    0.000000    8.007524 v input130/A (sky130_fd_sc_hd__clkdlybuf4s25_1)
     4    0.021819    0.167677    0.318596    8.326120 v input130/X (sky130_fd_sc_hd__clkdlybuf4s25_1)
                                                         net130 (net)
                      0.167678    0.000552    8.326672 v _3678_/B1 (sky130_fd_sc_hd__a21oi_2)
     2    0.009390    0.139781    0.183393    8.510065 ^ _3678_/Y (sky130_fd_sc_hd__a21oi_2)
                                                         _2886_ (net)
                      0.139781    0.000298    8.510364 ^ _3818_/B (sky130_fd_sc_hd__or3_2)
     1    0.016263    0.088495    0.172428    8.682792 ^ _3818_/X (sky130_fd_sc_hd__or3_2)
                                                         _3023_ (net)
                      0.088498    0.000642    8.683434 ^ _3819_/B2 (sky130_fd_sc_hd__o22a_2)
     2    0.011907    0.071725    0.155612    8.839046 ^ _3819_/X (sky130_fd_sc_hd__o22a_2)
                                                         _3024_ (net)
                      0.071727    0.000452    8.839499 ^ _3820_/B (sky130_fd_sc_hd__nand2_2)
     2    0.020991    0.089669    0.096811    8.936310 v _3820_/Y (sky130_fd_sc_hd__nand2_2)
                                                         _3025_ (net)
                      0.089682    0.000822    8.937132 v _3858_/B (sky130_fd_sc_hd__xnor2_2)
     4    0.016514    0.095829    0.228262    9.165394 ^ _3858_/Y (sky130_fd_sc_hd__xnor2_2)
                                                         _3062_ (net)
                      0.095829    0.000425    9.165819 ^ _3871_/A3 (sky130_fd_sc_hd__o31ai_2)
     1    0.003420    0.031181    0.060777    9.226597 v _3871_/Y (sky130_fd_sc_hd__o31ai_2)
                                                         _3075_ (net)
                      0.031181    0.000099    9.226696 v _3905_/A2 (sky130_fd_sc_hd__a31o_2)
     2    0.007244    0.046920    0.222814    9.449510 v _3905_/X (sky130_fd_sc_hd__a31o_2)
                                                         net139 (net)
                      0.046920    0.000234    9.449743 v output139/A (sky130_fd_sc_hd__clkdlybuf4s25_1)
     1    0.036649    0.272433    0.406129    9.855873 v output139/X (sky130_fd_sc_hd__clkdlybuf4s25_1)
                                                         result[11] (net)
                      0.272434    0.000930    9.856803 v result[11] (out)
                                              9.856803   data arrival time

                      0.000000    0.000000    0.000000   clock __VIRTUAL_CLK__ (rise edge)
                                  0.000000    0.000000   clock network delay (ideal)
                                  0.250000    0.250000   clock uncertainty
                                  0.000000    0.250000   clock reconvergence pessimism
                                 -8.000000   -7.750000   output external delay
                                             -7.750000   data required time
---------------------------------------------------------------------------------------------
                                             -7.750000   data required time
                                             -9.856803   data arrival time
---------------------------------------------------------------------------------------------
                                             17.606802   slack (MET)


Startpoint: operand_b[52] (input port clocked by __VIRTUAL_CLK__)
Endpoint: result[52] (output port clocked by __VIRTUAL_CLK__)
Path Group: __VIRTUAL_CLK__
Path Type: min

Fanout         Cap        Slew       Delay        Time   Description
---------------------------------------------------------------------------------------------
                      0.000000    0.000000    0.000000   clock __VIRTUAL_CLK__ (rise edge)
                                  0.000000    0.000000   clock network delay (ideal)
                                  8.000000    8.000000 ^ input external delay
     1    0.005520    0.031571    0.018573    8.018573 ^ operand_b[52] (in)
                                                         operand_b[52] (net)
                      0.031572    0.000000    8.018573 ^ input117/A (sky130_fd_sc_hd__clkdlybuf4s25_1)
     2    0.012470    0.134922    0.290299    8.308872 ^ input117/X (sky130_fd_sc_hd__clkdlybuf4s25_1)
                                                         net117 (net)
                      0.134922    0.000365    8.309237 ^ fanout635/A (sky130_fd_sc_hd__clkdlybuf4s25_1)
     5    0.022464    0.231444    0.387973    8.697210 ^ fanout635/X (sky130_fd_sc_hd__clkdlybuf4s25_1)
                                                         net635 (net)
                      0.231444    0.000494    8.697704 ^ _5593_/A1 (sky130_fd_sc_hd__a221o_2)
     1    0.007803    0.052219    0.206174    8.903878 ^ _5593_/X (sky130_fd_sc_hd__a221o_2)
                                                         _1596_ (net)
                      0.052220    0.000324    8.904202 ^ _5594_/B1 (sky130_fd_sc_hd__a221o_2)
     1    0.003352    0.034093    0.124928    9.029130 ^ _5594_/X (sky130_fd_sc_hd__a221o_2)
                                                         _1597_ (net)
                      0.034095    0.000073    9.029202 ^ _5595_/C1 (sky130_fd_sc_hd__a211o_2)
     1    0.003010    0.026560    0.077115    9.106318 ^ _5595_/X (sky130_fd_sc_hd__a211o_2)
                                                         _1598_ (net)
                      0.026560    0.000083    9.106401 ^ _5596_/C1 (sky130_fd_sc_hd__a221o_2)
     2    0.047318    0.243065    0.234078    9.340479 ^ _5596_/X (sky130_fd_sc_hd__a221o_2)
                                                         net184 (net)
                      0.243084    0.001688    9.342166 ^ output184/A (sky130_fd_sc_hd__clkdlybuf4s25_1)
     1    0.038194    0.384655    0.514341    9.856508 ^ output184/X (sky130_fd_sc_hd__clkdlybuf4s25_1)
                                                         result[52] (net)
                      0.384656    0.001390    9.857898 ^ result[52] (out)
                                              9.857898   data arrival time

                      0.000000    0.000000    0.000000   clock __VIRTUAL_CLK__ (rise edge)
                                  0.000000    0.000000   clock network delay (ideal)
                                  0.250000    0.250000   clock uncertainty
                                  0.000000    0.250000   clock reconvergence pessimism
                                 -8.000000   -7.750000   output external delay
                                             -7.750000   data required time
---------------------------------------------------------------------------------------------
                                             -7.750000   data required time
                                             -9.857898   data arrival time
---------------------------------------------------------------------------------------------
                                             17.607899   slack (MET)


Startpoint: operand_b[23] (input port clocked by __VIRTUAL_CLK__)
Endpoint: result[24] (output port clocked by __VIRTUAL_CLK__)
Path Group: __VIRTUAL_CLK__
Path Type: min

Fanout         Cap        Slew       Delay        Time   Description
---------------------------------------------------------------------------------------------
                      0.000000    0.000000    0.000000   clock __VIRTUAL_CLK__ (rise edge)
                                  0.000000    0.000000   clock network delay (ideal)
                                  8.000000    8.000000 ^ input external delay
     1    0.007664    0.041045    0.025225    8.025225 ^ operand_b[23] (in)
                                                         operand_b[23] (net)
                      0.041048    0.000000    8.025225 ^ input85/A (sky130_fd_sc_hd__buf_1)
     5    0.032360    0.379369    0.297287    8.322512 ^ input85/X (sky130_fd_sc_hd__buf_1)
                                                         net85 (net)
                      0.379370    0.000476    8.322988 ^ _4451_/A1 (sky130_fd_sc_hd__a21oi_2)
     1    0.005368    0.041195    0.097088    8.420075 v _4451_/Y (sky130_fd_sc_hd__a21oi_2)
                                                         _0425_ (net)
                      0.041195    0.000162    8.420238 v _4452_/B2 (sky130_fd_sc_hd__o22ai_2)
     1    0.012827    0.203431    0.145342    8.565578 ^ _4452_/Y (sky130_fd_sc_hd__o22ai_2)
                                                         _0426_ (net)
                      0.203448    0.000752    8.566331 ^ _4453_/B1 (sky130_fd_sc_hd__a31oi_2)
     2    0.029663    0.104326    0.124199    8.690531 v _4453_/Y (sky130_fd_sc_hd__a31oi_2)
                                                         _0427_ (net)
                      0.104343    0.001034    8.691565 v _4454_/B (sky130_fd_sc_hd__nand2_2)
     5    0.023815    0.130263    0.148783    8.840347 ^ _4454_/Y (sky130_fd_sc_hd__nand2_2)
                                                         _0428_ (net)
                      0.130265    0.000411    8.840758 ^ _4455_/B (sky130_fd_sc_hd__xor2_2)
     1    0.004597    0.087142    0.140948    8.981707 ^ _4455_/X (sky130_fd_sc_hd__xor2_2)
                                                         _0429_ (net)
                      0.087142    0.000147    8.981853 ^ _4477_/A2 (sky130_fd_sc_hd__a221o_2)
     1    0.004633    0.040147    0.149595    9.131448 ^ _4477_/X (sky130_fd_sc_hd__a221o_2)
                                                         _0451_ (net)
                      0.040147    0.000152    9.131599 ^ _4479_/B (sky130_fd_sc_hd__or3b_2)
     1    0.003892    0.036089    0.097780    9.229380 ^ _4479_/X (sky130_fd_sc_hd__or3b_2)
                                                         _0453_ (net)
                      0.036089    0.000122    9.229501 ^ _4480_/A (sky130_fd_sc_hd__buf_1)
     2    0.015257    0.184613    0.167218    9.396719 ^ _4480_/X (sky130_fd_sc_hd__buf_1)
                                                         net153 (net)
                      0.184617    0.000663    9.397383 ^ output153/A (sky130_fd_sc_hd__clkdlybuf4s25_1)
     1    0.035130    0.354930    0.481416    9.878798 ^ output153/X (sky130_fd_sc_hd__clkdlybuf4s25_1)
                                                         result[24] (net)
                      0.354930    0.000892    9.879690 ^ result[24] (out)
                                              9.879690   data arrival time

                      0.000000    0.000000    0.000000   clock __VIRTUAL_CLK__ (rise edge)
                                  0.000000    0.000000   clock network delay (ideal)
                                  0.250000    0.250000   clock uncertainty
                                  0.000000    0.250000   clock reconvergence pessimism
                                 -8.000000   -7.750000   output external delay
                                             -7.750000   data required time
---------------------------------------------------------------------------------------------
                                             -7.750000   data required time
                                             -9.879690   data arrival time
---------------------------------------------------------------------------------------------
                                             17.629690   slack (MET)


Startpoint: operand_a[1] (input port clocked by __VIRTUAL_CLK__)
Endpoint: result[6] (output port clocked by __VIRTUAL_CLK__)
Path Group: __VIRTUAL_CLK__
Path Type: min

Fanout         Cap        Slew       Delay        Time   Description
---------------------------------------------------------------------------------------------
                      0.000000    0.000000    0.000000   clock __VIRTUAL_CLK__ (rise edge)
                                  0.000000    0.000000   clock network delay (ideal)
                                  8.000000    8.000000 ^ input external delay
     1    0.007842    0.041836    0.025795    8.025795 ^ operand_a[1] (in)
                                                         operand_a[1] (net)
                      0.041839    0.000000    8.025795 ^ input17/A (sky130_fd_sc_hd__clkdlybuf4s25_1)
     4    0.022893    0.235428    0.361274    8.387069 ^ input17/X (sky130_fd_sc_hd__clkdlybuf4s25_1)
                                                         net17 (net)
                      0.235428    0.000894    8.387962 ^ _3465_/A2 (sky130_fd_sc_hd__a31o_2)
     2    0.012534    0.086604    0.222430    8.610393 ^ _3465_/X (sky130_fd_sc_hd__a31o_2)
                                                         _2677_ (net)
                      0.086604    0.000427    8.610820 ^ _3466_/B2 (sky130_fd_sc_hd__o22a_2)
     4    0.021500    0.116826    0.187323    8.798142 ^ _3466_/X (sky130_fd_sc_hd__o22a_2)
                                                         _2678_ (net)
                      0.116826    0.000404    8.798547 ^ _3567_/A1 (sky130_fd_sc_hd__o31a_2)
     3    0.020091    0.117288    0.208197    9.006744 ^ _3567_/X (sky130_fd_sc_hd__o31a_2)
                                                         _2777_ (net)
                      0.117294    0.000913    9.007657 ^ _3622_/A2 (sky130_fd_sc_hd__a21o_2)
     1    0.009779    0.056882    0.152218    9.159875 ^ _3622_/X (sky130_fd_sc_hd__a21o_2)
                                                         _2831_ (net)
                      0.056883    0.000303    9.160178 ^ _3623_/B (sky130_fd_sc_hd__xnor2_2)
     1    0.005262    0.044354    0.100516    9.260694 ^ _3623_/Y (sky130_fd_sc_hd__xnor2_2)
                                                         _2832_ (net)
                      0.044355    0.000180    9.260874 ^ _3660_/A2 (sky130_fd_sc_hd__o211a_2)
     2    0.008341    0.068904    0.173813    9.434687 ^ _3660_/X (sky130_fd_sc_hd__o211a_2)
                                                         _2869_ (net)
                      0.068904    0.000270    9.434958 ^ _3661_/B1 (sky130_fd_sc_hd__o21ai_2)
     1    0.005053    0.031056    0.054357    9.489314 v _3661_/Y (sky130_fd_sc_hd__o21ai_2)
                                                         net197 (net)
                      0.031056    0.000176    9.489491 v output197/A (sky130_fd_sc_hd__clkdlybuf4s25_1)
     1    0.036427    0.270586    0.398720    9.888210 v output197/X (sky130_fd_sc_hd__clkdlybuf4s25_1)
                                                         result[6] (net)
                      0.270586    0.000713    9.888924 v result[6] (out)
                                              9.888924   data arrival time

                      0.000000    0.000000    0.000000   clock __VIRTUAL_CLK__ (rise edge)
                                  0.000000    0.000000   clock network delay (ideal)
                                  0.250000    0.250000   clock uncertainty
                                  0.000000    0.250000   clock reconvergence pessimism
                                 -8.000000   -7.750000   output external delay
                                             -7.750000   data required time
---------------------------------------------------------------------------------------------
                                             -7.750000   data required time
                                             -9.888924   data arrival time
---------------------------------------------------------------------------------------------
                                             17.638924   slack (MET)


Startpoint: operand_b[22] (input port clocked by __VIRTUAL_CLK__)
Endpoint: result[22] (output port clocked by __VIRTUAL_CLK__)
Path Group: __VIRTUAL_CLK__
Path Type: min

Fanout         Cap        Slew       Delay        Time   Description
---------------------------------------------------------------------------------------------
                      0.000000    0.000000    0.000000   clock __VIRTUAL_CLK__ (rise edge)
                                  0.000000    0.000000   clock network delay (ideal)
                                  8.000000    8.000000 ^ input external delay
     1    0.004731    0.028124    0.016156    8.016156 ^ operand_b[22] (in)
                                                         operand_b[22] (net)
                      0.028125    0.000000    8.016156 ^ input84/A (sky130_fd_sc_hd__clkdlybuf4s25_1)
     2    0.010330    0.114348    0.275236    8.291391 ^ input84/X (sky130_fd_sc_hd__clkdlybuf4s25_1)
                                                         net84 (net)
                      0.114348    0.000199    8.291591 ^ fanout367/A (sky130_fd_sc_hd__clkdlybuf4s25_1)
    10    0.049804    0.498312    0.559112    8.850702 ^ fanout367/X (sky130_fd_sc_hd__clkdlybuf4s25_1)
                                                         net367 (net)
                      0.498319    0.002482    8.853185 ^ _4371_/A1 (sky130_fd_sc_hd__a221o_2)
     1    0.011230    0.068343    0.277178    9.130363 ^ _4371_/X (sky130_fd_sc_hd__a221o_2)
                                                         _0347_ (net)
                      0.068350    0.000712    9.131076 ^ _4391_/A2 (sky130_fd_sc_hd__a221o_2)
     1    0.005562    0.041967    0.147961    9.279037 ^ _4391_/X (sky130_fd_sc_hd__a221o_2)
                                                         _0367_ (net)
                      0.041967    0.000207    9.279243 ^ _4392_/C1 (sky130_fd_sc_hd__a221o_2)
     2    0.018741    0.103458    0.145615    9.424858 ^ _4392_/X (sky130_fd_sc_hd__a221o_2)
                                                         net151 (net)
                      0.103463    0.000766    9.425625 ^ output151/A (sky130_fd_sc_hd__clkdlybuf4s25_1)
     1    0.037178    0.374928    0.474123    9.899748 ^ output151/X (sky130_fd_sc_hd__clkdlybuf4s25_1)
                                                         result[22] (net)
                      0.374928    0.001143    9.900891 ^ result[22] (out)
                                              9.900891   data arrival time

                      0.000000    0.000000    0.000000   clock __VIRTUAL_CLK__ (rise edge)
                                  0.000000    0.000000   clock network delay (ideal)
                                  0.250000    0.250000   clock uncertainty
                                  0.000000    0.250000   clock reconvergence pessimism
                                 -8.000000   -7.750000   output external delay
                                             -7.750000   data required time
---------------------------------------------------------------------------------------------
                                             -7.750000   data required time
                                             -9.900891   data arrival time
---------------------------------------------------------------------------------------------
                                             17.650890   slack (MET)


Startpoint: operand_b[23] (input port clocked by __VIRTUAL_CLK__)
Endpoint: result[27] (output port clocked by __VIRTUAL_CLK__)
Path Group: __VIRTUAL_CLK__
Path Type: min

Fanout         Cap        Slew       Delay        Time   Description
---------------------------------------------------------------------------------------------
                      0.000000    0.000000    0.000000   clock __VIRTUAL_CLK__ (rise edge)
                                  0.000000    0.000000   clock network delay (ideal)
                                  8.000000    8.000000 v input external delay
     1    0.007488    0.019035    0.011605    8.011605 v operand_b[23] (in)
                                                         operand_b[23] (net)
                      0.019041    0.000000    8.011605 v input85/A (sky130_fd_sc_hd__buf_1)
     5    0.030664    0.179333    0.185606    8.197211 v input85/X (sky130_fd_sc_hd__buf_1)
                                                         net85 (net)
                      0.179334    0.000536    8.197747 v _4397_/B (sky130_fd_sc_hd__xor2_2)
     3    0.015914    0.062408    0.211420    8.409168 v _4397_/X (sky130_fd_sc_hd__xor2_2)
                                                         _0372_ (net)
                      0.062412    0.000499    8.409667 v max_cap321/A (sky130_fd_sc_hd__buf_2)
     6    0.036435    0.092279    0.181637    8.591304 v max_cap321/X (sky130_fd_sc_hd__buf_2)
                                                         net321 (net)
                      0.092332    0.001938    8.593242 v _4398_/B1 (sky130_fd_sc_hd__a21oi_2)
     4    0.011556    0.164424    0.169668    8.762910 ^ _4398_/Y (sky130_fd_sc_hd__a21oi_2)
                                                         _0373_ (net)
                      0.164426    0.000396    8.763306 ^ _4586_/A (sky130_fd_sc_hd__or4b_2)
     4    0.028116    0.167223    0.236644    8.999950 ^ _4586_/X (sky130_fd_sc_hd__or4b_2)
                                                         _0557_ (net)
                      0.167238    0.001618    9.001569 ^ _4587_/C (sky130_fd_sc_hd__nor3_2)
     2    0.016985    0.063583    0.090676    9.092244 v _4587_/Y (sky130_fd_sc_hd__nor3_2)
                                                         _0558_ (net)
                      0.063584    0.000355    9.092600 v _4588_/B (sky130_fd_sc_hd__xor2_2)
     1    0.003724    0.077837    0.116023    9.208623 ^ _4588_/X (sky130_fd_sc_hd__xor2_2)
                                                         _0559_ (net)
                      0.077837    0.000113    9.208735 ^ _4610_/B1 (sky130_fd_sc_hd__a221o_2)
     2    0.028457    0.150787    0.225088    9.433824 ^ _4610_/X (sky130_fd_sc_hd__a221o_2)
                                                         net156 (net)
                      0.150841    0.000883    9.434707 ^ output156/A (sky130_fd_sc_hd__clkdlybuf4s25_1)
     1    0.034654    0.350394    0.470667    9.905374 ^ output156/X (sky130_fd_sc_hd__clkdlybuf4s25_1)
                                                         result[27] (net)
                      0.350394    0.000804    9.906178 ^ result[27] (out)
                                              9.906178   data arrival time

                      0.000000    0.000000    0.000000   clock __VIRTUAL_CLK__ (rise edge)
                                  0.000000    0.000000   clock network delay (ideal)
                                  0.250000    0.250000   clock uncertainty
                                  0.000000    0.250000   clock reconvergence pessimism
                                 -8.000000   -7.750000   output external delay
                                             -7.750000   data required time
---------------------------------------------------------------------------------------------
                                             -7.750000   data required time
                                             -9.906178   data arrival time
---------------------------------------------------------------------------------------------
                                             17.656178   slack (MET)


Startpoint: operand_b[30] (input port clocked by __VIRTUAL_CLK__)
Endpoint: result[30] (output port clocked by __VIRTUAL_CLK__)
Path Group: __VIRTUAL_CLK__
Path Type: min

Fanout         Cap        Slew       Delay        Time   Description
---------------------------------------------------------------------------------------------
                      0.000000    0.000000    0.000000   clock __VIRTUAL_CLK__ (rise edge)
                                  0.000000    0.000000   clock network delay (ideal)
                                  8.000000    8.000000 v input external delay
     1    0.006237    0.016309    0.009655    8.009655 v operand_b[30] (in)
                                                         operand_b[30] (net)
                      0.016313    0.000000    8.009655 v input93/A (sky130_fd_sc_hd__clkdlybuf4s25_1)
     4    0.014385    0.116470    0.281649    8.291305 v input93/X (sky130_fd_sc_hd__clkdlybuf4s25_1)
                                                         net93 (net)
                      0.116470    0.000242    8.291547 v fanout339/A (sky130_fd_sc_hd__clkdlybuf4s25_1)
    10    0.052058    0.380682    0.511013    8.802561 v fanout339/X (sky130_fd_sc_hd__clkdlybuf4s25_1)
                                                         net339 (net)
                      0.380692    0.002113    8.804674 v _4693_/B_N (sky130_fd_sc_hd__or2b_2)
     2    0.010101    0.059367    0.281812    9.086486 ^ _4693_/X (sky130_fd_sc_hd__or2b_2)
                                                         _0661_ (net)
                      0.059367    0.000291    9.086777 ^ _4694_/B (sky130_fd_sc_hd__nand2_2)
     4    0.026820    0.110917    0.108655    9.195433 v _4694_/Y (sky130_fd_sc_hd__nand2_2)
                                                         _0662_ (net)
                      0.110925    0.000782    9.196214 v _4699_/A (sky130_fd_sc_hd__xnor2_2)
     1    0.004747    0.042779    0.166978    9.363192 ^ _4699_/Y (sky130_fd_sc_hd__xnor2_2)
                                                         _0667_ (net)
                      0.042779    0.000158    9.363350 ^ _4729_/A2 (sky130_fd_sc_hd__a221o_2)
     2    0.009515    0.060015    0.156683    9.520032 ^ _4729_/X (sky130_fd_sc_hd__a221o_2)
                                                         net160 (net)
                      0.060017    0.000372    9.520404 ^ output160/A (sky130_fd_sc_hd__clkdlybuf4s25_1)
     1    0.037306    0.375557    0.460568    9.980973 ^ output160/X (sky130_fd_sc_hd__clkdlybuf4s25_1)
                                                         result[30] (net)
                      0.375558    0.001286    9.982259 ^ result[30] (out)
                                              9.982259   data arrival time

                      0.000000    0.000000    0.000000   clock __VIRTUAL_CLK__ (rise edge)
                                  0.000000    0.000000   clock network delay (ideal)
                                  0.250000    0.250000   clock uncertainty
                                  0.000000    0.250000   clock reconvergence pessimism
                                 -8.000000   -7.750000   output external delay
                                             -7.750000   data required time
---------------------------------------------------------------------------------------------
                                             -7.750000   data required time
                                             -9.982259   data arrival time
---------------------------------------------------------------------------------------------
                                             17.732260   slack (MET)


Startpoint: operand_b[36] (input port clocked by __VIRTUAL_CLK__)
Endpoint: result[40] (output port clocked by __VIRTUAL_CLK__)
Path Group: __VIRTUAL_CLK__
Path Type: min

Fanout         Cap        Slew       Delay        Time   Description
---------------------------------------------------------------------------------------------
                      0.000000    0.000000    0.000000   clock __VIRTUAL_CLK__ (rise edge)
                                  0.000000    0.000000   clock network delay (ideal)
                                  8.000000    8.000000 ^ input external delay
     1    0.004306    0.026277    0.014830    8.014830 ^ operand_b[36] (in)
                                                         operand_b[36] (net)
                      0.026278    0.000000    8.014830 ^ input99/A (sky130_fd_sc_hd__clkdlybuf4s25_1)
     3    0.016363    0.172522    0.313727    8.328557 ^ input99/X (sky130_fd_sc_hd__clkdlybuf4s25_1)
                                                         net99 (net)
                      0.172522    0.000494    8.329051 ^ _5040_/A2 (sky130_fd_sc_hd__a22o_2)
     1    0.007385    0.053671    0.177493    8.506543 ^ _5040_/X (sky130_fd_sc_hd__a22o_2)
                                                         _1002_ (net)
                      0.053671    0.000272    8.506815 ^ _5041_/B1 (sky130_fd_sc_hd__o21ai_2)
     4    0.021248    0.091057    0.091673    8.598489 v _5041_/Y (sky130_fd_sc_hd__o21ai_2)
                                                         _1003_ (net)
                      0.091061    0.000504    8.598992 v _5126_/B1 (sky130_fd_sc_hd__o31ai_2)
     1    0.003920    0.058521    0.071950    8.670942 ^ _5126_/Y (sky130_fd_sc_hd__o31ai_2)
                                                         _1095_ (net)
                      0.058521    0.000119    8.671062 ^ _5127_/D1 (sky130_fd_sc_hd__a2111o_2)
     1    0.005116    0.035241    0.090572    8.761634 ^ _5127_/X (sky130_fd_sc_hd__a2111o_2)
                                                         _1096_ (net)
                      0.035242    0.000143    8.761776 ^ _5129_/B1 (sky130_fd_sc_hd__o211ai_2)
     2    0.015484    0.107141    0.119977    8.881753 v _5129_/Y (sky130_fd_sc_hd__o211ai_2)
                                                         _1098_ (net)
                      0.107145    0.000536    8.882290 v _5130_/B1 (sky130_fd_sc_hd__o21a_2)
     2    0.020454    0.065583    0.173269    9.055558 v _5130_/X (sky130_fd_sc_hd__o21a_2)
                                                         _1099_ (net)
                      0.065615    0.001269    9.056828 v _5131_/B (sky130_fd_sc_hd__xnor2_2)
     1    0.006087    0.044821    0.132841    9.189669 v _5131_/Y (sky130_fd_sc_hd__xnor2_2)
                                                         _1100_ (net)
                      0.044821    0.000153    9.189821 v _5151_/A2 (sky130_fd_sc_hd__o2111ai_2)
     1    0.003487    0.049348    0.148042    9.337864 ^ _5151_/Y (sky130_fd_sc_hd__o2111ai_2)
                                                         _1122_ (net)
                      0.049348    0.000102    9.337966 ^ _5152_/C1 (sky130_fd_sc_hd__a221o_2)
     2    0.024236    0.130260    0.166327    9.504292 ^ _5152_/X (sky130_fd_sc_hd__a221o_2)
                                                         net171 (net)
                      0.130325    0.001314    9.505607 ^ output171/A (sky130_fd_sc_hd__clkdlybuf4s25_1)
     1    0.037472    0.378083    0.483928    9.989534 ^ output171/X (sky130_fd_sc_hd__clkdlybuf4s25_1)
                                                         result[40] (net)
                      0.378084    0.001339    9.990874 ^ result[40] (out)
                                              9.990874   data arrival time

                      0.000000    0.000000    0.000000   clock __VIRTUAL_CLK__ (rise edge)
                                  0.000000    0.000000   clock network delay (ideal)
                                  0.250000    0.250000   clock uncertainty
                                  0.000000    0.250000   clock reconvergence pessimism
                                 -8.000000   -7.750000   output external delay
                                             -7.750000   data required time
---------------------------------------------------------------------------------------------
                                             -7.750000   data required time
                                             -9.990874   data arrival time
---------------------------------------------------------------------------------------------
                                             17.740873   slack (MET)


Startpoint: operand_a[0] (input port clocked by __VIRTUAL_CLK__)
Endpoint: result[1] (output port clocked by __VIRTUAL_CLK__)
Path Group: __VIRTUAL_CLK__
Path Type: min

Fanout         Cap        Slew       Delay        Time   Description
---------------------------------------------------------------------------------------------
                      0.000000    0.000000    0.000000   clock __VIRTUAL_CLK__ (rise edge)
                                  0.000000    0.000000   clock network delay (ideal)
                                  8.000000    8.000000 ^ input external delay
     1    0.007706    0.041231    0.025351    8.025352 ^ operand_a[0] (in)
                                                         operand_a[0] (net)
                      0.041233    0.000000    8.025352 ^ input6/A (sky130_fd_sc_hd__clkdlybuf4s25_1)
     2    0.010724    0.118138    0.281998    8.307349 ^ input6/X (sky130_fd_sc_hd__clkdlybuf4s25_1)
                                                         net6 (net)
                      0.118138    0.000497    8.307846 ^ fanout472/A (sky130_fd_sc_hd__clkdlybuf4s25_1)
     6    0.052087    0.520527    0.576096    8.883942 ^ fanout472/X (sky130_fd_sc_hd__clkdlybuf4s25_1)
                                                         net472 (net)
                      0.520527    0.000690    8.884632 ^ _3371_/A (sky130_fd_sc_hd__nor2b_4)
     4    0.021184    0.047334    0.110252    8.994884 v _3371_/Y (sky130_fd_sc_hd__nor2b_4)
                                                         _2585_ (net)
                      0.047338    0.000453    8.995337 v _3372_/A (sky130_fd_sc_hd__xor2_2)
     1    0.006749    0.109479    0.158775    9.154113 ^ _3372_/X (sky130_fd_sc_hd__xor2_2)
                                                         _2586_ (net)
                      0.109479    0.000242    9.154355 ^ _3373_/B2 (sky130_fd_sc_hd__a2bb2o_2)
     1    0.006518    0.047475    0.169156    9.323511 ^ _3373_/X (sky130_fd_sc_hd__a2bb2o_2)
                                                         _2587_ (net)
                      0.047475    0.000259    9.323771 ^ _3374_/B1 (sky130_fd_sc_hd__a31o_2)
     2    0.012514    0.079455    0.123554    9.447324 ^ _3374_/X (sky130_fd_sc_hd__a31o_2)
                                                         _2588_ (net)
                      0.079457    0.000494    9.447818 ^ _3375_/C1 (sky130_fd_sc_hd__a211o_2)
     1    0.007582    0.045834    0.108714    9.556532 ^ _3375_/X (sky130_fd_sc_hd__a211o_2)
                                                         net148 (net)
                      0.045835    0.000328    9.556860 ^ output148/A (sky130_fd_sc_hd__clkdlybuf4s25_1)
     1    0.035253    0.355612    0.442824    9.999684 ^ output148/X (sky130_fd_sc_hd__clkdlybuf4s25_1)
                                                         result[1] (net)
                      0.355612    0.000877   10.000561 ^ result[1] (out)
                                             10.000561   data arrival time

                      0.000000    0.000000    0.000000   clock __VIRTUAL_CLK__ (rise edge)
                                  0.000000    0.000000   clock network delay (ideal)
                                  0.250000    0.250000   clock uncertainty
                                  0.000000    0.250000   clock reconvergence pessimism
                                 -8.000000   -7.750000   output external delay
                                             -7.750000   data required time
---------------------------------------------------------------------------------------------
                                             -7.750000   data required time
                                            -10.000561   data arrival time
---------------------------------------------------------------------------------------------
                                             17.750561   slack (MET)



