
===========================================================================
report_checks -path_delay min (Hold)
============================================================================
======================= min_ss_100C_1v60 Corner ===================================

Startpoint: operand_b[63] (input port clocked by __VIRTUAL_CLK__)
Endpoint: overflow_flag (output port clocked by __VIRTUAL_CLK__)
Path Group: __VIRTUAL_CLK__
Path Type: min

Fanout         Cap        Slew       Delay        Time   Description
---------------------------------------------------------------------------------------------
                      0.000000    0.000000    0.000000   clock __VIRTUAL_CLK__ (rise edge)
                                  0.000000    0.000000   clock network delay (ideal)
                                  8.000000    8.000000 v input external delay
     1    0.003810    0.022386    0.011787    8.011787 v operand_b[63] (in)
                                                         operand_b[63] (net)
                      0.022386    0.000000    8.011787 v input129/A (sky130_fd_sc_hd__buf_1)
     2    0.011255    0.137640    0.199862    8.211649 v input129/X (sky130_fd_sc_hd__buf_1)
                                                         net129 (net)
                      0.137640    0.000246    8.211895 v _6476_/B (sky130_fd_sc_hd__nand2_2)
     2    0.007674    0.096322    0.144618    8.356513 ^ _6476_/Y (sky130_fd_sc_hd__nand2_2)
                                                         _2554_ (net)
                      0.096322    0.000045    8.356559 ^ _6490_/A0 (sky130_fd_sc_hd__mux2_2)
     1    0.005190    0.084245    0.287227    8.643785 ^ _6490_/X (sky130_fd_sc_hd__mux2_2)
                                                         _2568_ (net)
                      0.084245    0.000046    8.643831 ^ _6500_/A2 (sky130_fd_sc_hd__o21ai_2)
     1    0.008669    0.088793    0.125711    8.769543 v _6500_/Y (sky130_fd_sc_hd__o21ai_2)
                                                         net136 (net)
                      0.088793    0.000251    8.769794 v output136/A (sky130_fd_sc_hd__clkdlybuf4s25_1)
     1    0.036043    0.486435    0.753335    9.523129 v output136/X (sky130_fd_sc_hd__clkdlybuf4s25_1)
                                                         overflow_flag (net)
                      0.486435    0.000647    9.523776 v overflow_flag (out)
                                              9.523776   data arrival time

                      0.000000    0.000000    0.000000   clock __VIRTUAL_CLK__ (rise edge)
                                  0.000000    0.000000   clock network delay (ideal)
                                  0.250000    0.250000   clock uncertainty
                                  0.000000    0.250000   clock reconvergence pessimism
                                 -8.000000   -7.750000   output external delay
                                             -7.750000   data required time
---------------------------------------------------------------------------------------------
                                             -7.750000   data required time
                                             -9.523776   data arrival time
---------------------------------------------------------------------------------------------
                                             17.273775   slack (MET)


Startpoint: operand_b[63] (input port clocked by __VIRTUAL_CLK__)
Endpoint: carry_out (output port clocked by __VIRTUAL_CLK__)
Path Group: __VIRTUAL_CLK__
Path Type: min

Fanout         Cap        Slew       Delay        Time   Description
---------------------------------------------------------------------------------------------
                      0.000000    0.000000    0.000000   clock __VIRTUAL_CLK__ (rise edge)
                                  0.000000    0.000000   clock network delay (ideal)
                                  8.000000    8.000000 ^ input external delay
     1    0.003939    0.039905    0.020704    8.020704 ^ operand_b[63] (in)
                                                         operand_b[63] (net)
                      0.039905    0.000000    8.020704 ^ input129/A (sky130_fd_sc_hd__buf_1)
     2    0.011759    0.232886    0.240839    8.261543 ^ input129/X (sky130_fd_sc_hd__buf_1)
                                                         net129 (net)
                      0.232886    0.000258    8.261802 ^ _6476_/B (sky130_fd_sc_hd__nand2_2)
     2    0.007019    0.087632    0.166046    8.427848 v _6476_/Y (sky130_fd_sc_hd__nand2_2)
                                                         _2554_ (net)
                      0.087632    0.000028    8.427876 v _6477_/B (sky130_fd_sc_hd__nor2_2)
     1    0.003024    0.104188    0.121682    8.549559 ^ _6477_/Y (sky130_fd_sc_hd__nor2_2)
                                                         _2555_ (net)
                      0.104188    0.000028    8.549586 ^ _6478_/B1 (sky130_fd_sc_hd__a41o_2)
     1    0.003431    0.053576    0.166764    8.716351 ^ _6478_/X (sky130_fd_sc_hd__a41o_2)
                                                         _2556_ (net)
                      0.053576    0.000034    8.716384 ^ _6483_/B1 (sky130_fd_sc_hd__a311o_2)
     1    0.002594    0.052248    0.157519    8.873903 ^ _6483_/X (sky130_fd_sc_hd__a311o_2)
                                                         _2561_ (net)
                      0.052248    0.000028    8.873931 ^ _6488_/B (sky130_fd_sc_hd__or3b_2)
     1    0.009440    0.102426    0.205514    9.079445 ^ _6488_/X (sky130_fd_sc_hd__or3b_2)
                                                         _2567_ (net)
                      0.102426    0.000296    9.079741 ^ _6489_/A (sky130_fd_sc_hd__buf_1)
     1    0.003109    0.077937    0.159927    9.239668 ^ _6489_/X (sky130_fd_sc_hd__buf_1)
                                                         net134 (net)
                      0.077937    0.000029    9.239697 ^ output134/A (sky130_fd_sc_hd__clkdlybuf4s25_1)
     1    0.035488    0.571910    0.786926   10.026624 ^ output134/X (sky130_fd_sc_hd__clkdlybuf4s25_1)
                                                         carry_out (net)
                      0.571910    0.000557   10.027181 ^ carry_out (out)
                                             10.027181   data arrival time

                      0.000000    0.000000    0.000000   clock __VIRTUAL_CLK__ (rise edge)
                                  0.000000    0.000000   clock network delay (ideal)
                                  0.250000    0.250000   clock uncertainty
                                  0.000000    0.250000   clock reconvergence pessimism
                                 -8.000000   -7.750000   output external delay
                                             -7.750000   data required time
---------------------------------------------------------------------------------------------
                                             -7.750000   data required time
                                            -10.027181   data arrival time
---------------------------------------------------------------------------------------------
                                             17.777180   slack (MET)


Startpoint: operand_b[62] (input port clocked by __VIRTUAL_CLK__)
Endpoint: negative_flag (output port clocked by __VIRTUAL_CLK__)
Path Group: __VIRTUAL_CLK__
Path Type: min

Fanout         Cap        Slew       Delay        Time   Description
---------------------------------------------------------------------------------------------
                      0.000000    0.000000    0.000000   clock __VIRTUAL_CLK__ (rise edge)
                                  0.000000    0.000000   clock network delay (ideal)
                                  8.000000    8.000000 v input external delay
     1    0.003634    0.021693    0.011259    8.011258 v operand_b[62] (in)
                                                         operand_b[62] (net)
                      0.021693    0.000000    8.011258 v input128/A (sky130_fd_sc_hd__buf_1)
     2    0.014285    0.169863    0.222568    8.233827 v input128/X (sky130_fd_sc_hd__buf_1)
                                                         net128 (net)
                      0.169863    0.000213    8.234039 v _5962_/B (sky130_fd_sc_hd__nand2_2)
     3    0.007463    0.097722    0.158235    8.392275 ^ _5962_/Y (sky130_fd_sc_hd__nand2_2)
                                                         _1990_ (net)
                      0.097722    0.000070    8.392344 ^ _5975_/C (sky130_fd_sc_hd__and3_2)
     1    0.003674    0.085459    0.354634    8.746979 ^ _5975_/X (sky130_fd_sc_hd__and3_2)
                                                         _2004_ (net)
                      0.085459    0.000047    8.747025 ^ _5979_/A0 (sky130_fd_sc_hd__mux2_2)
     1    0.004084    0.075354    0.271982    9.019007 ^ _5979_/X (sky130_fd_sc_hd__mux2_2)
                                                         _2009_ (net)
                      0.075354    0.000049    9.019056 ^ _5980_/C1 (sky130_fd_sc_hd__a211o_2)
     3    0.025483    0.198283    0.271811    9.290867 ^ _5980_/X (sky130_fd_sc_hd__a211o_2)
                                                         net135 (net)
                      0.198283    0.000336    9.291203 ^ output135/A (sky130_fd_sc_hd__clkdlybuf4s25_1)
     1    0.035542    0.573239    0.838739   10.129942 ^ output135/X (sky130_fd_sc_hd__clkdlybuf4s25_1)
                                                         negative_flag (net)
                      0.573239    0.000558   10.130500 ^ negative_flag (out)
                                             10.130500   data arrival time

                      0.000000    0.000000    0.000000   clock __VIRTUAL_CLK__ (rise edge)
                                  0.000000    0.000000   clock network delay (ideal)
                                  0.250000    0.250000   clock uncertainty
                                  0.000000    0.250000   clock reconvergence pessimism
                                 -8.000000   -7.750000   output external delay
                                             -7.750000   data required time
---------------------------------------------------------------------------------------------
                                             -7.750000   data required time
                                            -10.130500   data arrival time
---------------------------------------------------------------------------------------------
                                             17.880499   slack (MET)


Startpoint: operand_b[62] (input port clocked by __VIRTUAL_CLK__)
Endpoint: zero_flag (output port clocked by __VIRTUAL_CLK__)
Path Group: __VIRTUAL_CLK__
Path Type: min

Fanout         Cap        Slew       Delay        Time   Description
---------------------------------------------------------------------------------------------
                      0.000000    0.000000    0.000000   clock __VIRTUAL_CLK__ (rise edge)
                                  0.000000    0.000000   clock network delay (ideal)
                                  8.000000    8.000000 v input external delay
     1    0.003634    0.021693    0.011259    8.011258 v operand_b[62] (in)
                                                         operand_b[62] (net)
                      0.021693    0.000000    8.011258 v input128/A (sky130_fd_sc_hd__buf_1)
     2    0.014285    0.169863    0.222568    8.233827 v input128/X (sky130_fd_sc_hd__buf_1)
                                                         net128 (net)
                      0.169863    0.000213    8.234039 v _5962_/B (sky130_fd_sc_hd__nand2_2)
     3    0.007463    0.097722    0.158235    8.392275 ^ _5962_/Y (sky130_fd_sc_hd__nand2_2)
                                                         _1990_ (net)
                      0.097722    0.000070    8.392344 ^ _5975_/C (sky130_fd_sc_hd__and3_2)
     1    0.003674    0.085459    0.354634    8.746979 ^ _5975_/X (sky130_fd_sc_hd__and3_2)
                                                         _2004_ (net)
                      0.085459    0.000047    8.747025 ^ _5979_/A0 (sky130_fd_sc_hd__mux2_2)
     1    0.004084    0.075354    0.271982    9.019007 ^ _5979_/X (sky130_fd_sc_hd__mux2_2)
                                                         _2009_ (net)
                      0.075354    0.000049    9.019056 ^ _5980_/C1 (sky130_fd_sc_hd__a211o_2)
     3    0.025483    0.198283    0.271811    9.290867 ^ _5980_/X (sky130_fd_sc_hd__a211o_2)
                                                         net135 (net)
                      0.198283    0.000324    9.291191 ^ _6005_/C (sky130_fd_sc_hd__nor4_4)
     1    0.005607    0.033282    0.118680    9.409871 v _6005_/Y (sky130_fd_sc_hd__nor4_4)
                                                         net201 (net)
                      0.033282    0.000113    9.409985 v output201/A (sky130_fd_sc_hd__clkdlybuf4s25_1)
     1    0.036618    0.493869    0.734593   10.144577 v output201/X (sky130_fd_sc_hd__clkdlybuf4s25_1)
                                                         zero_flag (net)
                      0.493869    0.000751   10.145328 v zero_flag (out)
                                             10.145328   data arrival time

                      0.000000    0.000000    0.000000   clock __VIRTUAL_CLK__ (rise edge)
                                  0.000000    0.000000   clock network delay (ideal)
                                  0.250000    0.250000   clock uncertainty
                                  0.000000    0.250000   clock reconvergence pessimism
                                 -8.000000   -7.750000   output external delay
                                             -7.750000   data required time
---------------------------------------------------------------------------------------------
                                             -7.750000   data required time
                                            -10.145328   data arrival time
---------------------------------------------------------------------------------------------
                                             17.895329   slack (MET)


Startpoint: operand_b[61] (input port clocked by __VIRTUAL_CLK__)
Endpoint: result[62] (output port clocked by __VIRTUAL_CLK__)
Path Group: __VIRTUAL_CLK__
Path Type: min

Fanout         Cap        Slew       Delay        Time   Description
---------------------------------------------------------------------------------------------
                      0.000000    0.000000    0.000000   clock __VIRTUAL_CLK__ (rise edge)
                                  0.000000    0.000000   clock network delay (ideal)
                                  8.000000    8.000000 v input external delay
     1    0.004849    0.026518    0.014900    8.014900 v operand_b[61] (in)
                                                         operand_b[61] (net)
                      0.026518    0.000000    8.014900 v input127/A (sky130_fd_sc_hd__buf_1)
     4    0.024933    0.285476    0.304472    8.319372 v input127/X (sky130_fd_sc_hd__buf_1)
                                                         net127 (net)
                      0.285476    0.000449    8.319820 v _5932_/B (sky130_fd_sc_hd__nand2_2)
     2    0.010266    0.131003    0.221434    8.541255 ^ _5932_/Y (sky130_fd_sc_hd__nand2_2)
                                                         _1958_ (net)
                      0.131003    0.000174    8.541430 ^ _5933_/B1 (sky130_fd_sc_hd__o21ai_2)
     2    0.007876    0.095157    0.140362    8.681790 v _5933_/Y (sky130_fd_sc_hd__o21ai_2)
                                                         _1959_ (net)
                      0.095157    0.000099    8.681890 v _5934_/A (sky130_fd_sc_hd__inv_2)
     2    0.005596    0.055234    0.087424    8.769315 ^ _5934_/Y (sky130_fd_sc_hd__inv_2)
                                                         _1960_ (net)
                      0.055234    0.000023    8.769338 ^ _5950_/A2 (sky130_fd_sc_hd__a311o_2)
     1    0.005614    0.074512    0.353088    9.122426 ^ _5950_/X (sky130_fd_sc_hd__a311o_2)
                                                         _1978_ (net)
                      0.074512    0.000122    9.122547 ^ _5951_/C1 (sky130_fd_sc_hd__a221o_2)
     2    0.013853    0.133223    0.239448    9.361995 ^ _5951_/X (sky130_fd_sc_hd__a221o_2)
                                                         net195 (net)
                      0.133223    0.000176    9.362171 ^ output195/A (sky130_fd_sc_hd__clkdlybuf4s25_1)
     1    0.035363    0.570187    0.809163   10.171334 ^ output195/X (sky130_fd_sc_hd__clkdlybuf4s25_1)
                                                         result[62] (net)
                      0.570187    0.000520   10.171855 ^ result[62] (out)
                                             10.171855   data arrival time

                      0.000000    0.000000    0.000000   clock __VIRTUAL_CLK__ (rise edge)
                                  0.000000    0.000000   clock network delay (ideal)
                                  0.250000    0.250000   clock uncertainty
                                  0.000000    0.250000   clock reconvergence pessimism
                                 -8.000000   -7.750000   output external delay
                                             -7.750000   data required time
---------------------------------------------------------------------------------------------
                                             -7.750000   data required time
                                            -10.171855   data arrival time
---------------------------------------------------------------------------------------------
                                             17.921854   slack (MET)


Startpoint: operand_b[62] (input port clocked by __VIRTUAL_CLK__)
Endpoint: result[63] (output port clocked by __VIRTUAL_CLK__)
Path Group: __VIRTUAL_CLK__
Path Type: min

Fanout         Cap        Slew       Delay        Time   Description
---------------------------------------------------------------------------------------------
                      0.000000    0.000000    0.000000   clock __VIRTUAL_CLK__ (rise edge)
                                  0.000000    0.000000   clock network delay (ideal)
                                  8.000000    8.000000 v input external delay
     1    0.003634    0.021693    0.011259    8.011258 v operand_b[62] (in)
                                                         operand_b[62] (net)
                      0.021693    0.000000    8.011258 v input128/A (sky130_fd_sc_hd__buf_1)
     2    0.014285    0.169863    0.222568    8.233827 v input128/X (sky130_fd_sc_hd__buf_1)
                                                         net128 (net)
                      0.169863    0.000213    8.234039 v _5962_/B (sky130_fd_sc_hd__nand2_2)
     3    0.007463    0.097722    0.158235    8.392275 ^ _5962_/Y (sky130_fd_sc_hd__nand2_2)
                                                         _1990_ (net)
                      0.097722    0.000070    8.392344 ^ _5975_/C (sky130_fd_sc_hd__and3_2)
     1    0.003674    0.085459    0.354634    8.746979 ^ _5975_/X (sky130_fd_sc_hd__and3_2)
                                                         _2004_ (net)
                      0.085459    0.000047    8.747025 ^ _5979_/A0 (sky130_fd_sc_hd__mux2_2)
     1    0.004084    0.075354    0.271982    9.019007 ^ _5979_/X (sky130_fd_sc_hd__mux2_2)
                                                         _2009_ (net)
                      0.075354    0.000049    9.019056 ^ _5980_/C1 (sky130_fd_sc_hd__a211o_2)
     3    0.025483    0.198283    0.271811    9.290867 ^ _5980_/X (sky130_fd_sc_hd__a211o_2)
                                                         net135 (net)
                      0.198283    0.000326    9.291193 ^ _6501_/A (sky130_fd_sc_hd__buf_2)
     1    0.002484    0.045566    0.214599    9.505792 ^ _6501_/X (sky130_fd_sc_hd__buf_2)
                                                         net196 (net)
                      0.045566    0.000011    9.505803 ^ output196/A (sky130_fd_sc_hd__clkdlybuf4s25_1)
     1    0.035777    0.576366    0.776697   10.282499 ^ output196/X (sky130_fd_sc_hd__clkdlybuf4s25_1)
                                                         result[63] (net)
                      0.576366    0.000625   10.283125 ^ result[63] (out)
                                             10.283125   data arrival time

                      0.000000    0.000000    0.000000   clock __VIRTUAL_CLK__ (rise edge)
                                  0.000000    0.000000   clock network delay (ideal)
                                  0.250000    0.250000   clock uncertainty
                                  0.000000    0.250000   clock reconvergence pessimism
                                 -8.000000   -7.750000   output external delay
                                             -7.750000   data required time
---------------------------------------------------------------------------------------------
                                             -7.750000   data required time
                                            -10.283125   data arrival time
---------------------------------------------------------------------------------------------
                                             18.033123   slack (MET)


Startpoint: operand_b[49] (input port clocked by __VIRTUAL_CLK__)
Endpoint: result[50] (output port clocked by __VIRTUAL_CLK__)
Path Group: __VIRTUAL_CLK__
Path Type: min

Fanout         Cap        Slew       Delay        Time   Description
---------------------------------------------------------------------------------------------
                      0.000000    0.000000    0.000000   clock __VIRTUAL_CLK__ (rise edge)
                                  0.000000    0.000000   clock network delay (ideal)
                                  8.000000    8.000000 ^ input external delay
     1    0.004825    0.045996    0.025153    8.025153 ^ operand_b[49] (in)
                                                         operand_b[49] (net)
                      0.045996    0.000000    8.025153 ^ input113/A (sky130_fd_sc_hd__clkdlybuf4s25_1)
     3    0.012790    0.221640    0.535929    8.561082 ^ input113/X (sky130_fd_sc_hd__clkdlybuf4s25_1)
                                                         net113 (net)
                      0.221640    0.000298    8.561380 ^ _5503_/A2 (sky130_fd_sc_hd__o21a_2)
     3    0.013158    0.131205    0.328159    8.889539 ^ _5503_/X (sky130_fd_sc_hd__o21a_2)
                                                         _1499_ (net)
                      0.131205    0.000135    8.889674 ^ _5504_/B1 (sky130_fd_sc_hd__a21oi_2)
     2    0.016164    0.085737    0.116908    9.006582 v _5504_/Y (sky130_fd_sc_hd__a21oi_2)
                                                         _1500_ (net)
                      0.085738    0.000408    9.006990 v _5505_/B (sky130_fd_sc_hd__xnor2_2)
     1    0.003933    0.068407    0.188295    9.195285 ^ _5505_/Y (sky130_fd_sc_hd__xnor2_2)
                                                         _1501_ (net)
                      0.068407    0.000048    9.195333 ^ _5520_/B1 (sky130_fd_sc_hd__a221o_2)
     2    0.011822    0.117987    0.319605    9.514937 ^ _5520_/X (sky130_fd_sc_hd__a221o_2)
                                                         net182 (net)
                      0.117987    0.000179    9.515116 ^ output182/A (sky130_fd_sc_hd__clkdlybuf4s25_1)
     1    0.036340    0.590382    0.813315   10.328431 ^ output182/X (sky130_fd_sc_hd__clkdlybuf4s25_1)
                                                         result[50] (net)
                      0.590382    0.000222   10.328653 ^ result[50] (out)
                                             10.328653   data arrival time

                      0.000000    0.000000    0.000000   clock __VIRTUAL_CLK__ (rise edge)
                                  0.000000    0.000000   clock network delay (ideal)
                                  0.250000    0.250000   clock uncertainty
                                  0.000000    0.250000   clock reconvergence pessimism
                                 -8.000000   -7.750000   output external delay
                                             -7.750000   data required time
---------------------------------------------------------------------------------------------
                                             -7.750000   data required time
                                            -10.328653   data arrival time
---------------------------------------------------------------------------------------------
                                             18.078651   slack (MET)


Startpoint: operand_b[60] (input port clocked by __VIRTUAL_CLK__)
Endpoint: result[61] (output port clocked by __VIRTUAL_CLK__)
Path Group: __VIRTUAL_CLK__
Path Type: min

Fanout         Cap        Slew       Delay        Time   Description
---------------------------------------------------------------------------------------------
                      0.000000    0.000000    0.000000   clock __VIRTUAL_CLK__ (rise edge)
                                  0.000000    0.000000   clock network delay (ideal)
                                  8.000000    8.000000 v input external delay
     1    0.006976    0.035039    0.021123    8.021123 v operand_b[60] (in)
                                                         operand_b[60] (net)
                      0.035040    0.000000    8.021123 v input126/A (sky130_fd_sc_hd__clkdlybuf4s25_1)
     4    0.023928    0.333039    0.620735    8.641858 v input126/X (sky130_fd_sc_hd__clkdlybuf4s25_1)
                                                         net126 (net)
                      0.333039    0.000573    8.642431 v _5897_/B (sky130_fd_sc_hd__nand2_2)
     3    0.023534    0.227909    0.316718    8.959149 ^ _5897_/Y (sky130_fd_sc_hd__nand2_2)
                                                         _1921_ (net)
                      0.227909    0.000401    8.959550 ^ _5913_/A2 (sky130_fd_sc_hd__a31o_2)
     1    0.004271    0.065998    0.361283    9.320832 ^ _5913_/X (sky130_fd_sc_hd__a31o_2)
                                                         _1938_ (net)
                      0.065998    0.000052    9.320885 ^ _5915_/B1 (sky130_fd_sc_hd__a211o_2)
     2    0.014275    0.121273    0.216208    9.537093 ^ _5915_/X (sky130_fd_sc_hd__a211o_2)
                                                         net194 (net)
                      0.121273    0.000169    9.537262 ^ output194/A (sky130_fd_sc_hd__clkdlybuf4s25_1)
     1    0.035729    0.575809    0.807898   10.345160 ^ output194/X (sky130_fd_sc_hd__clkdlybuf4s25_1)
                                                         result[61] (net)
                      0.575809    0.000550   10.345710 ^ result[61] (out)
                                             10.345710   data arrival time

                      0.000000    0.000000    0.000000   clock __VIRTUAL_CLK__ (rise edge)
                                  0.000000    0.000000   clock network delay (ideal)
                                  0.250000    0.250000   clock uncertainty
                                  0.000000    0.250000   clock reconvergence pessimism
                                 -8.000000   -7.750000   output external delay
                                             -7.750000   data required time
---------------------------------------------------------------------------------------------
                                             -7.750000   data required time
                                            -10.345710   data arrival time
---------------------------------------------------------------------------------------------
                                             18.095709   slack (MET)


Startpoint: operand_b[57] (input port clocked by __VIRTUAL_CLK__)
Endpoint: result[57] (output port clocked by __VIRTUAL_CLK__)
Path Group: __VIRTUAL_CLK__
Path Type: min

Fanout         Cap        Slew       Delay        Time   Description
---------------------------------------------------------------------------------------------
                      0.000000    0.000000    0.000000   clock __VIRTUAL_CLK__ (rise edge)
                                  0.000000    0.000000   clock network delay (ideal)
                                  8.000000    8.000000 ^ input external delay
     1    0.007332    0.062961    0.037256    8.037255 ^ operand_b[57] (in)
                                                         operand_b[57] (net)
                      0.062962    0.000000    8.037255 ^ input122/A (sky130_fd_sc_hd__clkdlybuf4s25_1)
     2    0.016287    0.275487    0.579577    8.616833 ^ input122/X (sky130_fd_sc_hd__clkdlybuf4s25_1)
                                                         net122 (net)
                      0.275487    0.000246    8.617079 ^ _5773_/A1 (sky130_fd_sc_hd__a22o_2)
     1    0.005913    0.083615    0.366260    8.983338 ^ _5773_/X (sky130_fd_sc_hd__a22o_2)
                                                         _1789_ (net)
                      0.083615    0.000066    8.983404 ^ _5774_/A2 (sky130_fd_sc_hd__o21ai_2)
     1    0.004422    0.056854    0.101607    9.085011 v _5774_/Y (sky130_fd_sc_hd__o21ai_2)
                                                         _1790_ (net)
                      0.056854    0.000066    9.085077 v _5775_/B1 (sky130_fd_sc_hd__o211a_2)
     1    0.006653    0.064903    0.240328    9.325405 v _5775_/X (sky130_fd_sc_hd__o211a_2)
                                                         _1791_ (net)
                      0.064903    0.000128    9.325533 v _5776_/B1 (sky130_fd_sc_hd__o21ai_2)
     1    0.003554    0.063277    0.077590    9.403123 ^ _5776_/Y (sky130_fd_sc_hd__o21ai_2)
                                                         _1793_ (net)
                      0.063277    0.000038    9.403161 ^ _5777_/C1 (sky130_fd_sc_hd__a221o_2)
     2    0.011821    0.117987    0.222217    9.625378 ^ _5777_/X (sky130_fd_sc_hd__a221o_2)
                                                         net189 (net)
                      0.117987    0.000333    9.625711 ^ output189/A (sky130_fd_sc_hd__clkdlybuf4s25_1)
     1    0.036516    0.588063    0.814715   10.440426 ^ output189/X (sky130_fd_sc_hd__clkdlybuf4s25_1)
                                                         result[57] (net)
                      0.588063    0.000601   10.441027 ^ result[57] (out)
                                             10.441027   data arrival time

                      0.000000    0.000000    0.000000   clock __VIRTUAL_CLK__ (rise edge)
                                  0.000000    0.000000   clock network delay (ideal)
                                  0.250000    0.250000   clock uncertainty
                                  0.000000    0.250000   clock reconvergence pessimism
                                 -8.000000   -7.750000   output external delay
                                             -7.750000   data required time
---------------------------------------------------------------------------------------------
                                             -7.750000   data required time
                                            -10.441027   data arrival time
---------------------------------------------------------------------------------------------
                                             18.191029   slack (MET)


Startpoint: operand_b[36] (input port clocked by __VIRTUAL_CLK__)
Endpoint: result[37] (output port clocked by __VIRTUAL_CLK__)
Path Group: __VIRTUAL_CLK__
Path Type: min

Fanout         Cap        Slew       Delay        Time   Description
---------------------------------------------------------------------------------------------
                      0.000000    0.000000    0.000000   clock __VIRTUAL_CLK__ (rise edge)
                                  0.000000    0.000000   clock network delay (ideal)
                                  8.000000    8.000000 v input external delay
     1    0.003938    0.022893    0.012168    8.012168 v operand_b[36] (in)
                                                         operand_b[36] (net)
                      0.022893    0.000000    8.012168 v input99/A (sky130_fd_sc_hd__clkdlybuf4s25_1)
     3    0.014775    0.217345    0.533069    8.545237 v input99/X (sky130_fd_sc_hd__clkdlybuf4s25_1)
                                                         net99 (net)
                      0.217345    0.000291    8.545528 v _5002_/A (sky130_fd_sc_hd__inv_2)
     2    0.007019    0.088348    0.144039    8.689568 ^ _5002_/Y (sky130_fd_sc_hd__inv_2)
                                                         _0963_ (net)
                      0.088348    0.000104    8.689672 ^ _5003_/B1 (sky130_fd_sc_hd__a21o_2)
     1    0.008592    0.083857    0.180130    8.869802 ^ _5003_/X (sky130_fd_sc_hd__a21o_2)
                                                         _0964_ (net)
                      0.083857    0.000168    8.869969 ^ _5005_/A2 (sky130_fd_sc_hd__a21oi_2)
     1    0.009114    0.057017    0.136284    9.006253 v _5005_/Y (sky130_fd_sc_hd__a21oi_2)
                                                         _0966_ (net)
                      0.057017    0.000094    9.006347 v _5006_/B (sky130_fd_sc_hd__xnor2_2)
     1    0.011365    0.130831    0.258551    9.264898 v _5006_/Y (sky130_fd_sc_hd__xnor2_2)
                                                         _0967_ (net)
                      0.130831    0.000277    9.265176 v _5007_/B (sky130_fd_sc_hd__nor2_2)
     1    0.004399    0.128020    0.155344    9.420520 ^ _5007_/Y (sky130_fd_sc_hd__nor2_2)
                                                         _0968_ (net)
                      0.128020    0.000047    9.420567 ^ _5025_/B1 (sky130_fd_sc_hd__a211o_2)
     2    0.013728    0.117564    0.240452    9.661019 ^ _5025_/X (sky130_fd_sc_hd__a211o_2)
                                                         net167 (net)
                      0.117564    0.000296    9.661315 ^ output167/A (sky130_fd_sc_hd__clkdlybuf4s25_1)
     1    0.036278    0.584332    0.811968   10.473283 ^ output167/X (sky130_fd_sc_hd__clkdlybuf4s25_1)
                                                         result[37] (net)
                      0.584332    0.000700   10.473983 ^ result[37] (out)
                                             10.473983   data arrival time

                      0.000000    0.000000    0.000000   clock __VIRTUAL_CLK__ (rise edge)
                                  0.000000    0.000000   clock network delay (ideal)
                                  0.250000    0.250000   clock uncertainty
                                  0.000000    0.250000   clock reconvergence pessimism
                                 -8.000000   -7.750000   output external delay
                                             -7.750000   data required time
---------------------------------------------------------------------------------------------
                                             -7.750000   data required time
                                            -10.473983   data arrival time
---------------------------------------------------------------------------------------------
                                             18.223984   slack (MET)


Startpoint: operand_b[16] (input port clocked by __VIRTUAL_CLK__)
Endpoint: result[17] (output port clocked by __VIRTUAL_CLK__)
Path Group: __VIRTUAL_CLK__
Path Type: min

Fanout         Cap        Slew       Delay        Time   Description
---------------------------------------------------------------------------------------------
                      0.000000    0.000000    0.000000   clock __VIRTUAL_CLK__ (rise edge)
                                  0.000000    0.000000   clock network delay (ideal)
                                  8.000000    8.000000 v input external delay
     1    0.007105    0.035564    0.021511    8.021511 v operand_b[16] (in)
                                                         operand_b[16] (net)
                      0.035566    0.000000    8.021511 v input77/A (sky130_fd_sc_hd__clkdlybuf4s25_1)
     5    0.028525    0.391294    0.662620    8.684131 v input77/X (sky130_fd_sc_hd__clkdlybuf4s25_1)
                                                         net77 (net)
                      0.391294    0.000608    8.684738 v _4129_/A1 (sky130_fd_sc_hd__o211ai_2)
     1    0.004142    0.078992    0.366552    9.051291 ^ _4129_/Y (sky130_fd_sc_hd__o211ai_2)
                                                         _0110_ (net)
                      0.078992    0.000051    9.051341 ^ _4166_/A2 (sky130_fd_sc_hd__a31o_2)
     1    0.005216    0.073710    0.318991    9.370333 ^ _4166_/X (sky130_fd_sc_hd__a31o_2)
                                                         _0147_ (net)
                      0.073710    0.000053    9.370385 ^ _4167_/B1 (sky130_fd_sc_hd__a31o_2)
     2    0.031210    0.281769    0.329794    9.700180 ^ _4167_/X (sky130_fd_sc_hd__a31o_2)
                                                         net145 (net)
                      0.281769    0.000597    9.700776 ^ output145/A (sky130_fd_sc_hd__clkdlybuf4s25_1)
     1    0.037289    0.601489    0.887293   10.588069 ^ output145/X (sky130_fd_sc_hd__clkdlybuf4s25_1)
                                                         result[17] (net)
                      0.601489    0.000849   10.588919 ^ result[17] (out)
                                             10.588919   data arrival time

                      0.000000    0.000000    0.000000   clock __VIRTUAL_CLK__ (rise edge)
                                  0.000000    0.000000   clock network delay (ideal)
                                  0.250000    0.250000   clock uncertainty
                                  0.000000    0.250000   clock reconvergence pessimism
                                 -8.000000   -7.750000   output external delay
                                             -7.750000   data required time
---------------------------------------------------------------------------------------------
                                             -7.750000   data required time
                                            -10.588919   data arrival time
---------------------------------------------------------------------------------------------
                                             18.338919   slack (MET)


Startpoint: operand_a[1] (input port clocked by __VIRTUAL_CLK__)
Endpoint: result[2] (output port clocked by __VIRTUAL_CLK__)
Path Group: __VIRTUAL_CLK__
Path Type: min

Fanout         Cap        Slew       Delay        Time   Description
---------------------------------------------------------------------------------------------
                      0.000000    0.000000    0.000000   clock __VIRTUAL_CLK__ (rise edge)
                                  0.000000    0.000000   clock network delay (ideal)
                                  8.000000    8.000000 v input external delay
     1    0.007045    0.035321    0.021339    8.021339 v operand_a[1] (in)
                                                         operand_a[1] (net)
                      0.035323    0.000000    8.021339 v input17/A (sky130_fd_sc_hd__clkdlybuf4s25_1)
     4    0.020564    0.290362    0.590578    8.611917 v input17/X (sky130_fd_sc_hd__clkdlybuf4s25_1)
                                                         net17 (net)
                      0.290362    0.000368    8.612286 v _3408_/B (sky130_fd_sc_hd__nand2b_2)
     4    0.016287    0.153715    0.255945    8.868230 ^ _3408_/Y (sky130_fd_sc_hd__nand2b_2)
                                                         _2621_ (net)
                      0.153715    0.000263    8.868493 ^ _3422_/A1 (sky130_fd_sc_hd__a21o_2)
     1    0.010621    0.102218    0.292344    9.160837 ^ _3422_/X (sky130_fd_sc_hd__a21o_2)
                                                         _2635_ (net)
                      0.102218    0.000133    9.160970 ^ _3423_/B (sky130_fd_sc_hd__xnor2_2)
     1    0.008960    0.109527    0.151986    9.312956 v _3423_/Y (sky130_fd_sc_hd__xnor2_2)
                                                         _2636_ (net)
                      0.109527    0.000242    9.313198 v _3435_/A2 (sky130_fd_sc_hd__o221ai_2)
     1    0.003286    0.087144    0.251858    9.565057 ^ _3435_/Y (sky130_fd_sc_hd__o221ai_2)
                                                         _2648_ (net)
                      0.087144    0.000033    9.565089 ^ _3436_/C1 (sky130_fd_sc_hd__a221o_2)
     2    0.011259    0.113837    0.229688    9.794778 ^ _3436_/X (sky130_fd_sc_hd__a221o_2)
                                                         net159 (net)
                      0.113837    0.000253    9.795031 ^ output159/A (sky130_fd_sc_hd__clkdlybuf4s25_1)
     1    0.035385    0.570445    0.801142   10.596173 ^ output159/X (sky130_fd_sc_hd__clkdlybuf4s25_1)
                                                         result[2] (net)
                      0.570445    0.000518   10.596691 ^ result[2] (out)
                                             10.596691   data arrival time

                      0.000000    0.000000    0.000000   clock __VIRTUAL_CLK__ (rise edge)
                                  0.000000    0.000000   clock network delay (ideal)
                                  0.250000    0.250000   clock uncertainty
                                  0.000000    0.250000   clock reconvergence pessimism
                                 -8.000000   -7.750000   output external delay
                                             -7.750000   data required time
---------------------------------------------------------------------------------------------
                                             -7.750000   data required time
                                            -10.596691   data arrival time
---------------------------------------------------------------------------------------------
                                             18.346689   slack (MET)


Startpoint: operand_b[32] (input port clocked by __VIRTUAL_CLK__)
Endpoint: result[33] (output port clocked by __VIRTUAL_CLK__)
Path Group: __VIRTUAL_CLK__
Path Type: min

Fanout         Cap        Slew       Delay        Time   Description
---------------------------------------------------------------------------------------------
                      0.000000    0.000000    0.000000   clock __VIRTUAL_CLK__ (rise edge)
                                  0.000000    0.000000   clock network delay (ideal)
                                  8.000000    8.000000 v input external delay
     1    0.005204    0.027923    0.015965    8.015965 v operand_b[32] (in)
                                                         operand_b[32] (net)
                      0.027924    0.000000    8.015965 v input95/A (sky130_fd_sc_hd__clkdlybuf4s25_1)
     4    0.027326    0.376064    0.648639    8.664604 v input95/X (sky130_fd_sc_hd__clkdlybuf4s25_1)
                                                         net95 (net)
                      0.376064    0.000239    8.664844 v _4827_/A1 (sky130_fd_sc_hd__a21oi_2)
     1    0.009203    0.232584    0.374205    9.039048 ^ _4827_/Y (sky130_fd_sc_hd__a21oi_2)
                                                         _0792_ (net)
                      0.232584    0.000093    9.039142 ^ _4828_/B (sky130_fd_sc_hd__xnor2_2)
     2    0.011634    0.132824    0.212482    9.251624 v _4828_/Y (sky130_fd_sc_hd__xnor2_2)
                                                         _0793_ (net)
                      0.132824    0.000264    9.251887 v _4852_/A1 (sky130_fd_sc_hd__o221ai_2)
     1    0.005230    0.108159    0.320533    9.572420 ^ _4852_/Y (sky130_fd_sc_hd__o221ai_2)
                                                         _0817_ (net)
                      0.108159    0.000092    9.572513 ^ _4859_/B1 (sky130_fd_sc_hd__a311o_2)
     2    0.012854    0.127650    0.249209    9.821721 ^ _4859_/X (sky130_fd_sc_hd__a311o_2)
                                                         net163 (net)
                      0.127650    0.000248    9.821969 ^ output163/A (sky130_fd_sc_hd__clkdlybuf4s25_1)
     1    0.037904    0.610030    0.833157   10.655126 ^ output163/X (sky130_fd_sc_hd__clkdlybuf4s25_1)
                                                         result[33] (net)
                      0.610030    0.000957   10.656083 ^ result[33] (out)
                                             10.656083   data arrival time

                      0.000000    0.000000    0.000000   clock __VIRTUAL_CLK__ (rise edge)
                                  0.000000    0.000000   clock network delay (ideal)
                                  0.250000    0.250000   clock uncertainty
                                  0.000000    0.250000   clock reconvergence pessimism
                                 -8.000000   -7.750000   output external delay
                                             -7.750000   data required time
---------------------------------------------------------------------------------------------
                                             -7.750000   data required time
                                            -10.656083   data arrival time
---------------------------------------------------------------------------------------------
                                             18.406084   slack (MET)


Startpoint: operand_b[40] (input port clocked by __VIRTUAL_CLK__)
Endpoint: result[41] (output port clocked by __VIRTUAL_CLK__)
Path Group: __VIRTUAL_CLK__
Path Type: min

Fanout         Cap        Slew       Delay        Time   Description
---------------------------------------------------------------------------------------------
                      0.000000    0.000000    0.000000   clock __VIRTUAL_CLK__ (rise edge)
                                  0.000000    0.000000   clock network delay (ideal)
                                  8.000000    8.000000 ^ input external delay
     1    0.005570    0.051070    0.028854    8.028854 ^ operand_b[40] (in)
                                                         operand_b[40] (net)
                      0.051070    0.000000    8.028854 ^ input104/A (sky130_fd_sc_hd__clkdlybuf4s25_1)
     2    0.016259    0.275020    0.574444    8.603298 ^ input104/X (sky130_fd_sc_hd__clkdlybuf4s25_1)
                                                         net104 (net)
                      0.275020    0.000230    8.603528 ^ _5196_/A2 (sky130_fd_sc_hd__a2111o_2)
     1    0.005221    0.060511    0.341695    8.945223 ^ _5196_/X (sky130_fd_sc_hd__a2111o_2)
                                                         _1171_ (net)
                      0.060511    0.000031    8.945253 ^ _5197_/C1 (sky130_fd_sc_hd__o211ai_2)
     1    0.003213    0.089992    0.133136    9.078390 v _5197_/Y (sky130_fd_sc_hd__o211ai_2)
                                                         _1172_ (net)
                      0.089992    0.000034    9.078424 v _5198_/B1 (sky130_fd_sc_hd__a41o_2)
     1    0.002410    0.057846    0.392132    9.470555 v _5198_/X (sky130_fd_sc_hd__a41o_2)
                                                         _1173_ (net)
                      0.057846    0.000009    9.470564 v _5199_/B1 (sky130_fd_sc_hd__a31o_2)
     2    0.014021    0.109406    0.426411    9.896976 v _5199_/X (sky130_fd_sc_hd__a31o_2)
                                                         net172 (net)
                      0.109406    0.000381    9.897356 v output172/A (sky130_fd_sc_hd__clkdlybuf4s25_1)
     1    0.036126    0.487425    0.763125   10.660480 v output172/X (sky130_fd_sc_hd__clkdlybuf4s25_1)
                                                         result[41] (net)
                      0.487425    0.000579   10.661060 v result[41] (out)
                                             10.661060   data arrival time

                      0.000000    0.000000    0.000000   clock __VIRTUAL_CLK__ (rise edge)
                                  0.000000    0.000000   clock network delay (ideal)
                                  0.250000    0.250000   clock uncertainty
                                  0.000000    0.250000   clock reconvergence pessimism
                                 -8.000000   -7.750000   output external delay
                                             -7.750000   data required time
---------------------------------------------------------------------------------------------
                                             -7.750000   data required time
                                            -10.661060   data arrival time
---------------------------------------------------------------------------------------------
                                             18.411060   slack (MET)


Startpoint: operand_b[49] (input port clocked by __VIRTUAL_CLK__)
Endpoint: result[51] (output port clocked by __VIRTUAL_CLK__)
Path Group: __VIRTUAL_CLK__
Path Type: min

Fanout         Cap        Slew       Delay        Time   Description
---------------------------------------------------------------------------------------------
                      0.000000    0.000000    0.000000   clock __VIRTUAL_CLK__ (rise edge)
                                  0.000000    0.000000   clock network delay (ideal)
                                  8.000000    8.000000 ^ input external delay
     1    0.004825    0.045996    0.025153    8.025153 ^ operand_b[49] (in)
                                                         operand_b[49] (net)
                      0.045996    0.000000    8.025153 ^ input113/A (sky130_fd_sc_hd__clkdlybuf4s25_1)
     3    0.012790    0.221640    0.535929    8.561082 ^ input113/X (sky130_fd_sc_hd__clkdlybuf4s25_1)
                                                         net113 (net)
                      0.221640    0.000298    8.561380 ^ _5503_/A2 (sky130_fd_sc_hd__o21a_2)
     3    0.013158    0.131205    0.328159    8.889539 ^ _5503_/X (sky130_fd_sc_hd__o21a_2)
                                                         _1499_ (net)
                      0.131205    0.000135    8.889674 ^ _5504_/B1 (sky130_fd_sc_hd__a21oi_2)
     2    0.016164    0.085737    0.116908    9.006582 v _5504_/Y (sky130_fd_sc_hd__a21oi_2)
                                                         _1500_ (net)
                      0.085737    0.000335    9.006917 v _5543_/S (sky130_fd_sc_hd__mux2_2)
     1    0.004550    0.079733    0.421291    9.428208 ^ _5543_/X (sky130_fd_sc_hd__mux2_2)
                                                         _1542_ (net)
                      0.079733    0.000068    9.428276 ^ _5561_/A2 (sky130_fd_sc_hd__a211o_2)
     1    0.002949    0.046035    0.235876    9.664152 ^ _5561_/X (sky130_fd_sc_hd__a211o_2)
                                                         _1562_ (net)
                      0.046035    0.000013    9.664165 ^ _5562_/B1 (sky130_fd_sc_hd__a21o_2)
     2    0.015208    0.130979    0.196829    9.860995 ^ _5562_/X (sky130_fd_sc_hd__a21o_2)
                                                         net183 (net)
                      0.130979    0.000227    9.861222 ^ output183/A (sky130_fd_sc_hd__clkdlybuf4s25_1)
     1    0.037386    0.601934    0.829338   10.690560 ^ output183/X (sky130_fd_sc_hd__clkdlybuf4s25_1)
                                                         result[51] (net)
                      0.601934    0.000669   10.691230 ^ result[51] (out)
                                             10.691230   data arrival time

                      0.000000    0.000000    0.000000   clock __VIRTUAL_CLK__ (rise edge)
                                  0.000000    0.000000   clock network delay (ideal)
                                  0.250000    0.250000   clock uncertainty
                                  0.000000    0.250000   clock reconvergence pessimism
                                 -8.000000   -7.750000   output external delay
                                             -7.750000   data required time
---------------------------------------------------------------------------------------------
                                             -7.750000   data required time
                                            -10.691230   data arrival time
---------------------------------------------------------------------------------------------
                                             18.441229   slack (MET)


Startpoint: operand_b[44] (input port clocked by __VIRTUAL_CLK__)
Endpoint: result[47] (output port clocked by __VIRTUAL_CLK__)
Path Group: __VIRTUAL_CLK__
Path Type: min

Fanout         Cap        Slew       Delay        Time   Description
---------------------------------------------------------------------------------------------
                      0.000000    0.000000    0.000000   clock __VIRTUAL_CLK__ (rise edge)
                                  0.000000    0.000000   clock network delay (ideal)
                                  8.000000    8.000000 ^ input external delay
     1    0.004703    0.045143    0.024521    8.024521 ^ operand_b[44] (in)
                                                         operand_b[44] (net)
                      0.045157    0.000000    8.024521 ^ input108/A (sky130_fd_sc_hd__clkdlybuf4s25_1)
     4    0.025339    0.415069    0.667259    8.691780 ^ input108/X (sky130_fd_sc_hd__clkdlybuf4s25_1)
                                                         net108 (net)
                      0.415069    0.000236    8.692017 ^ _5321_/A1 (sky130_fd_sc_hd__a21boi_2)
     6    0.030230    0.170087    0.365034    9.057051 v _5321_/Y (sky130_fd_sc_hd__a21boi_2)
                                                         _1304_ (net)
                      0.170087    0.000663    9.057714 v _5397_/C1 (sky130_fd_sc_hd__o211ai_2)
     1    0.003060    0.086819    0.124079    9.181792 ^ _5397_/Y (sky130_fd_sc_hd__o211ai_2)
                                                         _1386_ (net)
                      0.086819    0.000018    9.181810 ^ _5398_/D1 (sky130_fd_sc_hd__o2111a_2)
     1    0.004169    0.091928    0.387871    9.569681 ^ _5398_/X (sky130_fd_sc_hd__o2111a_2)
                                                         _1387_ (net)
                      0.091928    0.000042    9.569723 ^ _5399_/C1 (sky130_fd_sc_hd__a211o_2)
     1    0.003541    0.049829    0.164070    9.733792 ^ _5399_/X (sky130_fd_sc_hd__a211o_2)
                                                         _1388_ (net)
                      0.049829    0.000037    9.733830 ^ _5400_/B1 (sky130_fd_sc_hd__a21o_2)
     2    0.012312    0.110208    0.183112    9.916943 ^ _5400_/X (sky130_fd_sc_hd__a21o_2)
                                                         net178 (net)
                      0.110208    0.000371    9.917314 ^ output178/A (sky130_fd_sc_hd__clkdlybuf4s25_1)
     1    0.036706    0.590933    0.813607   10.730921 ^ output178/X (sky130_fd_sc_hd__clkdlybuf4s25_1)
                                                         result[47] (net)
                      0.590933    0.000322   10.731242 ^ result[47] (out)
                                             10.731242   data arrival time

                      0.000000    0.000000    0.000000   clock __VIRTUAL_CLK__ (rise edge)
                                  0.000000    0.000000   clock network delay (ideal)
                                  0.250000    0.250000   clock uncertainty
                                  0.000000    0.250000   clock reconvergence pessimism
                                 -8.000000   -7.750000   output external delay
                                             -7.750000   data required time
---------------------------------------------------------------------------------------------
                                             -7.750000   data required time
                                            -10.731242   data arrival time
---------------------------------------------------------------------------------------------
                                             18.481241   slack (MET)


Startpoint: operand_b[9] (input port clocked by __VIRTUAL_CLK__)
Endpoint: result[9] (output port clocked by __VIRTUAL_CLK__)
Path Group: __VIRTUAL_CLK__
Path Type: min

Fanout         Cap        Slew       Delay        Time   Description
---------------------------------------------------------------------------------------------
                      0.000000    0.000000    0.000000   clock __VIRTUAL_CLK__ (rise edge)
                                  0.000000    0.000000   clock network delay (ideal)
                                  8.000000    8.000000 ^ input external delay
     1    0.005204    0.048581    0.027037    8.027037 ^ operand_b[9] (in)
                                                         operand_b[9] (net)
                      0.048581    0.000000    8.027037 ^ input133/A (sky130_fd_sc_hd__clkdlybuf4s25_1)
     5    0.029768    0.483524    0.714946    8.741983 ^ input133/X (sky130_fd_sc_hd__clkdlybuf4s25_1)
                                                         net133 (net)
                      0.483524    0.000736    8.742720 ^ _3789_/A1 (sky130_fd_sc_hd__a221o_2)
     1    0.009802    0.103006    0.489301    9.232020 ^ _3789_/X (sky130_fd_sc_hd__a221o_2)
                                                         _2995_ (net)
                      0.103006    0.000254    9.232275 ^ _3796_/A2 (sky130_fd_sc_hd__a22oi_2)
     1    0.002786    0.090907    0.148698    9.380973 v _3796_/Y (sky130_fd_sc_hd__a22oi_2)
                                                         _3002_ (net)
                      0.090907    0.000024    9.380997 v _3808_/B1 (sky130_fd_sc_hd__o211a_2)
     1    0.009646    0.074684    0.269683    9.650680 v _3808_/X (sky130_fd_sc_hd__o211a_2)
                                                         _3014_ (net)
                      0.074684    0.000329    9.651009 v _3809_/B1 (sky130_fd_sc_hd__o21ai_2)
     1    0.005173    0.076578    0.091189    9.742198 ^ _3809_/Y (sky130_fd_sc_hd__o21ai_2)
                                                         _3015_ (net)
                      0.076578    0.000090    9.742288 ^ _3810_/C1 (sky130_fd_sc_hd__a221o_2)
     2    0.007904    0.089199    0.205080    9.947368 ^ _3810_/X (sky130_fd_sc_hd__a221o_2)
                                                         net200 (net)
                      0.089199    0.000145    9.947513 ^ output200/A (sky130_fd_sc_hd__clkdlybuf4s25_1)
     1    0.035943    0.578929    0.796644   10.744156 ^ output200/X (sky130_fd_sc_hd__clkdlybuf4s25_1)
                                                         result[9] (net)
                      0.578929    0.000333   10.744489 ^ result[9] (out)
                                             10.744489   data arrival time

                      0.000000    0.000000    0.000000   clock __VIRTUAL_CLK__ (rise edge)
                                  0.000000    0.000000   clock network delay (ideal)
                                  0.250000    0.250000   clock uncertainty
                                  0.000000    0.250000   clock reconvergence pessimism
                                 -8.000000   -7.750000   output external delay
                                             -7.750000   data required time
---------------------------------------------------------------------------------------------
                                             -7.750000   data required time
                                            -10.744489   data arrival time
---------------------------------------------------------------------------------------------
                                             18.494490   slack (MET)


Startpoint: operand_a[11] (input port clocked by __VIRTUAL_CLK__)
Endpoint: result[13] (output port clocked by __VIRTUAL_CLK__)
Path Group: __VIRTUAL_CLK__
Path Type: min

Fanout         Cap        Slew       Delay        Time   Description
---------------------------------------------------------------------------------------------
                      0.000000    0.000000    0.000000   clock __VIRTUAL_CLK__ (rise edge)
                                  0.000000    0.000000   clock network delay (ideal)
                                  8.000000    8.000000 ^ input external delay
     1    0.005775    0.052449    0.029842    8.029842 ^ operand_a[11] (in)
                                                         operand_a[11] (net)
                      0.052449    0.000000    8.029842 ^ input8/A (sky130_fd_sc_hd__clkdlybuf4s25_1)
     5    0.023933    0.393345    0.655564    8.685406 ^ input8/X (sky130_fd_sc_hd__clkdlybuf4s25_1)
                                                         net8 (net)
                      0.393345    0.000181    8.685587 ^ _3909_/A (sky130_fd_sc_hd__nand2_2)
     1    0.007171    0.126239    0.199025    8.884611 v _3909_/Y (sky130_fd_sc_hd__nand2_2)
                                                         _3112_ (net)
                      0.126239    0.000121    8.884732 v _3910_/B1 (sky130_fd_sc_hd__o31a_2)
     2    0.012321    0.087250    0.259303    9.144035 v _3910_/X (sky130_fd_sc_hd__o31a_2)
                                                         _3113_ (net)
                      0.087250    0.000187    9.144221 v _3911_/B1 (sky130_fd_sc_hd__o21ai_2)
     6    0.037273    0.345317    0.276458    9.420680 ^ _3911_/Y (sky130_fd_sc_hd__o21ai_2)
                                                         _3114_ (net)
                      0.345318    0.000345    9.421024 ^ _3958_/A2 (sky130_fd_sc_hd__o21ai_2)
     1    0.009978    0.111149    0.213999    9.635023 v _3958_/Y (sky130_fd_sc_hd__o21ai_2)
                                                         _3160_ (net)
                      0.111149    0.000131    9.635154 v _3959_/B (sky130_fd_sc_hd__xnor2_2)
     1    0.006966    0.085351    0.237698    9.872851 ^ _3959_/Y (sky130_fd_sc_hd__xnor2_2)
                                                         _3161_ (net)
                      0.085351    0.000090    9.872941 ^ _3992_/A2 (sky130_fd_sc_hd__o21ai_2)
     2    0.009078    0.091972    0.128456   10.001397 v _3992_/Y (sky130_fd_sc_hd__o21ai_2)
                                                         net141 (net)
                      0.091972    0.000086   10.001484 v output141/A (sky130_fd_sc_hd__clkdlybuf4s25_1)
     1    0.035071    0.473969    0.746232   10.747716 v output141/X (sky130_fd_sc_hd__clkdlybuf4s25_1)
                                                         result[13] (net)
                      0.473969    0.000258   10.747973 v result[13] (out)
                                             10.747973   data arrival time

                      0.000000    0.000000    0.000000   clock __VIRTUAL_CLK__ (rise edge)
                                  0.000000    0.000000   clock network delay (ideal)
                                  0.250000    0.250000   clock uncertainty
                                  0.000000    0.250000   clock reconvergence pessimism
                                 -8.000000   -7.750000   output external delay
                                             -7.750000   data required time
---------------------------------------------------------------------------------------------
                                             -7.750000   data required time
                                            -10.747973   data arrival time
---------------------------------------------------------------------------------------------
                                             18.497974   slack (MET)


Startpoint: operand_b[44] (input port clocked by __VIRTUAL_CLK__)
Endpoint: result[45] (output port clocked by __VIRTUAL_CLK__)
Path Group: __VIRTUAL_CLK__
Path Type: min

Fanout         Cap        Slew       Delay        Time   Description
---------------------------------------------------------------------------------------------
                      0.000000    0.000000    0.000000   clock __VIRTUAL_CLK__ (rise edge)
                                  0.000000    0.000000   clock network delay (ideal)
                                  8.000000    8.000000 ^ input external delay
     1    0.004703    0.045143    0.024521    8.024521 ^ operand_b[44] (in)
                                                         operand_b[44] (net)
                      0.045157    0.000000    8.024521 ^ input108/A (sky130_fd_sc_hd__clkdlybuf4s25_1)
     4    0.025339    0.415069    0.667259    8.691780 ^ input108/X (sky130_fd_sc_hd__clkdlybuf4s25_1)
                                                         net108 (net)
                      0.415069    0.000236    8.692017 ^ _5321_/A1 (sky130_fd_sc_hd__a21boi_2)
     6    0.030230    0.170087    0.365034    9.057051 v _5321_/Y (sky130_fd_sc_hd__a21boi_2)
                                                         _1304_ (net)
                      0.170087    0.000187    9.057238 v _5322_/B (sky130_fd_sc_hd__xnor2_2)
     1    0.007073    0.086544    0.261860    9.319098 ^ _5322_/Y (sky130_fd_sc_hd__xnor2_2)
                                                         _1305_ (net)
                      0.086544    0.000129    9.319226 ^ _5332_/A2 (sky130_fd_sc_hd__a221o_2)
     1    0.006025    0.075864    0.310839    9.630066 ^ _5332_/X (sky130_fd_sc_hd__a221o_2)
                                                         _1316_ (net)
                      0.075864    0.000093    9.630159 ^ _5333_/C1 (sky130_fd_sc_hd__a221o_2)
     2    0.022275    0.195097    0.287439    9.917598 ^ _5333_/X (sky130_fd_sc_hd__a221o_2)
                                                         net176 (net)
                      0.195097    0.000306    9.917904 ^ output176/A (sky130_fd_sc_hd__clkdlybuf4s25_1)
     1    0.035556    0.573384    0.837671   10.755575 ^ output176/X (sky130_fd_sc_hd__clkdlybuf4s25_1)
                                                         result[45] (net)
                      0.573384    0.000359   10.755934 ^ result[45] (out)
                                             10.755934   data arrival time

                      0.000000    0.000000    0.000000   clock __VIRTUAL_CLK__ (rise edge)
                                  0.000000    0.000000   clock network delay (ideal)
                                  0.250000    0.250000   clock uncertainty
                                  0.000000    0.250000   clock reconvergence pessimism
                                 -8.000000   -7.750000   output external delay
                                             -7.750000   data required time
---------------------------------------------------------------------------------------------
                                             -7.750000   data required time
                                            -10.755934   data arrival time
---------------------------------------------------------------------------------------------
                                             18.505934   slack (MET)


Startpoint: operand_b[30] (input port clocked by __VIRTUAL_CLK__)
Endpoint: result[31] (output port clocked by __VIRTUAL_CLK__)
Path Group: __VIRTUAL_CLK__
Path Type: min

Fanout         Cap        Slew       Delay        Time   Description
---------------------------------------------------------------------------------------------
                      0.000000    0.000000    0.000000   clock __VIRTUAL_CLK__ (rise edge)
                                  0.000000    0.000000   clock network delay (ideal)
                                  8.000000    8.000000 ^ input external delay
     1    0.006036    0.054208    0.031110    8.031110 ^ operand_b[30] (in)
                                                         operand_b[30] (net)
                      0.054208    0.000000    8.031110 ^ input93/A (sky130_fd_sc_hd__clkdlybuf4s25_1)
     4    0.014872    0.253675    0.561184    8.592295 ^ input93/X (sky130_fd_sc_hd__clkdlybuf4s25_1)
                                                         net93 (net)
                      0.253675    0.000216    8.592510 ^ _4738_/B1 (sky130_fd_sc_hd__a21o_2)
     1    0.002881    0.047790    0.212290    8.804800 ^ _4738_/X (sky130_fd_sc_hd__a21o_2)
                                                         _0705_ (net)
                      0.047790    0.000025    8.804825 ^ _4740_/B1 (sky130_fd_sc_hd__a32o_2)
     1    0.009359    0.123214    0.246823    9.051648 ^ _4740_/X (sky130_fd_sc_hd__a32o_2)
                                                         _0707_ (net)
                      0.123214    0.000097    9.051744 ^ _4741_/B (sky130_fd_sc_hd__xnor2_2)
     4    0.027410    0.266507    0.273366    9.325110 v _4741_/Y (sky130_fd_sc_hd__xnor2_2)
                                                         _0708_ (net)
                      0.266507    0.000671    9.325781 v _4745_/A (sky130_fd_sc_hd__xnor2_2)
     1    0.002836    0.058343    0.283112    9.608893 ^ _4745_/Y (sky130_fd_sc_hd__xnor2_2)
                                                         _0712_ (net)
                      0.058343    0.000023    9.608916 ^ _4764_/B1 (sky130_fd_sc_hd__a221o_2)
     2    0.013493    0.130550    0.326570    9.935487 ^ _4764_/X (sky130_fd_sc_hd__a221o_2)
                                                         net161 (net)
                      0.130550    0.000504    9.935990 ^ output161/A (sky130_fd_sc_hd__clkdlybuf4s25_1)
     1    0.037028    0.596366    0.825183   10.761172 ^ output161/X (sky130_fd_sc_hd__clkdlybuf4s25_1)
                                                         result[31] (net)
                      0.596366    0.000946   10.762118 ^ result[31] (out)
                                             10.762118   data arrival time

                      0.000000    0.000000    0.000000   clock __VIRTUAL_CLK__ (rise edge)
                                  0.000000    0.000000   clock network delay (ideal)
                                  0.250000    0.250000   clock uncertainty
                                  0.000000    0.250000   clock reconvergence pessimism
                                 -8.000000   -7.750000   output external delay
                                             -7.750000   data required time
---------------------------------------------------------------------------------------------
                                             -7.750000   data required time
                                            -10.762118   data arrival time
---------------------------------------------------------------------------------------------
                                             18.512119   slack (MET)


Startpoint: operand_b[23] (input port clocked by __VIRTUAL_CLK__)
Endpoint: result[23] (output port clocked by __VIRTUAL_CLK__)
Path Group: __VIRTUAL_CLK__
Path Type: min

Fanout         Cap        Slew       Delay        Time   Description
---------------------------------------------------------------------------------------------
                      0.000000    0.000000    0.000000   clock __VIRTUAL_CLK__ (rise edge)
                                  0.000000    0.000000   clock network delay (ideal)
                                  8.000000    8.000000 v input external delay
     1    0.006863    0.034581    0.020800    8.020801 v operand_b[23] (in)
                                                         operand_b[23] (net)
                      0.034582    0.000000    8.020801 v input85/A (sky130_fd_sc_hd__buf_1)
     5    0.029510    0.335191    0.342555    8.363356 v input85/X (sky130_fd_sc_hd__buf_1)
                                                         net85 (net)
                      0.335191    0.000218    8.363573 v _4397_/B (sky130_fd_sc_hd__xor2_2)
     3    0.014863    0.106950    0.396415    8.759989 v _4397_/X (sky130_fd_sc_hd__xor2_2)
                                                         _0372_ (net)
                      0.106950    0.000225    8.760213 v max_cap321/A (sky130_fd_sc_hd__buf_2)
     6    0.034609    0.167280    0.345024    9.105238 v max_cap321/X (sky130_fd_sc_hd__buf_2)
                                                         net321 (net)
                      0.167283    0.000941    9.106179 v _4407_/A (sky130_fd_sc_hd__xor2_2)
     1    0.007589    0.187223    0.305865    9.412044 ^ _4407_/X (sky130_fd_sc_hd__xor2_2)
                                                         _0382_ (net)
                      0.187223    0.000217    9.412261 ^ _4427_/B1 (sky130_fd_sc_hd__a221o_2)
     1    0.003512    0.058318    0.307583    9.719844 ^ _4427_/X (sky130_fd_sc_hd__a221o_2)
                                                         _0402_ (net)
                      0.058318    0.000037    9.719881 ^ _4428_/B1 (sky130_fd_sc_hd__a31o_2)
     2    0.015858    0.157055    0.235295    9.955176 ^ _4428_/X (sky130_fd_sc_hd__a31o_2)
                                                         net152 (net)
                      0.157055    0.000364    9.955541 ^ output152/A (sky130_fd_sc_hd__clkdlybuf4s25_1)
     1    0.035398    0.570820    0.819713   10.775254 ^ output152/X (sky130_fd_sc_hd__clkdlybuf4s25_1)
                                                         result[23] (net)
                      0.570820    0.000485   10.775739 ^ result[23] (out)
                                             10.775739   data arrival time

                      0.000000    0.000000    0.000000   clock __VIRTUAL_CLK__ (rise edge)
                                  0.000000    0.000000   clock network delay (ideal)
                                  0.250000    0.250000   clock uncertainty
                                  0.000000    0.250000   clock reconvergence pessimism
                                 -8.000000   -7.750000   output external delay
                                             -7.750000   data required time
---------------------------------------------------------------------------------------------
                                             -7.750000   data required time
                                            -10.775739   data arrival time
---------------------------------------------------------------------------------------------
                                             18.525740   slack (MET)


Startpoint: operand_b[44] (input port clocked by __VIRTUAL_CLK__)
Endpoint: result[46] (output port clocked by __VIRTUAL_CLK__)
Path Group: __VIRTUAL_CLK__
Path Type: min

Fanout         Cap        Slew       Delay        Time   Description
---------------------------------------------------------------------------------------------
                      0.000000    0.000000    0.000000   clock __VIRTUAL_CLK__ (rise edge)
                                  0.000000    0.000000   clock network delay (ideal)
                                  8.000000    8.000000 ^ input external delay
     1    0.004703    0.045143    0.024521    8.024521 ^ operand_b[44] (in)
                                                         operand_b[44] (net)
                      0.045157    0.000000    8.024521 ^ input108/A (sky130_fd_sc_hd__clkdlybuf4s25_1)
     4    0.025339    0.415069    0.667259    8.691780 ^ input108/X (sky130_fd_sc_hd__clkdlybuf4s25_1)
                                                         net108 (net)
                      0.415069    0.000236    8.692017 ^ _5321_/A1 (sky130_fd_sc_hd__a21boi_2)
     6    0.030230    0.170087    0.365034    9.057051 v _5321_/Y (sky130_fd_sc_hd__a21boi_2)
                                                         _1304_ (net)
                      0.170087    0.000369    9.057420 v _5336_/A2 (sky130_fd_sc_hd__o21a_2)
     1    0.009776    0.077365    0.416484    9.473904 v _5336_/X (sky130_fd_sc_hd__o21a_2)
                                                         _1320_ (net)
                      0.077365    0.000130    9.474033 v _5337_/B (sky130_fd_sc_hd__xnor2_2)
     1    0.003634    0.063251    0.181169    9.655202 ^ _5337_/Y (sky130_fd_sc_hd__xnor2_2)
                                                         _1321_ (net)
                      0.063251    0.000040    9.655242 ^ _5362_/A2 (sky130_fd_sc_hd__a211o_2)
     2    0.017498    0.143669    0.318336    9.973578 ^ _5362_/X (sky130_fd_sc_hd__a211o_2)
                                                         net177 (net)
                      0.143670    0.000582    9.974160 ^ output177/A (sky130_fd_sc_hd__clkdlybuf4s25_1)
     1    0.035759    0.581552    0.818159   10.792319 ^ output177/X (sky130_fd_sc_hd__clkdlybuf4s25_1)
                                                         result[46] (net)
                      0.581552    0.000238   10.792558 ^ result[46] (out)
                                             10.792558   data arrival time

                      0.000000    0.000000    0.000000   clock __VIRTUAL_CLK__ (rise edge)
                                  0.000000    0.000000   clock network delay (ideal)
                                  0.250000    0.250000   clock uncertainty
                                  0.000000    0.250000   clock reconvergence pessimism
                                 -8.000000   -7.750000   output external delay
                                             -7.750000   data required time
---------------------------------------------------------------------------------------------
                                             -7.750000   data required time
                                            -10.792558   data arrival time
---------------------------------------------------------------------------------------------
                                             18.542559   slack (MET)


Startpoint: operand_b[14] (input port clocked by __VIRTUAL_CLK__)
Endpoint: result[15] (output port clocked by __VIRTUAL_CLK__)
Path Group: __VIRTUAL_CLK__
Path Type: min

Fanout         Cap        Slew       Delay        Time   Description
---------------------------------------------------------------------------------------------
                      0.000000    0.000000    0.000000   clock __VIRTUAL_CLK__ (rise edge)
                                  0.000000    0.000000   clock network delay (ideal)
                                  8.000000    8.000000 ^ input external delay
     1    0.006299    0.055974    0.032349    8.032350 ^ operand_b[14] (in)
                                                         operand_b[14] (net)
                      0.055974    0.000000    8.032350 ^ input75/A (sky130_fd_sc_hd__clkdlybuf4s25_1)
     4    0.025729    0.421224    0.675441    8.707790 ^ input75/X (sky130_fd_sc_hd__clkdlybuf4s25_1)
                                                         net75 (net)
                      0.421224    0.000906    8.708696 ^ _4040_/A2 (sky130_fd_sc_hd__o2111a_2)
     1    0.005098    0.100880    0.501547    9.210243 ^ _4040_/X (sky130_fd_sc_hd__o2111a_2)
                                                         _0023_ (net)
                      0.100880    0.000083    9.210327 ^ _4046_/A (sky130_fd_sc_hd__or3_2)
     3    0.014225    0.129121    0.254720    9.465047 ^ _4046_/X (sky130_fd_sc_hd__or3_2)
                                                         _0029_ (net)
                      0.129121    0.000197    9.465244 ^ _4048_/A (sky130_fd_sc_hd__xor2_2)
     1    0.003737    0.124402    0.212982    9.678226 ^ _4048_/X (sky130_fd_sc_hd__xor2_2)
                                                         _0031_ (net)
                      0.124402    0.000042    9.678267 ^ _4065_/B1 (sky130_fd_sc_hd__a221o_2)
     2    0.009581    0.101344    0.327419   10.005687 ^ _4065_/X (sky130_fd_sc_hd__a221o_2)
                                                         net143 (net)
                      0.101344    0.000130   10.005816 ^ output143/A (sky130_fd_sc_hd__clkdlybuf4s25_1)
     1    0.034958    0.563756    0.791503   10.797318 ^ output143/X (sky130_fd_sc_hd__clkdlybuf4s25_1)
                                                         result[15] (net)
                      0.563756    0.000303   10.797622 ^ result[15] (out)
                                             10.797622   data arrival time

                      0.000000    0.000000    0.000000   clock __VIRTUAL_CLK__ (rise edge)
                                  0.000000    0.000000   clock network delay (ideal)
                                  0.250000    0.250000   clock uncertainty
                                  0.000000    0.250000   clock reconvergence pessimism
                                 -8.000000   -7.750000   output external delay
                                             -7.750000   data required time
---------------------------------------------------------------------------------------------
                                             -7.750000   data required time
                                            -10.797622   data arrival time
---------------------------------------------------------------------------------------------
                                             18.547621   slack (MET)


Startpoint: operand_b[5] (input port clocked by __VIRTUAL_CLK__)
Endpoint: result[18] (output port clocked by __VIRTUAL_CLK__)
Path Group: __VIRTUAL_CLK__
Path Type: min

Fanout         Cap        Slew       Delay        Time   Description
---------------------------------------------------------------------------------------------
                      0.000000    0.000000    0.000000   clock __VIRTUAL_CLK__ (rise edge)
                                  0.000000    0.000000   clock network delay (ideal)
                                  8.000000    8.000000 v input external delay
     1    0.003878    0.022652    0.011979    8.011979 v operand_b[5] (in)
                                                         operand_b[5] (net)
                      0.022652    0.000000    8.011979 v input125/A (sky130_fd_sc_hd__clkdlybuf4s25_1)
     2    0.023618    0.329178    0.612942    8.624921 v input125/X (sky130_fd_sc_hd__clkdlybuf4s25_1)
                                                         net125 (net)
                      0.329178    0.000287    8.625208 v fanout622/A (sky130_fd_sc_hd__clkdlybuf4s25_1)
     4    0.022355    0.312985    0.722928    9.348135 v fanout622/X (sky130_fd_sc_hd__clkdlybuf4s25_1)
                                                         net622 (net)
                      0.312985    0.000505    9.348640 v _4209_/B2 (sky130_fd_sc_hd__o221ai_2)
     1    0.005406    0.105488    0.321511    9.670151 ^ _4209_/Y (sky130_fd_sc_hd__o221ai_2)
                                                         _0189_ (net)
                      0.105488    0.000079    9.670230 ^ _4210_/C1 (sky130_fd_sc_hd__a221o_2)
     2    0.021985    0.192931    0.298995    9.969225 ^ _4210_/X (sky130_fd_sc_hd__a221o_2)
                                                         net146 (net)
                      0.192931    0.000392    9.969617 ^ output146/A (sky130_fd_sc_hd__clkdlybuf4s25_1)
     1    0.036291    0.584871    0.844244   10.813860 ^ output146/X (sky130_fd_sc_hd__clkdlybuf4s25_1)
                                                         result[18] (net)
                      0.584871    0.000654   10.814514 ^ result[18] (out)
                                             10.814514   data arrival time

                      0.000000    0.000000    0.000000   clock __VIRTUAL_CLK__ (rise edge)
                                  0.000000    0.000000   clock network delay (ideal)
                                  0.250000    0.250000   clock uncertainty
                                  0.000000    0.250000   clock reconvergence pessimism
                                 -8.000000   -7.750000   output external delay
                                             -7.750000   data required time
---------------------------------------------------------------------------------------------
                                             -7.750000   data required time
                                            -10.814514   data arrival time
---------------------------------------------------------------------------------------------
                                             18.564514   slack (MET)


Startpoint: operand_a[11] (input port clocked by __VIRTUAL_CLK__)
Endpoint: result[12] (output port clocked by __VIRTUAL_CLK__)
Path Group: __VIRTUAL_CLK__
Path Type: min

Fanout         Cap        Slew       Delay        Time   Description
---------------------------------------------------------------------------------------------
                      0.000000    0.000000    0.000000   clock __VIRTUAL_CLK__ (rise edge)
                                  0.000000    0.000000   clock network delay (ideal)
                                  8.000000    8.000000 ^ input external delay
     1    0.005775    0.052449    0.029842    8.029842 ^ operand_a[11] (in)
                                                         operand_a[11] (net)
                      0.052449    0.000000    8.029842 ^ input8/A (sky130_fd_sc_hd__clkdlybuf4s25_1)
     5    0.023933    0.393345    0.655564    8.685406 ^ input8/X (sky130_fd_sc_hd__clkdlybuf4s25_1)
                                                         net8 (net)
                      0.393345    0.000181    8.685587 ^ _3909_/A (sky130_fd_sc_hd__nand2_2)
     1    0.007171    0.126239    0.199025    8.884611 v _3909_/Y (sky130_fd_sc_hd__nand2_2)
                                                         _3112_ (net)
                      0.126239    0.000121    8.884732 v _3910_/B1 (sky130_fd_sc_hd__o31a_2)
     2    0.012321    0.087250    0.259303    9.144035 v _3910_/X (sky130_fd_sc_hd__o31a_2)
                                                         _3113_ (net)
                      0.087250    0.000187    9.144221 v _3911_/B1 (sky130_fd_sc_hd__o21ai_2)
     6    0.037273    0.345317    0.276458    9.420680 ^ _3911_/Y (sky130_fd_sc_hd__o21ai_2)
                                                         _3114_ (net)
                      0.345317    0.000298    9.420978 ^ _3912_/B (sky130_fd_sc_hd__xor2_2)
     1    0.004759    0.140686    0.300814    9.721791 ^ _3912_/X (sky130_fd_sc_hd__xor2_2)
                                                         _3115_ (net)
                      0.140686    0.000054    9.721846 ^ _3953_/A2 (sky130_fd_sc_hd__a221o_2)
     2    0.006514    0.079258    0.333665   10.055511 ^ _3953_/X (sky130_fd_sc_hd__a221o_2)
                                                         net140 (net)
                      0.079258    0.000090   10.055600 ^ output140/A (sky130_fd_sc_hd__clkdlybuf4s25_1)
     1    0.035526    0.572442    0.788045   10.843645 ^ output140/X (sky130_fd_sc_hd__clkdlybuf4s25_1)
                                                         result[12] (net)
                      0.572442    0.000318   10.843964 ^ result[12] (out)
                                             10.843964   data arrival time

                      0.000000    0.000000    0.000000   clock __VIRTUAL_CLK__ (rise edge)
                                  0.000000    0.000000   clock network delay (ideal)
                                  0.250000    0.250000   clock uncertainty
                                  0.000000    0.250000   clock reconvergence pessimism
                                 -8.000000   -7.750000   output external delay
                                             -7.750000   data required time
---------------------------------------------------------------------------------------------
                                             -7.750000   data required time
                                            -10.843964   data arrival time
---------------------------------------------------------------------------------------------
                                             18.593962   slack (MET)


Startpoint: operand_b[27] (input port clocked by __VIRTUAL_CLK__)
Endpoint: result[29] (output port clocked by __VIRTUAL_CLK__)
Path Group: __VIRTUAL_CLK__
Path Type: min

Fanout         Cap        Slew       Delay        Time   Description
---------------------------------------------------------------------------------------------
                      0.000000    0.000000    0.000000   clock __VIRTUAL_CLK__ (rise edge)
                                  0.000000    0.000000   clock network delay (ideal)
                                  8.000000    8.000000 ^ input external delay
     1    0.003919    0.039770    0.020602    8.020602 ^ operand_b[27] (in)
                                                         operand_b[27] (net)
                      0.039770    0.000000    8.020602 ^ input89/A (sky130_fd_sc_hd__clkdlybuf4s25_1)
     4    0.017186    0.289282    0.579488    8.600091 ^ input89/X (sky130_fd_sc_hd__clkdlybuf4s25_1)
                                                         net89 (net)
                      0.289282    0.000393    8.600484 ^ _4626_/A2 (sky130_fd_sc_hd__a22o_2)
     3    0.012385    0.130223    0.410384    9.010868 ^ _4626_/X (sky130_fd_sc_hd__a22o_2)
                                                         _0596_ (net)
                      0.130223    0.000163    9.011030 ^ _4687_/C (sky130_fd_sc_hd__and4b_2)
     1    0.005897    0.124379    0.485482    9.496512 ^ _4687_/X (sky130_fd_sc_hd__and4b_2)
                                                         _0656_ (net)
                      0.124379    0.000116    9.496629 ^ _4688_/C1 (sky130_fd_sc_hd__a211o_2)
     1    0.005610    0.062885    0.192289    9.688917 ^ _4688_/X (sky130_fd_sc_hd__a211o_2)
                                                         _0657_ (net)
                      0.062885    0.000061    9.688979 ^ _4689_/C1 (sky130_fd_sc_hd__a221oi_2)
     1    0.008148    0.061912    0.068988    9.757967 v _4689_/Y (sky130_fd_sc_hd__a221oi_2)
                                                         _0658_ (net)
                      0.061912    0.000186    9.758153 v _4690_/B1 (sky130_fd_sc_hd__o21ai_2)
     1    0.003065    0.059351    0.073378    9.831531 ^ _4690_/Y (sky130_fd_sc_hd__o21ai_2)
                                                         _0659_ (net)
                      0.059351    0.000028    9.831559 ^ _4691_/C1 (sky130_fd_sc_hd__a221o_2)
     2    0.010205    0.105931    0.210945   10.042504 ^ _4691_/X (sky130_fd_sc_hd__a221o_2)
                                                         net158 (net)
                      0.105931    0.000074   10.042578 ^ output158/A (sky130_fd_sc_hd__clkdlybuf4s25_1)
     1    0.036763    0.591918    0.812031   10.854609 ^ output158/X (sky130_fd_sc_hd__clkdlybuf4s25_1)
                                                         result[29] (net)
                      0.591918    0.000789   10.855398 ^ result[29] (out)
                                             10.855398   data arrival time

                      0.000000    0.000000    0.000000   clock __VIRTUAL_CLK__ (rise edge)
                                  0.000000    0.000000   clock network delay (ideal)
                                  0.250000    0.250000   clock uncertainty
                                  0.000000    0.250000   clock reconvergence pessimism
                                 -8.000000   -7.750000   output external delay
                                             -7.750000   data required time
---------------------------------------------------------------------------------------------
                                             -7.750000   data required time
                                            -10.855398   data arrival time
---------------------------------------------------------------------------------------------
                                             18.605398   slack (MET)


Startpoint: operand_b[27] (input port clocked by __VIRTUAL_CLK__)
Endpoint: result[28] (output port clocked by __VIRTUAL_CLK__)
Path Group: __VIRTUAL_CLK__
Path Type: min

Fanout         Cap        Slew       Delay        Time   Description
---------------------------------------------------------------------------------------------
                      0.000000    0.000000    0.000000   clock __VIRTUAL_CLK__ (rise edge)
                                  0.000000    0.000000   clock network delay (ideal)
                                  8.000000    8.000000 ^ input external delay
     1    0.003919    0.039770    0.020602    8.020602 ^ operand_b[27] (in)
                                                         operand_b[27] (net)
                      0.039770    0.000000    8.020602 ^ input89/A (sky130_fd_sc_hd__clkdlybuf4s25_1)
     4    0.017186    0.289282    0.579488    8.600091 ^ input89/X (sky130_fd_sc_hd__clkdlybuf4s25_1)
                                                         net89 (net)
                      0.289282    0.000393    8.600484 ^ _4626_/A2 (sky130_fd_sc_hd__a22o_2)
     3    0.012385    0.130223    0.410384    9.010868 ^ _4626_/X (sky130_fd_sc_hd__a22o_2)
                                                         _0596_ (net)
                      0.130223    0.000195    9.011064 ^ _4629_/A_N (sky130_fd_sc_hd__nand2b_2)
     4    0.023550    0.205975    0.311532    9.322596 ^ _4629_/Y (sky130_fd_sc_hd__nand2b_2)
                                                         _0599_ (net)
                      0.205975    0.000064    9.322659 ^ _4630_/B (sky130_fd_sc_hd__xnor2_2)
     1    0.004417    0.068556    0.233351    9.556010 ^ _4630_/Y (sky130_fd_sc_hd__xnor2_2)
                                                         _0600_ (net)
                      0.068556    0.000065    9.556075 ^ _4652_/A2 (sky130_fd_sc_hd__o221a_2)
     1    0.005332    0.099280    0.392245    9.948320 ^ _4652_/X (sky130_fd_sc_hd__o221a_2)
                                                         _0622_ (net)
                      0.099280    0.000035    9.948356 ^ _4653_/B1 (sky130_fd_sc_hd__o21ai_2)
     2    0.011338    0.109155    0.147720   10.096075 v _4653_/Y (sky130_fd_sc_hd__o21ai_2)
                                                         net157 (net)
                      0.109155    0.000282   10.096357 v output157/A (sky130_fd_sc_hd__clkdlybuf4s25_1)
     1    0.036319    0.489880    0.764692   10.861051 v output157/X (sky130_fd_sc_hd__clkdlybuf4s25_1)
                                                         result[28] (net)
                      0.489880    0.000668   10.861718 v result[28] (out)
                                             10.861718   data arrival time

                      0.000000    0.000000    0.000000   clock __VIRTUAL_CLK__ (rise edge)
                                  0.000000    0.000000   clock network delay (ideal)
                                  0.250000    0.250000   clock uncertainty
                                  0.000000    0.250000   clock reconvergence pessimism
                                 -8.000000   -7.750000   output external delay
                                             -7.750000   data required time
---------------------------------------------------------------------------------------------
                                             -7.750000   data required time
                                            -10.861718   data arrival time
---------------------------------------------------------------------------------------------
                                             18.611719   slack (MET)


Startpoint: operand_b[13] (input port clocked by __VIRTUAL_CLK__)
Endpoint: result[14] (output port clocked by __VIRTUAL_CLK__)
Path Group: __VIRTUAL_CLK__
Path Type: min

Fanout         Cap        Slew       Delay        Time   Description
---------------------------------------------------------------------------------------------
                      0.000000    0.000000    0.000000   clock __VIRTUAL_CLK__ (rise edge)
                                  0.000000    0.000000   clock network delay (ideal)
                                  8.000000    8.000000 ^ input external delay
     1    0.005688    0.051872    0.029464    8.029465 ^ operand_b[13] (in)
                                                         operand_b[13] (net)
                      0.051873    0.000000    8.029465 ^ input74/A (sky130_fd_sc_hd__clkdlybuf4s25_1)
     4    0.035701    0.575444    0.777721    8.807185 ^ input74/X (sky130_fd_sc_hd__clkdlybuf4s25_1)
                                                         net74 (net)
                      0.575444    0.000693    8.807878 ^ _3996_/A2 (sky130_fd_sc_hd__o21a_2)
     1    0.003287    0.060584    0.373869    9.181747 ^ _3996_/X (sky130_fd_sc_hd__o21a_2)
                                                         _3197_ (net)
                      0.060584    0.000032    9.181779 ^ _3997_/B1 (sky130_fd_sc_hd__a31o_2)
     1    0.014516    0.146245    0.227926    9.409705 ^ _3997_/X (sky130_fd_sc_hd__a31o_2)
                                                         _3198_ (net)
                      0.146245    0.000382    9.410088 ^ _3998_/B (sky130_fd_sc_hd__xor2_2)
     1    0.008156    0.196763    0.287850    9.697937 ^ _3998_/X (sky130_fd_sc_hd__xor2_2)
                                                         _3199_ (net)
                      0.196763    0.000115    9.698051 ^ _4031_/A2 (sky130_fd_sc_hd__a221o_2)
     2    0.009113    0.097928    0.371361   10.069412 ^ _4031_/X (sky130_fd_sc_hd__a221o_2)
                                                         net142 (net)
                      0.097928    0.000214   10.069626 ^ output142/A (sky130_fd_sc_hd__clkdlybuf4s25_1)
     1    0.035145    0.566633    0.792000   10.861627 ^ output142/X (sky130_fd_sc_hd__clkdlybuf4s25_1)
                                                         result[14] (net)
                      0.566633    0.000314   10.861941 ^ result[14] (out)
                                             10.861941   data arrival time

                      0.000000    0.000000    0.000000   clock __VIRTUAL_CLK__ (rise edge)
                                  0.000000    0.000000   clock network delay (ideal)
                                  0.250000    0.250000   clock uncertainty
                                  0.000000    0.250000   clock reconvergence pessimism
                                 -8.000000   -7.750000   output external delay
                                             -7.750000   data required time
---------------------------------------------------------------------------------------------
                                             -7.750000   data required time
                                            -10.861941   data arrival time
---------------------------------------------------------------------------------------------
                                             18.611940   slack (MET)


Startpoint: operand_b[18] (input port clocked by __VIRTUAL_CLK__)
Endpoint: result[19] (output port clocked by __VIRTUAL_CLK__)
Path Group: __VIRTUAL_CLK__
Path Type: min

Fanout         Cap        Slew       Delay        Time   Description
---------------------------------------------------------------------------------------------
                      0.000000    0.000000    0.000000   clock __VIRTUAL_CLK__ (rise edge)
                                  0.000000    0.000000   clock network delay (ideal)
                                  8.000000    8.000000 v input external delay
     1    0.007275    0.036252    0.021982    8.021981 v operand_b[18] (in)
                                                         operand_b[18] (net)
                      0.036253    0.000000    8.021981 v input79/A (sky130_fd_sc_hd__clkdlybuf4s25_1)
     5    0.036165    0.488410    0.731800    8.753782 v input79/X (sky130_fd_sc_hd__clkdlybuf4s25_1)
                                                         net79 (net)
                      0.488410    0.001079    8.754861 v _4227_/B (sky130_fd_sc_hd__nand2_2)
     2    0.020175    0.227968    0.367542    9.122402 ^ _4227_/Y (sky130_fd_sc_hd__nand2_2)
                                                         _0206_ (net)
                      0.227968    0.000386    9.122789 ^ _4228_/A (sky130_fd_sc_hd__nand2_2)
     1    0.008180    0.104804    0.162992    9.285781 v _4228_/Y (sky130_fd_sc_hd__nand2_2)
                                                         _0207_ (net)
                      0.104804    0.000179    9.285960 v _4232_/A2 (sky130_fd_sc_hd__o21ai_2)
     1    0.010220    0.130599    0.264288    9.550248 ^ _4232_/Y (sky130_fd_sc_hd__o21ai_2)
                                                         _0211_ (net)
                      0.130599    0.000363    9.550611 ^ _4245_/B1 (sky130_fd_sc_hd__a221o_2)
     1    0.003249    0.056842    0.282020    9.832631 ^ _4245_/X (sky130_fd_sc_hd__a221o_2)
                                                         _0224_ (net)
                      0.056842    0.000031    9.832662 ^ _4246_/B1 (sky130_fd_sc_hd__a31o_2)
     2    0.013361    0.137000    0.219035   10.051697 ^ _4246_/X (sky130_fd_sc_hd__a31o_2)
                                                         net147 (net)
                      0.137000    0.000547   10.052244 ^ output147/A (sky130_fd_sc_hd__clkdlybuf4s25_1)
     1    0.035936    0.579117    0.816629   10.868873 ^ output147/X (sky130_fd_sc_hd__clkdlybuf4s25_1)
                                                         result[19] (net)
                      0.579117    0.000737   10.869610 ^ result[19] (out)
                                             10.869610   data arrival time

                      0.000000    0.000000    0.000000   clock __VIRTUAL_CLK__ (rise edge)
                                  0.000000    0.000000   clock network delay (ideal)
                                  0.250000    0.250000   clock uncertainty
                                  0.000000    0.250000   clock reconvergence pessimism
                                 -8.000000   -7.750000   output external delay
                                             -7.750000   data required time
---------------------------------------------------------------------------------------------
                                             -7.750000   data required time
                                            -10.869610   data arrival time
---------------------------------------------------------------------------------------------
                                             18.619610   slack (MET)


Startpoint: operand_b[32] (input port clocked by __VIRTUAL_CLK__)
Endpoint: result[36] (output port clocked by __VIRTUAL_CLK__)
Path Group: __VIRTUAL_CLK__
Path Type: min

Fanout         Cap        Slew       Delay        Time   Description
---------------------------------------------------------------------------------------------
                      0.000000    0.000000    0.000000   clock __VIRTUAL_CLK__ (rise edge)
                                  0.000000    0.000000   clock network delay (ideal)
                                  8.000000    8.000000 v input external delay
     1    0.005204    0.027923    0.015965    8.015965 v operand_b[32] (in)
                                                         operand_b[32] (net)
                      0.027924    0.000000    8.015965 v input95/A (sky130_fd_sc_hd__clkdlybuf4s25_1)
     4    0.027326    0.376064    0.648639    8.664604 v input95/X (sky130_fd_sc_hd__clkdlybuf4s25_1)
                                                         net95 (net)
                      0.376064    0.000309    8.664913 v _4854_/A (sky130_fd_sc_hd__xnor2_2)
     1    0.003508    0.066435    0.329977    8.994890 ^ _4854_/Y (sky130_fd_sc_hd__xnor2_2)
                                                         _0819_ (net)
                      0.066435    0.000037    8.994927 ^ _4855_/A2 (sky130_fd_sc_hd__a211o_2)
     1    0.003482    0.049570    0.235064    9.229991 ^ _4855_/X (sky130_fd_sc_hd__a211o_2)
                                                         _0820_ (net)
                      0.049570    0.000036    9.230027 ^ _4856_/B1 (sky130_fd_sc_hd__o31a_2)
     2    0.009252    0.108109    0.278854    9.508882 ^ _4856_/X (sky130_fd_sc_hd__o31a_2)
                                                         _0821_ (net)
                      0.108109    0.000247    9.509129 ^ _4953_/A (sky130_fd_sc_hd__or2b_2)
     1    0.003140    0.048221    0.178736    9.687865 ^ _4953_/X (sky130_fd_sc_hd__or2b_2)
                                                         _0915_ (net)
                      0.048221    0.000028    9.687894 ^ _4992_/A2 (sky130_fd_sc_hd__a31o_2)
     2    0.014883    0.149181    0.375092   10.062985 ^ _4992_/X (sky130_fd_sc_hd__a31o_2)
                                                         net166 (net)
                      0.149181    0.000317   10.063302 ^ output166/A (sky130_fd_sc_hd__clkdlybuf4s25_1)
     1    0.036892    0.594344    0.831768   10.895070 ^ output166/X (sky130_fd_sc_hd__clkdlybuf4s25_1)
                                                         result[36] (net)
                      0.594344    0.000850   10.895920 ^ result[36] (out)
                                             10.895920   data arrival time

                      0.000000    0.000000    0.000000   clock __VIRTUAL_CLK__ (rise edge)
                                  0.000000    0.000000   clock network delay (ideal)
                                  0.250000    0.250000   clock uncertainty
                                  0.000000    0.250000   clock reconvergence pessimism
                                 -8.000000   -7.750000   output external delay
                                             -7.750000   data required time
---------------------------------------------------------------------------------------------
                                             -7.750000   data required time
                                            -10.895920   data arrival time
---------------------------------------------------------------------------------------------
                                             18.645922   slack (MET)


Startpoint: operand_b[58] (input port clocked by __VIRTUAL_CLK__)
Endpoint: result[59] (output port clocked by __VIRTUAL_CLK__)
Path Group: __VIRTUAL_CLK__
Path Type: min

Fanout         Cap        Slew       Delay        Time   Description
---------------------------------------------------------------------------------------------
                      0.000000    0.000000    0.000000   clock __VIRTUAL_CLK__ (rise edge)
                                  0.000000    0.000000   clock network delay (ideal)
                                  8.000000    8.000000 v input external delay
     1    0.004036    0.023280    0.012463    8.012463 v operand_b[58] (in)
                                                         operand_b[58] (net)
                      0.023280    0.000000    8.012463 v input123/A (sky130_fd_sc_hd__buf_1)
     4    0.035211    0.397629    0.380560    8.393023 v input123/X (sky130_fd_sc_hd__buf_1)
                                                         net123 (net)
                      0.397629    0.000339    8.393362 v max_cap625/A (sky130_fd_sc_hd__buf_2)
     6    0.061483    0.271023    0.558225    8.951587 v max_cap625/X (sky130_fd_sc_hd__buf_2)
                                                         net625 (net)
                      0.271023    0.000691    8.952277 v _5819_/B1 (sky130_fd_sc_hd__o21ai_2)
     2    0.008478    0.130933    0.191786    9.144064 ^ _5819_/Y (sky130_fd_sc_hd__o21ai_2)
                                                         _1838_ (net)
                      0.130933    0.000064    9.144128 ^ _5820_/B1 (sky130_fd_sc_hd__o21a_2)
     1    0.009150    0.101760    0.291145    9.435272 ^ _5820_/X (sky130_fd_sc_hd__o21a_2)
                                                         _1839_ (net)
                      0.101760    0.000086    9.435359 ^ _5821_/B (sky130_fd_sc_hd__xnor2_2)
     1    0.006734    0.090869    0.137336    9.572695 v _5821_/Y (sky130_fd_sc_hd__xnor2_2)
                                                         _1840_ (net)
                      0.090869    0.000148    9.572844 v _5827_/A2 (sky130_fd_sc_hd__o21a_2)
     1    0.006310    0.062328    0.366836    9.939679 v _5827_/X (sky130_fd_sc_hd__o21a_2)
                                                         _1846_ (net)
                      0.062328    0.000069    9.939749 v _5839_/B1 (sky130_fd_sc_hd__o211ai_2)
     2    0.012010    0.145220    0.144018   10.083767 ^ _5839_/Y (sky130_fd_sc_hd__o211ai_2)
                                                         net191 (net)
                      0.145220    0.000473   10.084240 ^ output191/A (sky130_fd_sc_hd__clkdlybuf4s25_1)
     1    0.036896    0.594393    0.830080   10.914320 ^ output191/X (sky130_fd_sc_hd__clkdlybuf4s25_1)
                                                         result[59] (net)
                      0.594393    0.000907   10.915227 ^ result[59] (out)
                                             10.915227   data arrival time

                      0.000000    0.000000    0.000000   clock __VIRTUAL_CLK__ (rise edge)
                                  0.000000    0.000000   clock network delay (ideal)
                                  0.250000    0.250000   clock uncertainty
                                  0.000000    0.250000   clock reconvergence pessimism
                                 -8.000000   -7.750000   output external delay
                                             -7.750000   data required time
---------------------------------------------------------------------------------------------
                                             -7.750000   data required time
                                            -10.915227   data arrival time
---------------------------------------------------------------------------------------------
                                             18.665226   slack (MET)


Startpoint: operand_b[33] (input port clocked by __VIRTUAL_CLK__)
Endpoint: result[34] (output port clocked by __VIRTUAL_CLK__)
Path Group: __VIRTUAL_CLK__
Path Type: min

Fanout         Cap        Slew       Delay        Time   Description
---------------------------------------------------------------------------------------------
                      0.000000    0.000000    0.000000   clock __VIRTUAL_CLK__ (rise edge)
                                  0.000000    0.000000   clock network delay (ideal)
                                  8.000000    8.000000 v input external delay
     1    0.004992    0.027082    0.015329    8.015329 v operand_b[33] (in)
                                                         operand_b[33] (net)
                      0.027082    0.000000    8.015329 v input96/A (sky130_fd_sc_hd__clkdlybuf4s25_1)
     7    0.027818    0.382343    0.652728    8.668056 v input96/X (sky130_fd_sc_hd__clkdlybuf4s25_1)
                                                         net96 (net)
                      0.382343    0.000226    8.668283 v _4815_/B (sky130_fd_sc_hd__nand2_2)
     7    0.030664    0.285213    0.376324    9.044606 ^ _4815_/Y (sky130_fd_sc_hd__nand2_2)
                                                         _0780_ (net)
                      0.285213    0.000492    9.045098 ^ _4865_/A1 (sky130_fd_sc_hd__a21bo_2)
     3    0.021329    0.189234    0.419719    9.464818 ^ _4865_/X (sky130_fd_sc_hd__a21bo_2)
                                                         _0829_ (net)
                      0.189234    0.000101    9.464919 ^ _4866_/B (sky130_fd_sc_hd__xnor2_2)
     1    0.009921    0.105521    0.258014    9.722933 ^ _4866_/Y (sky130_fd_sc_hd__xnor2_2)
                                                         _0830_ (net)
                      0.105521    0.000298    9.723231 ^ _4893_/A2 (sky130_fd_sc_hd__a221o_2)
     2    0.014328    0.136978    0.373670   10.096901 ^ _4893_/X (sky130_fd_sc_hd__a221o_2)
                                                         net164 (net)
                      0.136978    0.000249   10.097150 ^ output164/A (sky130_fd_sc_hd__clkdlybuf4s25_1)
     1    0.036627    0.589987    0.823858   10.921008 ^ output164/X (sky130_fd_sc_hd__clkdlybuf4s25_1)
                                                         result[34] (net)
                      0.589987    0.000752   10.921761 ^ result[34] (out)
                                             10.921761   data arrival time

                      0.000000    0.000000    0.000000   clock __VIRTUAL_CLK__ (rise edge)
                                  0.000000    0.000000   clock network delay (ideal)
                                  0.250000    0.250000   clock uncertainty
                                  0.000000    0.250000   clock reconvergence pessimism
                                 -8.000000   -7.750000   output external delay
                                             -7.750000   data required time
---------------------------------------------------------------------------------------------
                                             -7.750000   data required time
                                            -10.921761   data arrival time
---------------------------------------------------------------------------------------------
                                             18.671761   slack (MET)


Startpoint: operand_b[55] (input port clocked by __VIRTUAL_CLK__)
Endpoint: result[56] (output port clocked by __VIRTUAL_CLK__)
Path Group: __VIRTUAL_CLK__
Path Type: min

Fanout         Cap        Slew       Delay        Time   Description
---------------------------------------------------------------------------------------------
                      0.000000    0.000000    0.000000   clock __VIRTUAL_CLK__ (rise edge)
                                  0.000000    0.000000   clock network delay (ideal)
                                  8.000000    8.000000 ^ input external delay
     1    0.007406    0.063458    0.037601    8.037601 ^ operand_b[55] (in)
                                                         operand_b[55] (net)
                      0.063459    0.000000    8.037601 ^ input120/A (sky130_fd_sc_hd__clkdlybuf4s25_1)
     3    0.014202    0.243434    0.557800    8.595401 ^ input120/X (sky130_fd_sc_hd__clkdlybuf4s25_1)
                                                         net120 (net)
                      0.243434    0.000378    8.595779 ^ _5709_/C1 (sky130_fd_sc_hd__a211o_2)
     6    0.026065    0.202474    0.347195    8.942975 ^ _5709_/X (sky130_fd_sc_hd__a211o_2)
                                                         _1720_ (net)
                      0.202474    0.000194    8.943169 ^ _5722_/A1 (sky130_fd_sc_hd__a21o_2)
     2    0.007379    0.075890    0.293006    9.236174 ^ _5722_/X (sky130_fd_sc_hd__a21o_2)
                                                         _1734_ (net)
                      0.075890    0.000049    9.236222 ^ _5724_/A (sky130_fd_sc_hd__and2_2)
     2    0.015174    0.155529    0.320925    9.557147 ^ _5724_/X (sky130_fd_sc_hd__and2_2)
                                                         _1736_ (net)
                      0.155529    0.000161    9.557308 ^ _5726_/A (sky130_fd_sc_hd__xnor2_2)
     1    0.003704    0.066094    0.154988    9.712296 v _5726_/Y (sky130_fd_sc_hd__xnor2_2)
                                                         _1739_ (net)
                      0.066094    0.000041    9.712337 v _5746_/A2 (sky130_fd_sc_hd__a21o_2)
     2    0.015978    0.115560    0.423076   10.135413 v _5746_/X (sky130_fd_sc_hd__a21o_2)
                                                         net188 (net)
                      0.115560    0.000210   10.135622 v output188/A (sky130_fd_sc_hd__clkdlybuf4s25_1)
     1    0.038353    0.515775    0.785456   10.921079 v output188/X (sky130_fd_sc_hd__clkdlybuf4s25_1)
                                                         result[56] (net)
                      0.515775    0.001195   10.922274 v result[56] (out)
                                             10.922274   data arrival time

                      0.000000    0.000000    0.000000   clock __VIRTUAL_CLK__ (rise edge)
                                  0.000000    0.000000   clock network delay (ideal)
                                  0.250000    0.250000   clock uncertainty
                                  0.000000    0.250000   clock reconvergence pessimism
                                 -8.000000   -7.750000   output external delay
                                             -7.750000   data required time
---------------------------------------------------------------------------------------------
                                             -7.750000   data required time
                                            -10.922274   data arrival time
---------------------------------------------------------------------------------------------
                                             18.672276   slack (MET)


Startpoint: operand_b[47] (input port clocked by __VIRTUAL_CLK__)
Endpoint: result[48] (output port clocked by __VIRTUAL_CLK__)
Path Group: __VIRTUAL_CLK__
Path Type: min

Fanout         Cap        Slew       Delay        Time   Description
---------------------------------------------------------------------------------------------
                      0.000000    0.000000    0.000000   clock __VIRTUAL_CLK__ (rise edge)
                                  0.000000    0.000000   clock network delay (ideal)
                                  8.000000    8.000000 ^ input external delay
     1    0.004558    0.044150    0.023791    8.023790 ^ operand_b[47] (in)
                                                         operand_b[47] (net)
                      0.044150    0.000000    8.023790 ^ input111/A (sky130_fd_sc_hd__clkdlybuf4s25_1)
     3    0.013599    0.234062    0.543671    8.567462 ^ input111/X (sky130_fd_sc_hd__clkdlybuf4s25_1)
                                                         net111 (net)
                      0.234062    0.000277    8.567739 ^ _5409_/A (sky130_fd_sc_hd__nor2_2)
     1    0.001999    0.034988    0.116986    8.684725 v _5409_/Y (sky130_fd_sc_hd__nor2_2)
                                                         _1398_ (net)
                      0.034988    0.000017    8.684742 v _5410_/A2_N (sky130_fd_sc_hd__a2bb2o_2)
     3    0.013492    0.129802    0.449941    9.134683 ^ _5410_/X (sky130_fd_sc_hd__a2bb2o_2)
                                                         _1399_ (net)
                      0.129802    0.000256    9.134938 ^ _5411_/B1 (sky130_fd_sc_hd__a31o_2)
     4    0.021830    0.203993    0.301164    9.436102 ^ _5411_/X (sky130_fd_sc_hd__a31o_2)
                                                         _1400_ (net)
                      0.203993    0.000190    9.436292 ^ _5412_/B (sky130_fd_sc_hd__xor2_2)
     1    0.007135    0.179613    0.295428    9.731720 ^ _5412_/X (sky130_fd_sc_hd__xor2_2)
                                                         _1401_ (net)
                      0.179613    0.000169    9.731889 ^ _5453_/A2 (sky130_fd_sc_hd__a221o_2)
     2    0.014388    0.137252    0.400740   10.132628 ^ _5453_/X (sky130_fd_sc_hd__a221o_2)
                                                         net179 (net)
                      0.137252    0.000277   10.132905 ^ output179/A (sky130_fd_sc_hd__clkdlybuf4s25_1)
     1    0.035335    0.569707    0.810773   10.943678 ^ output179/X (sky130_fd_sc_hd__clkdlybuf4s25_1)
                                                         result[48] (net)
                      0.569707    0.000271   10.943949 ^ result[48] (out)
                                             10.943949   data arrival time

                      0.000000    0.000000    0.000000   clock __VIRTUAL_CLK__ (rise edge)
                                  0.000000    0.000000   clock network delay (ideal)
                                  0.250000    0.250000   clock uncertainty
                                  0.000000    0.250000   clock reconvergence pessimism
                                 -8.000000   -7.750000   output external delay
                                             -7.750000   data required time
---------------------------------------------------------------------------------------------
                                             -7.750000   data required time
                                            -10.943949   data arrival time
---------------------------------------------------------------------------------------------
                                             18.693951   slack (MET)


Startpoint: operand_b[41] (input port clocked by __VIRTUAL_CLK__)
Endpoint: result[42] (output port clocked by __VIRTUAL_CLK__)
Path Group: __VIRTUAL_CLK__
Path Type: min

Fanout         Cap        Slew       Delay        Time   Description
---------------------------------------------------------------------------------------------
                      0.000000    0.000000    0.000000   clock __VIRTUAL_CLK__ (rise edge)
                                  0.000000    0.000000   clock network delay (ideal)
                                  8.000000    8.000000 ^ input external delay
     1    0.005845    0.052917    0.030168    8.030168 ^ operand_b[41] (in)
                                                         operand_b[41] (net)
                      0.052917    0.000000    8.030168 ^ input105/A (sky130_fd_sc_hd__clkdlybuf4s25_1)
     4    0.029394    0.477697    0.712947    8.743114 ^ input105/X (sky130_fd_sc_hd__clkdlybuf4s25_1)
                                                         net105 (net)
                      0.477697    0.000304    8.743419 ^ _5158_/A (sky130_fd_sc_hd__nor2b_2)
     4    0.018855    0.128552    0.263229    9.006647 v _5158_/Y (sky130_fd_sc_hd__nor2b_2)
                                                         _1129_ (net)
                      0.128675    0.000135    9.006783 v _5201_/A1 (sky130_fd_sc_hd__o31ai_2)
     1    0.009804    0.133794    0.514933    9.521715 ^ _5201_/Y (sky130_fd_sc_hd__o31ai_2)
                                                         _1175_ (net)
                      0.133794    0.000107    9.521823 ^ _5202_/B (sky130_fd_sc_hd__xor2_2)
     4    0.020343    0.127995    0.229123    9.750945 v _5202_/X (sky130_fd_sc_hd__xor2_2)
                                                         _1176_ (net)
                      0.127995    0.000364    9.751309 v _5209_/A (sky130_fd_sc_hd__xor2_2)
     1    0.004907    0.147774    0.256870   10.008180 ^ _5209_/X (sky130_fd_sc_hd__xor2_2)
                                                         _1184_ (net)
                      0.147774    0.000020   10.008199 ^ _5232_/A2 (sky130_fd_sc_hd__o21ai_2)
     2    0.011885    0.115031    0.166220   10.174419 v _5232_/Y (sky130_fd_sc_hd__o21ai_2)
                                                         net173 (net)
                      0.115031    0.000232   10.174651 v output173/A (sky130_fd_sc_hd__clkdlybuf4s25_1)
     1    0.036881    0.496647    0.772683   10.947334 v output173/X (sky130_fd_sc_hd__clkdlybuf4s25_1)
                                                         result[42] (net)
                      0.496647    0.000235   10.947570 v result[42] (out)
                                             10.947570   data arrival time

                      0.000000    0.000000    0.000000   clock __VIRTUAL_CLK__ (rise edge)
                                  0.000000    0.000000   clock network delay (ideal)
                                  0.250000    0.250000   clock uncertainty
                                  0.000000    0.250000   clock reconvergence pessimism
                                 -8.000000   -7.750000   output external delay
                                             -7.750000   data required time
---------------------------------------------------------------------------------------------
                                             -7.750000   data required time
                                            -10.947570   data arrival time
---------------------------------------------------------------------------------------------
                                             18.697571   slack (MET)


Startpoint: operand_b[5] (input port clocked by __VIRTUAL_CLK__)
Endpoint: result[20] (output port clocked by __VIRTUAL_CLK__)
Path Group: __VIRTUAL_CLK__
Path Type: min

Fanout         Cap        Slew       Delay        Time   Description
---------------------------------------------------------------------------------------------
                      0.000000    0.000000    0.000000   clock __VIRTUAL_CLK__ (rise edge)
                                  0.000000    0.000000   clock network delay (ideal)
                                  8.000000    8.000000 v input external delay
     1    0.003878    0.022652    0.011979    8.011979 v operand_b[5] (in)
                                                         operand_b[5] (net)
                      0.022652    0.000000    8.011979 v input125/A (sky130_fd_sc_hd__clkdlybuf4s25_1)
     2    0.023618    0.329178    0.612942    8.624921 v input125/X (sky130_fd_sc_hd__clkdlybuf4s25_1)
                                                         net125 (net)
                      0.329178    0.000287    8.625208 v fanout622/A (sky130_fd_sc_hd__clkdlybuf4s25_1)
     4    0.022355    0.312985    0.722928    9.348135 v fanout622/X (sky130_fd_sc_hd__clkdlybuf4s25_1)
                                                         net622 (net)
                      0.312985    0.000475    9.348610 v _4295_/A1 (sky130_fd_sc_hd__o21ai_2)
     1    0.008909    0.107824    0.361905    9.710515 ^ _4295_/Y (sky130_fd_sc_hd__o21ai_2)
                                                         _0273_ (net)
                      0.107824    0.000290    9.710806 ^ _4296_/C1 (sky130_fd_sc_hd__a221o_2)
     1    0.003535    0.058619    0.189535    9.900341 ^ _4296_/X (sky130_fd_sc_hd__a221o_2)
                                                         _0274_ (net)
                      0.058619    0.000036    9.900377 ^ _4297_/B1 (sky130_fd_sc_hd__a21o_2)
     2    0.018330    0.152205    0.218882   10.119259 ^ _4297_/X (sky130_fd_sc_hd__a21o_2)
                                                         net149 (net)
                      0.152205    0.000166   10.119425 ^ output149/A (sky130_fd_sc_hd__clkdlybuf4s25_1)
     1    0.037880    0.609941    0.843377   10.962802 ^ output149/X (sky130_fd_sc_hd__clkdlybuf4s25_1)
                                                         result[20] (net)
                      0.609941    0.000956   10.963758 ^ result[20] (out)
                                             10.963758   data arrival time

                      0.000000    0.000000    0.000000   clock __VIRTUAL_CLK__ (rise edge)
                                  0.000000    0.000000   clock network delay (ideal)
                                  0.250000    0.250000   clock uncertainty
                                  0.000000    0.250000   clock reconvergence pessimism
                                 -8.000000   -7.750000   output external delay
                                             -7.750000   data required time
---------------------------------------------------------------------------------------------
                                             -7.750000   data required time
                                            -10.963758   data arrival time
---------------------------------------------------------------------------------------------
                                             18.713757   slack (MET)


Startpoint: operand_b[15] (input port clocked by __VIRTUAL_CLK__)
Endpoint: result[16] (output port clocked by __VIRTUAL_CLK__)
Path Group: __VIRTUAL_CLK__
Path Type: min

Fanout         Cap        Slew       Delay        Time   Description
---------------------------------------------------------------------------------------------
                      0.000000    0.000000    0.000000   clock __VIRTUAL_CLK__ (rise edge)
                                  0.000000    0.000000   clock network delay (ideal)
                                  8.000000    8.000000 ^ input external delay
     1    0.004876    0.046338    0.025419    8.025419 ^ operand_b[15] (in)
                                                         operand_b[15] (net)
                      0.046339    0.000000    8.025419 ^ input76/A (sky130_fd_sc_hd__clkdlybuf4s25_1)
     3    0.016640    0.280897    0.576436    8.601854 ^ input76/X (sky130_fd_sc_hd__clkdlybuf4s25_1)
                                                         net76 (net)
                      0.280897    0.000414    8.602268 ^ _4072_/A2 (sky130_fd_sc_hd__o22a_2)
     2    0.010576    0.113256    0.371529    8.973797 ^ _4072_/X (sky130_fd_sc_hd__o22a_2)
                                                         _0054_ (net)
                      0.113256    0.000155    8.973952 ^ _4073_/B1 (sky130_fd_sc_hd__a21o_2)
     3    0.015757    0.135001    0.228532    9.202484 ^ _4073_/X (sky130_fd_sc_hd__a21o_2)
                                                         _0055_ (net)
                      0.135001    0.000250    9.202735 ^ _4074_/B1 (sky130_fd_sc_hd__a31o_2)
     4    0.022200    0.207134    0.305317    9.508052 ^ _4074_/X (sky130_fd_sc_hd__a31o_2)
                                                         _0056_ (net)
                      0.207134    0.000419    9.508471 ^ _4075_/B (sky130_fd_sc_hd__xnor2_2)
     1    0.009003    0.099355    0.259703    9.768173 ^ _4075_/Y (sky130_fd_sc_hd__xnor2_2)
                                                         _0057_ (net)
                      0.099355    0.000199    9.768373 ^ _4117_/A2 (sky130_fd_sc_hd__a221o_2)
     2    0.014813    0.140468    0.374699   10.143070 ^ _4117_/X (sky130_fd_sc_hd__a221o_2)
                                                         net144 (net)
                      0.140468    0.000298   10.143368 ^ output144/A (sky130_fd_sc_hd__clkdlybuf4s25_1)
     1    0.037875    0.609609    0.838626   10.981995 ^ output144/X (sky130_fd_sc_hd__clkdlybuf4s25_1)
                                                         result[16] (net)
                      0.609609    0.000537   10.982532 ^ result[16] (out)
                                             10.982532   data arrival time

                      0.000000    0.000000    0.000000   clock __VIRTUAL_CLK__ (rise edge)
                                  0.000000    0.000000   clock network delay (ideal)
                                  0.250000    0.250000   clock uncertainty
                                  0.000000    0.250000   clock reconvergence pessimism
                                 -8.000000   -7.750000   output external delay
                                             -7.750000   data required time
---------------------------------------------------------------------------------------------
                                             -7.750000   data required time
                                            -10.982532   data arrival time
---------------------------------------------------------------------------------------------
                                             18.732533   slack (MET)


Startpoint: operand_b[37] (input port clocked by __VIRTUAL_CLK__)
Endpoint: result[38] (output port clocked by __VIRTUAL_CLK__)
Path Group: __VIRTUAL_CLK__
Path Type: min

Fanout         Cap        Slew       Delay        Time   Description
---------------------------------------------------------------------------------------------
                      0.000000    0.000000    0.000000   clock __VIRTUAL_CLK__ (rise edge)
                                  0.000000    0.000000   clock network delay (ideal)
                                  8.000000    8.000000 v input external delay
     1    0.003516    0.021232    0.010903    8.010903 v operand_b[37] (in)
                                                         operand_b[37] (net)
                      0.021232    0.000000    8.010903 v input100/A (sky130_fd_sc_hd__clkdlybuf4s25_1)
     3    0.019514    0.277210    0.575305    8.586208 v input100/X (sky130_fd_sc_hd__clkdlybuf4s25_1)
                                                         net100 (net)
                      0.277210    0.000226    8.586435 v _5031_/B_N (sky130_fd_sc_hd__nor2b_2)
     6    0.021740    0.133484    0.465051    9.051486 v _5031_/Y (sky130_fd_sc_hd__nor2b_2)
                                                         _0992_ (net)
                      0.133484    0.000218    9.051703 v _5034_/S (sky130_fd_sc_hd__mux2_2)
     1    0.003455    0.071313    0.432962    9.484666 ^ _5034_/X (sky130_fd_sc_hd__mux2_2)
                                                         _0995_ (net)
                      0.071313    0.000036    9.484701 ^ _5035_/C1 (sky130_fd_sc_hd__a211o_2)
     4    0.027370    0.211781    0.278864    9.763565 ^ _5035_/X (sky130_fd_sc_hd__a211o_2)
                                                         _0996_ (net)
                      0.211783    0.000934    9.764500 ^ _5037_/A (sky130_fd_sc_hd__xnor2_2)
     1    0.005982    0.078795    0.252095   10.016595 ^ _5037_/Y (sky130_fd_sc_hd__xnor2_2)
                                                         _0999_ (net)
                      0.078795    0.000072   10.016667 ^ _5064_/A2 (sky130_fd_sc_hd__o21ai_2)
     2    0.018535    0.165149    0.178217   10.194884 v _5064_/Y (sky130_fd_sc_hd__o21ai_2)
                                                         net168 (net)
                      0.165152    0.000536   10.195421 v output168/A (sky130_fd_sc_hd__clkdlybuf4s25_1)
     1    0.037005    0.498266    0.795168   10.990588 v output168/X (sky130_fd_sc_hd__clkdlybuf4s25_1)
                                                         result[38] (net)
                      0.498266    0.000857   10.991446 v result[38] (out)
                                             10.991446   data arrival time

                      0.000000    0.000000    0.000000   clock __VIRTUAL_CLK__ (rise edge)
                                  0.000000    0.000000   clock network delay (ideal)
                                  0.250000    0.250000   clock uncertainty
                                  0.000000    0.250000   clock reconvergence pessimism
                                 -8.000000   -7.750000   output external delay
                                             -7.750000   data required time
---------------------------------------------------------------------------------------------
                                             -7.750000   data required time
                                            -10.991446   data arrival time
---------------------------------------------------------------------------------------------
                                             18.741446   slack (MET)


Startpoint: operand_b[43] (input port clocked by __VIRTUAL_CLK__)
Endpoint: result[44] (output port clocked by __VIRTUAL_CLK__)
Path Group: __VIRTUAL_CLK__
Path Type: min

Fanout         Cap        Slew       Delay        Time   Description
---------------------------------------------------------------------------------------------
                      0.000000    0.000000    0.000000   clock __VIRTUAL_CLK__ (rise edge)
                                  0.000000    0.000000   clock network delay (ideal)
                                  8.000000    8.000000 ^ input external delay
     1    0.004847    0.046141    0.025248    8.025249 ^ operand_b[43] (in)
                                                         operand_b[43] (net)
                      0.046142    0.000000    8.025249 ^ input107/A (sky130_fd_sc_hd__clkdlybuf4s25_1)
     2    0.008078    0.150826    0.485628    8.510876 ^ input107/X (sky130_fd_sc_hd__clkdlybuf4s25_1)
                                                         net107 (net)
                      0.150826    0.000139    8.511014 ^ fanout672/A (sky130_fd_sc_hd__clkdlybuf4s25_1)
     5    0.013013    0.225261    0.582452    9.093467 ^ fanout672/X (sky130_fd_sc_hd__clkdlybuf4s25_1)
                                                         net672 (net)
                      0.225261    0.000175    9.093641 ^ _5270_/A2 (sky130_fd_sc_hd__a21o_2)
     2    0.012250    0.109800    0.336692    9.430333 ^ _5270_/X (sky130_fd_sc_hd__a21o_2)
                                                         _1249_ (net)
                      0.109800    0.000299    9.430633 ^ _5271_/B1 (sky130_fd_sc_hd__a21o_2)
     3    0.020515    0.168469    0.251696    9.682328 ^ _5271_/X (sky130_fd_sc_hd__a21o_2)
                                                         _1250_ (net)
                      0.168469    0.000226    9.682554 ^ _5272_/B (sky130_fd_sc_hd__xnor2_2)
     1    0.005360    0.075126    0.224427    9.906981 ^ _5272_/Y (sky130_fd_sc_hd__xnor2_2)
                                                         _1251_ (net)
                      0.075126    0.000099    9.907080 ^ _5304_/A2 (sky130_fd_sc_hd__a211o_2)
     2    0.010773    0.097273    0.284466   10.191545 ^ _5304_/X (sky130_fd_sc_hd__a211o_2)
                                                         net175 (net)
                      0.097273    0.000348   10.191894 ^ output175/A (sky130_fd_sc_hd__clkdlybuf4s25_1)
     1    0.037148    0.597769    0.812679   11.004573 ^ output175/X (sky130_fd_sc_hd__clkdlybuf4s25_1)
                                                         result[44] (net)
                      0.597769    0.000390   11.004963 ^ result[44] (out)
                                             11.004963   data arrival time

                      0.000000    0.000000    0.000000   clock __VIRTUAL_CLK__ (rise edge)
                                  0.000000    0.000000   clock network delay (ideal)
                                  0.250000    0.250000   clock uncertainty
                                  0.000000    0.250000   clock reconvergence pessimism
                                 -8.000000   -7.750000   output external delay
                                             -7.750000   data required time
---------------------------------------------------------------------------------------------
                                             -7.750000   data required time
                                            -11.004963   data arrival time
---------------------------------------------------------------------------------------------
                                             18.754963   slack (MET)


Startpoint: operand_a[1] (input port clocked by __VIRTUAL_CLK__)
Endpoint: result[4] (output port clocked by __VIRTUAL_CLK__)
Path Group: __VIRTUAL_CLK__
Path Type: min

Fanout         Cap        Slew       Delay        Time   Description
---------------------------------------------------------------------------------------------
                      0.000000    0.000000    0.000000   clock __VIRTUAL_CLK__ (rise edge)
                                  0.000000    0.000000   clock network delay (ideal)
                                  8.000000    8.000000 ^ input external delay
     1    0.007222    0.062215    0.036734    8.036735 ^ operand_a[1] (in)
                                                         operand_a[1] (net)
                      0.062216    0.000000    8.036735 ^ input17/A (sky130_fd_sc_hd__clkdlybuf4s25_1)
     4    0.021602    0.357459    0.634953    8.671687 ^ input17/X (sky130_fd_sc_hd__clkdlybuf4s25_1)
                                                         net17 (net)
                      0.357459    0.000401    8.672089 ^ _3465_/A2 (sky130_fd_sc_hd__a31o_2)
     2    0.011403    0.137739    0.456514    9.128602 ^ _3465_/X (sky130_fd_sc_hd__a31o_2)
                                                         _2677_ (net)
                      0.137739    0.000182    9.128784 ^ _3466_/B2 (sky130_fd_sc_hd__o22a_2)
     4    0.021106    0.190010    0.362588    9.491372 ^ _3466_/X (sky130_fd_sc_hd__o22a_2)
                                                         _2678_ (net)
                      0.190010    0.000137    9.491509 ^ _3497_/A1 (sky130_fd_sc_hd__o21a_2)
     1    0.009759    0.108357    0.328575    9.820085 ^ _3497_/X (sky130_fd_sc_hd__o21a_2)
                                                         _2708_ (net)
                      0.108357    0.000111    9.820195 ^ _3498_/B (sky130_fd_sc_hd__xnor2_2)
     1    0.006084    0.079484    0.205644   10.025839 ^ _3498_/Y (sky130_fd_sc_hd__xnor2_2)
                                                         _2709_ (net)
                      0.079484    0.000074   10.025913 ^ _3545_/A2 (sky130_fd_sc_hd__o211ai_2)
     2    0.009628    0.163591    0.203638   10.229550 v _3545_/Y (sky130_fd_sc_hd__o211ai_2)
                                                         net181 (net)
                      0.163591    0.000169   10.229719 v output181/A (sky130_fd_sc_hd__clkdlybuf4s25_1)
     1    0.036098    0.486943    0.786592   11.016312 v output181/X (sky130_fd_sc_hd__clkdlybuf4s25_1)
                                                         result[4] (net)
                      0.486943    0.000452   11.016764 v result[4] (out)
                                             11.016764   data arrival time

                      0.000000    0.000000    0.000000   clock __VIRTUAL_CLK__ (rise edge)
                                  0.000000    0.000000   clock network delay (ideal)
                                  0.250000    0.250000   clock uncertainty
                                  0.000000    0.250000   clock reconvergence pessimism
                                 -8.000000   -7.750000   output external delay
                                             -7.750000   data required time
---------------------------------------------------------------------------------------------
                                             -7.750000   data required time
                                            -11.016764   data arrival time
---------------------------------------------------------------------------------------------
                                             18.766764   slack (MET)


Startpoint: operand_b[53] (input port clocked by __VIRTUAL_CLK__)
Endpoint: result[53] (output port clocked by __VIRTUAL_CLK__)
Path Group: __VIRTUAL_CLK__
Path Type: min

Fanout         Cap        Slew       Delay        Time   Description
---------------------------------------------------------------------------------------------
                      0.000000    0.000000    0.000000   clock __VIRTUAL_CLK__ (rise edge)
                                  0.000000    0.000000   clock network delay (ideal)
                                  8.000000    8.000000 ^ input external delay
     1    0.004371    0.042864    0.022867    8.022867 ^ operand_b[53] (in)
                                                         operand_b[53] (net)
                      0.042864    0.000000    8.022867 ^ input118/A (sky130_fd_sc_hd__clkdlybuf4s25_1)
     6    0.034677    0.559352    0.764083    8.786950 ^ input118/X (sky130_fd_sc_hd__clkdlybuf4s25_1)
                                                         net118 (net)
                      0.559352    0.000652    8.787602 ^ _5612_/A1 (sky130_fd_sc_hd__a221o_2)
     1    0.005367    0.071511    0.490218    9.277820 ^ _5612_/X (sky130_fd_sc_hd__a221o_2)
                                                         _1616_ (net)
                      0.071512    0.000075    9.277894 ^ _5621_/A2 (sky130_fd_sc_hd__a221o_2)
     1    0.002983    0.058049    0.277833    9.555727 ^ _5621_/X (sky130_fd_sc_hd__a221o_2)
                                                         _1626_ (net)
                      0.058049    0.000026    9.555753 ^ _5622_/C1 (sky130_fd_sc_hd__a211o_2)
     1    0.003088    0.046920    0.146090    9.701843 ^ _5622_/X (sky130_fd_sc_hd__a211o_2)
                                                         _1627_ (net)
                      0.046920    0.000040    9.701883 ^ _5629_/A (sky130_fd_sc_hd__or3b_2)
     1    0.002650    0.049940    0.162121    9.864004 ^ _5629_/X (sky130_fd_sc_hd__or3b_2)
                                                         _1635_ (net)
                      0.049940    0.000014    9.864018 ^ _5630_/A (sky130_fd_sc_hd__buf_1)
     2    0.015479    0.300901    0.291056   10.155074 ^ _5630_/X (sky130_fd_sc_hd__buf_1)
                                                         net185 (net)
                      0.300901    0.000288   10.155362 ^ output185/A (sky130_fd_sc_hd__clkdlybuf4s25_1)
     1    0.035802    0.577349    0.878337   11.033699 ^ output185/X (sky130_fd_sc_hd__clkdlybuf4s25_1)
                                                         result[53] (net)
                      0.577349    0.000605   11.034304 ^ result[53] (out)
                                             11.034304   data arrival time

                      0.000000    0.000000    0.000000   clock __VIRTUAL_CLK__ (rise edge)
                                  0.000000    0.000000   clock network delay (ideal)
                                  0.250000    0.250000   clock uncertainty
                                  0.000000    0.250000   clock reconvergence pessimism
                                 -8.000000   -7.750000   output external delay
                                             -7.750000   data required time
---------------------------------------------------------------------------------------------
                                             -7.750000   data required time
                                            -11.034304   data arrival time
---------------------------------------------------------------------------------------------
                                             18.784302   slack (MET)


Startpoint: operand_a[1] (input port clocked by __VIRTUAL_CLK__)
Endpoint: result[3] (output port clocked by __VIRTUAL_CLK__)
Path Group: __VIRTUAL_CLK__
Path Type: min

Fanout         Cap        Slew       Delay        Time   Description
---------------------------------------------------------------------------------------------
                      0.000000    0.000000    0.000000   clock __VIRTUAL_CLK__ (rise edge)
                                  0.000000    0.000000   clock network delay (ideal)
                                  8.000000    8.000000 ^ input external delay
     1    0.007222    0.062215    0.036734    8.036735 ^ operand_a[1] (in)
                                                         operand_a[1] (net)
                      0.062216    0.000000    8.036735 ^ input17/A (sky130_fd_sc_hd__clkdlybuf4s25_1)
     4    0.021602    0.357459    0.634953    8.671687 ^ input17/X (sky130_fd_sc_hd__clkdlybuf4s25_1)
                                                         net17 (net)
                      0.357459    0.000401    8.672089 ^ _3465_/A2 (sky130_fd_sc_hd__a31o_2)
     2    0.011403    0.137739    0.456514    9.128602 ^ _3465_/X (sky130_fd_sc_hd__a31o_2)
                                                         _2677_ (net)
                      0.137739    0.000182    9.128784 ^ _3466_/B2 (sky130_fd_sc_hd__o22a_2)
     4    0.021106    0.190010    0.362588    9.491372 ^ _3466_/X (sky130_fd_sc_hd__o22a_2)
                                                         _2678_ (net)
                      0.190010    0.000170    9.491542 ^ _3467_/B (sky130_fd_sc_hd__xnor2_2)
     1    0.005121    0.081295    0.155125    9.646667 v _3467_/Y (sky130_fd_sc_hd__xnor2_2)
                                                         _2679_ (net)
                      0.081295    0.000073    9.646740 v _3491_/A2 (sky130_fd_sc_hd__o2111a_2)
     2    0.007396    0.070999    0.460143   10.106883 v _3491_/X (sky130_fd_sc_hd__o2111a_2)
                                                         _2703_ (net)
                      0.070999    0.000083   10.106965 v _3492_/C (sky130_fd_sc_hd__nand3b_2)
     1    0.006191    0.087325    0.130564   10.237530 ^ _3492_/Y (sky130_fd_sc_hd__nand3b_2)
                                                         net170 (net)
                      0.087325    0.000136   10.237665 ^ output170/A (sky130_fd_sc_hd__clkdlybuf4s25_1)
     1    0.038762    0.622974    0.824736   11.062401 ^ output170/X (sky130_fd_sc_hd__clkdlybuf4s25_1)
                                                         result[3] (net)
                      0.622974    0.001294   11.063695 ^ result[3] (out)
                                             11.063695   data arrival time

                      0.000000    0.000000    0.000000   clock __VIRTUAL_CLK__ (rise edge)
                                  0.000000    0.000000   clock network delay (ideal)
                                  0.250000    0.250000   clock uncertainty
                                  0.000000    0.250000   clock reconvergence pessimism
                                 -8.000000   -7.750000   output external delay
                                             -7.750000   data required time
---------------------------------------------------------------------------------------------
                                             -7.750000   data required time
                                            -11.063695   data arrival time
---------------------------------------------------------------------------------------------
                                             18.813694   slack (MET)


Startpoint: operand_b[5] (input port clocked by __VIRTUAL_CLK__)
Endpoint: result[26] (output port clocked by __VIRTUAL_CLK__)
Path Group: __VIRTUAL_CLK__
Path Type: min

Fanout         Cap        Slew       Delay        Time   Description
---------------------------------------------------------------------------------------------
                      0.000000    0.000000    0.000000   clock __VIRTUAL_CLK__ (rise edge)
                                  0.000000    0.000000   clock network delay (ideal)
                                  8.000000    8.000000 v input external delay
     1    0.003878    0.022652    0.011979    8.011979 v operand_b[5] (in)
                                                         operand_b[5] (net)
                      0.022652    0.000000    8.011979 v input125/A (sky130_fd_sc_hd__clkdlybuf4s25_1)
     2    0.023618    0.329178    0.612942    8.624921 v input125/X (sky130_fd_sc_hd__clkdlybuf4s25_1)
                                                         net125 (net)
                      0.329178    0.000528    8.625448 v fanout617/A (sky130_fd_sc_hd__clkdlybuf4s25_1)
     3    0.015282    0.223643    0.658995    9.284443 v fanout617/X (sky130_fd_sc_hd__clkdlybuf4s25_1)
                                                         net617 (net)
                      0.223643    0.000336    9.284779 v _4568_/A1 (sky130_fd_sc_hd__o221a_2)
     1    0.005824    0.066894    0.579582    9.864360 v _4568_/X (sky130_fd_sc_hd__o221a_2)
                                                         _0540_ (net)
                      0.066894    0.000081    9.864441 v _4569_/B1 (sky130_fd_sc_hd__o21ai_2)
     1    0.003471    0.062656    0.077953    9.942394 ^ _4569_/Y (sky130_fd_sc_hd__o21ai_2)
                                                         _0541_ (net)
                      0.062656    0.000037    9.942431 ^ _4570_/B1 (sky130_fd_sc_hd__a21o_2)
     2    0.007209    0.074156    0.161801   10.104233 ^ _4570_/X (sky130_fd_sc_hd__a21o_2)
                                                         _0542_ (net)
                      0.074156    0.000067   10.104299 ^ _4571_/B1 (sky130_fd_sc_hd__a21o_2)
     1    0.007744    0.077881    0.169606   10.273905 ^ _4571_/X (sky130_fd_sc_hd__a21o_2)
                                                         net155 (net)
                      0.077881    0.000153   10.274057 ^ output155/A (sky130_fd_sc_hd__clkdlybuf4s25_1)
     1    0.037089    0.596774    0.803520   11.077578 ^ output155/X (sky130_fd_sc_hd__clkdlybuf4s25_1)
                                                         result[26] (net)
                      0.596774    0.000800   11.078378 ^ result[26] (out)
                                             11.078378   data arrival time

                      0.000000    0.000000    0.000000   clock __VIRTUAL_CLK__ (rise edge)
                                  0.000000    0.000000   clock network delay (ideal)
                                  0.250000    0.250000   clock uncertainty
                                  0.000000    0.250000   clock reconvergence pessimism
                                 -8.000000   -7.750000   output external delay
                                             -7.750000   data required time
---------------------------------------------------------------------------------------------
                                             -7.750000   data required time
                                            -11.078378   data arrival time
---------------------------------------------------------------------------------------------
                                             18.828377   slack (MET)


Startpoint: operand_b[35] (input port clocked by __VIRTUAL_CLK__)
Endpoint: result[35] (output port clocked by __VIRTUAL_CLK__)
Path Group: __VIRTUAL_CLK__
Path Type: min

Fanout         Cap        Slew       Delay        Time   Description
---------------------------------------------------------------------------------------------
                      0.000000    0.000000    0.000000   clock __VIRTUAL_CLK__ (rise edge)
                                  0.000000    0.000000   clock network delay (ideal)
                                  8.000000    8.000000 v input external delay
     1    0.005101    0.027515    0.015656    8.015656 v operand_b[35] (in)
                                                         operand_b[35] (net)
                      0.027515    0.000000    8.015656 v input98/A (sky130_fd_sc_hd__clkdlybuf4s25_1)
     9    0.033606    0.455851    0.705224    8.720881 v input98/X (sky130_fd_sc_hd__clkdlybuf4s25_1)
                                                         net98 (net)
                      0.455851    0.000261    8.721142 v _4894_/A_N (sky130_fd_sc_hd__and2b_2)
     3    0.013300    0.136554    0.628614    9.349756 ^ _4894_/X (sky130_fd_sc_hd__and2b_2)
                                                         _0857_ (net)
                      0.136554    0.000163    9.349918 ^ _4896_/A (sky130_fd_sc_hd__nor2_2)
     6    0.024011    0.117626    0.153505    9.503423 v _4896_/Y (sky130_fd_sc_hd__nor2_2)
                                                         _0859_ (net)
                      0.117628    0.000681    9.504105 v _4902_/A1 (sky130_fd_sc_hd__o21ai_2)
     1    0.015705    0.169485    0.369884    9.873988 ^ _4902_/Y (sky130_fd_sc_hd__o21ai_2)
                                                         _0865_ (net)
                      0.169485    0.000218    9.874206 ^ _4952_/A2 (sky130_fd_sc_hd__a221o_2)
     2    0.012408    0.122575    0.383773   10.257978 ^ _4952_/X (sky130_fd_sc_hd__a221o_2)
                                                         net165 (net)
                      0.122575    0.000226   10.258205 ^ output165/A (sky130_fd_sc_hd__clkdlybuf4s25_1)
     1    0.037164    0.598425    0.823308   11.081512 ^ output165/X (sky130_fd_sc_hd__clkdlybuf4s25_1)
                                                         result[35] (net)
                      0.598425    0.000825   11.082338 ^ result[35] (out)
                                             11.082338   data arrival time

                      0.000000    0.000000    0.000000   clock __VIRTUAL_CLK__ (rise edge)
                                  0.000000    0.000000   clock network delay (ideal)
                                  0.250000    0.250000   clock uncertainty
                                  0.000000    0.250000   clock reconvergence pessimism
                                 -8.000000   -7.750000   output external delay
                                             -7.750000   data required time
---------------------------------------------------------------------------------------------
                                             -7.750000   data required time
                                            -11.082338   data arrival time
---------------------------------------------------------------------------------------------
                                             18.832338   slack (MET)


Startpoint: operand_b[42] (input port clocked by __VIRTUAL_CLK__)
Endpoint: result[43] (output port clocked by __VIRTUAL_CLK__)
Path Group: __VIRTUAL_CLK__
Path Type: min

Fanout         Cap        Slew       Delay        Time   Description
---------------------------------------------------------------------------------------------
                      0.000000    0.000000    0.000000   clock __VIRTUAL_CLK__ (rise edge)
                                  0.000000    0.000000   clock network delay (ideal)
                                  8.000000    8.000000 v input external delay
     1    0.005219    0.027979    0.015995    8.015995 v operand_b[42] (in)
                                                         operand_b[42] (net)
                      0.027979    0.000000    8.015995 v input106/A (sky130_fd_sc_hd__clkdlybuf4s25_1)
     1    0.006747    0.121019    0.456973    8.472968 v input106/X (sky130_fd_sc_hd__clkdlybuf4s25_1)
                                                         net106 (net)
                      0.121019    0.000161    8.473129 v fanout674/A (sky130_fd_sc_hd__clkdlybuf4s25_1)
     9    0.036063    0.486830    0.767126    9.240255 v fanout674/X (sky130_fd_sc_hd__clkdlybuf4s25_1)
                                                         net674 (net)
                      0.486830    0.001507    9.241762 v _5235_/A1 (sky130_fd_sc_hd__o21a_2)
     1    0.008966    0.073690    0.552124    9.793886 v _5235_/X (sky130_fd_sc_hd__o21a_2)
                                                         _1211_ (net)
                      0.073690    0.000091    9.793978 v _5236_/B (sky130_fd_sc_hd__xnor2_2)
     1    0.004192    0.067025    0.187468    9.981445 ^ _5236_/Y (sky130_fd_sc_hd__xnor2_2)
                                                         _1213_ (net)
                      0.067025    0.000054    9.981500 ^ _5265_/A2 (sky130_fd_sc_hd__a211o_2)
     2    0.014010    0.119454    0.299967   10.281466 ^ _5265_/X (sky130_fd_sc_hd__a211o_2)
                                                         net174 (net)
                      0.119454    0.000339   10.281806 ^ output174/A (sky130_fd_sc_hd__clkdlybuf4s25_1)
     1    0.036171    0.582618    0.811808   11.093614 ^ output174/X (sky130_fd_sc_hd__clkdlybuf4s25_1)
                                                         result[43] (net)
                      0.582618    0.000489   11.094103 ^ result[43] (out)
                                             11.094103   data arrival time

                      0.000000    0.000000    0.000000   clock __VIRTUAL_CLK__ (rise edge)
                                  0.000000    0.000000   clock network delay (ideal)
                                  0.250000    0.250000   clock uncertainty
                                  0.000000    0.250000   clock reconvergence pessimism
                                 -8.000000   -7.750000   output external delay
                                             -7.750000   data required time
---------------------------------------------------------------------------------------------
                                             -7.750000   data required time
                                            -11.094103   data arrival time
---------------------------------------------------------------------------------------------
                                             18.844103   slack (MET)


Startpoint: operand_a[1] (input port clocked by __VIRTUAL_CLK__)
Endpoint: result[7] (output port clocked by __VIRTUAL_CLK__)
Path Group: __VIRTUAL_CLK__
Path Type: min

Fanout         Cap        Slew       Delay        Time   Description
---------------------------------------------------------------------------------------------
                      0.000000    0.000000    0.000000   clock __VIRTUAL_CLK__ (rise edge)
                                  0.000000    0.000000   clock network delay (ideal)
                                  8.000000    8.000000 ^ input external delay
     1    0.007222    0.062215    0.036734    8.036735 ^ operand_a[1] (in)
                                                         operand_a[1] (net)
                      0.062216    0.000000    8.036735 ^ input17/A (sky130_fd_sc_hd__clkdlybuf4s25_1)
     4    0.021602    0.357459    0.634953    8.671687 ^ input17/X (sky130_fd_sc_hd__clkdlybuf4s25_1)
                                                         net17 (net)
                      0.357459    0.000401    8.672089 ^ _3465_/A2 (sky130_fd_sc_hd__a31o_2)
     2    0.011403    0.137739    0.456514    9.128602 ^ _3465_/X (sky130_fd_sc_hd__a31o_2)
                                                         _2677_ (net)
                      0.137739    0.000160    9.128762 ^ _3666_/B (sky130_fd_sc_hd__or3_2)
     2    0.013792    0.125661    0.264634    9.393395 ^ _3666_/X (sky130_fd_sc_hd__or3_2)
                                                         _2874_ (net)
                      0.125661    0.000273    9.393668 ^ _3675_/A1 (sky130_fd_sc_hd__a31o_2)
     1    0.015738    0.156085    0.392554    9.786222 ^ _3675_/X (sky130_fd_sc_hd__a31o_2)
                                                         _2883_ (net)
                      0.156085    0.000357    9.786580 ^ _3676_/B (sky130_fd_sc_hd__xor2_2)
     1    0.007607    0.187594    0.284619   10.071199 ^ _3676_/X (sky130_fd_sc_hd__xor2_2)
                                                         _2884_ (net)
                      0.187594    0.000134   10.071333 ^ _3721_/A2 (sky130_fd_sc_hd__a221oi_2)
     2    0.011938    0.076277    0.214625   10.285958 v _3721_/Y (sky130_fd_sc_hd__a221oi_2)
                                                         _2929_ (net)
                      0.076277    0.000153   10.286111 v _3722_/A (sky130_fd_sc_hd__inv_2)
     1    0.003111    0.037980    0.067422   10.353533 ^ _3722_/Y (sky130_fd_sc_hd__inv_2)
                                                         net198 (net)
                      0.037980    0.000031   10.353563 ^ output198/A (sky130_fd_sc_hd__clkdlybuf4s25_1)
     1    0.035139    0.571570    0.767358   11.120921 ^ output198/X (sky130_fd_sc_hd__clkdlybuf4s25_1)
                                                         result[7] (net)
                      0.571570    0.000223   11.121144 ^ result[7] (out)
                                             11.121144   data arrival time

                      0.000000    0.000000    0.000000   clock __VIRTUAL_CLK__ (rise edge)
                                  0.000000    0.000000   clock network delay (ideal)
                                  0.250000    0.250000   clock uncertainty
                                  0.000000    0.250000   clock reconvergence pessimism
                                 -8.000000   -7.750000   output external delay
                                             -7.750000   data required time
---------------------------------------------------------------------------------------------
                                             -7.750000   data required time
                                            -11.121144   data arrival time
---------------------------------------------------------------------------------------------
                                             18.871145   slack (MET)


Startpoint: operand_b[55] (input port clocked by __VIRTUAL_CLK__)
Endpoint: result[58] (output port clocked by __VIRTUAL_CLK__)
Path Group: __VIRTUAL_CLK__
Path Type: min

Fanout         Cap        Slew       Delay        Time   Description
---------------------------------------------------------------------------------------------
                      0.000000    0.000000    0.000000   clock __VIRTUAL_CLK__ (rise edge)
                                  0.000000    0.000000   clock network delay (ideal)
                                  8.000000    8.000000 ^ input external delay
     1    0.007406    0.063458    0.037601    8.037601 ^ operand_b[55] (in)
                                                         operand_b[55] (net)
                      0.063459    0.000000    8.037601 ^ input120/A (sky130_fd_sc_hd__clkdlybuf4s25_1)
     3    0.014202    0.243434    0.557800    8.595401 ^ input120/X (sky130_fd_sc_hd__clkdlybuf4s25_1)
                                                         net120 (net)
                      0.243434    0.000378    8.595779 ^ _5709_/C1 (sky130_fd_sc_hd__a211o_2)
     6    0.026065    0.202474    0.347195    8.942975 ^ _5709_/X (sky130_fd_sc_hd__a211o_2)
                                                         _1720_ (net)
                      0.202474    0.000194    8.943169 ^ _5722_/A1 (sky130_fd_sc_hd__a21o_2)
     2    0.007379    0.075890    0.293006    9.236174 ^ _5722_/X (sky130_fd_sc_hd__a21o_2)
                                                         _1734_ (net)
                      0.075890    0.000046    9.236220 ^ _5761_/A1 (sky130_fd_sc_hd__a21oi_2)
     4    0.014034    0.079764    0.149236    9.385456 v _5761_/Y (sky130_fd_sc_hd__a21oi_2)
                                                         _1776_ (net)
                      0.079764    0.000195    9.385651 v _5788_/A2 (sky130_fd_sc_hd__a31oi_2)
     1    0.002697    0.118483    0.234762    9.620412 ^ _5788_/Y (sky130_fd_sc_hd__a31oi_2)
                                                         _1805_ (net)
                      0.118483    0.000028    9.620440 ^ _5790_/A (sky130_fd_sc_hd__or2_2)
     1    0.004323    0.059097    0.196636    9.817078 ^ _5790_/X (sky130_fd_sc_hd__or2_2)
                                                         _1807_ (net)
                      0.059097    0.000058    9.817135 ^ _5807_/A2 (sky130_fd_sc_hd__a21bo_2)
     1    0.002412    0.051120    0.220951   10.038086 ^ _5807_/X (sky130_fd_sc_hd__a21bo_2)
                                                         _1826_ (net)
                      0.051120    0.000010   10.038096 ^ _5808_/A (sky130_fd_sc_hd__buf_1)
     2    0.011914    0.235807    0.247607   10.285704 ^ _5808_/X (sky130_fd_sc_hd__buf_1)
                                                         net190 (net)
                      0.235874    0.000278   10.285981 ^ output190/A (sky130_fd_sc_hd__clkdlybuf4s25_1)
     1    0.036021    0.580749    0.858660   11.144641 ^ output190/X (sky130_fd_sc_hd__clkdlybuf4s25_1)
                                                         result[58] (net)
                      0.580749    0.000600   11.145242 ^ result[58] (out)
                                             11.145242   data arrival time

                      0.000000    0.000000    0.000000   clock __VIRTUAL_CLK__ (rise edge)
                                  0.000000    0.000000   clock network delay (ideal)
                                  0.250000    0.250000   clock uncertainty
                                  0.000000    0.250000   clock reconvergence pessimism
                                 -8.000000   -7.750000   output external delay
                                             -7.750000   data required time
---------------------------------------------------------------------------------------------
                                             -7.750000   data required time
                                            -11.145242   data arrival time
---------------------------------------------------------------------------------------------
                                             18.895241   slack (MET)


Startpoint: operand_b[47] (input port clocked by __VIRTUAL_CLK__)
Endpoint: result[49] (output port clocked by __VIRTUAL_CLK__)
Path Group: __VIRTUAL_CLK__
Path Type: min

Fanout         Cap        Slew       Delay        Time   Description
---------------------------------------------------------------------------------------------
                      0.000000    0.000000    0.000000   clock __VIRTUAL_CLK__ (rise edge)
                                  0.000000    0.000000   clock network delay (ideal)
                                  8.000000    8.000000 ^ input external delay
     1    0.004558    0.044150    0.023791    8.023790 ^ operand_b[47] (in)
                                                         operand_b[47] (net)
                      0.044150    0.000000    8.023790 ^ input111/A (sky130_fd_sc_hd__clkdlybuf4s25_1)
     3    0.013599    0.234062    0.543671    8.567462 ^ input111/X (sky130_fd_sc_hd__clkdlybuf4s25_1)
                                                         net111 (net)
                      0.234062    0.000277    8.567739 ^ _5409_/A (sky130_fd_sc_hd__nor2_2)
     1    0.001999    0.034988    0.116986    8.684725 v _5409_/Y (sky130_fd_sc_hd__nor2_2)
                                                         _1398_ (net)
                      0.034988    0.000017    8.684742 v _5410_/A2_N (sky130_fd_sc_hd__a2bb2o_2)
     3    0.013492    0.129802    0.449941    9.134683 ^ _5410_/X (sky130_fd_sc_hd__a2bb2o_2)
                                                         _1399_ (net)
                      0.129802    0.000256    9.134938 ^ _5411_/B1 (sky130_fd_sc_hd__a31o_2)
     4    0.021830    0.203993    0.301164    9.436102 ^ _5411_/X (sky130_fd_sc_hd__a31o_2)
                                                         _1400_ (net)
                      0.203993    0.000107    9.436209 ^ _5472_/A2 (sky130_fd_sc_hd__o21a_2)
     1    0.008785    0.097832    0.295299    9.731507 ^ _5472_/X (sky130_fd_sc_hd__o21a_2)
                                                         _1466_ (net)
                      0.097832    0.000071    9.731579 ^ _5473_/B (sky130_fd_sc_hd__xnor2_2)
     1    0.010435    0.121987    0.160171    9.891749 v _5473_/Y (sky130_fd_sc_hd__xnor2_2)
                                                         _1467_ (net)
                      0.121987    0.000240    9.891989 v _5488_/A2 (sky130_fd_sc_hd__o21ai_2)
     1    0.003655    0.071734    0.190417   10.082406 ^ _5488_/Y (sky130_fd_sc_hd__o21ai_2)
                                                         _1484_ (net)
                      0.071734    0.000035   10.082441 ^ _5489_/C1 (sky130_fd_sc_hd__a221o_2)
     2    0.016338    0.152020    0.252920   10.335361 ^ _5489_/X (sky130_fd_sc_hd__a221o_2)
                                                         net180 (net)
                      0.152020    0.000268   10.335629 ^ output180/A (sky130_fd_sc_hd__clkdlybuf4s25_1)
     1    0.037427    0.602825    0.838721   11.174351 ^ output180/X (sky130_fd_sc_hd__clkdlybuf4s25_1)
                                                         result[49] (net)
                      0.602825    0.000691   11.175041 ^ result[49] (out)
                                             11.175041   data arrival time

                      0.000000    0.000000    0.000000   clock __VIRTUAL_CLK__ (rise edge)
                                  0.000000    0.000000   clock network delay (ideal)
                                  0.250000    0.250000   clock uncertainty
                                  0.000000    0.250000   clock reconvergence pessimism
                                 -8.000000   -7.750000   output external delay
                                             -7.750000   data required time
---------------------------------------------------------------------------------------------
                                             -7.750000   data required time
                                            -11.175041   data arrival time
---------------------------------------------------------------------------------------------
                                             18.925041   slack (MET)


Startpoint: operand_b[6] (input port clocked by __VIRTUAL_CLK__)
Endpoint: result[10] (output port clocked by __VIRTUAL_CLK__)
Path Group: __VIRTUAL_CLK__
Path Type: min

Fanout         Cap        Slew       Delay        Time   Description
---------------------------------------------------------------------------------------------
                      0.000000    0.000000    0.000000   clock __VIRTUAL_CLK__ (rise edge)
                                  0.000000    0.000000   clock network delay (ideal)
                                  8.000000    8.000000 v input external delay
     1    0.004619    0.025601    0.014196    8.014195 v operand_b[6] (in)
                                                         operand_b[6] (net)
                      0.025601    0.000000    8.014195 v input130/A (sky130_fd_sc_hd__clkdlybuf4s25_1)
     4    0.020578    0.290594    0.586654    8.600850 v input130/X (sky130_fd_sc_hd__clkdlybuf4s25_1)
                                                         net130 (net)
                      0.290594    0.000281    8.601130 v _3678_/B1 (sky130_fd_sc_hd__a21oi_2)
     2    0.008719    0.214408    0.306448    8.907578 ^ _3678_/Y (sky130_fd_sc_hd__a21oi_2)
                                                         _2886_ (net)
                      0.214408    0.000133    8.907712 ^ _3818_/B (sky130_fd_sc_hd__or3_2)
     1    0.014824    0.133042    0.304665    9.212377 ^ _3818_/X (sky130_fd_sc_hd__or3_2)
                                                         _3023_ (net)
                      0.133042    0.000268    9.212646 ^ _3819_/B2 (sky130_fd_sc_hd__o22a_2)
     2    0.011347    0.118855    0.302806    9.515450 ^ _3819_/X (sky130_fd_sc_hd__o22a_2)
                                                         _3024_ (net)
                      0.118855    0.000232    9.515683 ^ _3820_/B (sky130_fd_sc_hd__nand2_2)
     2    0.020710    0.186483    0.205788    9.721471 v _3820_/Y (sky130_fd_sc_hd__nand2_2)
                                                         _3025_ (net)
                      0.186483    0.000204    9.721675 v _3821_/B (sky130_fd_sc_hd__xor2_2)
     3    0.018758    0.121316    0.354127   10.075803 v _3821_/X (sky130_fd_sc_hd__xor2_2)
                                                         _3026_ (net)
                      0.121316    0.000222   10.076025 v _3854_/A2 (sky130_fd_sc_hd__o221ai_2)
     2    0.006649    0.116173    0.301288   10.377313 ^ _3854_/Y (sky130_fd_sc_hd__o221ai_2)
                                                         net138 (net)
                      0.116173    0.000077   10.377390 ^ output138/A (sky130_fd_sc_hd__clkdlybuf4s25_1)
     1    0.035414    0.576079    0.802823   11.180213 ^ output138/X (sky130_fd_sc_hd__clkdlybuf4s25_1)
                                                         result[10] (net)
                      0.576079    0.000205   11.180418 ^ result[10] (out)
                                             11.180418   data arrival time

                      0.000000    0.000000    0.000000   clock __VIRTUAL_CLK__ (rise edge)
                                  0.000000    0.000000   clock network delay (ideal)
                                  0.250000    0.250000   clock uncertainty
                                  0.000000    0.250000   clock reconvergence pessimism
                                 -8.000000   -7.750000   output external delay
                                             -7.750000   data required time
---------------------------------------------------------------------------------------------
                                             -7.750000   data required time
                                            -11.180418   data arrival time
---------------------------------------------------------------------------------------------
                                             18.930418   slack (MET)


Startpoint: operand_b[55] (input port clocked by __VIRTUAL_CLK__)
Endpoint: result[60] (output port clocked by __VIRTUAL_CLK__)
Path Group: __VIRTUAL_CLK__
Path Type: min

Fanout         Cap        Slew       Delay        Time   Description
---------------------------------------------------------------------------------------------
                      0.000000    0.000000    0.000000   clock __VIRTUAL_CLK__ (rise edge)
                                  0.000000    0.000000   clock network delay (ideal)
                                  8.000000    8.000000 ^ input external delay
     1    0.007406    0.063458    0.037601    8.037601 ^ operand_b[55] (in)
                                                         operand_b[55] (net)
                      0.063459    0.000000    8.037601 ^ input120/A (sky130_fd_sc_hd__clkdlybuf4s25_1)
     3    0.014202    0.243434    0.557800    8.595401 ^ input120/X (sky130_fd_sc_hd__clkdlybuf4s25_1)
                                                         net120 (net)
                      0.243434    0.000378    8.595779 ^ _5709_/C1 (sky130_fd_sc_hd__a211o_2)
     6    0.026065    0.202474    0.347195    8.942975 ^ _5709_/X (sky130_fd_sc_hd__a211o_2)
                                                         _1720_ (net)
                      0.202474    0.000194    8.943169 ^ _5722_/A1 (sky130_fd_sc_hd__a21o_2)
     2    0.007379    0.075890    0.293006    9.236174 ^ _5722_/X (sky130_fd_sc_hd__a21o_2)
                                                         _1734_ (net)
                      0.075890    0.000046    9.236220 ^ _5761_/A1 (sky130_fd_sc_hd__a21oi_2)
     4    0.014034    0.079764    0.149236    9.385456 v _5761_/Y (sky130_fd_sc_hd__a21oi_2)
                                                         _1776_ (net)
                      0.079764    0.000244    9.385700 v _5789_/C1 (sky130_fd_sc_hd__o2111a_2)
     3    0.012710    0.095999    0.301219    9.686920 v _5789_/X (sky130_fd_sc_hd__o2111a_2)
                                                         _1806_ (net)
                      0.095999    0.000221    9.687141 v _5825_/A (sky130_fd_sc_hd__nand3_2)
     4    0.017764    0.163253    0.170278    9.857419 ^ _5825_/Y (sky130_fd_sc_hd__nand3_2)
                                                         _1844_ (net)
                      0.163253    0.000214    9.857634 ^ _5853_/B (sky130_fd_sc_hd__nor2_2)
     1    0.011568    0.070392    0.120174    9.977807 v _5853_/Y (sky130_fd_sc_hd__nor2_2)
                                                         _1873_ (net)
                      0.070392    0.000219    9.978026 v _5854_/B (sky130_fd_sc_hd__xnor2_2)
     1    0.002858    0.058236    0.168487   10.146514 ^ _5854_/Y (sky130_fd_sc_hd__xnor2_2)
                                                         _1874_ (net)
                      0.058236    0.000023   10.146537 ^ _5871_/A2 (sky130_fd_sc_hd__a211o_2)
     2    0.009318    0.087399    0.269808   10.416346 ^ _5871_/X (sky130_fd_sc_hd__a211o_2)
                                                         net193 (net)
                      0.087399    0.000208   10.416553 ^ output193/A (sky130_fd_sc_hd__clkdlybuf4s25_1)
     1    0.037135    0.597651    0.807858   11.224411 ^ output193/X (sky130_fd_sc_hd__clkdlybuf4s25_1)
                                                         result[60] (net)
                      0.597651    0.001060   11.225471 ^ result[60] (out)
                                             11.225471   data arrival time

                      0.000000    0.000000    0.000000   clock __VIRTUAL_CLK__ (rise edge)
                                  0.000000    0.000000   clock network delay (ideal)
                                  0.250000    0.250000   clock uncertainty
                                  0.000000    0.250000   clock reconvergence pessimism
                                 -8.000000   -7.750000   output external delay
                                             -7.750000   data required time
---------------------------------------------------------------------------------------------
                                             -7.750000   data required time
                                            -11.225471   data arrival time
---------------------------------------------------------------------------------------------
                                             18.975471   slack (MET)


Startpoint: operand_b[7] (input port clocked by __VIRTUAL_CLK__)
Endpoint: result[8] (output port clocked by __VIRTUAL_CLK__)
Path Group: __VIRTUAL_CLK__
Path Type: min

Fanout         Cap        Slew       Delay        Time   Description
---------------------------------------------------------------------------------------------
                      0.000000    0.000000    0.000000   clock __VIRTUAL_CLK__ (rise edge)
                                  0.000000    0.000000   clock network delay (ideal)
                                  8.000000    8.000000 ^ input external delay
     1    0.004854    0.046175    0.025270    8.025270 ^ operand_b[7] (in)
                                                         operand_b[7] (net)
                      0.046175    0.000000    8.025270 ^ input131/A (sky130_fd_sc_hd__clkdlybuf4s25_1)
     3    0.016420    0.277563    0.573907    8.599176 ^ input131/X (sky130_fd_sc_hd__clkdlybuf4s25_1)
                                                         net131 (net)
                      0.277563    0.000648    8.599825 ^ _3740_/A1 (sky130_fd_sc_hd__o21a_2)
     1    0.007420    0.087768    0.344588    8.944413 ^ _3740_/X (sky130_fd_sc_hd__o21a_2)
                                                         _2947_ (net)
                      0.087768    0.000075    8.944489 ^ _3741_/B1 (sky130_fd_sc_hd__a41oi_2)
     3    0.040028    0.195166    0.175389    9.119878 v _3741_/Y (sky130_fd_sc_hd__a41oi_2)
                                                         _2948_ (net)
                      0.195264    0.003392    9.123269 v _3744_/A (sky130_fd_sc_hd__nand2_2)
     4    0.054498    0.443975    0.404059    9.527328 ^ _3744_/Y (sky130_fd_sc_hd__nand2_2)
                                                         _2951_ (net)
                      0.443978    0.000985    9.528314 ^ _3745_/B (sky130_fd_sc_hd__xnor2_2)
     1    0.009211    0.100625    0.330000    9.858314 ^ _3745_/Y (sky130_fd_sc_hd__xnor2_2)
                                                         _2952_ (net)
                      0.100625    0.000136    9.858449 ^ _3764_/B1 (sky130_fd_sc_hd__a221o_2)
     1    0.006042    0.076545    0.294226   10.152676 ^ _3764_/X (sky130_fd_sc_hd__a221o_2)
                                                         _2971_ (net)
                      0.076545    0.000083   10.152758 ^ _3765_/B1 (sky130_fd_sc_hd__a31o_2)
     2    0.019051    0.180864    0.262203   10.414961 ^ _3765_/X (sky130_fd_sc_hd__a31o_2)
                                                         net199 (net)
                      0.180864    0.000536   10.415497 ^ output199/A (sky130_fd_sc_hd__clkdlybuf4s25_1)
     1    0.035809    0.582520    0.834528   11.250025 ^ output199/X (sky130_fd_sc_hd__clkdlybuf4s25_1)
                                                         result[8] (net)
                      0.582520    0.000234   11.250259 ^ result[8] (out)
                                             11.250259   data arrival time

                      0.000000    0.000000    0.000000   clock __VIRTUAL_CLK__ (rise edge)
                                  0.000000    0.000000   clock network delay (ideal)
                                  0.250000    0.250000   clock uncertainty
                                  0.000000    0.250000   clock reconvergence pessimism
                                 -8.000000   -7.750000   output external delay
                                             -7.750000   data required time
---------------------------------------------------------------------------------------------
                                             -7.750000   data required time
                                            -11.250259   data arrival time
---------------------------------------------------------------------------------------------
                                             19.000259   slack (MET)


Startpoint: operand_b[5] (input port clocked by __VIRTUAL_CLK__)
Endpoint: result[25] (output port clocked by __VIRTUAL_CLK__)
Path Group: __VIRTUAL_CLK__
Path Type: min

Fanout         Cap        Slew       Delay        Time   Description
---------------------------------------------------------------------------------------------
                      0.000000    0.000000    0.000000   clock __VIRTUAL_CLK__ (rise edge)
                                  0.000000    0.000000   clock network delay (ideal)
                                  8.000000    8.000000 v input external delay
     1    0.003878    0.022652    0.011979    8.011979 v operand_b[5] (in)
                                                         operand_b[5] (net)
                      0.022652    0.000000    8.011979 v input125/A (sky130_fd_sc_hd__clkdlybuf4s25_1)
     2    0.023618    0.329178    0.612942    8.624921 v input125/X (sky130_fd_sc_hd__clkdlybuf4s25_1)
                                                         net125 (net)
                      0.329178    0.000528    8.625448 v fanout617/A (sky130_fd_sc_hd__clkdlybuf4s25_1)
     3    0.015282    0.223643    0.658995    9.284443 v fanout617/X (sky130_fd_sc_hd__clkdlybuf4s25_1)
                                                         net617 (net)
                      0.223643    0.000056    9.284499 v _4521_/A1 (sky130_fd_sc_hd__o2111a_2)
     1    0.006131    0.065679    0.536418    9.820917 v _4521_/X (sky130_fd_sc_hd__o2111a_2)
                                                         _0494_ (net)
                      0.065681    0.000087    9.821004 v _4522_/B1 (sky130_fd_sc_hd__o21ai_2)
     1    0.003466    0.062594    0.077400    9.898404 ^ _4522_/Y (sky130_fd_sc_hd__o21ai_2)
                                                         _0495_ (net)
                      0.062594    0.000036    9.898439 ^ _4523_/B1 (sky130_fd_sc_hd__a21o_2)
     1    0.003164    0.047039    0.137451   10.035891 ^ _4523_/X (sky130_fd_sc_hd__a21o_2)
                                                         _0496_ (net)
                      0.047039    0.000030   10.035921 ^ _4524_/C1 (sky130_fd_sc_hd__a311o_2)
     1    0.003053    0.055524    0.153694   10.189615 ^ _4524_/X (sky130_fd_sc_hd__a311o_2)
                                                         _0497_ (net)
                      0.055524    0.000027   10.189641 ^ _4525_/B1 (sky130_fd_sc_hd__a31o_2)
     2    0.017559    0.168603    0.244538   10.434179 ^ _4525_/X (sky130_fd_sc_hd__a31o_2)
                                                         net154 (net)
                      0.168603    0.000195   10.434374 ^ output154/A (sky130_fd_sc_hd__clkdlybuf4s25_1)
     1    0.037047    0.597016    0.841726   11.276099 ^ output154/X (sky130_fd_sc_hd__clkdlybuf4s25_1)
                                                         result[25] (net)
                      0.597016    0.000774   11.276873 ^ result[25] (out)
                                             11.276873   data arrival time

                      0.000000    0.000000    0.000000   clock __VIRTUAL_CLK__ (rise edge)
                                  0.000000    0.000000   clock network delay (ideal)
                                  0.250000    0.250000   clock uncertainty
                                  0.000000    0.250000   clock reconvergence pessimism
                                 -8.000000   -7.750000   output external delay
                                             -7.750000   data required time
---------------------------------------------------------------------------------------------
                                             -7.750000   data required time
                                            -11.276873   data arrival time
---------------------------------------------------------------------------------------------
                                             19.026873   slack (MET)


Startpoint: cmd[3] (input port clocked by __VIRTUAL_CLK__)
Endpoint: result[11] (output port clocked by __VIRTUAL_CLK__)
Path Group: __VIRTUAL_CLK__
Path Type: min

Fanout         Cap        Slew       Delay        Time   Description
---------------------------------------------------------------------------------------------
                      0.000000    0.000000    0.000000   clock __VIRTUAL_CLK__ (rise edge)
                                  0.000000    0.000000   clock network delay (ideal)
                                  8.000000    8.000000 v input external delay
     1    0.011081    0.051762    0.032905    8.032906 v cmd[3] (in)
                                                         cmd[3] (net)
                      0.051763    0.000000    8.032906 v input5/A (sky130_fd_sc_hd__clkdlybuf4s25_1)
     1    0.006741    0.120778    0.467145    8.500050 v input5/X (sky130_fd_sc_hd__clkdlybuf4s25_1)
                                                         net5 (net)
                      0.120778    0.000203    8.500253 v fanout501/A (sky130_fd_sc_hd__clkdlybuf4s25_1)
     6    0.067258    0.890205    1.047844    9.548097 v fanout501/X (sky130_fd_sc_hd__clkdlybuf4s25_1)
                                                         net501 (net)
                      0.890205    0.001873    9.549970 v _3893_/B1 (sky130_fd_sc_hd__a21oi_2)
     1    0.003261    0.119353    0.419341    9.969311 ^ _3893_/Y (sky130_fd_sc_hd__a21oi_2)
                                                         _3097_ (net)
                      0.119353    0.000029    9.969340 ^ _3894_/D1 (sky130_fd_sc_hd__a2111o_2)
     1    0.005634    0.063364    0.183258   10.152598 ^ _3894_/X (sky130_fd_sc_hd__a2111o_2)
                                                         _3098_ (net)
                      0.063364    0.000073   10.152671 ^ _3904_/B1 (sky130_fd_sc_hd__a211o_2)
     1    0.003261    0.047888    0.154381   10.307052 ^ _3904_/X (sky130_fd_sc_hd__a211o_2)
                                                         _3108_ (net)
                      0.047888    0.000031   10.307082 ^ _3905_/B1 (sky130_fd_sc_hd__a31o_2)
     2    0.007115    0.087818    0.176388   10.483470 ^ _3905_/X (sky130_fd_sc_hd__a31o_2)
                                                         net139 (net)
                      0.087818    0.000091   10.483562 ^ output139/A (sky130_fd_sc_hd__clkdlybuf4s25_1)
     1    0.036270    0.584002    0.799417   11.282979 ^ output139/X (sky130_fd_sc_hd__clkdlybuf4s25_1)
                                                         result[11] (net)
                      0.584002    0.000422   11.283401 ^ result[11] (out)
                                             11.283401   data arrival time

                      0.000000    0.000000    0.000000   clock __VIRTUAL_CLK__ (rise edge)
                                  0.000000    0.000000   clock network delay (ideal)
                                  0.250000    0.250000   clock uncertainty
                                  0.000000    0.250000   clock reconvergence pessimism
                                 -8.000000   -7.750000   output external delay
                                             -7.750000   data required time
---------------------------------------------------------------------------------------------
                                             -7.750000   data required time
                                            -11.283401   data arrival time
---------------------------------------------------------------------------------------------
                                             19.033401   slack (MET)


Startpoint: operand_b[53] (input port clocked by __VIRTUAL_CLK__)
Endpoint: result[54] (output port clocked by __VIRTUAL_CLK__)
Path Group: __VIRTUAL_CLK__
Path Type: min

Fanout         Cap        Slew       Delay        Time   Description
---------------------------------------------------------------------------------------------
                      0.000000    0.000000    0.000000   clock __VIRTUAL_CLK__ (rise edge)
                                  0.000000    0.000000   clock network delay (ideal)
                                  8.000000    8.000000 ^ input external delay
     1    0.004371    0.042864    0.022867    8.022867 ^ operand_b[53] (in)
                                                         operand_b[53] (net)
                      0.042864    0.000000    8.022867 ^ input118/A (sky130_fd_sc_hd__clkdlybuf4s25_1)
     6    0.034677    0.559352    0.764083    8.786950 ^ input118/X (sky130_fd_sc_hd__clkdlybuf4s25_1)
                                                         net118 (net)
                      0.559352    0.000664    8.787615 ^ _5637_/B (sky130_fd_sc_hd__or2_2)
     2    0.011253    0.114862    0.404814    9.192429 ^ _5637_/X (sky130_fd_sc_hd__or2_2)
                                                         _1643_ (net)
                      0.114862    0.000268    9.192697 ^ _5638_/B1 (sky130_fd_sc_hd__o31a_2)
     2    0.005779    0.082149    0.282142    9.474839 ^ _5638_/X (sky130_fd_sc_hd__o31a_2)
                                                         _1644_ (net)
                      0.082149    0.000052    9.474892 ^ _5639_/C (sky130_fd_sc_hd__and3_2)
     1    0.012171    0.147110    0.415431    9.890323 ^ _5639_/X (sky130_fd_sc_hd__and3_2)
                                                         _1645_ (net)
                      0.147110    0.000250    9.890573 ^ _5640_/B (sky130_fd_sc_hd__xnor2_2)
     1    0.004651    0.070356    0.212327   10.102900 ^ _5640_/Y (sky130_fd_sc_hd__xnor2_2)
                                                         _1646_ (net)
                      0.070356    0.000072   10.102971 ^ _5669_/A2 (sky130_fd_sc_hd__a221o_2)
     2    0.013327    0.129287    0.354076   10.457047 ^ _5669_/X (sky130_fd_sc_hd__a221o_2)
                                                         net186 (net)
                      0.129287    0.000280   10.457327 ^ output186/A (sky130_fd_sc_hd__clkdlybuf4s25_1)
     1    0.038211    0.614740    0.837297   11.294624 ^ output186/X (sky130_fd_sc_hd__clkdlybuf4s25_1)
                                                         result[54] (net)
                      0.614740    0.000680   11.295304 ^ result[54] (out)
                                             11.295304   data arrival time

                      0.000000    0.000000    0.000000   clock __VIRTUAL_CLK__ (rise edge)
                                  0.000000    0.000000   clock network delay (ideal)
                                  0.250000    0.250000   clock uncertainty
                                  0.000000    0.250000   clock reconvergence pessimism
                                 -8.000000   -7.750000   output external delay
                                             -7.750000   data required time
---------------------------------------------------------------------------------------------
                                             -7.750000   data required time
                                            -11.295304   data arrival time
---------------------------------------------------------------------------------------------
                                             19.045305   slack (MET)


Startpoint: operand_b[20] (input port clocked by __VIRTUAL_CLK__)
Endpoint: result[21] (output port clocked by __VIRTUAL_CLK__)
Path Group: __VIRTUAL_CLK__
Path Type: min

Fanout         Cap        Slew       Delay        Time   Description
---------------------------------------------------------------------------------------------
                      0.000000    0.000000    0.000000   clock __VIRTUAL_CLK__ (rise edge)
                                  0.000000    0.000000   clock network delay (ideal)
                                  8.000000    8.000000 ^ input external delay
     1    0.004324    0.042544    0.022633    8.022633 ^ operand_b[20] (in)
                                                         operand_b[20] (net)
                      0.042544    0.000000    8.022633 ^ input82/A (sky130_fd_sc_hd__clkdlybuf4s25_1)
     1    0.003790    0.087400    0.437834    8.460466 ^ input82/X (sky130_fd_sc_hd__clkdlybuf4s25_1)
                                                         net82 (net)
                      0.087400    0.000044    8.460511 ^ fanout370/A (sky130_fd_sc_hd__clkdlybuf4s25_1)
    10    0.051237    0.816555    0.956489    9.417000 ^ fanout370/X (sky130_fd_sc_hd__clkdlybuf4s25_1)
                                                         net370 (net)
                      0.816555    0.000411    9.417411 ^ _4317_/A1 (sky130_fd_sc_hd__a21oi_2)
     1    0.012497    0.064976    0.375350    9.792761 v _4317_/Y (sky130_fd_sc_hd__a21oi_2)
                                                         _0294_ (net)
                      0.064976    0.000239    9.792999 v _4318_/B (sky130_fd_sc_hd__xnor2_2)
     1    0.007442    0.099389    0.237303   10.030302 v _4318_/Y (sky130_fd_sc_hd__xnor2_2)
                                                         _0295_ (net)
                      0.099389    0.000140   10.030442 v _4319_/B (sky130_fd_sc_hd__nor2_2)
     1    0.002825    0.104441    0.123841   10.154284 ^ _4319_/Y (sky130_fd_sc_hd__nor2_2)
                                                         _0296_ (net)
                      0.104441    0.000022   10.154306 ^ _4345_/B1 (sky130_fd_sc_hd__a211o_2)
     2    0.026601    0.206343    0.293628   10.447934 ^ _4345_/X (sky130_fd_sc_hd__a211o_2)
                                                         net150 (net)
                      0.206353    0.001557   10.449492 ^ output150/A (sky130_fd_sc_hd__clkdlybuf4s25_1)
     1    0.036392    0.586605    0.851006   11.300498 ^ output150/X (sky130_fd_sc_hd__clkdlybuf4s25_1)
                                                         result[21] (net)
                      0.586605    0.000682   11.301180 ^ result[21] (out)
                                             11.301180   data arrival time

                      0.000000    0.000000    0.000000   clock __VIRTUAL_CLK__ (rise edge)
                                  0.000000    0.000000   clock network delay (ideal)
                                  0.250000    0.250000   clock uncertainty
                                  0.000000    0.250000   clock reconvergence pessimism
                                 -8.000000   -7.750000   output external delay
                                             -7.750000   data required time
---------------------------------------------------------------------------------------------
                                             -7.750000   data required time
                                            -11.301180   data arrival time
---------------------------------------------------------------------------------------------
                                             19.051180   slack (MET)


Startpoint: cmd[2] (input port clocked by __VIRTUAL_CLK__)
Endpoint: result[6] (output port clocked by __VIRTUAL_CLK__)
Path Group: __VIRTUAL_CLK__
Path Type: min

Fanout         Cap        Slew       Delay        Time   Description
---------------------------------------------------------------------------------------------
                      0.000000    0.000000    0.000000   clock __VIRTUAL_CLK__ (rise edge)
                                  0.000000    0.000000   clock network delay (ideal)
                                  8.000000    8.000000 ^ input external delay
     1    0.007698    0.065444    0.038976    8.038976 ^ cmd[2] (in)
                                                         cmd[2] (net)
                      0.065445    0.000000    8.038976 ^ input4/A (sky130_fd_sc_hd__clkdlybuf4s25_1)
     4    0.070446    1.115235    1.147937    9.186913 ^ input4/X (sky130_fd_sc_hd__clkdlybuf4s25_1)
                                                         net4 (net)
                      1.115235    0.001609    9.188522 ^ _3606_/A (sky130_fd_sc_hd__or2_2)
     6    0.107299    0.846769    1.049013   10.237535 ^ _3606_/X (sky130_fd_sc_hd__or2_2)
                                                         _2815_ (net)
                      0.846769    0.001709   10.239244 ^ _3661_/A1 (sky130_fd_sc_hd__o21ai_2)
     1    0.004739    0.060275    0.320346   10.559590 v _3661_/Y (sky130_fd_sc_hd__o21ai_2)
                                                         net197 (net)
                      0.060275    0.000079   10.559669 v output197/A (sky130_fd_sc_hd__clkdlybuf4s25_1)
     1    0.036139    0.487701    0.742229   11.301897 v output197/X (sky130_fd_sc_hd__clkdlybuf4s25_1)
                                                         result[6] (net)
                      0.487701    0.000248   11.302145 v result[6] (out)
                                             11.302145   data arrival time

                      0.000000    0.000000    0.000000   clock __VIRTUAL_CLK__ (rise edge)
                                  0.000000    0.000000   clock network delay (ideal)
                                  0.250000    0.250000   clock uncertainty
                                  0.000000    0.250000   clock reconvergence pessimism
                                 -8.000000   -7.750000   output external delay
                                             -7.750000   data required time
---------------------------------------------------------------------------------------------
                                             -7.750000   data required time
                                            -11.302145   data arrival time
---------------------------------------------------------------------------------------------
                                             19.052145   slack (MET)


Startpoint: operand_b[36] (input port clocked by __VIRTUAL_CLK__)
Endpoint: result[39] (output port clocked by __VIRTUAL_CLK__)
Path Group: __VIRTUAL_CLK__
Path Type: min

Fanout         Cap        Slew       Delay        Time   Description
---------------------------------------------------------------------------------------------
                      0.000000    0.000000    0.000000   clock __VIRTUAL_CLK__ (rise edge)
                                  0.000000    0.000000   clock network delay (ideal)
                                  8.000000    8.000000 ^ input external delay
     1    0.004115    0.041110    0.021585    8.021585 ^ operand_b[36] (in)
                                                         operand_b[36] (net)
                      0.041110    0.000000    8.021585 ^ input99/A (sky130_fd_sc_hd__clkdlybuf4s25_1)
     3    0.015490    0.263165    0.562268    8.583853 ^ input99/X (sky130_fd_sc_hd__clkdlybuf4s25_1)
                                                         net99 (net)
                      0.263165    0.000258    8.584111 ^ _5040_/A2 (sky130_fd_sc_hd__a22o_2)
     1    0.006984    0.091012    0.368128    8.952239 ^ _5040_/X (sky130_fd_sc_hd__a22o_2)
                                                         _1002_ (net)
                      0.091012    0.000091    8.952331 ^ _5041_/B1 (sky130_fd_sc_hd__o21ai_2)
     4    0.020536    0.190282    0.194831    9.147161 v _5041_/Y (sky130_fd_sc_hd__o21ai_2)
                                                         _1003_ (net)
                      0.190283    0.000224    9.147386 v _5080_/B1 (sky130_fd_sc_hd__o21a_2)
     1    0.004962    0.056128    0.264367    9.411753 v _5080_/X (sky130_fd_sc_hd__o21a_2)
                                                         _1045_ (net)
                      0.056128    0.000068    9.411820 v _5081_/S (sky130_fd_sc_hd__mux2_2)
     1    0.015837    0.162491    0.484629    9.896449 ^ _5081_/X (sky130_fd_sc_hd__mux2_2)
                                                         _1046_ (net)
                      0.162491    0.000364    9.896813 ^ _5105_/A2 (sky130_fd_sc_hd__a21o_2)
     1    0.004605    0.056605    0.267526   10.164340 ^ _5105_/X (sky130_fd_sc_hd__a21o_2)
                                                         _1072_ (net)
                      0.056605    0.000052   10.164392 ^ _5106_/B1 (sky130_fd_sc_hd__a31o_2)
     2    0.029295    0.266068    0.311105   10.475497 ^ _5106_/X (sky130_fd_sc_hd__a31o_2)
                                                         net169 (net)
                      0.266068    0.000632   10.476130 ^ output169/A (sky130_fd_sc_hd__clkdlybuf4s25_1)
     1    0.036129    0.582436    0.869944   11.346074 ^ output169/X (sky130_fd_sc_hd__clkdlybuf4s25_1)
                                                         result[39] (net)
                      0.582436    0.000679   11.346753 ^ result[39] (out)
                                             11.346753   data arrival time

                      0.000000    0.000000    0.000000   clock __VIRTUAL_CLK__ (rise edge)
                                  0.000000    0.000000   clock network delay (ideal)
                                  0.250000    0.250000   clock uncertainty
                                  0.000000    0.250000   clock reconvergence pessimism
                                 -8.000000   -7.750000   output external delay
                                             -7.750000   data required time
---------------------------------------------------------------------------------------------
                                             -7.750000   data required time
                                            -11.346753   data arrival time
---------------------------------------------------------------------------------------------
                                             19.096754   slack (MET)


Startpoint: operand_b[23] (input port clocked by __VIRTUAL_CLK__)
Endpoint: result[24] (output port clocked by __VIRTUAL_CLK__)
Path Group: __VIRTUAL_CLK__
Path Type: min

Fanout         Cap        Slew       Delay        Time   Description
---------------------------------------------------------------------------------------------
                      0.000000    0.000000    0.000000   clock __VIRTUAL_CLK__ (rise edge)
                                  0.000000    0.000000   clock network delay (ideal)
                                  8.000000    8.000000 ^ input external delay
     1    0.006992    0.060656    0.035632    8.035632 ^ operand_b[23] (in)
                                                         operand_b[23] (net)
                      0.060657    0.000000    8.035632 ^ input85/A (sky130_fd_sc_hd__buf_1)
     5    0.030864    0.586911    0.486430    8.522061 ^ input85/X (sky130_fd_sc_hd__buf_1)
                                                         net85 (net)
                      0.586911    0.000138    8.522200 ^ _4451_/A1 (sky130_fd_sc_hd__a21oi_2)
     1    0.005276    0.081382    0.261281    8.783480 v _4451_/Y (sky130_fd_sc_hd__a21oi_2)
                                                         _0425_ (net)
                      0.081382    0.000059    8.783539 v _4452_/B2 (sky130_fd_sc_hd__o22ai_2)
     1    0.011746    0.257404    0.238215    9.021753 ^ _4452_/Y (sky130_fd_sc_hd__o22ai_2)
                                                         _0426_ (net)
                      0.257405    0.000379    9.022133 ^ _4453_/B1 (sky130_fd_sc_hd__a31oi_2)
     2    0.026603    0.149194    0.210160    9.232292 v _4453_/Y (sky130_fd_sc_hd__a31oi_2)
                                                         _0427_ (net)
                      0.149194    0.000473    9.232765 v _4454_/B (sky130_fd_sc_hd__nand2_2)
     5    0.023052    0.200658    0.231975    9.464741 ^ _4454_/Y (sky130_fd_sc_hd__nand2_2)
                                                         _0428_ (net)
                      0.200658    0.000147    9.464888 ^ _4455_/B (sky130_fd_sc_hd__xor2_2)
     1    0.004342    0.134433    0.260300    9.725188 ^ _4455_/X (sky130_fd_sc_hd__xor2_2)
                                                         _0429_ (net)
                      0.134433    0.000060    9.725247 ^ _4477_/A2 (sky130_fd_sc_hd__a221o_2)
     1    0.004159    0.064618    0.311962   10.037210 ^ _4477_/X (sky130_fd_sc_hd__a221o_2)
                                                         _0451_ (net)
                      0.064618    0.000044   10.037253 ^ _4479_/B (sky130_fd_sc_hd__or3b_2)
     1    0.003617    0.056896    0.173815   10.211068 ^ _4479_/X (sky130_fd_sc_hd__or3b_2)
                                                         _0453_ (net)
                      0.056896    0.000045   10.211113 ^ _4480_/A (sky130_fd_sc_hd__buf_1)
     2    0.014233    0.278273    0.278836   10.489949 ^ _4480_/X (sky130_fd_sc_hd__buf_1)
                                                         net153 (net)
                      0.278273    0.000251   10.490200 ^ output153/A (sky130_fd_sc_hd__clkdlybuf4s25_1)
     1    0.034992    0.564806    0.862284   11.352485 ^ output153/X (sky130_fd_sc_hd__clkdlybuf4s25_1)
                                                         result[24] (net)
                      0.564806    0.000488   11.352972 ^ result[24] (out)
                                             11.352972   data arrival time

                      0.000000    0.000000    0.000000   clock __VIRTUAL_CLK__ (rise edge)
                                  0.000000    0.000000   clock network delay (ideal)
                                  0.250000    0.250000   clock uncertainty
                                  0.000000    0.250000   clock reconvergence pessimism
                                 -8.000000   -7.750000   output external delay
                                             -7.750000   data required time
---------------------------------------------------------------------------------------------
                                             -7.750000   data required time
                                            -11.352972   data arrival time
---------------------------------------------------------------------------------------------
                                             19.102972   slack (MET)


Startpoint: operand_b[27] (input port clocked by __VIRTUAL_CLK__)
Endpoint: result[32] (output port clocked by __VIRTUAL_CLK__)
Path Group: __VIRTUAL_CLK__
Path Type: min

Fanout         Cap        Slew       Delay        Time   Description
---------------------------------------------------------------------------------------------
                      0.000000    0.000000    0.000000   clock __VIRTUAL_CLK__ (rise edge)
                                  0.000000    0.000000   clock network delay (ideal)
                                  8.000000    8.000000 ^ input external delay
     1    0.003919    0.039770    0.020602    8.020602 ^ operand_b[27] (in)
                                                         operand_b[27] (net)
                      0.039770    0.000000    8.020602 ^ input89/A (sky130_fd_sc_hd__clkdlybuf4s25_1)
     4    0.017186    0.289282    0.579488    8.600091 ^ input89/X (sky130_fd_sc_hd__clkdlybuf4s25_1)
                                                         net89 (net)
                      0.289282    0.000393    8.600484 ^ _4626_/A2 (sky130_fd_sc_hd__a22o_2)
     3    0.012385    0.130223    0.410384    9.010868 ^ _4626_/X (sky130_fd_sc_hd__a22o_2)
                                                         _0596_ (net)
                      0.130223    0.000394    9.011262 ^ _4773_/A1_N (sky130_fd_sc_hd__o2bb2a_2)
     3    0.013675    0.111225    0.479773    9.491035 v _4773_/X (sky130_fd_sc_hd__o2bb2a_2)
                                                         _0739_ (net)
                      0.111225    0.000367    9.491402 v _4776_/A (sky130_fd_sc_hd__and2_2)
     4    0.021154    0.139421    0.438512    9.929914 v _4776_/X (sky130_fd_sc_hd__and2_2)
                                                         _0742_ (net)
                      0.139421    0.000329    9.930243 v _4777_/B (sky130_fd_sc_hd__xnor2_2)
     1    0.006989    0.085530    0.248898   10.179140 ^ _4777_/Y (sky130_fd_sc_hd__xnor2_2)
                                                         _0743_ (net)
                      0.085530    0.000169   10.179309 ^ _4812_/A2 (sky130_fd_sc_hd__a221o_2)
     2    0.013092    0.127533    0.358069   10.537378 ^ _4812_/X (sky130_fd_sc_hd__a221o_2)
                                                         net162 (net)
                      0.127533    0.000335   10.537713 ^ output162/A (sky130_fd_sc_hd__clkdlybuf4s25_1)
     1    0.037211    0.599232    0.825898   11.363611 ^ output162/X (sky130_fd_sc_hd__clkdlybuf4s25_1)
                                                         result[32] (net)
                      0.599232    0.000848   11.364459 ^ result[32] (out)
                                             11.364459   data arrival time

                      0.000000    0.000000    0.000000   clock __VIRTUAL_CLK__ (rise edge)
                                  0.000000    0.000000   clock network delay (ideal)
                                  0.250000    0.250000   clock uncertainty
                                  0.000000    0.250000   clock reconvergence pessimism
                                 -8.000000   -7.750000   output external delay
                                             -7.750000   data required time
---------------------------------------------------------------------------------------------
                                             -7.750000   data required time
                                            -11.364459   data arrival time
---------------------------------------------------------------------------------------------
                                             19.114460   slack (MET)


Startpoint: operand_a[1] (input port clocked by __VIRTUAL_CLK__)
Endpoint: result[5] (output port clocked by __VIRTUAL_CLK__)
Path Group: __VIRTUAL_CLK__
Path Type: min

Fanout         Cap        Slew       Delay        Time   Description
---------------------------------------------------------------------------------------------
                      0.000000    0.000000    0.000000   clock __VIRTUAL_CLK__ (rise edge)
                                  0.000000    0.000000   clock network delay (ideal)
                                  8.000000    8.000000 ^ input external delay
     1    0.007222    0.062215    0.036734    8.036735 ^ operand_a[1] (in)
                                                         operand_a[1] (net)
                      0.062216    0.000000    8.036735 ^ input17/A (sky130_fd_sc_hd__clkdlybuf4s25_1)
     4    0.021602    0.357459    0.634953    8.671687 ^ input17/X (sky130_fd_sc_hd__clkdlybuf4s25_1)
                                                         net17 (net)
                      0.357459    0.000401    8.672089 ^ _3465_/A2 (sky130_fd_sc_hd__a31o_2)
     2    0.011403    0.137739    0.456514    9.128602 ^ _3465_/X (sky130_fd_sc_hd__a31o_2)
                                                         _2677_ (net)
                      0.137739    0.000182    9.128784 ^ _3466_/B2 (sky130_fd_sc_hd__o22a_2)
     4    0.021106    0.190010    0.362588    9.491372 ^ _3466_/X (sky130_fd_sc_hd__o22a_2)
                                                         _2678_ (net)
                      0.190010    0.000144    9.491516 ^ _3567_/A1 (sky130_fd_sc_hd__o31a_2)
     3    0.019367    0.186197    0.410255    9.901772 ^ _3567_/X (sky130_fd_sc_hd__o31a_2)
                                                         _2777_ (net)
                      0.186197    0.000478    9.902249 ^ _3568_/B (sky130_fd_sc_hd__xor2_2)
     1    0.002993    0.111939    0.238610   10.140859 ^ _3568_/X (sky130_fd_sc_hd__xor2_2)
                                                         _2778_ (net)
                      0.111939    0.000026   10.140884 ^ _3604_/A2 (sky130_fd_sc_hd__a211o_2)
     1    0.003661    0.050475    0.253149   10.394033 ^ _3604_/X (sky130_fd_sc_hd__a211o_2)
                                                         _2814_ (net)
                      0.050475    0.000039   10.394073 ^ _3605_/C1 (sky130_fd_sc_hd__a211o_2)
     2    0.007689    0.076566    0.170627   10.564699 ^ _3605_/X (sky130_fd_sc_hd__a211o_2)
                                                         net192 (net)
                      0.076566    0.000072   10.564772 ^ output192/A (sky130_fd_sc_hd__clkdlybuf4s25_1)
     1    0.036763    0.596696    0.800159   11.364931 ^ output192/X (sky130_fd_sc_hd__clkdlybuf4s25_1)
                                                         result[5] (net)
                      0.596696    0.000244   11.365175 ^ result[5] (out)
                                             11.365175   data arrival time

                      0.000000    0.000000    0.000000   clock __VIRTUAL_CLK__ (rise edge)
                                  0.000000    0.000000   clock network delay (ideal)
                                  0.250000    0.250000   clock uncertainty
                                  0.000000    0.250000   clock reconvergence pessimism
                                 -8.000000   -7.750000   output external delay
                                             -7.750000   data required time
---------------------------------------------------------------------------------------------
                                             -7.750000   data required time
                                            -11.365175   data arrival time
---------------------------------------------------------------------------------------------
                                             19.115173   slack (MET)


Startpoint: operand_b[52] (input port clocked by __VIRTUAL_CLK__)
Endpoint: result[52] (output port clocked by __VIRTUAL_CLK__)
Path Group: __VIRTUAL_CLK__
Path Type: min

Fanout         Cap        Slew       Delay        Time   Description
---------------------------------------------------------------------------------------------
                      0.000000    0.000000    0.000000   clock __VIRTUAL_CLK__ (rise edge)
                                  0.000000    0.000000   clock network delay (ideal)
                                  8.000000    8.000000 ^ input external delay
     1    0.005163    0.048298    0.026821    8.026821 ^ operand_b[52] (in)
                                                         operand_b[52] (net)
                      0.048298    0.000000    8.026821 ^ input117/A (sky130_fd_sc_hd__clkdlybuf4s25_1)
     2    0.011469    0.202149    0.522824    8.549644 ^ input117/X (sky130_fd_sc_hd__clkdlybuf4s25_1)
                                                         net117 (net)
                      0.202149    0.000202    8.549847 ^ fanout635/A (sky130_fd_sc_hd__clkdlybuf4s25_1)
     5    0.021327    0.353504    0.691524    9.241370 ^ fanout635/X (sky130_fd_sc_hd__clkdlybuf4s25_1)
                                                         net635 (net)
                      0.353504    0.000181    9.241551 ^ _5593_/A1 (sky130_fd_sc_hd__a221o_2)
     1    0.007281    0.084908    0.419579    9.661131 ^ _5593_/X (sky130_fd_sc_hd__a221o_2)
                                                         _1596_ (net)
                      0.084908    0.000193    9.661324 ^ _5594_/B1 (sky130_fd_sc_hd__a221o_2)
     1    0.003247    0.057842    0.263364    9.924687 ^ _5594_/X (sky130_fd_sc_hd__a221o_2)
                                                         _1597_ (net)
                      0.057842    0.000023    9.924710 ^ _5595_/C1 (sky130_fd_sc_hd__a211o_2)
     1    0.002941    0.046376    0.145010   10.069720 ^ _5595_/X (sky130_fd_sc_hd__a211o_2)
                                                         _1598_ (net)
                      0.046376    0.000026   10.069746 ^ _5596_/C1 (sky130_fd_sc_hd__a221o_2)
     2    0.043530    0.360379    0.387558   10.457305 ^ _5596_/X (sky130_fd_sc_hd__a221o_2)
                                                         net184 (net)
                      0.360379    0.000691   10.457995 ^ output184/A (sky130_fd_sc_hd__clkdlybuf4s25_1)
     1    0.037719    0.608126    0.918458   11.376454 ^ output184/X (sky130_fd_sc_hd__clkdlybuf4s25_1)
                                                         result[52] (net)
                      0.608126    0.000798   11.377252 ^ result[52] (out)
                                             11.377252   data arrival time

                      0.000000    0.000000    0.000000   clock __VIRTUAL_CLK__ (rise edge)
                                  0.000000    0.000000   clock network delay (ideal)
                                  0.250000    0.250000   clock uncertainty
                                  0.000000    0.250000   clock reconvergence pessimism
                                 -8.000000   -7.750000   output external delay
                                             -7.750000   data required time
---------------------------------------------------------------------------------------------
                                             -7.750000   data required time
                                            -11.377252   data arrival time
---------------------------------------------------------------------------------------------
                                             19.127251   slack (MET)


Startpoint: operand_b[47] (input port clocked by __VIRTUAL_CLK__)
Endpoint: result[55] (output port clocked by __VIRTUAL_CLK__)
Path Group: __VIRTUAL_CLK__
Path Type: min

Fanout         Cap        Slew       Delay        Time   Description
---------------------------------------------------------------------------------------------
                      0.000000    0.000000    0.000000   clock __VIRTUAL_CLK__ (rise edge)
                                  0.000000    0.000000   clock network delay (ideal)
                                  8.000000    8.000000 ^ input external delay
     1    0.004558    0.044150    0.023791    8.023790 ^ operand_b[47] (in)
                                                         operand_b[47] (net)
                      0.044150    0.000000    8.023790 ^ input111/A (sky130_fd_sc_hd__clkdlybuf4s25_1)
     3    0.013599    0.234062    0.543671    8.567462 ^ input111/X (sky130_fd_sc_hd__clkdlybuf4s25_1)
                                                         net111 (net)
                      0.234062    0.000277    8.567739 ^ _5409_/A (sky130_fd_sc_hd__nor2_2)
     1    0.001999    0.034988    0.116986    8.684725 v _5409_/Y (sky130_fd_sc_hd__nor2_2)
                                                         _1398_ (net)
                      0.034988    0.000017    8.684742 v _5410_/A2_N (sky130_fd_sc_hd__a2bb2o_2)
     3    0.013492    0.129802    0.449941    9.134683 ^ _5410_/X (sky130_fd_sc_hd__a2bb2o_2)
                                                         _1399_ (net)
                      0.129802    0.000322    9.135005 ^ _5687_/A1 (sky130_fd_sc_hd__a211o_2)
     1    0.003108    0.047262    0.247842    9.382847 ^ _5687_/X (sky130_fd_sc_hd__a211o_2)
                                                         _1697_ (net)
                      0.047262    0.000028    9.382874 ^ _5688_/B1 (sky130_fd_sc_hd__a41o_2)
     3    0.017922    0.157951    0.231413    9.614287 ^ _5688_/X (sky130_fd_sc_hd__a41o_2)
                                                         _1698_ (net)
                      0.157951    0.000193    9.614480 ^ _5694_/A1 (sky130_fd_sc_hd__a22oi_2)
     1    0.008946    0.128285    0.196146    9.810626 v _5694_/Y (sky130_fd_sc_hd__a22oi_2)
                                                         _1704_ (net)
                      0.128285    0.000054    9.810680 v _5695_/B (sky130_fd_sc_hd__xnor2_2)
     1    0.006470    0.091714    0.257982   10.068663 v _5695_/Y (sky130_fd_sc_hd__xnor2_2)
                                                         _1705_ (net)
                      0.091714    0.000104   10.068767 v _5696_/B (sky130_fd_sc_hd__nor2_2)
     1    0.004222    0.123059    0.137880   10.206647 ^ _5696_/Y (sky130_fd_sc_hd__nor2_2)
                                                         _1707_ (net)
                      0.123059    0.000040   10.206686 ^ _5707_/B (sky130_fd_sc_hd__or4b_4)
     1    0.006109    0.059456    0.228830   10.435516 ^ _5707_/X (sky130_fd_sc_hd__or4b_4)
                                                         _1719_ (net)
                      0.059456    0.000073   10.435590 ^ _5708_/A (sky130_fd_sc_hd__buf_6)
     2    0.013781    0.065161    0.161632   10.597221 ^ _5708_/X (sky130_fd_sc_hd__buf_6)
                                                         net187 (net)
                      0.065161    0.000154   10.597375 ^ output187/A (sky130_fd_sc_hd__clkdlybuf4s25_1)
     1    0.035796    0.576667    0.784943   11.382318 ^ output187/X (sky130_fd_sc_hd__clkdlybuf4s25_1)
                                                         result[55] (net)
                      0.576667    0.000562   11.382880 ^ result[55] (out)
                                             11.382880   data arrival time

                      0.000000    0.000000    0.000000   clock __VIRTUAL_CLK__ (rise edge)
                                  0.000000    0.000000   clock network delay (ideal)
                                  0.250000    0.250000   clock uncertainty
                                  0.000000    0.250000   clock reconvergence pessimism
                                 -8.000000   -7.750000   output external delay
                                             -7.750000   data required time
---------------------------------------------------------------------------------------------
                                             -7.750000   data required time
                                            -11.382880   data arrival time
---------------------------------------------------------------------------------------------
                                             19.132881   slack (MET)


Startpoint: operand_b[23] (input port clocked by __VIRTUAL_CLK__)
Endpoint: result[27] (output port clocked by __VIRTUAL_CLK__)
Path Group: __VIRTUAL_CLK__
Path Type: min

Fanout         Cap        Slew       Delay        Time   Description
---------------------------------------------------------------------------------------------
                      0.000000    0.000000    0.000000   clock __VIRTUAL_CLK__ (rise edge)
                                  0.000000    0.000000   clock network delay (ideal)
                                  8.000000    8.000000 v input external delay
     1    0.006863    0.034581    0.020800    8.020801 v operand_b[23] (in)
                                                         operand_b[23] (net)
                      0.034582    0.000000    8.020801 v input85/A (sky130_fd_sc_hd__buf_1)
     5    0.029510    0.335191    0.342555    8.363356 v input85/X (sky130_fd_sc_hd__buf_1)
                                                         net85 (net)
                      0.335191    0.000218    8.363573 v _4397_/B (sky130_fd_sc_hd__xor2_2)
     3    0.014863    0.106950    0.396415    8.759989 v _4397_/X (sky130_fd_sc_hd__xor2_2)
                                                         _0372_ (net)
                      0.106950    0.000225    8.760213 v max_cap321/A (sky130_fd_sc_hd__buf_2)
     6    0.034609    0.167280    0.345024    9.105238 v max_cap321/X (sky130_fd_sc_hd__buf_2)
                                                         net321 (net)
                      0.167283    0.000941    9.106179 v _4398_/B1 (sky130_fd_sc_hd__a21oi_2)
     4    0.010662    0.249419    0.281941    9.388120 ^ _4398_/Y (sky130_fd_sc_hd__a21oi_2)
                                                         _0373_ (net)
                      0.249419    0.000218    9.388338 ^ _4586_/A (sky130_fd_sc_hd__or4b_2)
     4    0.026079    0.241515    0.402970    9.791308 ^ _4586_/X (sky130_fd_sc_hd__or4b_2)
                                                         _0557_ (net)
                      0.241515    0.000891    9.792199 ^ _4587_/C (sky130_fd_sc_hd__nor3_2)
     2    0.016443    0.101386    0.174749    9.966949 v _4587_/Y (sky130_fd_sc_hd__nor3_2)
                                                         _0558_ (net)
                      0.101386    0.000165    9.967113 v _4588_/B (sky130_fd_sc_hd__xor2_2)
     1    0.003580    0.121478    0.192643   10.159757 ^ _4588_/X (sky130_fd_sc_hd__xor2_2)
                                                         _0559_ (net)
                      0.121478    0.000040   10.159797 ^ _4610_/B1 (sky130_fd_sc_hd__a221o_2)
     2    0.025854    0.222933    0.424713   10.584510 ^ _4610_/X (sky130_fd_sc_hd__a221o_2)
                                                         net156 (net)
                      0.222933    0.000327   10.584836 ^ output156/A (sky130_fd_sc_hd__clkdlybuf4s25_1)
     1    0.034567    0.558227    0.839115   11.423951 ^ output156/X (sky130_fd_sc_hd__clkdlybuf4s25_1)
                                                         result[27] (net)
                      0.558227    0.000417   11.424368 ^ result[27] (out)
                                             11.424368   data arrival time

                      0.000000    0.000000    0.000000   clock __VIRTUAL_CLK__ (rise edge)
                                  0.000000    0.000000   clock network delay (ideal)
                                  0.250000    0.250000   clock uncertainty
                                  0.000000    0.250000   clock reconvergence pessimism
                                 -8.000000   -7.750000   output external delay
                                             -7.750000   data required time
---------------------------------------------------------------------------------------------
                                             -7.750000   data required time
                                            -11.424368   data arrival time
---------------------------------------------------------------------------------------------
                                             19.174368   slack (MET)


Startpoint: operand_b[22] (input port clocked by __VIRTUAL_CLK__)
Endpoint: result[22] (output port clocked by __VIRTUAL_CLK__)
Path Group: __VIRTUAL_CLK__
Path Type: min

Fanout         Cap        Slew       Delay        Time   Description
---------------------------------------------------------------------------------------------
                      0.000000    0.000000    0.000000   clock __VIRTUAL_CLK__ (rise edge)
                                  0.000000    0.000000   clock network delay (ideal)
                                  8.000000    8.000000 ^ input external delay
     1    0.004460    0.043479    0.023315    8.023314 ^ operand_b[22] (in)
                                                         operand_b[22] (net)
                      0.043479    0.000000    8.023314 ^ input84/A (sky130_fd_sc_hd__clkdlybuf4s25_1)
     2    0.009423    0.171111    0.498972    8.522286 ^ input84/X (sky130_fd_sc_hd__clkdlybuf4s25_1)
                                                         net84 (net)
                      0.171111    0.000064    8.522350 ^ fanout367/A (sky130_fd_sc_hd__clkdlybuf4s25_1)
    10    0.046725    0.747877    0.944726    9.467076 ^ fanout367/X (sky130_fd_sc_hd__clkdlybuf4s25_1)
                                                         net367 (net)
                      0.747877    0.001195    9.468272 ^ _4371_/A1 (sky130_fd_sc_hd__a221o_2)
     1    0.010201    0.106121    0.585597   10.053868 ^ _4371_/X (sky130_fd_sc_hd__a221o_2)
                                                         _0347_ (net)
                      0.106121    0.000407   10.054275 ^ _4391_/A2 (sky130_fd_sc_hd__a221o_2)
     1    0.005170    0.070043    0.311441   10.365716 ^ _4391_/X (sky130_fd_sc_hd__a221o_2)
                                                         _0367_ (net)
                      0.070043    0.000075   10.365791 ^ _4392_/C1 (sky130_fd_sc_hd__a221o_2)
     2    0.017003    0.156478    0.256084   10.621875 ^ _4392_/X (sky130_fd_sc_hd__a221o_2)
                                                         net151 (net)
                      0.156478    0.000340   10.622215 ^ output151/A (sky130_fd_sc_hd__clkdlybuf4s25_1)
     1    0.036735    0.591796    0.833476   11.455691 ^ output151/X (sky130_fd_sc_hd__clkdlybuf4s25_1)
                                                         result[22] (net)
                      0.591796    0.000517   11.456208 ^ result[22] (out)
                                             11.456208   data arrival time

                      0.000000    0.000000    0.000000   clock __VIRTUAL_CLK__ (rise edge)
                                  0.000000    0.000000   clock network delay (ideal)
                                  0.250000    0.250000   clock uncertainty
                                  0.000000    0.250000   clock reconvergence pessimism
                                 -8.000000   -7.750000   output external delay
                                             -7.750000   data required time
---------------------------------------------------------------------------------------------
                                             -7.750000   data required time
                                            -11.456208   data arrival time
---------------------------------------------------------------------------------------------
                                             19.206209   slack (MET)


Startpoint: cmd[1] (input port clocked by __VIRTUAL_CLK__)
Endpoint: result[0] (output port clocked by __VIRTUAL_CLK__)
Path Group: __VIRTUAL_CLK__
Path Type: min

Fanout         Cap        Slew       Delay        Time   Description
---------------------------------------------------------------------------------------------
                      0.000000    0.000000    0.000000   clock __VIRTUAL_CLK__ (rise edge)
                                  0.000000    0.000000   clock network delay (ideal)
                                  8.000000    8.000000 v input external delay
     1    0.005615    0.029540    0.017193    8.017194 v cmd[1] (in)
                                                         cmd[1] (net)
                      0.029541    0.000000    8.017194 v input3/A (sky130_fd_sc_hd__clkdlybuf4s25_1)
     1    0.002954    0.079247    0.416877    8.434071 v input3/X (sky130_fd_sc_hd__clkdlybuf4s25_1)
                                                         net3 (net)
                      0.079247    0.000019    8.434090 v fanout552/A (sky130_fd_sc_hd__clkdlybuf4s25_1)
     7    0.040356    0.541827    0.787365    9.221454 v fanout552/X (sky130_fd_sc_hd__clkdlybuf4s25_1)
                                                         net552 (net)
                      0.541827    0.001261    9.222715 v _3265_/C_N (sky130_fd_sc_hd__or3b_2)
     2    0.005858    0.076769    0.573380    9.796096 ^ _3265_/X (sky130_fd_sc_hd__or3b_2)
                                                         _1502_ (net)
                      0.076769    0.000056    9.796152 ^ _3271_/C (sky130_fd_sc_hd__or4_2)
     1    0.007903    0.084008    0.209430   10.005582 ^ _3271_/X (sky130_fd_sc_hd__or4_2)
                                                         _1566_ (net)
                      0.084008    0.000183   10.005765 ^ _3272_/C1 (sky130_fd_sc_hd__o221a_2)
     1    0.006544    0.107810    0.379814   10.385578 ^ _3272_/X (sky130_fd_sc_hd__o221a_2)
                                                         _1577_ (net)
                      0.107810    0.000101   10.385679 ^ _3297_/B1 (sky130_fd_sc_hd__o211ai_2)
     2    0.013682    0.237548    0.271672   10.657351 v _3297_/Y (sky130_fd_sc_hd__o211ai_2)
                                                         net137 (net)
                      0.237548    0.000276   10.657627 v output137/A (sky130_fd_sc_hd__clkdlybuf4s25_1)
     1    0.036305    0.489560    0.818992   11.476619 v output137/X (sky130_fd_sc_hd__clkdlybuf4s25_1)
                                                         result[0] (net)
                      0.489560    0.000681   11.477301 v result[0] (out)
                                             11.477301   data arrival time

                      0.000000    0.000000    0.000000   clock __VIRTUAL_CLK__ (rise edge)
                                  0.000000    0.000000   clock network delay (ideal)
                                  0.250000    0.250000   clock uncertainty
                                  0.000000    0.250000   clock reconvergence pessimism
                                 -8.000000   -7.750000   output external delay
                                             -7.750000   data required time
---------------------------------------------------------------------------------------------
                                             -7.750000   data required time
                                            -11.477301   data arrival time
---------------------------------------------------------------------------------------------
                                             19.227301   slack (MET)


Startpoint: operand_a[0] (input port clocked by __VIRTUAL_CLK__)
Endpoint: result[1] (output port clocked by __VIRTUAL_CLK__)
Path Group: __VIRTUAL_CLK__
Path Type: min

Fanout         Cap        Slew       Delay        Time   Description
---------------------------------------------------------------------------------------------
                      0.000000    0.000000    0.000000   clock __VIRTUAL_CLK__ (rise edge)
                                  0.000000    0.000000   clock network delay (ideal)
                                  8.000000    8.000000 ^ input external delay
     1    0.007087    0.061300    0.036079    8.036078 ^ operand_a[0] (in)
                                                         operand_a[0] (net)
                      0.061301    0.000000    8.036078 ^ input6/A (sky130_fd_sc_hd__clkdlybuf4s25_1)
     2    0.009922    0.178731    0.511522    8.547600 ^ input6/X (sky130_fd_sc_hd__clkdlybuf4s25_1)
                                                         net6 (net)
                      0.178731    0.000226    8.547826 ^ fanout472/A (sky130_fd_sc_hd__clkdlybuf4s25_1)
     6    0.048481    0.775159    0.967033    9.514858 ^ fanout472/X (sky130_fd_sc_hd__clkdlybuf4s25_1)
                                                         net472 (net)
                      0.775159    0.000275    9.515134 ^ _3371_/A (sky130_fd_sc_hd__nor2b_4)
     4    0.021007    0.081656    0.288781    9.803915 v _3371_/Y (sky130_fd_sc_hd__nor2b_4)
                                                         _2585_ (net)
                      0.081656    0.000149    9.804065 v _3372_/A (sky130_fd_sc_hd__xor2_2)
     1    0.006104    0.162494    0.252856   10.056921 ^ _3372_/X (sky130_fd_sc_hd__xor2_2)
                                                         _2586_ (net)
                      0.162494    0.000132   10.057054 ^ _3373_/B2 (sky130_fd_sc_hd__a2bb2o_2)
     1    0.005991    0.076472    0.329387   10.386440 ^ _3373_/X (sky130_fd_sc_hd__a2bb2o_2)
                                                         _2587_ (net)
                      0.076472    0.000076   10.386517 ^ _3374_/B1 (sky130_fd_sc_hd__a31o_2)
     2    0.011835    0.124695    0.218431   10.604947 ^ _3374_/X (sky130_fd_sc_hd__a31o_2)
                                                         _2588_ (net)
                      0.124695    0.000267   10.605215 ^ _3375_/C1 (sky130_fd_sc_hd__a211o_2)
     1    0.006835    0.071498    0.198820   10.804034 ^ _3375_/X (sky130_fd_sc_hd__a211o_2)
                                                         net148 (net)
                      0.071498    0.000142   10.804176 ^ output148/A (sky130_fd_sc_hd__clkdlybuf4s25_1)
     1    0.035081    0.565600    0.780091   11.584268 ^ output148/X (sky130_fd_sc_hd__clkdlybuf4s25_1)
                                                         result[1] (net)
                      0.565600    0.000473   11.584740 ^ result[1] (out)
                                             11.584740   data arrival time

                      0.000000    0.000000    0.000000   clock __VIRTUAL_CLK__ (rise edge)
                                  0.000000    0.000000   clock network delay (ideal)
                                  0.250000    0.250000   clock uncertainty
                                  0.000000    0.250000   clock reconvergence pessimism
                                 -8.000000   -7.750000   output external delay
                                             -7.750000   data required time
---------------------------------------------------------------------------------------------
                                             -7.750000   data required time
                                            -11.584740   data arrival time
---------------------------------------------------------------------------------------------
                                             19.334740   slack (MET)


Startpoint: operand_b[29] (input port clocked by __VIRTUAL_CLK__)
Endpoint: result[30] (output port clocked by __VIRTUAL_CLK__)
Path Group: __VIRTUAL_CLK__
Path Type: min

Fanout         Cap        Slew       Delay        Time   Description
---------------------------------------------------------------------------------------------
                      0.000000    0.000000    0.000000   clock __VIRTUAL_CLK__ (rise edge)
                                  0.000000    0.000000   clock network delay (ideal)
                                  8.000000    8.000000 v input external delay
     1    0.005487    0.029038    0.016813    8.016813 v operand_b[29] (in)
                                                         operand_b[29] (net)
                      0.029039    0.000000    8.016813 v input91/A (sky130_fd_sc_hd__clkdlybuf4s25_1)
     3    0.018235    0.260875    0.566882    8.583694 v input91/X (sky130_fd_sc_hd__clkdlybuf4s25_1)
                                                         net91 (net)
                      0.260875    0.000258    8.583953 v fanout356/A (sky130_fd_sc_hd__clkdlybuf4s25_1)
    10    0.044840    0.599934    0.903817    9.487771 v fanout356/X (sky130_fd_sc_hd__clkdlybuf4s25_1)
                                                         net356 (net)
                      0.599934    0.000309    9.488080 v _4695_/B (sky130_fd_sc_hd__nor2_2)
     3    0.015048    0.327806    0.468471    9.956552 ^ _4695_/Y (sky130_fd_sc_hd__nor2_2)
                                                         _0663_ (net)
                      0.327806    0.000169    9.956720 ^ _4698_/A (sky130_fd_sc_hd__or2b_2)
     2    0.016756    0.144981    0.343666   10.300385 ^ _4698_/X (sky130_fd_sc_hd__or2b_2)
                                                         _0666_ (net)
                      0.144981    0.000123   10.300508 ^ _4699_/B (sky130_fd_sc_hd__xnor2_2)
     1    0.004483    0.069243    0.210571   10.511080 ^ _4699_/Y (sky130_fd_sc_hd__xnor2_2)
                                                         _0667_ (net)
                      0.069243    0.000064   10.511144 ^ _4729_/A2 (sky130_fd_sc_hd__a221o_2)
     2    0.008796    0.095601    0.323102   10.834246 ^ _4729_/X (sky130_fd_sc_hd__a221o_2)
                                                         net160 (net)
                      0.095601    0.000179   10.834424 ^ output160/A (sky130_fd_sc_hd__clkdlybuf4s25_1)
     1    0.036925    0.594385    0.809332   11.643757 ^ output160/X (sky130_fd_sc_hd__clkdlybuf4s25_1)
                                                         result[30] (net)
                      0.594385    0.000799   11.644556 ^ result[30] (out)
                                             11.644556   data arrival time

                      0.000000    0.000000    0.000000   clock __VIRTUAL_CLK__ (rise edge)
                                  0.000000    0.000000   clock network delay (ideal)
                                  0.250000    0.250000   clock uncertainty
                                  0.000000    0.250000   clock reconvergence pessimism
                                 -8.000000   -7.750000   output external delay
                                             -7.750000   data required time
---------------------------------------------------------------------------------------------
                                             -7.750000   data required time
                                            -11.644556   data arrival time
---------------------------------------------------------------------------------------------
                                             19.394556   slack (MET)


Startpoint: operand_b[36] (input port clocked by __VIRTUAL_CLK__)
Endpoint: result[40] (output port clocked by __VIRTUAL_CLK__)
Path Group: __VIRTUAL_CLK__
Path Type: min

Fanout         Cap        Slew       Delay        Time   Description
---------------------------------------------------------------------------------------------
                      0.000000    0.000000    0.000000   clock __VIRTUAL_CLK__ (rise edge)
                                  0.000000    0.000000   clock network delay (ideal)
                                  8.000000    8.000000 ^ input external delay
     1    0.004115    0.041110    0.021585    8.021585 ^ operand_b[36] (in)
                                                         operand_b[36] (net)
                      0.041110    0.000000    8.021585 ^ input99/A (sky130_fd_sc_hd__clkdlybuf4s25_1)
     3    0.015490    0.263165    0.562268    8.583853 ^ input99/X (sky130_fd_sc_hd__clkdlybuf4s25_1)
                                                         net99 (net)
                      0.263165    0.000258    8.584111 ^ _5040_/A2 (sky130_fd_sc_hd__a22o_2)
     1    0.006984    0.091012    0.368128    8.952239 ^ _5040_/X (sky130_fd_sc_hd__a22o_2)
                                                         _1002_ (net)
                      0.091012    0.000091    8.952331 ^ _5041_/B1 (sky130_fd_sc_hd__o21ai_2)
     4    0.020536    0.190282    0.194831    9.147161 v _5041_/Y (sky130_fd_sc_hd__o21ai_2)
                                                         _1003_ (net)
                      0.190283    0.000215    9.147376 v _5126_/B1 (sky130_fd_sc_hd__o31ai_2)
     1    0.003759    0.095123    0.137630    9.285007 ^ _5126_/Y (sky130_fd_sc_hd__o31ai_2)
                                                         _1095_ (net)
                      0.095123    0.000043    9.285049 ^ _5127_/D1 (sky130_fd_sc_hd__a2111o_2)
     1    0.005071    0.059573    0.169207    9.454256 ^ _5127_/X (sky130_fd_sc_hd__a2111o_2)
                                                         _1096_ (net)
                      0.059573    0.000044    9.454301 ^ _5129_/B1 (sky130_fd_sc_hd__o211ai_2)
     2    0.014114    0.216841    0.258099    9.712400 v _5129_/Y (sky130_fd_sc_hd__o211ai_2)
                                                         _1098_ (net)
                      0.216841    0.000200    9.712600 v _5130_/B1 (sky130_fd_sc_hd__o21a_2)
     2    0.019477    0.117120    0.341345   10.053945 v _5130_/X (sky130_fd_sc_hd__o21a_2)
                                                         _1099_ (net)
                      0.117124    0.000787   10.054731 v _5131_/B (sky130_fd_sc_hd__xnor2_2)
     1    0.005916    0.087044    0.249727   10.304459 v _5131_/Y (sky130_fd_sc_hd__xnor2_2)
                                                         _1100_ (net)
                      0.087044    0.000063   10.304522 v _5151_/A2 (sky130_fd_sc_hd__o2111ai_2)
     1    0.003375    0.077249    0.243142   10.547664 ^ _5151_/Y (sky130_fd_sc_hd__o2111ai_2)
                                                         _1122_ (net)
                      0.077249    0.000036   10.547700 ^ _5152_/C1 (sky130_fd_sc_hd__a221o_2)
     2    0.022022    0.193211    0.286474   10.834174 ^ _5152_/X (sky130_fd_sc_hd__a221o_2)
                                                         net171 (net)
                      0.193211    0.000693   10.834867 ^ output171/A (sky130_fd_sc_hd__clkdlybuf4s25_1)
     1    0.037085    0.597894    0.852555   11.687422 ^ output171/X (sky130_fd_sc_hd__clkdlybuf4s25_1)
                                                         result[40] (net)
                      0.597894    0.000842   11.688264 ^ result[40] (out)
                                             11.688264   data arrival time

                      0.000000    0.000000    0.000000   clock __VIRTUAL_CLK__ (rise edge)
                                  0.000000    0.000000   clock network delay (ideal)
                                  0.250000    0.250000   clock uncertainty
                                  0.000000    0.250000   clock reconvergence pessimism
                                 -8.000000   -7.750000   output external delay
                                             -7.750000   data required time
---------------------------------------------------------------------------------------------
                                             -7.750000   data required time
                                            -11.688264   data arrival time
---------------------------------------------------------------------------------------------
                                             19.438265   slack (MET)



