+ define_corners min_tt_025C_1v80
Reading timing models for corner min_tt_025C_1v80…
Reading cell library for the 'min_tt_025C_1v80' corner at '/home/ubuntu/.ciel/ciel/sky130/versions/8afc8346a57fe1ab7934ba5a6056ea8b43078e71/sky130A/libs.ref/sky130_fd_sc_hd/lib/sky130_fd_sc_hd__tt_025C_1v80.lib'…
Reading top-level netlist at '/home/ubuntu/asic_projects1/alu64/runs/RUN_2026-09-02_10-53-20/52-openroad-fillinsertion/alu64_top.nl.v'…
Linking design 'alu64_top' from netlist…
Warning: /home/ubuntu/asic_projects1/alu64/runs/RUN_2026-09-02_10-53-20/52-openroad-fillinsertion/alu64_top.nl.v line 3978, module sky130_fd_sc_hd__fill_1 not found. Creating black box for FILLER_0_144.
Warning: /home/ubuntu/asic_projects1/alu64/runs/RUN_2026-09-02_10-53-20/52-openroad-fillinsertion/alu64_top.nl.v line 3979, module sky130_fd_sc_hd__fill_2 not found. Creating black box for FILLER_0_253.
Warning: /home/ubuntu/asic_projects1/alu64/runs/RUN_2026-09-02_10-53-20/52-openroad-fillinsertion/alu64_top.nl.v line 8277, module sky130_fd_sc_hd__tapvpwrvgnd_1 not found. Creating black box for TAP_TAPCELL_ROW_0_166.
Reading design constraints file at '/nix/store/pyjad0nmv834qyrz9qicmvljgxnyd00p-python3-3.13.9-env/lib/python3.13/site-packages/librelane/scripts/base.sdc'…
Warning: base.sdc line 15, port '__VIRTUAL_CLK__' not found.
[INFO] Using clock __VIRTUAL_CLK__…
[INFO] Setting output delay to: 8.0
[INFO] Setting input delay to: 8.0
Warning: base.sdc line 32, port '__VIRTUAL_CLK__' not found.
[INFO] Setting load to: 0.033442
[INFO] Setting clock uncertainty to: 0.25
[INFO] Setting clock transition to: 0.1499999999999999944488848768742172978818416595458984375
Warning: base.sdc line 69, transition time can not be specified for virtual clocks.
[INFO] Setting timing derate to: 5.0%
Warning: base.sdc line 79, virtual clock __VIRTUAL_CLK__ can not be propagated.
Reading top-level design parasitics for the 'min_tt_025C_1v80' corner at '/home/ubuntu/asic_projects1/alu64/runs/RUN_2026-09-02_10-53-20/54-openroad-rcx/min/alu64_top.min.spef'…
%OL_CREATE_REPORT min.rpt

===========================================================================
report_checks -path_delay min (Hold)
============================================================================
======================= min_tt_025C_1v80 Corner ===================================

Startpoint: operand_b[63] (input port clocked by __VIRTUAL_CLK__)
Endpoint: overflow_flag (output port clocked by __VIRTUAL_CLK__)
Path Group: __VIRTUAL_CLK__
Path Type: min

Fanout         Cap        Slew       Delay        Time   Description
---------------------------------------------------------------------------------------------
                      0.000000    0.000000    0.000000   clock __VIRTUAL_CLK__ (rise edge)
                                  0.000000    0.000000   clock network delay (ideal)
                                  8.000000    8.000000 v input external delay
     1    0.003829    0.011018    0.005858    8.005857 v operand_b[63] (in)
                                                         operand_b[63] (net)
                      0.011018    0.000000    8.005857 v input129/A (sky130_fd_sc_hd__buf_1)
     2    0.011251    0.071369    0.105505    8.111362 v input129/X (sky130_fd_sc_hd__buf_1)
                                                         net129 (net)
                      0.071369    0.000245    8.111608 v _6476_/B (sky130_fd_sc_hd__nand2_2)
     2    0.007764    0.060051    0.081817    8.193425 ^ _6476_/Y (sky130_fd_sc_hd__nand2_2)
                                                         _2554_ (net)
                      0.060051    0.000045    8.193470 ^ _6490_/A0 (sky130_fd_sc_hd__mux2_2)
     1    0.005219    0.047155    0.143149    8.336619 ^ _6490_/X (sky130_fd_sc_hd__mux2_2)
                                                         _2568_ (net)
                      0.047155    0.000047    8.336667 ^ _6500_/A2 (sky130_fd_sc_hd__o21ai_2)
     1    0.008651    0.042462    0.058167    8.394834 v _6500_/Y (sky130_fd_sc_hd__o21ai_2)
                                                         net136 (net)
                      0.042462    0.000250    8.395084 v output136/A (sky130_fd_sc_hd__clkdlybuf4s25_1)
     1    0.036043    0.267969    0.401493    8.796577 v output136/X (sky130_fd_sc_hd__clkdlybuf4s25_1)
                                                         overflow_flag (net)
                      0.267969    0.000647    8.797224 v overflow_flag (out)
                                              8.797224   data arrival time

                      0.000000    0.000000    0.000000   clock __VIRTUAL_CLK__ (rise edge)
                                  0.000000    0.000000   clock network delay (ideal)
                                  0.250000    0.250000   clock uncertainty
                                  0.000000    0.250000   clock reconvergence pessimism
                                 -8.000000   -7.750000   output external delay
                                             -7.750000   data required time
---------------------------------------------------------------------------------------------
                                             -7.750000   data required time
                                             -8.797224   data arrival time
---------------------------------------------------------------------------------------------
                                             16.547222   slack (MET)


Startpoint: operand_b[63] (input port clocked by __VIRTUAL_CLK__)
Endpoint: carry_out (output port clocked by __VIRTUAL_CLK__)
Path Group: __VIRTUAL_CLK__
Path Type: min

Fanout         Cap        Slew       Delay        Time   Description
---------------------------------------------------------------------------------------------
                      0.000000    0.000000    0.000000   clock __VIRTUAL_CLK__ (rise edge)
                                  0.000000    0.000000   clock network delay (ideal)
                                  8.000000    8.000000 ^ input external delay
     1    0.004005    0.024961    0.013806    8.013805 ^ operand_b[63] (in)
                                                         operand_b[63] (net)
                      0.024961    0.000000    8.013805 ^ input129/A (sky130_fd_sc_hd__buf_1)
     2    0.011817    0.145295    0.137750    8.151556 ^ input129/X (sky130_fd_sc_hd__buf_1)
                                                         net129 (net)
                      0.145295    0.000259    8.151815 ^ _6476_/B (sky130_fd_sc_hd__nand2_2)
     2    0.006985    0.047889    0.074318    8.226133 v _6476_/Y (sky130_fd_sc_hd__nand2_2)
                                                         _2554_ (net)
                      0.047889    0.000028    8.226162 v _6477_/B (sky130_fd_sc_hd__nor2_2)
     1    0.003030    0.062486    0.068391    8.294553 ^ _6477_/Y (sky130_fd_sc_hd__nor2_2)
                                                         _2555_ (net)
                      0.062486    0.000028    8.294580 ^ _6478_/B1 (sky130_fd_sc_hd__a41o_2)
     1    0.003438    0.031924    0.088809    8.383389 ^ _6478_/X (sky130_fd_sc_hd__a41o_2)
                                                         _2556_ (net)
                      0.031924    0.000034    8.383423 ^ _6483_/B1 (sky130_fd_sc_hd__a311o_2)
     1    0.002663    0.029572    0.085661    8.469085 ^ _6483_/X (sky130_fd_sc_hd__a311o_2)
                                                         _2561_ (net)
                      0.029572    0.000028    8.469112 ^ _6488_/B (sky130_fd_sc_hd__or3b_2)
     1    0.009506    0.064838    0.115898    8.585011 ^ _6488_/X (sky130_fd_sc_hd__or3b_2)
                                                         _2567_ (net)
                      0.064839    0.000298    8.585310 ^ _6489_/A (sky130_fd_sc_hd__buf_1)
     1    0.003139    0.047817    0.084814    8.670123 ^ _6489_/X (sky130_fd_sc_hd__buf_1)
                                                         net134 (net)
                      0.047817    0.000030    8.670154 ^ output134/A (sky130_fd_sc_hd__clkdlybuf4s25_1)
     1    0.035488    0.357772    0.445245    9.115398 ^ output134/X (sky130_fd_sc_hd__clkdlybuf4s25_1)
                                                         carry_out (net)
                      0.357772    0.000557    9.115955 ^ carry_out (out)
                                              9.115955   data arrival time

                      0.000000    0.000000    0.000000   clock __VIRTUAL_CLK__ (rise edge)
                                  0.000000    0.000000   clock network delay (ideal)
                                  0.250000    0.250000   clock uncertainty
                                  0.000000    0.250000   clock reconvergence pessimism
                                 -8.000000   -7.750000   output external delay
                                             -7.750000   data required time
---------------------------------------------------------------------------------------------
                                             -7.750000   data required time
                                             -9.115955   data arrival time
---------------------------------------------------------------------------------------------
                                             16.865955   slack (MET)


Startpoint: operand_b[62] (input port clocked by __VIRTUAL_CLK__)
Endpoint: zero_flag (output port clocked by __VIRTUAL_CLK__)
Path Group: __VIRTUAL_CLK__
Path Type: min

Fanout         Cap        Slew       Delay        Time   Description
---------------------------------------------------------------------------------------------
                      0.000000    0.000000    0.000000   clock __VIRTUAL_CLK__ (rise edge)
                                  0.000000    0.000000   clock network delay (ideal)
                                  8.000000    8.000000 v input external delay
     1    0.003653    0.010611    0.005573    8.005573 v operand_b[62] (in)
                                                         operand_b[62] (net)
                      0.010611    0.000000    8.005573 v input128/A (sky130_fd_sc_hd__buf_1)
     2    0.014281    0.088158    0.117520    8.123094 v input128/X (sky130_fd_sc_hd__buf_1)
                                                         net128 (net)
                      0.088158    0.000213    8.123306 v _5962_/B (sky130_fd_sc_hd__nand2_2)
     3    0.007637    0.061113    0.088652    8.211959 ^ _5962_/Y (sky130_fd_sc_hd__nand2_2)
                                                         _1990_ (net)
                      0.061113    0.000072    8.212030 ^ _5975_/C (sky130_fd_sc_hd__and3_2)
     1    0.003706    0.046229    0.166509    8.378539 ^ _5975_/X (sky130_fd_sc_hd__and3_2)
                                                         _2004_ (net)
                      0.046229    0.000048    8.378587 ^ _5979_/A0 (sky130_fd_sc_hd__mux2_2)
     1    0.004092    0.042272    0.133666    8.512254 ^ _5979_/X (sky130_fd_sc_hd__mux2_2)
                                                         _2009_ (net)
                      0.042272    0.000050    8.512303 ^ _5980_/C1 (sky130_fd_sc_hd__a211o_2)
     3    0.025595    0.125124    0.152195    8.664497 ^ _5980_/X (sky130_fd_sc_hd__a211o_2)
                                                         net135 (net)
                      0.125124    0.000326    8.664824 ^ _6005_/C (sky130_fd_sc_hd__nor4_4)
     1    0.005589    0.020117    0.057337    8.722161 v _6005_/Y (sky130_fd_sc_hd__nor4_4)
                                                         net201 (net)
                      0.020117    0.000112    8.722273 v output201/A (sky130_fd_sc_hd__clkdlybuf4s25_1)
     1    0.036618    0.271969    0.395252    9.117525 v output201/X (sky130_fd_sc_hd__clkdlybuf4s25_1)
                                                         zero_flag (net)
                      0.271969    0.000751    9.118276 v zero_flag (out)
                                              9.118276   data arrival time

                      0.000000    0.000000    0.000000   clock __VIRTUAL_CLK__ (rise edge)
                                  0.000000    0.000000   clock network delay (ideal)
                                  0.250000    0.250000   clock uncertainty
                                  0.000000    0.250000   clock reconvergence pessimism
                                 -8.000000   -7.750000   output external delay
                                             -7.750000   data required time
---------------------------------------------------------------------------------------------
                                             -7.750000   data required time
                                             -9.118276   data arrival time
---------------------------------------------------------------------------------------------
                                             16.868275   slack (MET)


Startpoint: operand_b[62] (input port clocked by __VIRTUAL_CLK__)
Endpoint: negative_flag (output port clocked by __VIRTUAL_CLK__)
Path Group: __VIRTUAL_CLK__
Path Type: min

Fanout         Cap        Slew       Delay        Time   Description
---------------------------------------------------------------------------------------------
                      0.000000    0.000000    0.000000   clock __VIRTUAL_CLK__ (rise edge)
                                  0.000000    0.000000   clock network delay (ideal)
                                  8.000000    8.000000 v input external delay
     1    0.003653    0.010611    0.005573    8.005573 v operand_b[62] (in)
                                                         operand_b[62] (net)
                      0.010611    0.000000    8.005573 v input128/A (sky130_fd_sc_hd__buf_1)
     2    0.014281    0.088158    0.117520    8.123094 v input128/X (sky130_fd_sc_hd__buf_1)
                                                         net128 (net)
                      0.088158    0.000213    8.123306 v _5962_/B (sky130_fd_sc_hd__nand2_2)
     3    0.007637    0.061113    0.088652    8.211959 ^ _5962_/Y (sky130_fd_sc_hd__nand2_2)
                                                         _1990_ (net)
                      0.061113    0.000072    8.212030 ^ _5975_/C (sky130_fd_sc_hd__and3_2)
     1    0.003706    0.046229    0.166509    8.378539 ^ _5975_/X (sky130_fd_sc_hd__and3_2)
                                                         _2004_ (net)
                      0.046229    0.000048    8.378587 ^ _5979_/A0 (sky130_fd_sc_hd__mux2_2)
     1    0.004092    0.042272    0.133666    8.512254 ^ _5979_/X (sky130_fd_sc_hd__mux2_2)
                                                         _2009_ (net)
                      0.042272    0.000050    8.512303 ^ _5980_/C1 (sky130_fd_sc_hd__a211o_2)
     3    0.025595    0.125124    0.152195    8.664497 ^ _5980_/X (sky130_fd_sc_hd__a211o_2)
                                                         net135 (net)
                      0.125124    0.000338    8.664835 ^ output135/A (sky130_fd_sc_hd__clkdlybuf4s25_1)
     1    0.035542    0.359095    0.470743    9.135579 ^ output135/X (sky130_fd_sc_hd__clkdlybuf4s25_1)
                                                         negative_flag (net)
                      0.359095    0.000558    9.136137 ^ negative_flag (out)
                                              9.136137   data arrival time

                      0.000000    0.000000    0.000000   clock __VIRTUAL_CLK__ (rise edge)
                                  0.000000    0.000000   clock network delay (ideal)
                                  0.250000    0.250000   clock uncertainty
                                  0.000000    0.250000   clock reconvergence pessimism
                                 -8.000000   -7.750000   output external delay
                                             -7.750000   data required time
---------------------------------------------------------------------------------------------
                                             -7.750000   data required time
                                             -9.136137   data arrival time
---------------------------------------------------------------------------------------------
                                             16.886137   slack (MET)


Startpoint: operand_b[61] (input port clocked by __VIRTUAL_CLK__)
Endpoint: result[62] (output port clocked by __VIRTUAL_CLK__)
Path Group: __VIRTUAL_CLK__
Path Type: min

Fanout         Cap        Slew       Delay        Time   Description
---------------------------------------------------------------------------------------------
                      0.000000    0.000000    0.000000   clock __VIRTUAL_CLK__ (rise edge)
                                  0.000000    0.000000   clock network delay (ideal)
                                  8.000000    8.000000 v input external delay
     1    0.004868    0.013342    0.007501    8.007501 v operand_b[61] (in)
                                                         operand_b[61] (net)
                      0.013343    0.000000    8.007501 v input127/A (sky130_fd_sc_hd__buf_1)
     4    0.024827    0.146648    0.160397    8.167897 v input127/X (sky130_fd_sc_hd__buf_1)
                                                         net127 (net)
                      0.146648    0.000446    8.168344 v _5932_/B (sky130_fd_sc_hd__nand2_2)
     2    0.010261    0.078695    0.121899    8.290242 ^ _5932_/Y (sky130_fd_sc_hd__nand2_2)
                                                         _1958_ (net)
                      0.078695    0.000174    8.290417 ^ _5933_/B1 (sky130_fd_sc_hd__o21ai_2)
     2    0.007863    0.048926    0.065350    8.355766 v _5933_/Y (sky130_fd_sc_hd__o21ai_2)
                                                         _1959_ (net)
                      0.048926    0.000099    8.355865 v _5934_/A (sky130_fd_sc_hd__inv_2)
     2    0.005634    0.033629    0.048876    8.404740 ^ _5934_/Y (sky130_fd_sc_hd__inv_2)
                                                         _1960_ (net)
                      0.033629    0.000024    8.404764 ^ _5950_/A2 (sky130_fd_sc_hd__a311o_2)
     1    0.005615    0.042401    0.156664    8.561428 ^ _5950_/X (sky130_fd_sc_hd__a311o_2)
                                                         _1978_ (net)
                      0.042401    0.000122    8.561550 ^ _5951_/C1 (sky130_fd_sc_hd__a221o_2)
     2    0.013924    0.080093    0.129932    8.691482 ^ _5951_/X (sky130_fd_sc_hd__a221o_2)
                                                         net195 (net)
                      0.080093    0.000177    8.691658 ^ output195/A (sky130_fd_sc_hd__clkdlybuf4s25_1)
     1    0.035363    0.356766    0.455083    9.146742 ^ output195/X (sky130_fd_sc_hd__clkdlybuf4s25_1)
                                                         result[62] (net)
                      0.356766    0.000520    9.147262 ^ result[62] (out)
                                              9.147262   data arrival time

                      0.000000    0.000000    0.000000   clock __VIRTUAL_CLK__ (rise edge)
                                  0.000000    0.000000   clock network delay (ideal)
                                  0.250000    0.250000   clock uncertainty
                                  0.000000    0.250000   clock reconvergence pessimism
                                 -8.000000   -7.750000   output external delay
                                             -7.750000   data required time
---------------------------------------------------------------------------------------------
                                             -7.750000   data required time
                                             -9.147262   data arrival time
---------------------------------------------------------------------------------------------
                                             16.897261   slack (MET)


Startpoint: operand_b[62] (input port clocked by __VIRTUAL_CLK__)
Endpoint: result[63] (output port clocked by __VIRTUAL_CLK__)
Path Group: __VIRTUAL_CLK__
Path Type: min

Fanout         Cap        Slew       Delay        Time   Description
---------------------------------------------------------------------------------------------
                      0.000000    0.000000    0.000000   clock __VIRTUAL_CLK__ (rise edge)
                                  0.000000    0.000000   clock network delay (ideal)
                                  8.000000    8.000000 v input external delay
     1    0.003653    0.010611    0.005573    8.005573 v operand_b[62] (in)
                                                         operand_b[62] (net)
                      0.010611    0.000000    8.005573 v input128/A (sky130_fd_sc_hd__buf_1)
     2    0.014281    0.088158    0.117520    8.123094 v input128/X (sky130_fd_sc_hd__buf_1)
                                                         net128 (net)
                      0.088158    0.000213    8.123306 v _5962_/B (sky130_fd_sc_hd__nand2_2)
     3    0.007637    0.061113    0.088652    8.211959 ^ _5962_/Y (sky130_fd_sc_hd__nand2_2)
                                                         _1990_ (net)
                      0.061113    0.000072    8.212030 ^ _5975_/C (sky130_fd_sc_hd__and3_2)
     1    0.003706    0.046229    0.166509    8.378539 ^ _5975_/X (sky130_fd_sc_hd__and3_2)
                                                         _2004_ (net)
                      0.046229    0.000048    8.378587 ^ _5979_/A0 (sky130_fd_sc_hd__mux2_2)
     1    0.004092    0.042272    0.133666    8.512254 ^ _5979_/X (sky130_fd_sc_hd__mux2_2)
                                                         _2009_ (net)
                      0.042272    0.000050    8.512303 ^ _5980_/C1 (sky130_fd_sc_hd__a211o_2)
     3    0.025595    0.125124    0.152195    8.664497 ^ _5980_/X (sky130_fd_sc_hd__a211o_2)
                                                         net135 (net)
                      0.125124    0.000328    8.664825 ^ _6501_/A (sky130_fd_sc_hd__buf_2)
     1    0.002514    0.026417    0.112924    8.777749 ^ _6501_/X (sky130_fd_sc_hd__buf_2)
                                                         net196 (net)
                      0.026417    0.000011    8.777761 ^ output196/A (sky130_fd_sc_hd__clkdlybuf4s25_1)
     1    0.035777    0.361198    0.439924    9.217684 ^ output196/X (sky130_fd_sc_hd__clkdlybuf4s25_1)
                                                         result[63] (net)
                      0.361198    0.000625    9.218309 ^ result[63] (out)
                                              9.218309   data arrival time

                      0.000000    0.000000    0.000000   clock __VIRTUAL_CLK__ (rise edge)
                                  0.000000    0.000000   clock network delay (ideal)
                                  0.250000    0.250000   clock uncertainty
                                  0.000000    0.250000   clock reconvergence pessimism
                                 -8.000000   -7.750000   output external delay
                                             -7.750000   data required time
---------------------------------------------------------------------------------------------
                                             -7.750000   data required time
                                             -9.218309   data arrival time
---------------------------------------------------------------------------------------------
                                             16.968307   slack (MET)


Startpoint: operand_b[49] (input port clocked by __VIRTUAL_CLK__)
Endpoint: result[50] (output port clocked by __VIRTUAL_CLK__)
Path Group: __VIRTUAL_CLK__
Path Type: min

Fanout         Cap        Slew       Delay        Time   Description
---------------------------------------------------------------------------------------------
                      0.000000    0.000000    0.000000   clock __VIRTUAL_CLK__ (rise edge)
                                  0.000000    0.000000   clock network delay (ideal)
                                  8.000000    8.000000 ^ input external delay
     1    0.004855    0.028664    0.016519    8.016520 ^ operand_b[49] (in)
                                                         operand_b[49] (net)
                      0.028664    0.000000    8.016520 ^ input113/A (sky130_fd_sc_hd__clkdlybuf4s25_1)
     3    0.012839    0.138493    0.291725    8.308244 ^ input113/X (sky130_fd_sc_hd__clkdlybuf4s25_1)
                                                         net113 (net)
                      0.138493    0.000299    8.308543 ^ _5503_/A2 (sky130_fd_sc_hd__o21a_2)
     3    0.013190    0.078206    0.162680    8.471223 ^ _5503_/X (sky130_fd_sc_hd__o21a_2)
                                                         _1499_ (net)
                      0.078206    0.000136    8.471359 ^ _5504_/B1 (sky130_fd_sc_hd__a21oi_2)
     2    0.016063    0.048624    0.059351    8.530709 v _5504_/Y (sky130_fd_sc_hd__a21oi_2)
                                                         _1500_ (net)
                      0.048648    0.000404    8.531114 v _5505_/B (sky130_fd_sc_hd__xnor2_2)
     1    0.003932    0.041237    0.112635    8.643749 ^ _5505_/Y (sky130_fd_sc_hd__xnor2_2)
                                                         _1501_ (net)
                      0.041237    0.000048    8.643797 ^ _5520_/B1 (sky130_fd_sc_hd__a221o_2)
     2    0.011923    0.070747    0.156795    8.800592 ^ _5520_/X (sky130_fd_sc_hd__a221o_2)
                                                         net182 (net)
                      0.070747    0.000179    8.800772 ^ output182/A (sky130_fd_sc_hd__clkdlybuf4s25_1)
     1    0.036340    0.366079    0.458584    9.259356 ^ output182/X (sky130_fd_sc_hd__clkdlybuf4s25_1)
                                                         result[50] (net)
                      0.366079    0.000222    9.259579 ^ result[50] (out)
                                              9.259579   data arrival time

                      0.000000    0.000000    0.000000   clock __VIRTUAL_CLK__ (rise edge)
                                  0.000000    0.000000   clock network delay (ideal)
                                  0.250000    0.250000   clock uncertainty
                                  0.000000    0.250000   clock reconvergence pessimism
                                 -8.000000   -7.750000   output external delay
                                             -7.750000   data required time
---------------------------------------------------------------------------------------------
                                             -7.750000   data required time
                                             -9.259579   data arrival time
---------------------------------------------------------------------------------------------
                                             17.009579   slack (MET)


Startpoint: operand_b[60] (input port clocked by __VIRTUAL_CLK__)
Endpoint: result[61] (output port clocked by __VIRTUAL_CLK__)
Path Group: __VIRTUAL_CLK__
Path Type: min

Fanout         Cap        Slew       Delay        Time   Description
---------------------------------------------------------------------------------------------
                      0.000000    0.000000    0.000000   clock __VIRTUAL_CLK__ (rise edge)
                                  0.000000    0.000000   clock network delay (ideal)
                                  8.000000    8.000000 v input external delay
     1    0.006958    0.017870    0.010743    8.010743 v operand_b[60] (in)
                                                         operand_b[60] (net)
                      0.017873    0.000000    8.010743 v input126/A (sky130_fd_sc_hd__clkdlybuf4s25_1)
     4    0.023885    0.181239    0.330768    8.341512 v input126/X (sky130_fd_sc_hd__clkdlybuf4s25_1)
                                                         net126 (net)
                      0.181239    0.000570    8.342082 v _5897_/B (sky130_fd_sc_hd__nand2_2)
     3    0.023606    0.141656    0.181082    8.523164 ^ _5897_/Y (sky130_fd_sc_hd__nand2_2)
                                                         _1921_ (net)
                      0.141656    0.000401    8.523565 ^ _5913_/A2 (sky130_fd_sc_hd__a31o_2)
     1    0.004271    0.038387    0.165071    8.688636 ^ _5913_/X (sky130_fd_sc_hd__a31o_2)
                                                         _1938_ (net)
                      0.038387    0.000052    8.688688 ^ _5915_/B1 (sky130_fd_sc_hd__a211o_2)
     2    0.014359    0.074504    0.119774    8.808463 ^ _5915_/X (sky130_fd_sc_hd__a211o_2)
                                                         net194 (net)
                      0.074504    0.000170    8.808632 ^ output194/A (sky130_fd_sc_hd__clkdlybuf4s25_1)
     1    0.035729    0.360265    0.455610    9.264242 ^ output194/X (sky130_fd_sc_hd__clkdlybuf4s25_1)
                                                         result[61] (net)
                      0.360265    0.000550    9.264791 ^ result[61] (out)
                                              9.264791   data arrival time

                      0.000000    0.000000    0.000000   clock __VIRTUAL_CLK__ (rise edge)
                                  0.000000    0.000000   clock network delay (ideal)
                                  0.250000    0.250000   clock uncertainty
                                  0.000000    0.250000   clock reconvergence pessimism
                                 -8.000000   -7.750000   output external delay
                                             -7.750000   data required time
---------------------------------------------------------------------------------------------
                                             -7.750000   data required time
                                             -9.264791   data arrival time
---------------------------------------------------------------------------------------------
                                             17.014791   slack (MET)


Startpoint: operand_b[57] (input port clocked by __VIRTUAL_CLK__)
Endpoint: result[57] (output port clocked by __VIRTUAL_CLK__)
Path Group: __VIRTUAL_CLK__
Path Type: min

Fanout         Cap        Slew       Delay        Time   Description
---------------------------------------------------------------------------------------------
                      0.000000    0.000000    0.000000   clock __VIRTUAL_CLK__ (rise edge)
                                  0.000000    0.000000   clock network delay (ideal)
                                  8.000000    8.000000 ^ input external delay
     1    0.007362    0.039702    0.024269    8.024269 ^ operand_b[57] (in)
                                                         operand_b[57] (net)
                      0.039704    0.000000    8.024269 ^ input122/A (sky130_fd_sc_hd__clkdlybuf4s25_1)
     2    0.016311    0.171914    0.318033    8.342302 ^ input122/X (sky130_fd_sc_hd__clkdlybuf4s25_1)
                                                         net122 (net)
                      0.171914    0.000246    8.342548 ^ _5773_/A1 (sky130_fd_sc_hd__a22o_2)
     1    0.005942    0.047915    0.172532    8.515080 ^ _5773_/X (sky130_fd_sc_hd__a22o_2)
                                                         _1789_ (net)
                      0.047915    0.000066    8.515146 ^ _5774_/A2 (sky130_fd_sc_hd__o21ai_2)
     1    0.004394    0.027568    0.046858    8.562004 v _5774_/Y (sky130_fd_sc_hd__o21ai_2)
                                                         _1790_ (net)
                      0.027568    0.000065    8.562069 v _5775_/B1 (sky130_fd_sc_hd__o211a_2)
     1    0.006620    0.035313    0.125358    8.687427 v _5775_/X (sky130_fd_sc_hd__o211a_2)
                                                         _1791_ (net)
                      0.035313    0.000127    8.687554 v _5776_/B1 (sky130_fd_sc_hd__o21ai_2)
     1    0.003555    0.041136    0.044400    8.731954 ^ _5776_/Y (sky130_fd_sc_hd__o21ai_2)
                                                         _1793_ (net)
                      0.041136    0.000038    8.731993 ^ _5777_/C1 (sky130_fd_sc_hd__a221o_2)
     2    0.011848    0.070473    0.122339    8.854331 ^ _5777_/X (sky130_fd_sc_hd__a221o_2)
                                                         net189 (net)
                      0.070473    0.000334    8.854665 ^ output189/A (sky130_fd_sc_hd__clkdlybuf4s25_1)
     1    0.036516    0.367876    0.459361    9.314025 ^ output189/X (sky130_fd_sc_hd__clkdlybuf4s25_1)
                                                         result[57] (net)
                      0.367876    0.000601    9.314627 ^ result[57] (out)
                                              9.314627   data arrival time

                      0.000000    0.000000    0.000000   clock __VIRTUAL_CLK__ (rise edge)
                                  0.000000    0.000000   clock network delay (ideal)
                                  0.250000    0.250000   clock uncertainty
                                  0.000000    0.250000   clock reconvergence pessimism
                                 -8.000000   -7.750000   output external delay
                                             -7.750000   data required time
---------------------------------------------------------------------------------------------
                                             -7.750000   data required time
                                             -9.314627   data arrival time
---------------------------------------------------------------------------------------------
                                             17.064627   slack (MET)


Startpoint: operand_b[36] (input port clocked by __VIRTUAL_CLK__)
Endpoint: result[37] (output port clocked by __VIRTUAL_CLK__)
Path Group: __VIRTUAL_CLK__
Path Type: min

Fanout         Cap        Slew       Delay        Time   Description
---------------------------------------------------------------------------------------------
                      0.000000    0.000000    0.000000   clock __VIRTUAL_CLK__ (rise edge)
                                  0.000000    0.000000   clock network delay (ideal)
                                  8.000000    8.000000 v input external delay
     1    0.003920    0.011229    0.006001    8.006001 v operand_b[36] (in)
                                                         operand_b[36] (net)
                      0.011229    0.000000    8.006001 v input99/A (sky130_fd_sc_hd__clkdlybuf4s25_1)
     3    0.014685    0.118600    0.281336    8.287337 v input99/X (sky130_fd_sc_hd__clkdlybuf4s25_1)
                                                         net99 (net)
                      0.118600    0.000290    8.287627 v _5002_/A (sky130_fd_sc_hd__inv_2)
     2    0.007097    0.051344    0.079726    8.367353 ^ _5002_/Y (sky130_fd_sc_hd__inv_2)
                                                         _0963_ (net)
                      0.051344    0.000105    8.367458 ^ _5003_/B1 (sky130_fd_sc_hd__a21o_2)
     1    0.008591    0.051437    0.097470    8.464929 ^ _5003_/X (sky130_fd_sc_hd__a21o_2)
                                                         _0964_ (net)
                      0.051437    0.000168    8.465096 ^ _5005_/A2 (sky130_fd_sc_hd__a21oi_2)
     1    0.008972    0.031508    0.061796    8.526893 v _5005_/Y (sky130_fd_sc_hd__a21oi_2)
                                                         _0966_ (net)
                      0.031508    0.000092    8.526985 v _5006_/B (sky130_fd_sc_hd__xnor2_2)
     1    0.011320    0.064889    0.135596    8.662581 v _5006_/Y (sky130_fd_sc_hd__xnor2_2)
                                                         _0967_ (net)
                      0.064889    0.000275    8.662856 v _5007_/B (sky130_fd_sc_hd__nor2_2)
     1    0.004399    0.076548    0.084511    8.747368 ^ _5007_/Y (sky130_fd_sc_hd__nor2_2)
                                                         _0968_ (net)
                      0.076548    0.000047    8.747415 ^ _5025_/B1 (sky130_fd_sc_hd__a211o_2)
     2    0.013837    0.072216    0.131252    8.878667 ^ _5025_/X (sky130_fd_sc_hd__a211o_2)
                                                         net167 (net)
                      0.072216    0.000298    8.878964 ^ output167/A (sky130_fd_sc_hd__clkdlybuf4s25_1)
     1    0.036278    0.365609    0.458318    9.337282 ^ output167/X (sky130_fd_sc_hd__clkdlybuf4s25_1)
                                                         result[37] (net)
                      0.365609    0.000700    9.337982 ^ result[37] (out)
                                              9.337982   data arrival time

                      0.000000    0.000000    0.000000   clock __VIRTUAL_CLK__ (rise edge)
                                  0.000000    0.000000   clock network delay (ideal)
                                  0.250000    0.250000   clock uncertainty
                                  0.000000    0.250000   clock reconvergence pessimism
                                 -8.000000   -7.750000   output external delay
                                             -7.750000   data required time
---------------------------------------------------------------------------------------------
                                             -7.750000   data required time
                                             -9.337982   data arrival time
---------------------------------------------------------------------------------------------
                                             17.087982   slack (MET)


Startpoint: operand_a[1] (input port clocked by __VIRTUAL_CLK__)
Endpoint: result[2] (output port clocked by __VIRTUAL_CLK__)
Path Group: __VIRTUAL_CLK__
Path Type: min

Fanout         Cap        Slew       Delay        Time   Description
---------------------------------------------------------------------------------------------
                      0.000000    0.000000    0.000000   clock __VIRTUAL_CLK__ (rise edge)
                                  0.000000    0.000000   clock network delay (ideal)
                                  8.000000    8.000000 v input external delay
     1    0.007027    0.018023    0.010868    8.010868 v operand_a[1] (in)
                                                         operand_a[1] (net)
                      0.018027    0.000000    8.010868 v input17/A (sky130_fd_sc_hd__clkdlybuf4s25_1)
     4    0.020551    0.158847    0.314004    8.324872 v input17/X (sky130_fd_sc_hd__clkdlybuf4s25_1)
                                                         net17 (net)
                      0.158847    0.000368    8.325239 v _3408_/B (sky130_fd_sc_hd__nand2b_2)
     4    0.016297    0.100759    0.148978    8.474217 ^ _3408_/Y (sky130_fd_sc_hd__nand2b_2)
                                                         _2621_ (net)
                      0.100759    0.000286    8.474504 ^ _3413_/A1 (sky130_fd_sc_hd__a21o_2)
     2    0.012290    0.070203    0.153359    8.627862 ^ _3413_/X (sky130_fd_sc_hd__a21o_2)
                                                         _2626_ (net)
                      0.070203    0.000282    8.628143 ^ _3415_/B2 (sky130_fd_sc_hd__a221o_2)
     1    0.006145    0.049534    0.145341    8.773484 ^ _3415_/X (sky130_fd_sc_hd__a221o_2)
                                                         _2628_ (net)
                      0.049534    0.000116    8.773601 ^ _3436_/B1 (sky130_fd_sc_hd__a221o_2)
     2    0.011375    0.068751    0.157301    8.930902 ^ _3436_/X (sky130_fd_sc_hd__a221o_2)
                                                         net159 (net)
                      0.068751    0.000255    8.931156 ^ output159/A (sky130_fd_sc_hd__clkdlybuf4s25_1)
     1    0.035385    0.356825    0.451509    9.382666 ^ output159/X (sky130_fd_sc_hd__clkdlybuf4s25_1)
                                                         result[2] (net)
                      0.356825    0.000518    9.383183 ^ result[2] (out)
                                              9.383183   data arrival time

                      0.000000    0.000000    0.000000   clock __VIRTUAL_CLK__ (rise edge)
                                  0.000000    0.000000   clock network delay (ideal)
                                  0.250000    0.250000   clock uncertainty
                                  0.000000    0.250000   clock reconvergence pessimism
                                 -8.000000   -7.750000   output external delay
                                             -7.750000   data required time
---------------------------------------------------------------------------------------------
                                             -7.750000   data required time
                                             -9.383183   data arrival time
---------------------------------------------------------------------------------------------
                                             17.133183   slack (MET)


Startpoint: operand_b[40] (input port clocked by __VIRTUAL_CLK__)
Endpoint: result[41] (output port clocked by __VIRTUAL_CLK__)
Path Group: __VIRTUAL_CLK__
Path Type: min

Fanout         Cap        Slew       Delay        Time   Description
---------------------------------------------------------------------------------------------
                      0.000000    0.000000    0.000000   clock __VIRTUAL_CLK__ (rise edge)
                                  0.000000    0.000000   clock network delay (ideal)
                                  8.000000    8.000000 ^ input external delay
     1    0.005600    0.031916    0.018779    8.018779 ^ operand_b[40] (in)
                                                         operand_b[40] (net)
                      0.031916    0.000000    8.018779 ^ input104/A (sky130_fd_sc_hd__clkdlybuf4s25_1)
     2    0.016283    0.171673    0.315276    8.334055 ^ input104/X (sky130_fd_sc_hd__clkdlybuf4s25_1)
                                                         net104 (net)
                      0.171673    0.000230    8.334285 ^ _5196_/A2 (sky130_fd_sc_hd__a2111o_2)
     1    0.005194    0.035565    0.161062    8.495347 ^ _5196_/X (sky130_fd_sc_hd__a2111o_2)
                                                         _1171_ (net)
                      0.035565    0.000030    8.495378 ^ _5197_/C1 (sky130_fd_sc_hd__o211ai_2)
     1    0.003143    0.041159    0.058382    8.553759 v _5197_/Y (sky130_fd_sc_hd__o211ai_2)
                                                         _1172_ (net)
                      0.041159    0.000033    8.553792 v _5198_/B1 (sky130_fd_sc_hd__a41o_2)
     1    0.002343    0.031546    0.205977    8.759768 v _5198_/X (sky130_fd_sc_hd__a41o_2)
                                                         _1173_ (net)
                      0.031546    0.000009    8.759777 v _5199_/B1 (sky130_fd_sc_hd__a31o_2)
     2    0.014051    0.059500    0.228817    8.988594 v _5199_/X (sky130_fd_sc_hd__a31o_2)
                                                         net172 (net)
                      0.059501    0.000381    8.988976 v output172/A (sky130_fd_sc_hd__clkdlybuf4s25_1)
     1    0.036126    0.268564    0.408958    9.397933 v output172/X (sky130_fd_sc_hd__clkdlybuf4s25_1)
                                                         result[41] (net)
                      0.268564    0.000578    9.398512 v result[41] (out)
                                              9.398512   data arrival time

                      0.000000    0.000000    0.000000   clock __VIRTUAL_CLK__ (rise edge)
                                  0.000000    0.000000   clock network delay (ideal)
                                  0.250000    0.250000   clock uncertainty
                                  0.000000    0.250000   clock reconvergence pessimism
                                 -8.000000   -7.750000   output external delay
                                             -7.750000   data required time
---------------------------------------------------------------------------------------------
                                             -7.750000   data required time
                                             -9.398512   data arrival time
---------------------------------------------------------------------------------------------
                                             17.148512   slack (MET)


Startpoint: operand_b[16] (input port clocked by __VIRTUAL_CLK__)
Endpoint: result[17] (output port clocked by __VIRTUAL_CLK__)
Path Group: __VIRTUAL_CLK__
Path Type: min

Fanout         Cap        Slew       Delay        Time   Description
---------------------------------------------------------------------------------------------
                      0.000000    0.000000    0.000000   clock __VIRTUAL_CLK__ (rise edge)
                                  0.000000    0.000000   clock network delay (ideal)
                                  8.000000    8.000000 v input external delay
     1    0.007087    0.018154    0.010959    8.010960 v operand_b[16] (in)
                                                         operand_b[16] (net)
                      0.018158    0.000000    8.010960 v input77/A (sky130_fd_sc_hd__clkdlybuf4s25_1)
     5    0.028306    0.212677    0.353115    8.364074 v input77/X (sky130_fd_sc_hd__clkdlybuf4s25_1)
                                                         net77 (net)
                      0.212677    0.000601    8.364676 v _4129_/A1 (sky130_fd_sc_hd__o211ai_2)
     1    0.004135    0.051684    0.209491    8.574166 ^ _4129_/Y (sky130_fd_sc_hd__o211ai_2)
                                                         _0110_ (net)
                      0.051684    0.000051    8.574217 ^ _4166_/A2 (sky130_fd_sc_hd__a31o_2)
     1    0.005225    0.043128    0.144897    8.719114 ^ _4166_/X (sky130_fd_sc_hd__a31o_2)
                                                         _0147_ (net)
                      0.043128    0.000053    8.719168 ^ _4167_/B1 (sky130_fd_sc_hd__a31o_2)
     2    0.031322    0.180036    0.189632    8.908800 ^ _4167_/X (sky130_fd_sc_hd__a31o_2)
                                                         net145 (net)
                      0.180039    0.000599    8.909399 ^ output145/A (sky130_fd_sc_hd__clkdlybuf4s25_1)
     1    0.037289    0.375991    0.494438    9.403837 ^ output145/X (sky130_fd_sc_hd__clkdlybuf4s25_1)
                                                         result[17] (net)
                      0.375991    0.000849    9.404686 ^ result[17] (out)
                                              9.404686   data arrival time

                      0.000000    0.000000    0.000000   clock __VIRTUAL_CLK__ (rise edge)
                                  0.000000    0.000000   clock network delay (ideal)
                                  0.250000    0.250000   clock uncertainty
                                  0.000000    0.250000   clock reconvergence pessimism
                                 -8.000000   -7.750000   output external delay
                                             -7.750000   data required time
---------------------------------------------------------------------------------------------
                                             -7.750000   data required time
                                             -9.404686   data arrival time
---------------------------------------------------------------------------------------------
                                             17.154688   slack (MET)


Startpoint: operand_b[49] (input port clocked by __VIRTUAL_CLK__)
Endpoint: result[51] (output port clocked by __VIRTUAL_CLK__)
Path Group: __VIRTUAL_CLK__
Path Type: min

Fanout         Cap        Slew       Delay        Time   Description
---------------------------------------------------------------------------------------------
                      0.000000    0.000000    0.000000   clock __VIRTUAL_CLK__ (rise edge)
                                  0.000000    0.000000   clock network delay (ideal)
                                  8.000000    8.000000 ^ input external delay
     1    0.004855    0.028664    0.016519    8.016520 ^ operand_b[49] (in)
                                                         operand_b[49] (net)
                      0.028664    0.000000    8.016520 ^ input113/A (sky130_fd_sc_hd__clkdlybuf4s25_1)
     3    0.012839    0.138493    0.291725    8.308244 ^ input113/X (sky130_fd_sc_hd__clkdlybuf4s25_1)
                                                         net113 (net)
                      0.138493    0.000299    8.308543 ^ _5503_/A2 (sky130_fd_sc_hd__o21a_2)
     3    0.013190    0.078206    0.162680    8.471223 ^ _5503_/X (sky130_fd_sc_hd__o21a_2)
                                                         _1499_ (net)
                      0.078206    0.000136    8.471359 ^ _5504_/B1 (sky130_fd_sc_hd__a21oi_2)
     2    0.016063    0.048624    0.059351    8.530709 v _5504_/Y (sky130_fd_sc_hd__a21oi_2)
                                                         _1500_ (net)
                      0.048646    0.000333    8.531043 v _5543_/S (sky130_fd_sc_hd__mux2_2)
     1    0.004554    0.044917    0.212433    8.743476 ^ _5543_/X (sky130_fd_sc_hd__mux2_2)
                                                         _1542_ (net)
                      0.044917    0.000068    8.743543 ^ _5561_/A2 (sky130_fd_sc_hd__a211o_2)
     1    0.002966    0.026207    0.109299    8.852842 ^ _5561_/X (sky130_fd_sc_hd__a211o_2)
                                                         _1562_ (net)
                      0.026207    0.000014    8.852857 ^ _5562_/B1 (sky130_fd_sc_hd__a21o_2)
     2    0.015267    0.082119    0.110710    8.963566 ^ _5562_/X (sky130_fd_sc_hd__a21o_2)
                                                         net183 (net)
                      0.082119    0.000228    8.963795 ^ output183/A (sky130_fd_sc_hd__clkdlybuf4s25_1)
     1    0.037386    0.376529    0.468797    9.432591 ^ output183/X (sky130_fd_sc_hd__clkdlybuf4s25_1)
                                                         result[51] (net)
                      0.376529    0.000669    9.433261 ^ result[51] (out)
                                              9.433261   data arrival time

                      0.000000    0.000000    0.000000   clock __VIRTUAL_CLK__ (rise edge)
                                  0.000000    0.000000   clock network delay (ideal)
                                  0.250000    0.250000   clock uncertainty
                                  0.000000    0.250000   clock reconvergence pessimism
                                 -8.000000   -7.750000   output external delay
                                             -7.750000   data required time
---------------------------------------------------------------------------------------------
                                             -7.750000   data required time
                                             -9.433261   data arrival time
---------------------------------------------------------------------------------------------
                                             17.183262   slack (MET)


Startpoint: operand_b[44] (input port clocked by __VIRTUAL_CLK__)
Endpoint: result[47] (output port clocked by __VIRTUAL_CLK__)
Path Group: __VIRTUAL_CLK__
Path Type: min

Fanout         Cap        Slew       Delay        Time   Description
---------------------------------------------------------------------------------------------
                      0.000000    0.000000    0.000000   clock __VIRTUAL_CLK__ (rise edge)
                                  0.000000    0.000000   clock network delay (ideal)
                                  8.000000    8.000000 ^ input external delay
     1    0.004733    0.028129    0.016125    8.016125 ^ operand_b[44] (in)
                                                         operand_b[44] (net)
                      0.028129    0.000000    8.016125 ^ input108/A (sky130_fd_sc_hd__clkdlybuf4s25_1)
     4    0.025412    0.260044    0.373378    8.389503 ^ input108/X (sky130_fd_sc_hd__clkdlybuf4s25_1)
                                                         net108 (net)
                      0.260044    0.000237    8.389740 ^ _5321_/A1 (sky130_fd_sc_hd__a21boi_2)
     6    0.029877    0.089126    0.168405    8.558145 v _5321_/Y (sky130_fd_sc_hd__a21boi_2)
                                                         _1304_ (net)
                      0.089129    0.000656    8.558801 v _5397_/C1 (sky130_fd_sc_hd__o211ai_2)
     1    0.003047    0.053579    0.067649    8.626450 ^ _5397_/Y (sky130_fd_sc_hd__o211ai_2)
                                                         _1386_ (net)
                      0.053579    0.000018    8.626468 ^ _5398_/D1 (sky130_fd_sc_hd__o2111a_2)
     1    0.004177    0.047206    0.168593    8.795061 ^ _5398_/X (sky130_fd_sc_hd__o2111a_2)
                                                         _1387_ (net)
                      0.047206    0.000042    8.795103 ^ _5399_/C1 (sky130_fd_sc_hd__a211o_2)
     1    0.003558    0.028773    0.084055    8.879158 ^ _5399_/X (sky130_fd_sc_hd__a211o_2)
                                                         _1388_ (net)
                      0.028773    0.000037    8.879195 ^ _5400_/B1 (sky130_fd_sc_hd__a21o_2)
     2    0.012424    0.068631    0.102488    8.981683 ^ _5400_/X (sky130_fd_sc_hd__a21o_2)
                                                         net178 (net)
                      0.068631    0.000373    8.982057 ^ output178/A (sky130_fd_sc_hd__clkdlybuf4s25_1)
     1    0.036706    0.369633    0.460197    9.442253 ^ output178/X (sky130_fd_sc_hd__clkdlybuf4s25_1)
                                                         result[47] (net)
                      0.369633    0.000322    9.442575 ^ result[47] (out)
                                              9.442575   data arrival time

                      0.000000    0.000000    0.000000   clock __VIRTUAL_CLK__ (rise edge)
                                  0.000000    0.000000   clock network delay (ideal)
                                  0.250000    0.250000   clock uncertainty
                                  0.000000    0.250000   clock reconvergence pessimism
                                 -8.000000   -7.750000   output external delay
                                             -7.750000   data required time
---------------------------------------------------------------------------------------------
                                             -7.750000   data required time
                                             -9.442575   data arrival time
---------------------------------------------------------------------------------------------
                                             17.192575   slack (MET)


Startpoint: operand_b[32] (input port clocked by __VIRTUAL_CLK__)
Endpoint: result[33] (output port clocked by __VIRTUAL_CLK__)
Path Group: __VIRTUAL_CLK__
Path Type: min

Fanout         Cap        Slew       Delay        Time   Description
---------------------------------------------------------------------------------------------
                      0.000000    0.000000    0.000000   clock __VIRTUAL_CLK__ (rise edge)
                                  0.000000    0.000000   clock network delay (ideal)
                                  8.000000    8.000000 v input external delay
     1    0.005186    0.014029    0.007994    8.007994 v operand_b[32] (in)
                                                         operand_b[32] (net)
                      0.014030    0.000000    8.007994 v input95/A (sky130_fd_sc_hd__clkdlybuf4s25_1)
     4    0.027167    0.204699    0.345952    8.353946 v input95/X (sky130_fd_sc_hd__clkdlybuf4s25_1)
                                                         net95 (net)
                      0.204699    0.000238    8.354183 v _4827_/A1 (sky130_fd_sc_hd__a21oi_2)
     1    0.009153    0.140876    0.210258    8.564441 ^ _4827_/Y (sky130_fd_sc_hd__a21oi_2)
                                                         _0792_ (net)
                      0.140876    0.000092    8.564533 ^ _4828_/B (sky130_fd_sc_hd__xnor2_2)
     2    0.011511    0.065649    0.095859    8.660393 v _4828_/Y (sky130_fd_sc_hd__xnor2_2)
                                                         _0793_ (net)
                      0.065649    0.000261    8.660654 v _4852_/A1 (sky130_fd_sc_hd__o221ai_2)
     1    0.005237    0.069080    0.184372    8.845025 ^ _4852_/Y (sky130_fd_sc_hd__o221ai_2)
                                                         _0817_ (net)
                      0.069080    0.000092    8.845118 ^ _4859_/B1 (sky130_fd_sc_hd__a311o_2)
     2    0.012913    0.075649    0.137841    8.982959 ^ _4859_/X (sky130_fd_sc_hd__a311o_2)
                                                         net163 (net)
                      0.075649    0.000249    8.983208 ^ output163/A (sky130_fd_sc_hd__clkdlybuf4s25_1)
     1    0.037904    0.381543    0.469825    9.453032 ^ output163/X (sky130_fd_sc_hd__clkdlybuf4s25_1)
                                                         result[33] (net)
                      0.381543    0.000957    9.453990 ^ result[33] (out)
                                              9.453990   data arrival time

                      0.000000    0.000000    0.000000   clock __VIRTUAL_CLK__ (rise edge)
                                  0.000000    0.000000   clock network delay (ideal)
                                  0.250000    0.250000   clock uncertainty
                                  0.000000    0.250000   clock reconvergence pessimism
                                 -8.000000   -7.750000   output external delay
                                             -7.750000   data required time
---------------------------------------------------------------------------------------------
                                             -7.750000   data required time
                                             -9.453990   data arrival time
---------------------------------------------------------------------------------------------
                                             17.203989   slack (MET)


Startpoint: operand_a[11] (input port clocked by __VIRTUAL_CLK__)
Endpoint: result[13] (output port clocked by __VIRTUAL_CLK__)
Path Group: __VIRTUAL_CLK__
Path Type: min

Fanout         Cap        Slew       Delay        Time   Description
---------------------------------------------------------------------------------------------
                      0.000000    0.000000    0.000000   clock __VIRTUAL_CLK__ (rise edge)
                                  0.000000    0.000000   clock network delay (ideal)
                                  8.000000    8.000000 ^ input external delay
     1    0.005805    0.032817    0.019417    8.019418 ^ operand_a[11] (in)
                                                         operand_a[11] (net)
                      0.032817    0.000000    8.019418 ^ input8/A (sky130_fd_sc_hd__clkdlybuf4s25_1)
     5    0.024080    0.246969    0.366381    8.385798 ^ input8/X (sky130_fd_sc_hd__clkdlybuf4s25_1)
                                                         net8 (net)
                      0.246969    0.000181    8.385980 ^ _3909_/A (sky130_fd_sc_hd__nand2_2)
     1    0.007136    0.072231    0.083642    8.469621 v _3909_/Y (sky130_fd_sc_hd__nand2_2)
                                                         _3112_ (net)
                      0.072231    0.000120    8.469741 v _3910_/B1 (sky130_fd_sc_hd__o31a_2)
     2    0.012243    0.045666    0.138303    8.608044 v _3910_/X (sky130_fd_sc_hd__o31a_2)
                                                         _3113_ (net)
                      0.045666    0.000185    8.608228 v _3911_/B1 (sky130_fd_sc_hd__o21ai_2)
     6    0.037228    0.218210    0.166818    8.775045 ^ _3911_/Y (sky130_fd_sc_hd__o21ai_2)
                                                         _3114_ (net)
                      0.218211    0.000345    8.775391 ^ _3958_/A2 (sky130_fd_sc_hd__o21ai_2)
     1    0.009836    0.051473    0.094131    8.869521 v _3958_/Y (sky130_fd_sc_hd__o21ai_2)
                                                         _3160_ (net)
                      0.051473    0.000129    8.869650 v _3959_/B (sky130_fd_sc_hd__xnor2_2)
     1    0.006995    0.052073    0.138635    9.008285 ^ _3959_/Y (sky130_fd_sc_hd__xnor2_2)
                                                         _3161_ (net)
                      0.052073    0.000091    9.008375 ^ _3992_/A2 (sky130_fd_sc_hd__o21ai_2)
     2    0.009108    0.044167    0.060801    9.069177 v _3992_/Y (sky130_fd_sc_hd__o21ai_2)
                                                         net141 (net)
                      0.044167    0.000086    9.069263 v output141/A (sky130_fd_sc_hd__clkdlybuf4s25_1)
     1    0.035071    0.260933    0.397626    9.466888 v output141/X (sky130_fd_sc_hd__clkdlybuf4s25_1)
                                                         result[13] (net)
                      0.260933    0.000258    9.467147 v result[13] (out)
                                              9.467147   data arrival time

                      0.000000    0.000000    0.000000   clock __VIRTUAL_CLK__ (rise edge)
                                  0.000000    0.000000   clock network delay (ideal)
                                  0.250000    0.250000   clock uncertainty
                                  0.000000    0.250000   clock reconvergence pessimism
                                 -8.000000   -7.750000   output external delay
                                             -7.750000   data required time
---------------------------------------------------------------------------------------------
                                             -7.750000   data required time
                                             -9.467147   data arrival time
---------------------------------------------------------------------------------------------
                                             17.217148   slack (MET)


Startpoint: operand_b[30] (input port clocked by __VIRTUAL_CLK__)
Endpoint: result[31] (output port clocked by __VIRTUAL_CLK__)
Path Group: __VIRTUAL_CLK__
Path Type: min

Fanout         Cap        Slew       Delay        Time   Description
---------------------------------------------------------------------------------------------
                      0.000000    0.000000    0.000000   clock __VIRTUAL_CLK__ (rise edge)
                                  0.000000    0.000000   clock network delay (ideal)
                                  8.000000    8.000000 ^ input external delay
     1    0.006066    0.033973    0.020254    8.020254 ^ operand_b[30] (in)
                                                         operand_b[30] (net)
                      0.033973    0.000000    8.020254 ^ input93/A (sky130_fd_sc_hd__clkdlybuf4s25_1)
     4    0.014930    0.158615    0.307156    8.327410 ^ input93/X (sky130_fd_sc_hd__clkdlybuf4s25_1)
                                                         net93 (net)
                      0.158615    0.000217    8.327627 ^ _4738_/B1 (sky130_fd_sc_hd__a21o_2)
     1    0.002891    0.029005    0.105932    8.433559 ^ _4738_/X (sky130_fd_sc_hd__a21o_2)
                                                         _0705_ (net)
                      0.029005    0.000025    8.433584 ^ _4740_/B1 (sky130_fd_sc_hd__a32o_2)
     1    0.009309    0.072141    0.127060    8.560644 ^ _4740_/X (sky130_fd_sc_hd__a32o_2)
                                                         _0707_ (net)
                      0.072141    0.000097    8.560740 ^ _4741_/B (sky130_fd_sc_hd__xnor2_2)
     4    0.027368    0.128063    0.128195    8.688936 v _4741_/Y (sky130_fd_sc_hd__xnor2_2)
                                                         _0708_ (net)
                      0.128069    0.000668    8.689604 v _4745_/A (sky130_fd_sc_hd__xnor2_2)
     1    0.002835    0.035248    0.157656    8.847260 ^ _4745_/Y (sky130_fd_sc_hd__xnor2_2)
                                                         _0712_ (net)
                      0.035248    0.000023    8.847283 ^ _4764_/B1 (sky130_fd_sc_hd__a221o_2)
     2    0.013600    0.078507    0.160608    9.007892 ^ _4764_/X (sky130_fd_sc_hd__a221o_2)
                                                         net161 (net)
                      0.078509    0.000505    9.008397 ^ output161/A (sky130_fd_sc_hd__clkdlybuf4s25_1)
     1    0.037028    0.373051    0.465079    9.473475 ^ output161/X (sky130_fd_sc_hd__clkdlybuf4s25_1)
                                                         result[31] (net)
                      0.373051    0.000945    9.474421 ^ result[31] (out)
                                              9.474421   data arrival time

                      0.000000    0.000000    0.000000   clock __VIRTUAL_CLK__ (rise edge)
                                  0.000000    0.000000   clock network delay (ideal)
                                  0.250000    0.250000   clock uncertainty
                                  0.000000    0.250000   clock reconvergence pessimism
                                 -8.000000   -7.750000   output external delay
                                             -7.750000   data required time
---------------------------------------------------------------------------------------------
                                             -7.750000   data required time
                                             -9.474421   data arrival time
---------------------------------------------------------------------------------------------
                                             17.224421   slack (MET)


Startpoint: operand_b[14] (input port clocked by __VIRTUAL_CLK__)
Endpoint: result[15] (output port clocked by __VIRTUAL_CLK__)
Path Group: __VIRTUAL_CLK__
Path Type: min

Fanout         Cap        Slew       Delay        Time   Description
---------------------------------------------------------------------------------------------
                      0.000000    0.000000    0.000000   clock __VIRTUAL_CLK__ (rise edge)
                                  0.000000    0.000000   clock network delay (ideal)
                                  8.000000    8.000000 ^ input external delay
     1    0.006329    0.035129    0.021062    8.021062 ^ operand_b[14] (in)
                                                         operand_b[14] (net)
                      0.035130    0.000000    8.021062 ^ input75/A (sky130_fd_sc_hd__clkdlybuf4s25_1)
     4    0.025768    0.263498    0.377725    8.398787 ^ input75/X (sky130_fd_sc_hd__clkdlybuf4s25_1)
                                                         net75 (net)
                      0.263498    0.000906    8.399693 ^ _4040_/A2 (sky130_fd_sc_hd__o2111a_2)
     1    0.005180    0.052667    0.214586    8.614279 ^ _4040_/X (sky130_fd_sc_hd__o2111a_2)
                                                         _0023_ (net)
                      0.052667    0.000084    8.614363 ^ _4046_/A (sky130_fd_sc_hd__or3_2)
     3    0.014370    0.079495    0.139094    8.753457 ^ _4046_/X (sky130_fd_sc_hd__or3_2)
                                                         _0029_ (net)
                      0.079495    0.000199    8.753655 ^ _4048_/A (sky130_fd_sc_hd__xor2_2)
     1    0.003736    0.078111    0.115344    8.869000 ^ _4048_/X (sky130_fd_sc_hd__xor2_2)
                                                         _0031_ (net)
                      0.078111    0.000042    8.869041 ^ _4065_/B1 (sky130_fd_sc_hd__a221o_2)
     2    0.009688    0.060785    0.160060    9.029102 ^ _4065_/X (sky130_fd_sc_hd__a221o_2)
                                                         net143 (net)
                      0.060785    0.000131    9.029233 ^ output143/A (sky130_fd_sc_hd__clkdlybuf4s25_1)
     1    0.034958    0.352524    0.446278    9.475511 ^ output143/X (sky130_fd_sc_hd__clkdlybuf4s25_1)
                                                         result[15] (net)
                      0.352524    0.000303    9.475813 ^ result[15] (out)
                                              9.475813   data arrival time

                      0.000000    0.000000    0.000000   clock __VIRTUAL_CLK__ (rise edge)
                                  0.000000    0.000000   clock network delay (ideal)
                                  0.250000    0.250000   clock uncertainty
                                  0.000000    0.250000   clock reconvergence pessimism
                                 -8.000000   -7.750000   output external delay
                                             -7.750000   data required time
---------------------------------------------------------------------------------------------
                                             -7.750000   data required time
                                             -9.475813   data arrival time
---------------------------------------------------------------------------------------------
                                             17.225813   slack (MET)


Startpoint: operand_b[9] (input port clocked by __VIRTUAL_CLK__)
Endpoint: result[9] (output port clocked by __VIRTUAL_CLK__)
Path Group: __VIRTUAL_CLK__
Path Type: min

Fanout         Cap        Slew       Delay        Time   Description
---------------------------------------------------------------------------------------------
                      0.000000    0.000000    0.000000   clock __VIRTUAL_CLK__ (rise edge)
                                  0.000000    0.000000   clock network delay (ideal)
                                  8.000000    8.000000 ^ input external delay
     1    0.005234    0.030318    0.017669    8.017669 ^ operand_b[9] (in)
                                                         operand_b[9] (net)
                      0.030318    0.000000    8.017669 ^ input133/A (sky130_fd_sc_hd__clkdlybuf4s25_1)
     5    0.029863    0.303431    0.402861    8.420529 ^ input133/X (sky130_fd_sc_hd__clkdlybuf4s25_1)
                                                         net133 (net)
                      0.303431    0.000739    8.421268 ^ _3789_/A1 (sky130_fd_sc_hd__a221o_2)
     1    0.009793    0.061308    0.234024    8.655293 ^ _3789_/X (sky130_fd_sc_hd__a221o_2)
                                                         _2995_ (net)
                      0.061308    0.000254    8.655547 ^ _3796_/A2 (sky130_fd_sc_hd__a22oi_2)
     1    0.002758    0.043322    0.067782    8.723329 v _3796_/Y (sky130_fd_sc_hd__a22oi_2)
                                                         _3002_ (net)
                      0.043322    0.000024    8.723353 v _3808_/B1 (sky130_fd_sc_hd__o211a_2)
     1    0.009613    0.041649    0.140201    8.863554 v _3808_/X (sky130_fd_sc_hd__o211a_2)
                                                         _3014_ (net)
                      0.041651    0.000327    8.863880 v _3809_/B1 (sky130_fd_sc_hd__o21ai_2)
     1    0.005174    0.049937    0.052917    8.916798 ^ _3809_/Y (sky130_fd_sc_hd__o21ai_2)
                                                         _3015_ (net)
                      0.049937    0.000090    8.916887 ^ _3810_/C1 (sky130_fd_sc_hd__a221o_2)
     2    0.008000    0.052974    0.111283    9.028171 ^ _3810_/X (sky130_fd_sc_hd__a221o_2)
                                                         net200 (net)
                      0.052974    0.000146    9.028316 ^ output200/A (sky130_fd_sc_hd__clkdlybuf4s25_1)
     1    0.035943    0.362005    0.450089    9.478405 ^ output200/X (sky130_fd_sc_hd__clkdlybuf4s25_1)
                                                         result[9] (net)
                      0.362005    0.000333    9.478738 ^ result[9] (out)
                                              9.478738   data arrival time

                      0.000000    0.000000    0.000000   clock __VIRTUAL_CLK__ (rise edge)
                                  0.000000    0.000000   clock network delay (ideal)
                                  0.250000    0.250000   clock uncertainty
                                  0.000000    0.250000   clock reconvergence pessimism
                                 -8.000000   -7.750000   output external delay
                                             -7.750000   data required time
---------------------------------------------------------------------------------------------
                                             -7.750000   data required time
                                             -9.478738   data arrival time
---------------------------------------------------------------------------------------------
                                             17.228739   slack (MET)


Startpoint: operand_b[27] (input port clocked by __VIRTUAL_CLK__)
Endpoint: result[28] (output port clocked by __VIRTUAL_CLK__)
Path Group: __VIRTUAL_CLK__
Path Type: min

Fanout         Cap        Slew       Delay        Time   Description
---------------------------------------------------------------------------------------------
                      0.000000    0.000000    0.000000   clock __VIRTUAL_CLK__ (rise edge)
                                  0.000000    0.000000   clock network delay (ideal)
                                  8.000000    8.000000 ^ input external delay
     1    0.003949    0.024718    0.013618    8.013618 ^ operand_b[27] (in)
                                                         operand_b[27] (net)
                      0.024718    0.000000    8.013618 ^ input89/A (sky130_fd_sc_hd__clkdlybuf4s25_1)
     4    0.017237    0.180923    0.319027    8.332644 ^ input89/X (sky130_fd_sc_hd__clkdlybuf4s25_1)
                                                         net89 (net)
                      0.180923    0.000393    8.333037 ^ _4626_/A2 (sky130_fd_sc_hd__a22o_2)
     3    0.012677    0.077303    0.199477    8.532515 ^ _4626_/X (sky130_fd_sc_hd__a22o_2)
                                                         _0596_ (net)
                      0.077303    0.000201    8.532715 ^ _4629_/A_N (sky130_fd_sc_hd__nand2b_2)
     4    0.023505    0.136090    0.180957    8.713672 ^ _4629_/Y (sky130_fd_sc_hd__nand2b_2)
                                                         _0599_ (net)
                      0.136090    0.000063    8.713735 ^ _4630_/B (sky130_fd_sc_hd__xnor2_2)
     1    0.004427    0.041181    0.117386    8.831121 ^ _4630_/Y (sky130_fd_sc_hd__xnor2_2)
                                                         _0600_ (net)
                      0.041181    0.000066    8.831186 ^ _4652_/A2 (sky130_fd_sc_hd__o221a_2)
     1    0.005336    0.053004    0.176484    9.007670 ^ _4652_/X (sky130_fd_sc_hd__o221a_2)
                                                         _0622_ (net)
                      0.053004    0.000035    9.007705 ^ _4653_/B1 (sky130_fd_sc_hd__o21ai_2)
     2    0.011277    0.052142    0.066176    9.073880 v _4653_/Y (sky130_fd_sc_hd__o21ai_2)
                                                         net157 (net)
                      0.052163    0.000282    9.074162 v output157/A (sky130_fd_sc_hd__clkdlybuf4s25_1)
     1    0.036319    0.270063    0.406821    9.480984 v output157/X (sky130_fd_sc_hd__clkdlybuf4s25_1)
                                                         result[28] (net)
                      0.270063    0.000668    9.481651 v result[28] (out)
                                              9.481651   data arrival time

                      0.000000    0.000000    0.000000   clock __VIRTUAL_CLK__ (rise edge)
                                  0.000000    0.000000   clock network delay (ideal)
                                  0.250000    0.250000   clock uncertainty
                                  0.000000    0.250000   clock reconvergence pessimism
                                 -8.000000   -7.750000   output external delay
                                             -7.750000   data required time
---------------------------------------------------------------------------------------------
                                             -7.750000   data required time
                                             -9.481651   data arrival time
---------------------------------------------------------------------------------------------
                                             17.231651   slack (MET)


Startpoint: operand_b[44] (input port clocked by __VIRTUAL_CLK__)
Endpoint: result[45] (output port clocked by __VIRTUAL_CLK__)
Path Group: __VIRTUAL_CLK__
Path Type: min

Fanout         Cap        Slew       Delay        Time   Description
---------------------------------------------------------------------------------------------
                      0.000000    0.000000    0.000000   clock __VIRTUAL_CLK__ (rise edge)
                                  0.000000    0.000000   clock network delay (ideal)
                                  8.000000    8.000000 ^ input external delay
     1    0.004733    0.028129    0.016125    8.016125 ^ operand_b[44] (in)
                                                         operand_b[44] (net)
                      0.028129    0.000000    8.016125 ^ input108/A (sky130_fd_sc_hd__clkdlybuf4s25_1)
     4    0.025412    0.260044    0.373378    8.389503 ^ input108/X (sky130_fd_sc_hd__clkdlybuf4s25_1)
                                                         net108 (net)
                      0.260044    0.000237    8.389740 ^ _5321_/A1 (sky130_fd_sc_hd__a21boi_2)
     6    0.029877    0.089126    0.168405    8.558145 v _5321_/Y (sky130_fd_sc_hd__a21boi_2)
                                                         _1304_ (net)
                      0.089126    0.000186    8.558331 v _5322_/B (sky130_fd_sc_hd__xnor2_2)
     1    0.007077    0.053098    0.152755    8.711085 ^ _5322_/Y (sky130_fd_sc_hd__xnor2_2)
                                                         _1305_ (net)
                      0.053098    0.000129    8.711214 ^ _5332_/A2 (sky130_fd_sc_hd__a221o_2)
     1    0.006026    0.043874    0.145518    8.856732 ^ _5332_/X (sky130_fd_sc_hd__a221o_2)
                                                         _1316_ (net)
                      0.043874    0.000093    8.856826 ^ _5333_/C1 (sky130_fd_sc_hd__a221o_2)
     2    0.022381    0.121071    0.158714    9.015540 ^ _5333_/X (sky130_fd_sc_hd__a221o_2)
                                                         net176 (net)
                      0.121071    0.000308    9.015848 ^ output176/A (sky130_fd_sc_hd__clkdlybuf4s25_1)
     1    0.035556    0.359173    0.469910    9.485758 ^ output176/X (sky130_fd_sc_hd__clkdlybuf4s25_1)
                                                         result[45] (net)
                      0.359173    0.000359    9.486117 ^ result[45] (out)
                                              9.486117   data arrival time

                      0.000000    0.000000    0.000000   clock __VIRTUAL_CLK__ (rise edge)
                                  0.000000    0.000000   clock network delay (ideal)
                                  0.250000    0.250000   clock uncertainty
                                  0.000000    0.250000   clock reconvergence pessimism
                                 -8.000000   -7.750000   output external delay
                                             -7.750000   data required time
---------------------------------------------------------------------------------------------
                                             -7.750000   data required time
                                             -9.486117   data arrival time
---------------------------------------------------------------------------------------------
                                             17.236116   slack (MET)


Startpoint: operand_b[23] (input port clocked by __VIRTUAL_CLK__)
Endpoint: result[23] (output port clocked by __VIRTUAL_CLK__)
Path Group: __VIRTUAL_CLK__
Path Type: min

Fanout         Cap        Slew       Delay        Time   Description
---------------------------------------------------------------------------------------------
                      0.000000    0.000000    0.000000   clock __VIRTUAL_CLK__ (rise edge)
                                  0.000000    0.000000   clock network delay (ideal)
                                  8.000000    8.000000 v input external delay
     1    0.006882    0.017705    0.010630    8.010630 v operand_b[23] (in)
                                                         operand_b[23] (net)
                      0.017707    0.000000    8.010630 v input85/A (sky130_fd_sc_hd__buf_1)
     5    0.029243    0.171306    0.179742    8.190372 v input85/X (sky130_fd_sc_hd__buf_1)
                                                         net85 (net)
                      0.171306    0.000216    8.190588 v _4397_/B (sky130_fd_sc_hd__xor2_2)
     3    0.014870    0.059632    0.206119    8.396707 v _4397_/X (sky130_fd_sc_hd__xor2_2)
                                                         _0372_ (net)
                      0.059632    0.000226    8.396933 v max_cap321/A (sky130_fd_sc_hd__buf_2)
     6    0.034500    0.090005    0.177565    8.574497 v max_cap321/X (sky130_fd_sc_hd__buf_2)
                                                         net321 (net)
                      0.090016    0.000935    8.575432 v _4407_/A (sky130_fd_sc_hd__xor2_2)
     1    0.007588    0.118494    0.181413    8.756845 ^ _4407_/X (sky130_fd_sc_hd__xor2_2)
                                                         _0382_ (net)
                      0.118494    0.000217    8.757062 ^ _4427_/B1 (sky130_fd_sc_hd__a221o_2)
     1    0.003521    0.032818    0.147979    8.905042 ^ _4427_/X (sky130_fd_sc_hd__a221o_2)
                                                         _0402_ (net)
                      0.032818    0.000037    8.905079 ^ _4428_/B1 (sky130_fd_sc_hd__a31o_2)
     2    0.015962    0.097772    0.130921    9.035999 ^ _4428_/X (sky130_fd_sc_hd__a31o_2)
                                                         net152 (net)
                      0.097772    0.000366    9.036366 ^ output152/A (sky130_fd_sc_hd__clkdlybuf4s25_1)
     1    0.035398    0.357343    0.461142    9.497508 ^ output152/X (sky130_fd_sc_hd__clkdlybuf4s25_1)
                                                         result[23] (net)
                      0.357343    0.000485    9.497993 ^ result[23] (out)
                                              9.497993   data arrival time

                      0.000000    0.000000    0.000000   clock __VIRTUAL_CLK__ (rise edge)
                                  0.000000    0.000000   clock network delay (ideal)
                                  0.250000    0.250000   clock uncertainty
                                  0.000000    0.250000   clock reconvergence pessimism
                                 -8.000000   -7.750000   output external delay
                                             -7.750000   data required time
---------------------------------------------------------------------------------------------
                                             -7.750000   data required time
                                             -9.497993   data arrival time
---------------------------------------------------------------------------------------------
                                             17.247992   slack (MET)


Startpoint: operand_b[58] (input port clocked by __VIRTUAL_CLK__)
Endpoint: result[59] (output port clocked by __VIRTUAL_CLK__)
Path Group: __VIRTUAL_CLK__
Path Type: min

Fanout         Cap        Slew       Delay        Time   Description
---------------------------------------------------------------------------------------------
                      0.000000    0.000000    0.000000   clock __VIRTUAL_CLK__ (rise edge)
                                  0.000000    0.000000   clock network delay (ideal)
                                  8.000000    8.000000 v input external delay
     1    0.004055    0.011540    0.006220    8.006220 v operand_b[58] (in)
                                                         operand_b[58] (net)
                      0.011540    0.000000    8.006220 v input123/A (sky130_fd_sc_hd__buf_1)
     4    0.035140    0.204756    0.200544    8.206763 v input123/X (sky130_fd_sc_hd__buf_1)
                                                         net123 (net)
                      0.204756    0.000338    8.207102 v max_cap625/A (sky130_fd_sc_hd__buf_2)
     6    0.061202    0.144659    0.281385    8.488486 v max_cap625/X (sky130_fd_sc_hd__buf_2)
                                                         net625 (net)
                      0.144660    0.000687    8.489174 v _5819_/B1 (sky130_fd_sc_hd__o21ai_2)
     2    0.008480    0.080693    0.107455    8.596629 ^ _5819_/Y (sky130_fd_sc_hd__o21ai_2)
                                                         _1838_ (net)
                      0.080693    0.000064    8.596693 ^ _5820_/B1 (sky130_fd_sc_hd__o21a_2)
     1    0.009100    0.059943    0.144789    8.741483 ^ _5820_/X (sky130_fd_sc_hd__o21a_2)
                                                         _1839_ (net)
                      0.059943    0.000085    8.741568 ^ _5821_/B (sky130_fd_sc_hd__xnor2_2)
     1    0.007013    0.051925    0.107701    8.849268 ^ _5821_/Y (sky130_fd_sc_hd__xnor2_2)
                                                         _1840_ (net)
                      0.051925    0.000155    8.849423 ^ _5827_/A2 (sky130_fd_sc_hd__o21a_2)
     1    0.006549    0.046612    0.115484    8.964908 ^ _5827_/X (sky130_fd_sc_hd__o21a_2)
                                                         _1846_ (net)
                      0.046612    0.000072    8.964979 ^ _5839_/B1 (sky130_fd_sc_hd__o211ai_2)
     2    0.011524    0.089812    0.107439    9.072418 v _5839_/Y (sky130_fd_sc_hd__o211ai_2)
                                                         net191 (net)
                      0.089813    0.000451    9.072869 v output191/A (sky130_fd_sc_hd__clkdlybuf4s25_1)
     1    0.036896    0.273650    0.425115    9.497984 v output191/X (sky130_fd_sc_hd__clkdlybuf4s25_1)
                                                         result[59] (net)
                      0.273651    0.000906    9.498890 v result[59] (out)
                                              9.498890   data arrival time

                      0.000000    0.000000    0.000000   clock __VIRTUAL_CLK__ (rise edge)
                                  0.000000    0.000000   clock network delay (ideal)
                                  0.250000    0.250000   clock uncertainty
                                  0.000000    0.250000   clock reconvergence pessimism
                                 -8.000000   -7.750000   output external delay
                                             -7.750000   data required time
---------------------------------------------------------------------------------------------
                                             -7.750000   data required time
                                             -9.498890   data arrival time
---------------------------------------------------------------------------------------------
                                             17.248890   slack (MET)


Startpoint: operand_a[11] (input port clocked by __VIRTUAL_CLK__)
Endpoint: result[12] (output port clocked by __VIRTUAL_CLK__)
Path Group: __VIRTUAL_CLK__
Path Type: min

Fanout         Cap        Slew       Delay        Time   Description
---------------------------------------------------------------------------------------------
                      0.000000    0.000000    0.000000   clock __VIRTUAL_CLK__ (rise edge)
                                  0.000000    0.000000   clock network delay (ideal)
                                  8.000000    8.000000 v input external delay
     1    0.005580    0.014873    0.008580    8.008580 v operand_a[11] (in)
                                                         operand_a[11] (net)
                      0.014873    0.000000    8.008580 v input8/A (sky130_fd_sc_hd__clkdlybuf4s25_1)
     5    0.022939    0.174529    0.325177    8.333757 v input8/X (sky130_fd_sc_hd__clkdlybuf4s25_1)
                                                         net8 (net)
                      0.174529    0.000176    8.333933 v _3909_/A (sky130_fd_sc_hd__nand2_2)
     1    0.007287    0.068854    0.108443    8.442376 ^ _3909_/Y (sky130_fd_sc_hd__nand2_2)
                                                         _3112_ (net)
                      0.068854    0.000123    8.442499 ^ _3910_/B1 (sky130_fd_sc_hd__o31a_2)
     2    0.012801    0.080397    0.165436    8.607935 ^ _3910_/X (sky130_fd_sc_hd__o31a_2)
                                                         _3113_ (net)
                      0.080397    0.000194    8.608129 ^ _3911_/B1 (sky130_fd_sc_hd__o21ai_2)
     6    0.035234    0.141264    0.135458    8.743587 v _3911_/Y (sky130_fd_sc_hd__o21ai_2)
                                                         _3114_ (net)
                      0.141264    0.000279    8.743865 v _3912_/B (sky130_fd_sc_hd__xor2_2)
     1    0.004763    0.088640    0.152336    8.896201 ^ _3912_/X (sky130_fd_sc_hd__xor2_2)
                                                         _3115_ (net)
                      0.088640    0.000054    8.896255 ^ _3953_/A2 (sky130_fd_sc_hd__a221o_2)
     2    0.006618    0.046557    0.158157    9.054413 ^ _3953_/X (sky130_fd_sc_hd__a221o_2)
                                                         net140 (net)
                      0.046557    0.000091    9.054504 ^ output140/A (sky130_fd_sc_hd__clkdlybuf4s25_1)
     1    0.035526    0.358125    0.445246    9.499750 ^ output140/X (sky130_fd_sc_hd__clkdlybuf4s25_1)
                                                         result[12] (net)
                      0.358125    0.000318    9.500068 ^ result[12] (out)
                                              9.500068   data arrival time

                      0.000000    0.000000    0.000000   clock __VIRTUAL_CLK__ (rise edge)
                                  0.000000    0.000000   clock network delay (ideal)
                                  0.250000    0.250000   clock uncertainty
                                  0.000000    0.250000   clock reconvergence pessimism
                                 -8.000000   -7.750000   output external delay
                                             -7.750000   data required time
---------------------------------------------------------------------------------------------
                                             -7.750000   data required time
                                             -9.500068   data arrival time
---------------------------------------------------------------------------------------------
                                             17.250067   slack (MET)


Startpoint: operand_b[44] (input port clocked by __VIRTUAL_CLK__)
Endpoint: result[46] (output port clocked by __VIRTUAL_CLK__)
Path Group: __VIRTUAL_CLK__
Path Type: min

Fanout         Cap        Slew       Delay        Time   Description
---------------------------------------------------------------------------------------------
                      0.000000    0.000000    0.000000   clock __VIRTUAL_CLK__ (rise edge)
                                  0.000000    0.000000   clock network delay (ideal)
                                  8.000000    8.000000 ^ input external delay
     1    0.004733    0.028129    0.016125    8.016125 ^ operand_b[44] (in)
                                                         operand_b[44] (net)
                      0.028129    0.000000    8.016125 ^ input108/A (sky130_fd_sc_hd__clkdlybuf4s25_1)
     4    0.025412    0.260044    0.373378    8.389503 ^ input108/X (sky130_fd_sc_hd__clkdlybuf4s25_1)
                                                         net108 (net)
                      0.260044    0.000237    8.389740 ^ _5321_/A1 (sky130_fd_sc_hd__a21boi_2)
     6    0.029877    0.089126    0.168405    8.558145 v _5321_/Y (sky130_fd_sc_hd__a21boi_2)
                                                         _1304_ (net)
                      0.089126    0.000365    8.558510 v _5336_/A2 (sky130_fd_sc_hd__o21a_2)
     1    0.009634    0.041973    0.216438    8.774947 v _5336_/X (sky130_fd_sc_hd__o21a_2)
                                                         _1320_ (net)
                      0.041973    0.000128    8.775075 v _5337_/B (sky130_fd_sc_hd__xnor2_2)
     1    0.003638    0.037683    0.108133    8.883208 ^ _5337_/Y (sky130_fd_sc_hd__xnor2_2)
                                                         _1321_ (net)
                      0.037683    0.000040    8.883248 ^ _5362_/A2 (sky130_fd_sc_hd__a211o_2)
     2    0.017602    0.089195    0.157992    9.041240 ^ _5362_/X (sky130_fd_sc_hd__a211o_2)
                                                         net177 (net)
                      0.089197    0.000585    9.041825 ^ output177/A (sky130_fd_sc_hd__clkdlybuf4s25_1)
     1    0.035759    0.360685    0.460854    9.502680 ^ output177/X (sky130_fd_sc_hd__clkdlybuf4s25_1)
                                                         result[46] (net)
                      0.360685    0.000238    9.502918 ^ result[46] (out)
                                              9.502918   data arrival time

                      0.000000    0.000000    0.000000   clock __VIRTUAL_CLK__ (rise edge)
                                  0.000000    0.000000   clock network delay (ideal)
                                  0.250000    0.250000   clock uncertainty
                                  0.000000    0.250000   clock reconvergence pessimism
                                 -8.000000   -7.750000   output external delay
                                             -7.750000   data required time
---------------------------------------------------------------------------------------------
                                             -7.750000   data required time
                                             -9.502918   data arrival time
---------------------------------------------------------------------------------------------
                                             17.252918   slack (MET)


Startpoint: operand_b[27] (input port clocked by __VIRTUAL_CLK__)
Endpoint: result[29] (output port clocked by __VIRTUAL_CLK__)
Path Group: __VIRTUAL_CLK__
Path Type: min

Fanout         Cap        Slew       Delay        Time   Description
---------------------------------------------------------------------------------------------
                      0.000000    0.000000    0.000000   clock __VIRTUAL_CLK__ (rise edge)
                                  0.000000    0.000000   clock network delay (ideal)
                                  8.000000    8.000000 ^ input external delay
     1    0.003949    0.024718    0.013618    8.013618 ^ operand_b[27] (in)
                                                         operand_b[27] (net)
                      0.024718    0.000000    8.013618 ^ input89/A (sky130_fd_sc_hd__clkdlybuf4s25_1)
     4    0.017237    0.180923    0.319027    8.332644 ^ input89/X (sky130_fd_sc_hd__clkdlybuf4s25_1)
                                                         net89 (net)
                      0.180923    0.000393    8.333037 ^ _4626_/A2 (sky130_fd_sc_hd__a22o_2)
     3    0.012677    0.077303    0.199477    8.532515 ^ _4626_/X (sky130_fd_sc_hd__a22o_2)
                                                         _0596_ (net)
                      0.077303    0.000167    8.532681 ^ _4687_/C (sky130_fd_sc_hd__and4b_2)
     1    0.005905    0.065857    0.220901    8.753582 ^ _4687_/X (sky130_fd_sc_hd__and4b_2)
                                                         _0656_ (net)
                      0.065857    0.000116    8.753698 ^ _4688_/C1 (sky130_fd_sc_hd__a211o_2)
     1    0.005641    0.037137    0.097871    8.851569 ^ _4688_/X (sky130_fd_sc_hd__a211o_2)
                                                         _0657_ (net)
                      0.037137    0.000061    8.851631 ^ _4689_/C1 (sky130_fd_sc_hd__a221oi_2)
     1    0.008115    0.033499    0.035554    8.887184 v _4689_/Y (sky130_fd_sc_hd__a221oi_2)
                                                         _0658_ (net)
                      0.033499    0.000185    8.887369 v _4690_/B1 (sky130_fd_sc_hd__o21ai_2)
     1    0.003066    0.038446    0.041829    8.929198 ^ _4690_/Y (sky130_fd_sc_hd__o21ai_2)
                                                         _0659_ (net)
                      0.038446    0.000028    8.929227 ^ _4691_/C1 (sky130_fd_sc_hd__a221o_2)
     2    0.010231    0.063346    0.115492    9.044718 ^ _4691_/X (sky130_fd_sc_hd__a221o_2)
                                                         net158 (net)
                      0.063346    0.000074    9.044792 ^ output158/A (sky130_fd_sc_hd__clkdlybuf4s25_1)
     1    0.036763    0.370217    0.458489    9.503281 ^ output158/X (sky130_fd_sc_hd__clkdlybuf4s25_1)
                                                         result[29] (net)
                      0.370217    0.000789    9.504069 ^ result[29] (out)
                                              9.504069   data arrival time

                      0.000000    0.000000    0.000000   clock __VIRTUAL_CLK__ (rise edge)
                                  0.000000    0.000000   clock network delay (ideal)
                                  0.250000    0.250000   clock uncertainty
                                  0.000000    0.250000   clock reconvergence pessimism
                                 -8.000000   -7.750000   output external delay
                                             -7.750000   data required time
---------------------------------------------------------------------------------------------
                                             -7.750000   data required time
                                             -9.504069   data arrival time
---------------------------------------------------------------------------------------------
                                             17.254070   slack (MET)


Startpoint: operand_b[36] (input port clocked by __VIRTUAL_CLK__)
Endpoint: result[38] (output port clocked by __VIRTUAL_CLK__)
Path Group: __VIRTUAL_CLK__
Path Type: min

Fanout         Cap        Slew       Delay        Time   Description
---------------------------------------------------------------------------------------------
                      0.000000    0.000000    0.000000   clock __VIRTUAL_CLK__ (rise edge)
                                  0.000000    0.000000   clock network delay (ideal)
                                  8.000000    8.000000 ^ input external delay
     1    0.004145    0.025570    0.014270    8.014271 ^ operand_b[36] (in)
                                                         operand_b[36] (net)
                      0.025570    0.000000    8.014271 ^ input99/A (sky130_fd_sc_hd__clkdlybuf4s25_1)
     3    0.015562    0.164755    0.308432    8.322702 ^ input99/X (sky130_fd_sc_hd__clkdlybuf4s25_1)
                                                         net99 (net)
                      0.164755    0.000259    8.322962 ^ _5040_/A2 (sky130_fd_sc_hd__a22o_2)
     1    0.006988    0.051779    0.174163    8.497125 ^ _5040_/X (sky130_fd_sc_hd__a22o_2)
                                                         _1002_ (net)
                      0.051779    0.000091    8.497216 ^ _5041_/B1 (sky130_fd_sc_hd__o21ai_2)
     4    0.020456    0.088388    0.089236    8.586452 v _5041_/Y (sky130_fd_sc_hd__o21ai_2)
                                                         _1003_ (net)
                      0.088389    0.000296    8.586748 v _5042_/C (sky130_fd_sc_hd__nand3_2)
     1    0.005417    0.047309    0.087382    8.674130 ^ _5042_/Y (sky130_fd_sc_hd__nand3_2)
                                                         _1004_ (net)
                      0.047309    0.000098    8.674228 ^ _5043_/B1 (sky130_fd_sc_hd__o31a_2)
     1    0.012394    0.078945    0.156744    8.830972 ^ _5043_/X (sky130_fd_sc_hd__o31a_2)
                                                         _1005_ (net)
                      0.078945    0.000355    8.831327 ^ _5063_/B1 (sky130_fd_sc_hd__o221a_2)
     1    0.005414    0.053365    0.186380    9.017707 ^ _5063_/X (sky130_fd_sc_hd__o221a_2)
                                                         _1027_ (net)
                      0.053365    0.000056    9.017763 ^ _5064_/B1 (sky130_fd_sc_hd__o21ai_2)
     2    0.018439    0.078971    0.084430    9.102193 v _5064_/Y (sky130_fd_sc_hd__o21ai_2)
                                                         net168 (net)
                      0.078977    0.000534    9.102727 v output168/A (sky130_fd_sc_hd__clkdlybuf4s25_1)
     1    0.037005    0.274586    0.421221    9.523948 v output168/X (sky130_fd_sc_hd__clkdlybuf4s25_1)
                                                         result[38] (net)
                      0.274587    0.000857    9.524805 v result[38] (out)
                                              9.524805   data arrival time

                      0.000000    0.000000    0.000000   clock __VIRTUAL_CLK__ (rise edge)
                                  0.000000    0.000000   clock network delay (ideal)
                                  0.250000    0.250000   clock uncertainty
                                  0.000000    0.250000   clock reconvergence pessimism
                                 -8.000000   -7.750000   output external delay
                                             -7.750000   data required time
---------------------------------------------------------------------------------------------
                                             -7.750000   data required time
                                             -9.524805   data arrival time
---------------------------------------------------------------------------------------------
                                             17.274805   slack (MET)


Startpoint: operand_b[5] (input port clocked by __VIRTUAL_CLK__)
Endpoint: result[18] (output port clocked by __VIRTUAL_CLK__)
Path Group: __VIRTUAL_CLK__
Path Type: min

Fanout         Cap        Slew       Delay        Time   Description
---------------------------------------------------------------------------------------------
                      0.000000    0.000000    0.000000   clock __VIRTUAL_CLK__ (rise edge)
                                  0.000000    0.000000   clock network delay (ideal)
                                  8.000000    8.000000 v input external delay
     1    0.003860    0.011088    0.005898    8.005898 v operand_b[5] (in)
                                                         operand_b[5] (net)
                      0.011088    0.000000    8.005898 v input125/A (sky130_fd_sc_hd__clkdlybuf4s25_1)
     2    0.023582    0.179360    0.326790    8.332687 v input125/X (sky130_fd_sc_hd__clkdlybuf4s25_1)
                                                         net125 (net)
                      0.179360    0.000286    8.332973 v fanout622/A (sky130_fd_sc_hd__clkdlybuf4s25_1)
     4    0.022190    0.169762    0.383807    8.716781 v fanout622/X (sky130_fd_sc_hd__clkdlybuf4s25_1)
                                                         net622 (net)
                      0.169762    0.000501    8.717281 v _4209_/B2 (sky130_fd_sc_hd__o221ai_2)
     1    0.005407    0.069071    0.178615    8.895897 ^ _4209_/Y (sky130_fd_sc_hd__o221ai_2)
                                                         _0189_ (net)
                      0.069071    0.000079    8.895976 ^ _4210_/C1 (sky130_fd_sc_hd__a221o_2)
     2    0.022015    0.119385    0.166231    9.062206 ^ _4210_/X (sky130_fd_sc_hd__a221o_2)
                                                         net146 (net)
                      0.119385    0.000393    9.062599 ^ output146/A (sky130_fd_sc_hd__clkdlybuf4s25_1)
     1    0.036291    0.366392    0.473926    9.536525 ^ output146/X (sky130_fd_sc_hd__clkdlybuf4s25_1)
                                                         result[18] (net)
                      0.366392    0.000654    9.537178 ^ result[18] (out)
                                              9.537178   data arrival time

                      0.000000    0.000000    0.000000   clock __VIRTUAL_CLK__ (rise edge)
                                  0.000000    0.000000   clock network delay (ideal)
                                  0.250000    0.250000   clock uncertainty
                                  0.000000    0.250000   clock reconvergence pessimism
                                 -8.000000   -7.750000   output external delay
                                             -7.750000   data required time
---------------------------------------------------------------------------------------------
                                             -7.750000   data required time
                                             -9.537178   data arrival time
---------------------------------------------------------------------------------------------
                                             17.287178   slack (MET)


Startpoint: operand_b[32] (input port clocked by __VIRTUAL_CLK__)
Endpoint: result[36] (output port clocked by __VIRTUAL_CLK__)
Path Group: __VIRTUAL_CLK__
Path Type: min

Fanout         Cap        Slew       Delay        Time   Description
---------------------------------------------------------------------------------------------
                      0.000000    0.000000    0.000000   clock __VIRTUAL_CLK__ (rise edge)
                                  0.000000    0.000000   clock network delay (ideal)
                                  8.000000    8.000000 v input external delay
     1    0.005186    0.014029    0.007994    8.007994 v operand_b[32] (in)
                                                         operand_b[32] (net)
                      0.014030    0.000000    8.007994 v input95/A (sky130_fd_sc_hd__clkdlybuf4s25_1)
     4    0.027167    0.204699    0.345952    8.353946 v input95/X (sky130_fd_sc_hd__clkdlybuf4s25_1)
                                                         net95 (net)
                      0.204699    0.000307    8.354253 v _4854_/A (sky130_fd_sc_hd__xnor2_2)
     1    0.003512    0.040559    0.189367    8.543619 ^ _4854_/Y (sky130_fd_sc_hd__xnor2_2)
                                                         _0819_ (net)
                      0.040559    0.000037    8.543656 ^ _4855_/A2 (sky130_fd_sc_hd__a211o_2)
     1    0.003475    0.029015    0.110321    8.653977 ^ _4855_/X (sky130_fd_sc_hd__a211o_2)
                                                         _0820_ (net)
                      0.029015    0.000036    8.654014 ^ _4856_/B1 (sky130_fd_sc_hd__o31a_2)
     2    0.009396    0.064483    0.138886    8.792900 ^ _4856_/X (sky130_fd_sc_hd__o31a_2)
                                                         _0821_ (net)
                      0.064483    0.000252    8.793152 ^ _4953_/A (sky130_fd_sc_hd__or2b_2)
     1    0.003133    0.028330    0.096544    8.889696 ^ _4953_/X (sky130_fd_sc_hd__or2b_2)
                                                         _0915_ (net)
                      0.028330    0.000028    8.889725 ^ _4992_/A2 (sky130_fd_sc_hd__a31o_2)
     2    0.014942    0.092322    0.177809    9.067533 ^ _4992_/X (sky130_fd_sc_hd__a31o_2)
                                                         net166 (net)
                      0.092322    0.000318    9.067852 ^ output166/A (sky130_fd_sc_hd__clkdlybuf4s25_1)
     1    0.036892    0.371906    0.468805    9.536657 ^ output166/X (sky130_fd_sc_hd__clkdlybuf4s25_1)
                                                         result[36] (net)
                      0.371906    0.000850    9.537507 ^ result[36] (out)
                                              9.537507   data arrival time

                      0.000000    0.000000    0.000000   clock __VIRTUAL_CLK__ (rise edge)
                                  0.000000    0.000000   clock network delay (ideal)
                                  0.250000    0.250000   clock uncertainty
                                  0.000000    0.250000   clock reconvergence pessimism
                                 -8.000000   -7.750000   output external delay
                                             -7.750000   data required time
---------------------------------------------------------------------------------------------
                                             -7.750000   data required time
                                             -9.537507   data arrival time
---------------------------------------------------------------------------------------------
                                             17.287506   slack (MET)


Startpoint: operand_b[13] (input port clocked by __VIRTUAL_CLK__)
Endpoint: result[14] (output port clocked by __VIRTUAL_CLK__)
Path Group: __VIRTUAL_CLK__
Path Type: min

Fanout         Cap        Slew       Delay        Time   Description
---------------------------------------------------------------------------------------------
                      0.000000    0.000000    0.000000   clock __VIRTUAL_CLK__ (rise edge)
                                  0.000000    0.000000   clock network delay (ideal)
                                  8.000000    8.000000 ^ input external delay
     1    0.005718    0.032442    0.019180    8.019180 ^ operand_b[13] (in)
                                                         operand_b[13] (net)
                      0.032443    0.000000    8.019180 ^ input74/A (sky130_fd_sc_hd__clkdlybuf4s25_1)
     4    0.035717    0.360651    0.440815    8.459995 ^ input74/X (sky130_fd_sc_hd__clkdlybuf4s25_1)
                                                         net74 (net)
                      0.360651    0.000693    8.460689 ^ _3996_/A2 (sky130_fd_sc_hd__o21a_2)
     1    0.003296    0.033707    0.162656    8.623344 ^ _3996_/X (sky130_fd_sc_hd__o21a_2)
                                                         _3197_ (net)
                      0.033707    0.000032    8.623376 ^ _3997_/B1 (sky130_fd_sc_hd__a31o_2)
     1    0.014467    0.089810    0.125828    8.749205 ^ _3997_/X (sky130_fd_sc_hd__a31o_2)
                                                         _3198_ (net)
                      0.089810    0.000380    8.749584 ^ _3998_/B (sky130_fd_sc_hd__xor2_2)
     1    0.008160    0.124624    0.161698    8.911283 ^ _3998_/X (sky130_fd_sc_hd__xor2_2)
                                                         _3199_ (net)
                      0.124624    0.000115    8.911397 ^ _4031_/A2 (sky130_fd_sc_hd__a221o_2)
     2    0.009217    0.058589    0.178965    9.090363 ^ _4031_/X (sky130_fd_sc_hd__a221o_2)
                                                         net142 (net)
                      0.058589    0.000216    9.090578 ^ output142/A (sky130_fd_sc_hd__clkdlybuf4s25_1)
     1    0.035145    0.354315    0.446763    9.537341 ^ output142/X (sky130_fd_sc_hd__clkdlybuf4s25_1)
                                                         result[14] (net)
                      0.354315    0.000314    9.537656 ^ result[14] (out)
                                              9.537656   data arrival time

                      0.000000    0.000000    0.000000   clock __VIRTUAL_CLK__ (rise edge)
                                  0.000000    0.000000   clock network delay (ideal)
                                  0.250000    0.250000   clock uncertainty
                                  0.000000    0.250000   clock reconvergence pessimism
                                 -8.000000   -7.750000   output external delay
                                             -7.750000   data required time
---------------------------------------------------------------------------------------------
                                             -7.750000   data required time
                                             -9.537656   data arrival time
---------------------------------------------------------------------------------------------
                                             17.287655   slack (MET)


Startpoint: operand_b[55] (input port clocked by __VIRTUAL_CLK__)
Endpoint: result[56] (output port clocked by __VIRTUAL_CLK__)
Path Group: __VIRTUAL_CLK__
Path Type: min

Fanout         Cap        Slew       Delay        Time   Description
---------------------------------------------------------------------------------------------
                      0.000000    0.000000    0.000000   clock __VIRTUAL_CLK__ (rise edge)
                                  0.000000    0.000000   clock network delay (ideal)
                                  8.000000    8.000000 ^ input external delay
     1    0.007436    0.040026    0.024494    8.024494 ^ operand_b[55] (in)
                                                         operand_b[55] (net)
                      0.040028    0.000000    8.024494 ^ input120/A (sky130_fd_sc_hd__clkdlybuf4s25_1)
     3    0.014307    0.152627    0.304968    8.329462 ^ input120/X (sky130_fd_sc_hd__clkdlybuf4s25_1)
                                                         net120 (net)
                      0.152627    0.000382    8.329844 ^ _5709_/C1 (sky130_fd_sc_hd__a211o_2)
     6    0.026031    0.127326    0.187523    8.517366 ^ _5709_/X (sky130_fd_sc_hd__a211o_2)
                                                         _1720_ (net)
                      0.127326    0.000194    8.517560 ^ _5722_/A1 (sky130_fd_sc_hd__a21o_2)
     2    0.007457    0.047027    0.144080    8.661640 ^ _5722_/X (sky130_fd_sc_hd__a21o_2)
                                                         _1734_ (net)
                      0.047027    0.000050    8.661691 ^ _5724_/A (sky130_fd_sc_hd__and2_2)
     2    0.015157    0.091570    0.165343    8.827034 ^ _5724_/X (sky130_fd_sc_hd__and2_2)
                                                         _1736_ (net)
                      0.091570    0.000161    8.827194 ^ _5726_/A (sky130_fd_sc_hd__xnor2_2)
     1    0.003670    0.031612    0.069153    8.896347 v _5726_/Y (sky130_fd_sc_hd__xnor2_2)
                                                         _1739_ (net)
                      0.031612    0.000041    8.896388 v _5746_/A2 (sky130_fd_sc_hd__a21o_2)
     2    0.015930    0.061624    0.226751    9.123139 v _5746_/X (sky130_fd_sc_hd__a21o_2)
                                                         net188 (net)
                      0.061624    0.000209    9.123347 v output188/A (sky130_fd_sc_hd__clkdlybuf4s25_1)
     1    0.038353    0.284575    0.420523    9.543871 v output188/X (sky130_fd_sc_hd__clkdlybuf4s25_1)
                                                         result[56] (net)
                      0.284578    0.001195    9.545066 v result[56] (out)
                                              9.545066   data arrival time

                      0.000000    0.000000    0.000000   clock __VIRTUAL_CLK__ (rise edge)
                                  0.000000    0.000000   clock network delay (ideal)
                                  0.250000    0.250000   clock uncertainty
                                  0.000000    0.250000   clock reconvergence pessimism
                                 -8.000000   -7.750000   output external delay
                                             -7.750000   data required time
---------------------------------------------------------------------------------------------
                                             -7.750000   data required time
                                             -9.545066   data arrival time
---------------------------------------------------------------------------------------------
                                             17.295065   slack (MET)


Startpoint: operand_a[1] (input port clocked by __VIRTUAL_CLK__)
Endpoint: result[4] (output port clocked by __VIRTUAL_CLK__)
Path Group: __VIRTUAL_CLK__
Path Type: min

Fanout         Cap        Slew       Delay        Time   Description
---------------------------------------------------------------------------------------------
                      0.000000    0.000000    0.000000   clock __VIRTUAL_CLK__ (rise edge)
                                  0.000000    0.000000   clock network delay (ideal)
                                  8.000000    8.000000 ^ input external delay
     1    0.007252    0.039214    0.023929    8.023930 ^ operand_a[1] (in)
                                                         operand_a[1] (net)
                      0.039216    0.000000    8.023930 ^ input17/A (sky130_fd_sc_hd__clkdlybuf4s25_1)
     4    0.021825    0.225155    0.353721    8.377651 ^ input17/X (sky130_fd_sc_hd__clkdlybuf4s25_1)
                                                         net17 (net)
                      0.225155    0.000407    8.378057 ^ _3465_/A2 (sky130_fd_sc_hd__a31o_2)
     2    0.011477    0.081239    0.216033    8.594091 ^ _3465_/X (sky130_fd_sc_hd__a31o_2)
                                                         _2677_ (net)
                      0.081239    0.000183    8.594274 ^ _3466_/B2 (sky130_fd_sc_hd__o22a_2)
     4    0.021064    0.114683    0.184346    8.778620 ^ _3466_/X (sky130_fd_sc_hd__o22a_2)
                                                         _2678_ (net)
                      0.114683    0.000137    8.778757 ^ _3497_/A1 (sky130_fd_sc_hd__o21a_2)
     1    0.009709    0.063723    0.160190    8.938947 ^ _3497_/X (sky130_fd_sc_hd__o21a_2)
                                                         _2708_ (net)
                      0.063723    0.000111    8.939057 ^ _3498_/B (sky130_fd_sc_hd__xnor2_2)
     1    0.006110    0.048056    0.105484    9.044541 ^ _3498_/Y (sky130_fd_sc_hd__xnor2_2)
                                                         _2709_ (net)
                      0.048056    0.000074    9.044615 ^ _3545_/A2 (sky130_fd_sc_hd__o211ai_2)
     2    0.009668    0.075077    0.090671    9.135286 v _3545_/Y (sky130_fd_sc_hd__o211ai_2)
                                                         net181 (net)
                      0.075077    0.000169    9.135455 v output181/A (sky130_fd_sc_hd__clkdlybuf4s25_1)
     1    0.036098    0.268080    0.415374    9.550829 v output181/X (sky130_fd_sc_hd__clkdlybuf4s25_1)
                                                         result[4] (net)
                      0.268080    0.000451    9.551280 v result[4] (out)
                                              9.551280   data arrival time

                      0.000000    0.000000    0.000000   clock __VIRTUAL_CLK__ (rise edge)
                                  0.000000    0.000000   clock network delay (ideal)
                                  0.250000    0.250000   clock uncertainty
                                  0.000000    0.250000   clock reconvergence pessimism
                                 -8.000000   -7.750000   output external delay
                                             -7.750000   data required time
---------------------------------------------------------------------------------------------
                                             -7.750000   data required time
                                             -9.551280   data arrival time
---------------------------------------------------------------------------------------------
                                             17.301279   slack (MET)


Startpoint: operand_b[18] (input port clocked by __VIRTUAL_CLK__)
Endpoint: result[19] (output port clocked by __VIRTUAL_CLK__)
Path Group: __VIRTUAL_CLK__
Path Type: min

Fanout         Cap        Slew       Delay        Time   Description
---------------------------------------------------------------------------------------------
                      0.000000    0.000000    0.000000   clock __VIRTUAL_CLK__ (rise edge)
                                  0.000000    0.000000   clock network delay (ideal)
                                  8.000000    8.000000 v input external delay
     1    0.007257    0.018528    0.011204    8.011205 v operand_b[18] (in)
                                                         operand_b[18] (net)
                      0.018530    0.000000    8.011205 v input79/A (sky130_fd_sc_hd__clkdlybuf4s25_1)
     5    0.036100    0.268321    0.392080    8.403284 v input79/X (sky130_fd_sc_hd__clkdlybuf4s25_1)
                                                         net79 (net)
                      0.268323    0.001078    8.404363 v _4227_/B (sky130_fd_sc_hd__nand2_2)
     2    0.020218    0.138537    0.206577    8.610940 ^ _4227_/Y (sky130_fd_sc_hd__nand2_2)
                                                         _0206_ (net)
                      0.138537    0.000387    8.611327 ^ _4228_/A (sky130_fd_sc_hd__nand2_2)
     1    0.008137    0.057021    0.072661    8.683988 v _4228_/Y (sky130_fd_sc_hd__nand2_2)
                                                         _0207_ (net)
                      0.057021    0.000178    8.684166 v _4232_/A2 (sky130_fd_sc_hd__o21ai_2)
     1    0.010219    0.082114    0.151720    8.835886 ^ _4232_/Y (sky130_fd_sc_hd__o21ai_2)
                                                         _0211_ (net)
                      0.082115    0.000363    8.836249 ^ _4245_/B1 (sky130_fd_sc_hd__a221o_2)
     1    0.003258    0.031941    0.134452    8.970701 ^ _4245_/X (sky130_fd_sc_hd__a221o_2)
                                                         _0224_ (net)
                      0.031941    0.000031    8.970732 ^ _4246_/B1 (sky130_fd_sc_hd__a31o_2)
     2    0.013465    0.084475    0.121580    9.092312 ^ _4246_/X (sky130_fd_sc_hd__a31o_2)
                                                         net147 (net)
                      0.084477    0.000550    9.092862 ^ output147/A (sky130_fd_sc_hd__clkdlybuf4s25_1)
     1    0.035936    0.362458    0.460092    9.552955 ^ output147/X (sky130_fd_sc_hd__clkdlybuf4s25_1)
                                                         result[19] (net)
                      0.362458    0.000736    9.553691 ^ result[19] (out)
                                              9.553691   data arrival time

                      0.000000    0.000000    0.000000   clock __VIRTUAL_CLK__ (rise edge)
                                  0.000000    0.000000   clock network delay (ideal)
                                  0.250000    0.250000   clock uncertainty
                                  0.000000    0.250000   clock reconvergence pessimism
                                 -8.000000   -7.750000   output external delay
                                             -7.750000   data required time
---------------------------------------------------------------------------------------------
                                             -7.750000   data required time
                                             -9.553691   data arrival time
---------------------------------------------------------------------------------------------
                                             17.303692   slack (MET)


Startpoint: operand_b[33] (input port clocked by __VIRTUAL_CLK__)
Endpoint: result[34] (output port clocked by __VIRTUAL_CLK__)
Path Group: __VIRTUAL_CLK__
Path Type: min

Fanout         Cap        Slew       Delay        Time   Description
---------------------------------------------------------------------------------------------
                      0.000000    0.000000    0.000000   clock __VIRTUAL_CLK__ (rise edge)
                                  0.000000    0.000000   clock network delay (ideal)
                                  8.000000    8.000000 v input external delay
     1    0.004974    0.013570    0.007665    8.007665 v operand_b[33] (in)
                                                         operand_b[33] (net)
                      0.013571    0.000000    8.007665 v input96/A (sky130_fd_sc_hd__clkdlybuf4s25_1)
     7    0.027808    0.209302    0.348950    8.356615 v input96/X (sky130_fd_sc_hd__clkdlybuf4s25_1)
                                                         net96 (net)
                      0.209302    0.000226    8.356841 v _4815_/B (sky130_fd_sc_hd__nand2_2)
     7    0.030761    0.175593    0.217138    8.573979 ^ _4815_/Y (sky130_fd_sc_hd__nand2_2)
                                                         _0780_ (net)
                      0.175593    0.000493    8.574472 ^ _4865_/A1 (sky130_fd_sc_hd__a21bo_2)
     3    0.021372    0.120649    0.212751    8.787223 ^ _4865_/X (sky130_fd_sc_hd__a21bo_2)
                                                         _0829_ (net)
                      0.120649    0.000102    8.787325 ^ _4866_/B (sky130_fd_sc_hd__xnor2_2)
     1    0.009925    0.065256    0.134149    8.921474 ^ _4866_/Y (sky130_fd_sc_hd__xnor2_2)
                                                         _0830_ (net)
                      0.065257    0.000298    8.921772 ^ _4893_/A2 (sky130_fd_sc_hd__a221o_2)
     2    0.014381    0.082488    0.181738    9.103510 ^ _4893_/X (sky130_fd_sc_hd__a221o_2)
                                                         net164 (net)
                      0.082488    0.000250    9.103760 ^ output164/A (sky130_fd_sc_hd__clkdlybuf4s25_1)
     1    0.036627    0.369162    0.463920    9.567680 ^ output164/X (sky130_fd_sc_hd__clkdlybuf4s25_1)
                                                         result[34] (net)
                      0.369162    0.000752    9.568433 ^ result[34] (out)
                                              9.568433   data arrival time

                      0.000000    0.000000    0.000000   clock __VIRTUAL_CLK__ (rise edge)
                                  0.000000    0.000000   clock network delay (ideal)
                                  0.250000    0.250000   clock uncertainty
                                  0.000000    0.250000   clock reconvergence pessimism
                                 -8.000000   -7.750000   output external delay
                                             -7.750000   data required time
---------------------------------------------------------------------------------------------
                                             -7.750000   data required time
                                             -9.568433   data arrival time
---------------------------------------------------------------------------------------------
                                             17.318432   slack (MET)


Startpoint: operand_b[41] (input port clocked by __VIRTUAL_CLK__)
Endpoint: result[42] (output port clocked by __VIRTUAL_CLK__)
Path Group: __VIRTUAL_CLK__
Path Type: min

Fanout         Cap        Slew       Delay        Time   Description
---------------------------------------------------------------------------------------------
                      0.000000    0.000000    0.000000   clock __VIRTUAL_CLK__ (rise edge)
                                  0.000000    0.000000   clock network delay (ideal)
                                  8.000000    8.000000 v input external delay
     1    0.005650    0.015023    0.008685    8.008685 v operand_b[41] (in)
                                                         operand_b[41] (net)
                      0.015023    0.000000    8.008685 v input105/A (sky130_fd_sc_hd__clkdlybuf4s25_1)
     4    0.028014    0.210701    0.350550    8.359236 v input105/X (sky130_fd_sc_hd__clkdlybuf4s25_1)
                                                         net105 (net)
                      0.210701    0.000288    8.359523 v _5158_/A (sky130_fd_sc_hd__nor2b_2)
     4    0.020106    0.233229    0.272106    8.631629 ^ _5158_/Y (sky130_fd_sc_hd__nor2b_2)
                                                         _1129_ (net)
                      0.233229    0.000144    8.631773 ^ _5201_/A1 (sky130_fd_sc_hd__o31ai_2)
     1    0.009099    0.046357    0.124866    8.756639 v _5201_/Y (sky130_fd_sc_hd__o31ai_2)
                                                         _1175_ (net)
                      0.046357    0.000099    8.756739 v _5202_/B (sky130_fd_sc_hd__xor2_2)
     4    0.020183    0.070364    0.171640    8.928378 v _5202_/X (sky130_fd_sc_hd__xor2_2)
                                                         _1176_ (net)
                      0.070365    0.000361    8.928739 v _5209_/A (sky130_fd_sc_hd__xor2_2)
     1    0.004936    0.093227    0.153280    9.082019 ^ _5209_/X (sky130_fd_sc_hd__xor2_2)
                                                         _1184_ (net)
                      0.093227    0.000020    9.082039 ^ _5232_/A2 (sky130_fd_sc_hd__o21ai_2)
     2    0.011910    0.057474    0.078128    9.160166 v _5232_/Y (sky130_fd_sc_hd__o21ai_2)
                                                         net173 (net)
                      0.057474    0.000232    9.160398 v output173/A (sky130_fd_sc_hd__clkdlybuf4s25_1)
     1    0.036881    0.273857    0.412178    9.572576 v output173/X (sky130_fd_sc_hd__clkdlybuf4s25_1)
                                                         result[42] (net)
                      0.273857    0.000235    9.572811 v result[42] (out)
                                              9.572811   data arrival time

                      0.000000    0.000000    0.000000   clock __VIRTUAL_CLK__ (rise edge)
                                  0.000000    0.000000   clock network delay (ideal)
                                  0.250000    0.250000   clock uncertainty
                                  0.000000    0.250000   clock reconvergence pessimism
                                 -8.000000   -7.750000   output external delay
                                             -7.750000   data required time
---------------------------------------------------------------------------------------------
                                             -7.750000   data required time
                                             -9.572811   data arrival time
---------------------------------------------------------------------------------------------
                                             17.322813   slack (MET)


Startpoint: operand_b[47] (input port clocked by __VIRTUAL_CLK__)
Endpoint: result[48] (output port clocked by __VIRTUAL_CLK__)
Path Group: __VIRTUAL_CLK__
Path Type: min

Fanout         Cap        Slew       Delay        Time   Description
---------------------------------------------------------------------------------------------
                      0.000000    0.000000    0.000000   clock __VIRTUAL_CLK__ (rise edge)
                                  0.000000    0.000000   clock network delay (ideal)
                                  8.000000    8.000000 ^ input external delay
     1    0.004588    0.027490    0.015675    8.015675 ^ operand_b[47] (in)
                                                         operand_b[47] (net)
                      0.027499    0.000000    8.015675 ^ input111/A (sky130_fd_sc_hd__clkdlybuf4s25_1)
     3    0.013729    0.147064    0.297144    8.312819 ^ input111/X (sky130_fd_sc_hd__clkdlybuf4s25_1)
                                                         net111 (net)
                      0.147064    0.000280    8.313098 ^ _5409_/A (sky130_fd_sc_hd__nor2_2)
     1    0.002018    0.021725    0.048979    8.362078 v _5409_/Y (sky130_fd_sc_hd__nor2_2)
                                                         _1398_ (net)
                      0.021725    0.000017    8.362094 v _5410_/A2_N (sky130_fd_sc_hd__a2bb2o_2)
     3    0.013561    0.079028    0.237122    8.599216 ^ _5410_/X (sky130_fd_sc_hd__a2bb2o_2)
                                                         _1399_ (net)
                      0.079028    0.000258    8.599474 ^ _5411_/B1 (sky130_fd_sc_hd__a31o_2)
     4    0.021793    0.129013    0.167540    8.767015 ^ _5411_/X (sky130_fd_sc_hd__a31o_2)
                                                         _1400_ (net)
                      0.129013    0.000189    8.767203 ^ _5412_/B (sky130_fd_sc_hd__xor2_2)
     1    0.007139    0.113693    0.160472    8.927675 ^ _5412_/X (sky130_fd_sc_hd__xor2_2)
                                                         _1401_ (net)
                      0.113693    0.000169    8.927844 ^ _5453_/A2 (sky130_fd_sc_hd__a221o_2)
     2    0.014495    0.082829    0.195966    9.123810 ^ _5453_/X (sky130_fd_sc_hd__a221o_2)
                                                         net179 (net)
                      0.082829    0.000278    9.124087 ^ output179/A (sky130_fd_sc_hd__clkdlybuf4s25_1)
     1    0.035335    0.356474    0.455981    9.580069 ^ output179/X (sky130_fd_sc_hd__clkdlybuf4s25_1)
                                                         result[48] (net)
                      0.356474    0.000271    9.580339 ^ result[48] (out)
                                              9.580339   data arrival time

                      0.000000    0.000000    0.000000   clock __VIRTUAL_CLK__ (rise edge)
                                  0.000000    0.000000   clock network delay (ideal)
                                  0.250000    0.250000   clock uncertainty
                                  0.000000    0.250000   clock reconvergence pessimism
                                 -8.000000   -7.750000   output external delay
                                             -7.750000   data required time
---------------------------------------------------------------------------------------------
                                             -7.750000   data required time
                                             -9.580339   data arrival time
---------------------------------------------------------------------------------------------
                                             17.330339   slack (MET)


Startpoint: operand_a[1] (input port clocked by __VIRTUAL_CLK__)
Endpoint: result[3] (output port clocked by __VIRTUAL_CLK__)
Path Group: __VIRTUAL_CLK__
Path Type: min

Fanout         Cap        Slew       Delay        Time   Description
---------------------------------------------------------------------------------------------
                      0.000000    0.000000    0.000000   clock __VIRTUAL_CLK__ (rise edge)
                                  0.000000    0.000000   clock network delay (ideal)
                                  8.000000    8.000000 ^ input external delay
     1    0.007252    0.039214    0.023929    8.023930 ^ operand_a[1] (in)
                                                         operand_a[1] (net)
                      0.039216    0.000000    8.023930 ^ input17/A (sky130_fd_sc_hd__clkdlybuf4s25_1)
     4    0.021825    0.225155    0.353721    8.377651 ^ input17/X (sky130_fd_sc_hd__clkdlybuf4s25_1)
                                                         net17 (net)
                      0.225155    0.000407    8.378057 ^ _3465_/A2 (sky130_fd_sc_hd__a31o_2)
     2    0.011477    0.081239    0.216033    8.594091 ^ _3465_/X (sky130_fd_sc_hd__a31o_2)
                                                         _2677_ (net)
                      0.081239    0.000183    8.594274 ^ _3466_/B2 (sky130_fd_sc_hd__o22a_2)
     4    0.021064    0.114683    0.184346    8.778620 ^ _3466_/X (sky130_fd_sc_hd__o22a_2)
                                                         _2678_ (net)
                      0.114683    0.000169    8.778789 ^ _3467_/B (sky130_fd_sc_hd__xnor2_2)
     1    0.005390    0.045805    0.116702    8.895491 ^ _3467_/Y (sky130_fd_sc_hd__xnor2_2)
                                                         _2679_ (net)
                      0.045805    0.000077    8.895568 ^ _3491_/A2 (sky130_fd_sc_hd__o2111a_2)
     2    0.007970    0.064280    0.185600    9.081168 ^ _3491_/X (sky130_fd_sc_hd__o2111a_2)
                                                         _2703_ (net)
                      0.064280    0.000090    9.081258 ^ _3492_/C (sky130_fd_sc_hd__nand3b_2)
     1    0.005996    0.059677    0.081139    9.162396 v _3492_/Y (sky130_fd_sc_hd__nand3b_2)
                                                         net170 (net)
                      0.059677    0.000131    9.162527 v output170/A (sky130_fd_sc_hd__clkdlybuf4s25_1)
     1    0.038762    0.287549    0.421693    9.584220 v output170/X (sky130_fd_sc_hd__clkdlybuf4s25_1)
                                                         result[3] (net)
                      0.287553    0.001294    9.585514 v result[3] (out)
                                              9.585514   data arrival time

                      0.000000    0.000000    0.000000   clock __VIRTUAL_CLK__ (rise edge)
                                  0.000000    0.000000   clock network delay (ideal)
                                  0.250000    0.250000   clock uncertainty
                                  0.000000    0.250000   clock reconvergence pessimism
                                 -8.000000   -7.750000   output external delay
                                             -7.750000   data required time
---------------------------------------------------------------------------------------------
                                             -7.750000   data required time
                                             -9.585514   data arrival time
---------------------------------------------------------------------------------------------
                                             17.335512   slack (MET)


Startpoint: operand_b[15] (input port clocked by __VIRTUAL_CLK__)
Endpoint: result[16] (output port clocked by __VIRTUAL_CLK__)
Path Group: __VIRTUAL_CLK__
Path Type: min

Fanout         Cap        Slew       Delay        Time   Description
---------------------------------------------------------------------------------------------
                      0.000000    0.000000    0.000000   clock __VIRTUAL_CLK__ (rise edge)
                                  0.000000    0.000000   clock network delay (ideal)
                                  8.000000    8.000000 ^ input external delay
     1    0.004906    0.028882    0.016688    8.016688 ^ operand_b[15] (in)
                                                         operand_b[15] (net)
                      0.028883    0.000000    8.016688 ^ input76/A (sky130_fd_sc_hd__clkdlybuf4s25_1)
     3    0.016685    0.175583    0.316812    8.333500 ^ input76/X (sky130_fd_sc_hd__clkdlybuf4s25_1)
                                                         net76 (net)
                      0.175583    0.000415    8.333915 ^ _4072_/A2 (sky130_fd_sc_hd__o22a_2)
     2    0.010593    0.066182    0.180798    8.514713 ^ _4072_/X (sky130_fd_sc_hd__o22a_2)
                                                         _0054_ (net)
                      0.066182    0.000155    8.514869 ^ _4073_/B1 (sky130_fd_sc_hd__a21o_2)
     3    0.015716    0.084324    0.125469    8.640339 ^ _4073_/X (sky130_fd_sc_hd__a21o_2)
                                                         _0055_ (net)
                      0.084324    0.000250    8.640589 ^ _4074_/B1 (sky130_fd_sc_hd__a31o_2)
     4    0.022171    0.131095    0.170443    8.811032 ^ _4074_/X (sky130_fd_sc_hd__a31o_2)
                                                         _0056_ (net)
                      0.131095    0.000419    8.811451 ^ _4075_/B (sky130_fd_sc_hd__xnor2_2)
     1    0.009007    0.061476    0.133022    8.944474 ^ _4075_/Y (sky130_fd_sc_hd__xnor2_2)
                                                         _0057_ (net)
                      0.061476    0.000199    8.944673 ^ _4117_/A2 (sky130_fd_sc_hd__a221o_2)
     2    0.014925    0.084920    0.182503    9.127175 ^ _4117_/X (sky130_fd_sc_hd__a221o_2)
                                                         net144 (net)
                      0.084920    0.000299    9.127475 ^ output144/A (sky130_fd_sc_hd__clkdlybuf4s25_1)
     1    0.037875    0.381301    0.472986    9.600461 ^ output144/X (sky130_fd_sc_hd__clkdlybuf4s25_1)
                                                         result[16] (net)
                      0.381301    0.000537    9.600999 ^ result[16] (out)
                                              9.600999   data arrival time

                      0.000000    0.000000    0.000000   clock __VIRTUAL_CLK__ (rise edge)
                                  0.000000    0.000000   clock network delay (ideal)
                                  0.250000    0.250000   clock uncertainty
                                  0.000000    0.250000   clock reconvergence pessimism
                                 -8.000000   -7.750000   output external delay
                                             -7.750000   data required time
---------------------------------------------------------------------------------------------
                                             -7.750000   data required time
                                             -9.600999   data arrival time
---------------------------------------------------------------------------------------------
                                             17.351000   slack (MET)


Startpoint: operand_b[43] (input port clocked by __VIRTUAL_CLK__)
Endpoint: result[44] (output port clocked by __VIRTUAL_CLK__)
Path Group: __VIRTUAL_CLK__
Path Type: min

Fanout         Cap        Slew       Delay        Time   Description
---------------------------------------------------------------------------------------------
                      0.000000    0.000000    0.000000   clock __VIRTUAL_CLK__ (rise edge)
                                  0.000000    0.000000   clock network delay (ideal)
                                  8.000000    8.000000 ^ input external delay
     1    0.004877    0.028756    0.016573    8.016573 ^ operand_b[43] (in)
                                                         operand_b[43] (net)
                      0.028757    0.000000    8.016573 ^ input107/A (sky130_fd_sc_hd__clkdlybuf4s25_1)
     2    0.008138    0.093524    0.261124    8.277697 ^ input107/X (sky130_fd_sc_hd__clkdlybuf4s25_1)
                                                         net107 (net)
                      0.093524    0.000139    8.277837 ^ fanout672/A (sky130_fd_sc_hd__clkdlybuf4s25_1)
     5    0.013223    0.142129    0.315699    8.593535 ^ fanout672/X (sky130_fd_sc_hd__clkdlybuf4s25_1)
                                                         net672 (net)
                      0.142129    0.000178    8.593713 ^ _5270_/A2 (sky130_fd_sc_hd__a21o_2)
     2    0.012301    0.068111    0.167614    8.761327 ^ _5270_/X (sky130_fd_sc_hd__a21o_2)
                                                         _1249_ (net)
                      0.068111    0.000300    8.761627 ^ _5271_/B1 (sky130_fd_sc_hd__a21o_2)
     3    0.020514    0.107178    0.141395    8.903023 ^ _5271_/X (sky130_fd_sc_hd__a21o_2)
                                                         _1250_ (net)
                      0.107178    0.000226    8.903249 ^ _5272_/B (sky130_fd_sc_hd__xnor2_2)
     1    0.005364    0.045578    0.114563    9.017812 ^ _5272_/Y (sky130_fd_sc_hd__xnor2_2)
                                                         _1251_ (net)
                      0.045578    0.000099    9.017910 ^ _5304_/A2 (sky130_fd_sc_hd__a211o_2)
     2    0.010874    0.059675    0.138671    9.156582 ^ _5304_/X (sky130_fd_sc_hd__a211o_2)
                                                         net175 (net)
                      0.059676    0.000350    9.156932 ^ output175/A (sky130_fd_sc_hd__clkdlybuf4s25_1)
     1    0.037148    0.373813    0.460074    9.617005 ^ output175/X (sky130_fd_sc_hd__clkdlybuf4s25_1)
                                                         result[44] (net)
                      0.373813    0.000390    9.617395 ^ result[44] (out)
                                              9.617395   data arrival time

                      0.000000    0.000000    0.000000   clock __VIRTUAL_CLK__ (rise edge)
                                  0.000000    0.000000   clock network delay (ideal)
                                  0.250000    0.250000   clock uncertainty
                                  0.000000    0.250000   clock reconvergence pessimism
                                 -8.000000   -7.750000   output external delay
                                             -7.750000   data required time
---------------------------------------------------------------------------------------------
                                             -7.750000   data required time
                                             -9.617395   data arrival time
---------------------------------------------------------------------------------------------
                                             17.367395   slack (MET)


Startpoint: operand_b[5] (input port clocked by __VIRTUAL_CLK__)
Endpoint: result[20] (output port clocked by __VIRTUAL_CLK__)
Path Group: __VIRTUAL_CLK__
Path Type: min

Fanout         Cap        Slew       Delay        Time   Description
---------------------------------------------------------------------------------------------
                      0.000000    0.000000    0.000000   clock __VIRTUAL_CLK__ (rise edge)
                                  0.000000    0.000000   clock network delay (ideal)
                                  8.000000    8.000000 v input external delay
     1    0.003860    0.011088    0.005898    8.005898 v operand_b[5] (in)
                                                         operand_b[5] (net)
                      0.011088    0.000000    8.005898 v input125/A (sky130_fd_sc_hd__clkdlybuf4s25_1)
     2    0.023582    0.179360    0.326790    8.332687 v input125/X (sky130_fd_sc_hd__clkdlybuf4s25_1)
                                                         net125 (net)
                      0.179360    0.000286    8.332973 v fanout622/A (sky130_fd_sc_hd__clkdlybuf4s25_1)
     4    0.022190    0.169762    0.383807    8.716781 v fanout622/X (sky130_fd_sc_hd__clkdlybuf4s25_1)
                                                         net622 (net)
                      0.169762    0.000472    8.717252 v _4295_/A1 (sky130_fd_sc_hd__o21ai_2)
     1    0.008910    0.069596    0.203267    8.920519 ^ _4295_/Y (sky130_fd_sc_hd__o21ai_2)
                                                         _0273_ (net)
                      0.069606    0.000291    8.920810 ^ _4296_/C1 (sky130_fd_sc_hd__a221o_2)
     1    0.003552    0.033146    0.101056    9.021866 ^ _4296_/X (sky130_fd_sc_hd__a221o_2)
                                                         _0274_ (net)
                      0.033146    0.000036    9.021903 ^ _4297_/B1 (sky130_fd_sc_hd__a21o_2)
     2    0.018357    0.096817    0.122978    9.144880 ^ _4297_/X (sky130_fd_sc_hd__a21o_2)
                                                         net149 (net)
                      0.096817    0.000167    9.145047 ^ output149/A (sky130_fd_sc_hd__clkdlybuf4s25_1)
     1    0.037880    0.381629    0.476630    9.621678 ^ output149/X (sky130_fd_sc_hd__clkdlybuf4s25_1)
                                                         result[20] (net)
                      0.381629    0.000956    9.622634 ^ result[20] (out)
                                              9.622634   data arrival time

                      0.000000    0.000000    0.000000   clock __VIRTUAL_CLK__ (rise edge)
                                  0.000000    0.000000   clock network delay (ideal)
                                  0.250000    0.250000   clock uncertainty
                                  0.000000    0.250000   clock reconvergence pessimism
                                 -8.000000   -7.750000   output external delay
                                             -7.750000   data required time
---------------------------------------------------------------------------------------------
                                             -7.750000   data required time
                                             -9.622634   data arrival time
---------------------------------------------------------------------------------------------
                                             17.372633   slack (MET)


Startpoint: operand_b[53] (input port clocked by __VIRTUAL_CLK__)
Endpoint: result[53] (output port clocked by __VIRTUAL_CLK__)
Path Group: __VIRTUAL_CLK__
Path Type: min

Fanout         Cap        Slew       Delay        Time   Description
---------------------------------------------------------------------------------------------
                      0.000000    0.000000    0.000000   clock __VIRTUAL_CLK__ (rise edge)
                                  0.000000    0.000000   clock network delay (ideal)
                                  8.000000    8.000000 ^ input external delay
     1    0.004401    0.026680    0.015113    8.015113 ^ operand_b[53] (in)
                                                         operand_b[53] (net)
                      0.026688    0.000000    8.015113 ^ input118/A (sky130_fd_sc_hd__clkdlybuf4s25_1)
     6    0.034909    0.352714    0.434402    8.449515 ^ input118/X (sky130_fd_sc_hd__clkdlybuf4s25_1)
                                                         net118 (net)
                      0.352714    0.000657    8.450172 ^ _5612_/A1 (sky130_fd_sc_hd__a221o_2)
     1    0.005371    0.041139    0.225143    8.675315 ^ _5612_/X (sky130_fd_sc_hd__a221o_2)
                                                         _1616_ (net)
                      0.041139    0.000075    8.675389 ^ _5621_/A2 (sky130_fd_sc_hd__a221o_2)
     1    0.002991    0.033372    0.128146    8.803535 ^ _5621_/X (sky130_fd_sc_hd__a221o_2)
                                                         _1626_ (net)
                      0.033372    0.000026    8.803561 ^ _5622_/C1 (sky130_fd_sc_hd__a211o_2)
     1    0.003163    0.027076    0.077492    8.881053 ^ _5622_/X (sky130_fd_sc_hd__a211o_2)
                                                         _1627_ (net)
                      0.027076    0.000041    8.881093 ^ _5629_/A (sky130_fd_sc_hd__or3b_2)
     1    0.002716    0.030280    0.089238    8.970331 ^ _5629_/X (sky130_fd_sc_hd__or3b_2)
                                                         _1635_ (net)
                      0.030280    0.000015    8.970346 ^ _5630_/A (sky130_fd_sc_hd__buf_1)
     2    0.015509    0.187339    0.167210    9.137557 ^ _5630_/X (sky130_fd_sc_hd__buf_1)
                                                         net185 (net)
                      0.187339    0.000289    9.137845 ^ output185/A (sky130_fd_sc_hd__clkdlybuf4s25_1)
     1    0.035802    0.361408    0.486611    9.624456 ^ output185/X (sky130_fd_sc_hd__clkdlybuf4s25_1)
                                                         result[53] (net)
                      0.361408    0.000605    9.625061 ^ result[53] (out)
                                              9.625061   data arrival time

                      0.000000    0.000000    0.000000   clock __VIRTUAL_CLK__ (rise edge)
                                  0.000000    0.000000   clock network delay (ideal)
                                  0.250000    0.250000   clock uncertainty
                                  0.000000    0.250000   clock reconvergence pessimism
                                 -8.000000   -7.750000   output external delay
                                             -7.750000   data required time
---------------------------------------------------------------------------------------------
                                             -7.750000   data required time
                                             -9.625061   data arrival time
---------------------------------------------------------------------------------------------
                                             17.375061   slack (MET)


Startpoint: operand_b[35] (input port clocked by __VIRTUAL_CLK__)
Endpoint: result[35] (output port clocked by __VIRTUAL_CLK__)
Path Group: __VIRTUAL_CLK__
Path Type: min

Fanout         Cap        Slew       Delay        Time   Description
---------------------------------------------------------------------------------------------
                      0.000000    0.000000    0.000000   clock __VIRTUAL_CLK__ (rise edge)
                                  0.000000    0.000000   clock network delay (ideal)
                                  8.000000    8.000000 v input external delay
     1    0.005083    0.013805    0.007835    8.007834 v operand_b[35] (in)
                                                         operand_b[35] (net)
                      0.013806    0.000000    8.007834 v input98/A (sky130_fd_sc_hd__clkdlybuf4s25_1)
     9    0.033725    0.251447    0.378656    8.386491 v input98/X (sky130_fd_sc_hd__clkdlybuf4s25_1)
                                                         net98 (net)
                      0.251447    0.000263    8.386754 v _4894_/A_N (sky130_fd_sc_hd__and2b_2)
     3    0.013412    0.080597    0.314342    8.701097 ^ _4894_/X (sky130_fd_sc_hd__and2b_2)
                                                         _0857_ (net)
                      0.080597    0.000164    8.701261 ^ _4896_/A (sky130_fd_sc_hd__nor2_2)
     6    0.023955    0.064234    0.078943    8.780204 v _4896_/Y (sky130_fd_sc_hd__nor2_2)
                                                         _0859_ (net)
                      0.064270    0.000677    8.780880 v _4902_/A1 (sky130_fd_sc_hd__o21ai_2)
     1    0.015709    0.107367    0.213457    8.994337 ^ _4902_/Y (sky130_fd_sc_hd__o21ai_2)
                                                         _0865_ (net)
                      0.107401    0.000218    8.994555 ^ _4952_/A2 (sky130_fd_sc_hd__a221o_2)
     2    0.012465    0.073263    0.187232    9.181787 ^ _4952_/X (sky130_fd_sc_hd__a221o_2)
                                                         net165 (net)
                      0.073263    0.000228    9.182015 ^ output165/A (sky130_fd_sc_hd__clkdlybuf4s25_1)
     1    0.037164    0.374279    0.464328    9.646343 ^ output165/X (sky130_fd_sc_hd__clkdlybuf4s25_1)
                                                         result[35] (net)
                      0.374279    0.000825    9.647169 ^ result[35] (out)
                                              9.647169   data arrival time

                      0.000000    0.000000    0.000000   clock __VIRTUAL_CLK__ (rise edge)
                                  0.000000    0.000000   clock network delay (ideal)
                                  0.250000    0.250000   clock uncertainty
                                  0.000000    0.250000   clock reconvergence pessimism
                                 -8.000000   -7.750000   output external delay
                                             -7.750000   data required time
---------------------------------------------------------------------------------------------
                                             -7.750000   data required time
                                             -9.647169   data arrival time
---------------------------------------------------------------------------------------------
                                             17.397169   slack (MET)


Startpoint: operand_a[1] (input port clocked by __VIRTUAL_CLK__)
Endpoint: result[7] (output port clocked by __VIRTUAL_CLK__)
Path Group: __VIRTUAL_CLK__
Path Type: min

Fanout         Cap        Slew       Delay        Time   Description
---------------------------------------------------------------------------------------------
                      0.000000    0.000000    0.000000   clock __VIRTUAL_CLK__ (rise edge)
                                  0.000000    0.000000   clock network delay (ideal)
                                  8.000000    8.000000 ^ input external delay
     1    0.007252    0.039214    0.023929    8.023930 ^ operand_a[1] (in)
                                                         operand_a[1] (net)
                      0.039216    0.000000    8.023930 ^ input17/A (sky130_fd_sc_hd__clkdlybuf4s25_1)
     4    0.021825    0.225155    0.353721    8.377651 ^ input17/X (sky130_fd_sc_hd__clkdlybuf4s25_1)
                                                         net17 (net)
                      0.225155    0.000407    8.378057 ^ _3465_/A2 (sky130_fd_sc_hd__a31o_2)
     2    0.011477    0.081239    0.216033    8.594091 ^ _3465_/X (sky130_fd_sc_hd__a31o_2)
                                                         _2677_ (net)
                      0.081239    0.000162    8.594253 ^ _3666_/B (sky130_fd_sc_hd__or3_2)
     2    0.013743    0.076435    0.145173    8.739426 ^ _3666_/X (sky130_fd_sc_hd__or3_2)
                                                         _2874_ (net)
                      0.076435    0.000272    8.739697 ^ _3675_/A1 (sky130_fd_sc_hd__a31o_2)
     1    0.015689    0.096394    0.188044    8.927741 ^ _3675_/X (sky130_fd_sc_hd__a31o_2)
                                                         _2883_ (net)
                      0.096394    0.000355    8.928097 ^ _3676_/B (sky130_fd_sc_hd__xor2_2)
     1    0.007617    0.118848    0.158746    9.086843 ^ _3676_/X (sky130_fd_sc_hd__xor2_2)
                                                         _2884_ (net)
                      0.118848    0.000134    9.086977 ^ _3721_/A2 (sky130_fd_sc_hd__a221oi_2)
     2    0.011875    0.041308    0.098490    9.185467 v _3721_/Y (sky130_fd_sc_hd__a221oi_2)
                                                         _2929_ (net)
                      0.041308    0.000152    9.185618 v _3722_/A (sky130_fd_sc_hd__inv_2)
     1    0.003141    0.023604    0.037816    9.223434 ^ _3722_/Y (sky130_fd_sc_hd__inv_2)
                                                         net198 (net)
                      0.023604    0.000031    9.223466 ^ output198/A (sky130_fd_sc_hd__clkdlybuf4s25_1)
     1    0.035139    0.354957    0.435119    9.658585 ^ output198/X (sky130_fd_sc_hd__clkdlybuf4s25_1)
                                                         result[7] (net)
                      0.354957    0.000223    9.658808 ^ result[7] (out)
                                              9.658808   data arrival time

                      0.000000    0.000000    0.000000   clock __VIRTUAL_CLK__ (rise edge)
                                  0.000000    0.000000   clock network delay (ideal)
                                  0.250000    0.250000   clock uncertainty
                                  0.000000    0.250000   clock reconvergence pessimism
                                 -8.000000   -7.750000   output external delay
                                             -7.750000   data required time
---------------------------------------------------------------------------------------------
                                             -7.750000   data required time
                                             -9.658808   data arrival time
---------------------------------------------------------------------------------------------
                                             17.408808   slack (MET)


Startpoint: operand_b[42] (input port clocked by __VIRTUAL_CLK__)
Endpoint: result[43] (output port clocked by __VIRTUAL_CLK__)
Path Group: __VIRTUAL_CLK__
Path Type: min

Fanout         Cap        Slew       Delay        Time   Description
---------------------------------------------------------------------------------------------
                      0.000000    0.000000    0.000000   clock __VIRTUAL_CLK__ (rise edge)
                                  0.000000    0.000000   clock network delay (ideal)
                                  8.000000    8.000000 ^ input external delay
     1    0.005426    0.031157    0.018262    8.018262 ^ operand_b[42] (in)
                                                         operand_b[42] (net)
                      0.031157    0.000000    8.018262 ^ input106/A (sky130_fd_sc_hd__clkdlybuf4s25_1)
     1    0.006954    0.082414    0.253991    8.272252 ^ input106/X (sky130_fd_sc_hd__clkdlybuf4s25_1)
                                                         net106 (net)
                      0.082414    0.000166    8.272419 ^ fanout674/A (sky130_fd_sc_hd__clkdlybuf4s25_1)
     9    0.037789    0.380593    0.471073    8.743491 ^ fanout674/X (sky130_fd_sc_hd__clkdlybuf4s25_1)
                                                         net674 (net)
                      0.380596    0.001580    8.745071 ^ _5235_/A1 (sky130_fd_sc_hd__o21a_2)
     1    0.009189    0.059381    0.211756    8.956827 ^ _5235_/X (sky130_fd_sc_hd__o21a_2)
                                                         _1211_ (net)
                      0.059381    0.000094    8.956922 ^ _5236_/B (sky130_fd_sc_hd__xnor2_2)
     1    0.004196    0.039926    0.097375    9.054296 ^ _5236_/Y (sky130_fd_sc_hd__xnor2_2)
                                                         _1213_ (net)
                      0.039926    0.000054    9.054351 ^ _5265_/A2 (sky130_fd_sc_hd__a211o_2)
     2    0.014117    0.073418    0.147980    9.202331 ^ _5265_/X (sky130_fd_sc_hd__a211o_2)
                                                         net174 (net)
                      0.073418    0.000341    9.202672 ^ output174/A (sky130_fd_sc_hd__clkdlybuf4s25_1)
     1    0.036171    0.364540    0.458170    9.660842 ^ output174/X (sky130_fd_sc_hd__clkdlybuf4s25_1)
                                                         result[43] (net)
                      0.364540    0.000489    9.661331 ^ result[43] (out)
                                              9.661331   data arrival time

                      0.000000    0.000000    0.000000   clock __VIRTUAL_CLK__ (rise edge)
                                  0.000000    0.000000   clock network delay (ideal)
                                  0.250000    0.250000   clock uncertainty
                                  0.000000    0.250000   clock reconvergence pessimism
                                 -8.000000   -7.750000   output external delay
                                             -7.750000   data required time
---------------------------------------------------------------------------------------------
                                             -7.750000   data required time
                                             -9.661331   data arrival time
---------------------------------------------------------------------------------------------
                                             17.411331   slack (MET)


Startpoint: operand_b[5] (input port clocked by __VIRTUAL_CLK__)
Endpoint: result[26] (output port clocked by __VIRTUAL_CLK__)
Path Group: __VIRTUAL_CLK__
Path Type: min

Fanout         Cap        Slew       Delay        Time   Description
---------------------------------------------------------------------------------------------
                      0.000000    0.000000    0.000000   clock __VIRTUAL_CLK__ (rise edge)
                                  0.000000    0.000000   clock network delay (ideal)
                                  8.000000    8.000000 v input external delay
     1    0.003860    0.011088    0.005898    8.005898 v operand_b[5] (in)
                                                         operand_b[5] (net)
                      0.011088    0.000000    8.005898 v input125/A (sky130_fd_sc_hd__clkdlybuf4s25_1)
     2    0.023582    0.179360    0.326790    8.332687 v input125/X (sky130_fd_sc_hd__clkdlybuf4s25_1)
                                                         net125 (net)
                      0.179360    0.000527    8.333215 v fanout617/A (sky130_fd_sc_hd__clkdlybuf4s25_1)
     3    0.015177    0.121905    0.347856    8.681070 v fanout617/X (sky130_fd_sc_hd__clkdlybuf4s25_1)
                                                         net617 (net)
                      0.121905    0.000333    8.681403 v _4568_/A1 (sky130_fd_sc_hd__o221a_2)
     1    0.005791    0.034433    0.305696    8.987100 v _4568_/X (sky130_fd_sc_hd__o221a_2)
                                                         _0540_ (net)
                      0.034433    0.000080    8.987179 v _4569_/B1 (sky130_fd_sc_hd__o21ai_2)
     1    0.003488    0.040737    0.043792    9.030971 ^ _4569_/Y (sky130_fd_sc_hd__o21ai_2)
                                                         _0541_ (net)
                      0.040737    0.000037    9.031008 ^ _4570_/B1 (sky130_fd_sc_hd__a21o_2)
     2    0.007237    0.045300    0.089335    9.120343 ^ _4570_/X (sky130_fd_sc_hd__a21o_2)
                                                         _0542_ (net)
                      0.045300    0.000067    9.120410 ^ _4571_/B1 (sky130_fd_sc_hd__a21o_2)
     1    0.007774    0.047731    0.092663    9.213073 ^ _4571_/X (sky130_fd_sc_hd__a21o_2)
                                                         net155 (net)
                      0.047731    0.000154    9.213226 ^ output155/A (sky130_fd_sc_hd__clkdlybuf4s25_1)
     1    0.037089    0.373402    0.455437    9.668663 ^ output155/X (sky130_fd_sc_hd__clkdlybuf4s25_1)
                                                         result[26] (net)
                      0.373402    0.000800    9.669463 ^ result[26] (out)
                                              9.669463   data arrival time

                      0.000000    0.000000    0.000000   clock __VIRTUAL_CLK__ (rise edge)
                                  0.000000    0.000000   clock network delay (ideal)
                                  0.250000    0.250000   clock uncertainty
                                  0.000000    0.250000   clock reconvergence pessimism
                                 -8.000000   -7.750000   output external delay
                                             -7.750000   data required time
---------------------------------------------------------------------------------------------
                                             -7.750000   data required time
                                             -9.669463   data arrival time
---------------------------------------------------------------------------------------------
                                             17.419464   slack (MET)


Startpoint: operand_b[6] (input port clocked by __VIRTUAL_CLK__)
Endpoint: result[10] (output port clocked by __VIRTUAL_CLK__)
Path Group: __VIRTUAL_CLK__
Path Type: min

Fanout         Cap        Slew       Delay        Time   Description
---------------------------------------------------------------------------------------------
                      0.000000    0.000000    0.000000   clock __VIRTUAL_CLK__ (rise edge)
                                  0.000000    0.000000   clock network delay (ideal)
                                  8.000000    8.000000 v input external delay
     1    0.004601    0.012761    0.007072    8.007071 v operand_b[6] (in)
                                                         operand_b[6] (net)
                      0.012761    0.000000    8.007071 v input130/A (sky130_fd_sc_hd__clkdlybuf4s25_1)
     4    0.020476    0.158539    0.311639    8.318710 v input130/X (sky130_fd_sc_hd__clkdlybuf4s25_1)
                                                         net130 (net)
                      0.158539    0.000279    8.318990 v _3678_/B1 (sky130_fd_sc_hd__a21oi_2)
     2    0.008798    0.133198    0.175454    8.494444 ^ _3678_/Y (sky130_fd_sc_hd__a21oi_2)
                                                         _2886_ (net)
                      0.133198    0.000135    8.494578 ^ _3818_/B (sky130_fd_sc_hd__or3_2)
     1    0.014824    0.081650    0.166174    8.660752 ^ _3818_/X (sky130_fd_sc_hd__or3_2)
                                                         _3023_ (net)
                      0.081650    0.000268    8.661020 ^ _3819_/B2 (sky130_fd_sc_hd__o22a_2)
     2    0.011347    0.069714    0.151429    8.812449 ^ _3819_/X (sky130_fd_sc_hd__o22a_2)
                                                         _3024_ (net)
                      0.069714    0.000232    8.812681 ^ _3820_/B (sky130_fd_sc_hd__nand2_2)
     2    0.020383    0.087253    0.094864    8.907545 v _3820_/Y (sky130_fd_sc_hd__nand2_2)
                                                         _3025_ (net)
                      0.087254    0.000201    8.907746 v _3821_/B (sky130_fd_sc_hd__xor2_2)
     3    0.019826    0.250267    0.248390    9.156136 ^ _3821_/X (sky130_fd_sc_hd__xor2_2)
                                                         _3026_ (net)
                      0.250267    0.000237    9.156373 ^ _3854_/A2 (sky130_fd_sc_hd__o221ai_2)
     2    0.006333    0.075660    0.130446    9.286819 v _3854_/Y (sky130_fd_sc_hd__o221ai_2)
                                                         net138 (net)
                      0.075660    0.000074    9.286892 v output138/A (sky130_fd_sc_hd__clkdlybuf4s25_1)
     1    0.035414    0.263124    0.412379    9.699272 v output138/X (sky130_fd_sc_hd__clkdlybuf4s25_1)
                                                         result[10] (net)
                      0.263124    0.000205    9.699477 v result[10] (out)
                                              9.699477   data arrival time

                      0.000000    0.000000    0.000000   clock __VIRTUAL_CLK__ (rise edge)
                                  0.000000    0.000000   clock network delay (ideal)
                                  0.250000    0.250000   clock uncertainty
                                  0.000000    0.250000   clock reconvergence pessimism
                                 -8.000000   -7.750000   output external delay
                                             -7.750000   data required time
---------------------------------------------------------------------------------------------
                                             -7.750000   data required time
                                             -9.699477   data arrival time
---------------------------------------------------------------------------------------------
                                             17.449476   slack (MET)


Startpoint: operand_b[55] (input port clocked by __VIRTUAL_CLK__)
Endpoint: result[58] (output port clocked by __VIRTUAL_CLK__)
Path Group: __VIRTUAL_CLK__
Path Type: min

Fanout         Cap        Slew       Delay        Time   Description
---------------------------------------------------------------------------------------------
                      0.000000    0.000000    0.000000   clock __VIRTUAL_CLK__ (rise edge)
                                  0.000000    0.000000   clock network delay (ideal)
                                  8.000000    8.000000 ^ input external delay
     1    0.007436    0.040026    0.024494    8.024494 ^ operand_b[55] (in)
                                                         operand_b[55] (net)
                      0.040028    0.000000    8.024494 ^ input120/A (sky130_fd_sc_hd__clkdlybuf4s25_1)
     3    0.014307    0.152627    0.304968    8.329462 ^ input120/X (sky130_fd_sc_hd__clkdlybuf4s25_1)
                                                         net120 (net)
                      0.152627    0.000382    8.329844 ^ _5709_/C1 (sky130_fd_sc_hd__a211o_2)
     6    0.026031    0.127326    0.187523    8.517366 ^ _5709_/X (sky130_fd_sc_hd__a211o_2)
                                                         _1720_ (net)
                      0.127326    0.000194    8.517560 ^ _5722_/A1 (sky130_fd_sc_hd__a21o_2)
     2    0.007457    0.047027    0.144080    8.661640 ^ _5722_/X (sky130_fd_sc_hd__a21o_2)
                                                         _1734_ (net)
                      0.047027    0.000046    8.661687 ^ _5761_/A1 (sky130_fd_sc_hd__a21oi_2)
     4    0.014041    0.047126    0.068093    8.729780 v _5761_/Y (sky130_fd_sc_hd__a21oi_2)
                                                         _1776_ (net)
                      0.047126    0.000195    8.729975 v _5788_/A2 (sky130_fd_sc_hd__a31oi_2)
     1    0.002779    0.071747    0.140225    8.870199 ^ _5788_/Y (sky130_fd_sc_hd__a31oi_2)
                                                         _1805_ (net)
                      0.071747    0.000029    8.870229 ^ _5790_/A (sky130_fd_sc_hd__or2_2)
     1    0.004323    0.035805    0.106402    8.976630 ^ _5790_/X (sky130_fd_sc_hd__or2_2)
                                                         _1807_ (net)
                      0.035805    0.000058    8.976688 ^ _5807_/A2 (sky130_fd_sc_hd__a21bo_2)
     1    0.002478    0.028704    0.104678    9.081367 ^ _5807_/X (sky130_fd_sc_hd__a21bo_2)
                                                         _1826_ (net)
                      0.028704    0.000010    9.081376 ^ _5808_/A (sky130_fd_sc_hd__buf_1)
     2    0.011944    0.146783    0.139961    9.221337 ^ _5808_/X (sky130_fd_sc_hd__buf_1)
                                                         net190 (net)
                      0.146784    0.000279    9.221616 ^ output190/A (sky130_fd_sc_hd__clkdlybuf4s25_1)
     1    0.036021    0.363694    0.478773    9.700388 ^ output190/X (sky130_fd_sc_hd__clkdlybuf4s25_1)
                                                         result[58] (net)
                      0.363694    0.000600    9.700989 ^ result[58] (out)
                                              9.700989   data arrival time

                      0.000000    0.000000    0.000000   clock __VIRTUAL_CLK__ (rise edge)
                                  0.000000    0.000000   clock network delay (ideal)
                                  0.250000    0.250000   clock uncertainty
                                  0.000000    0.250000   clock reconvergence pessimism
                                 -8.000000   -7.750000   output external delay
                                             -7.750000   data required time
---------------------------------------------------------------------------------------------
                                             -7.750000   data required time
                                             -9.700989   data arrival time
---------------------------------------------------------------------------------------------
                                             17.450989   slack (MET)


Startpoint: operand_b[47] (input port clocked by __VIRTUAL_CLK__)
Endpoint: result[49] (output port clocked by __VIRTUAL_CLK__)
Path Group: __VIRTUAL_CLK__
Path Type: min

Fanout         Cap        Slew       Delay        Time   Description
---------------------------------------------------------------------------------------------
                      0.000000    0.000000    0.000000   clock __VIRTUAL_CLK__ (rise edge)
                                  0.000000    0.000000   clock network delay (ideal)
                                  8.000000    8.000000 ^ input external delay
     1    0.004588    0.027490    0.015675    8.015675 ^ operand_b[47] (in)
                                                         operand_b[47] (net)
                      0.027499    0.000000    8.015675 ^ input111/A (sky130_fd_sc_hd__clkdlybuf4s25_1)
     3    0.013729    0.147064    0.297144    8.312819 ^ input111/X (sky130_fd_sc_hd__clkdlybuf4s25_1)
                                                         net111 (net)
                      0.147064    0.000280    8.313098 ^ _5409_/A (sky130_fd_sc_hd__nor2_2)
     1    0.002018    0.021725    0.048979    8.362078 v _5409_/Y (sky130_fd_sc_hd__nor2_2)
                                                         _1398_ (net)
                      0.021725    0.000017    8.362094 v _5410_/A2_N (sky130_fd_sc_hd__a2bb2o_2)
     3    0.013561    0.079028    0.237122    8.599216 ^ _5410_/X (sky130_fd_sc_hd__a2bb2o_2)
                                                         _1399_ (net)
                      0.079028    0.000258    8.599474 ^ _5411_/B1 (sky130_fd_sc_hd__a31o_2)
     4    0.021793    0.129013    0.167540    8.767015 ^ _5411_/X (sky130_fd_sc_hd__a31o_2)
                                                         _1400_ (net)
                      0.129013    0.000107    8.767120 ^ _5472_/A2 (sky130_fd_sc_hd__o21a_2)
     1    0.008735    0.057358    0.144368    8.911489 ^ _5472_/X (sky130_fd_sc_hd__o21a_2)
                                                         _1466_ (net)
                      0.057358    0.000071    8.911560 ^ _5473_/B (sky130_fd_sc_hd__xnor2_2)
     1    0.010392    0.058290    0.074571    8.986131 v _5473_/Y (sky130_fd_sc_hd__xnor2_2)
                                                         _1467_ (net)
                      0.058290    0.000239    8.986369 v _5488_/A2 (sky130_fd_sc_hd__o21ai_2)
     1    0.003656    0.044025    0.104653    9.091022 ^ _5488_/Y (sky130_fd_sc_hd__o21ai_2)
                                                         _1484_ (net)
                      0.044025    0.000035    9.091057 ^ _5489_/C1 (sky130_fd_sc_hd__a221o_2)
     2    0.016391    0.092032    0.138733    9.229791 ^ _5489_/X (sky130_fd_sc_hd__a221o_2)
                                                         net180 (net)
                      0.092032    0.000269    9.230060 ^ output180/A (sky130_fd_sc_hd__clkdlybuf4s25_1)
     1    0.037427    0.377086    0.472306    9.702366 ^ output180/X (sky130_fd_sc_hd__clkdlybuf4s25_1)
                                                         result[49] (net)
                      0.377086    0.000691    9.703056 ^ result[49] (out)
                                              9.703056   data arrival time

                      0.000000    0.000000    0.000000   clock __VIRTUAL_CLK__ (rise edge)
                                  0.000000    0.000000   clock network delay (ideal)
                                  0.250000    0.250000   clock uncertainty
                                  0.000000    0.250000   clock reconvergence pessimism
                                 -8.000000   -7.750000   output external delay
                                             -7.750000   data required time
---------------------------------------------------------------------------------------------
                                             -7.750000   data required time
                                             -9.703056   data arrival time
---------------------------------------------------------------------------------------------
                                             17.453056   slack (MET)


Startpoint: operand_b[53] (input port clocked by __VIRTUAL_CLK__)
Endpoint: result[54] (output port clocked by __VIRTUAL_CLK__)
Path Group: __VIRTUAL_CLK__
Path Type: min

Fanout         Cap        Slew       Delay        Time   Description
---------------------------------------------------------------------------------------------
                      0.000000    0.000000    0.000000   clock __VIRTUAL_CLK__ (rise edge)
                                  0.000000    0.000000   clock network delay (ideal)
                                  8.000000    8.000000 ^ input external delay
     1    0.004401    0.026680    0.015113    8.015113 ^ operand_b[53] (in)
                                                         operand_b[53] (net)
                      0.026688    0.000000    8.015113 ^ input118/A (sky130_fd_sc_hd__clkdlybuf4s25_1)
     6    0.034909    0.352714    0.434402    8.449515 ^ input118/X (sky130_fd_sc_hd__clkdlybuf4s25_1)
                                                         net118 (net)
                      0.352714    0.000671    8.450186 ^ _5637_/B (sky130_fd_sc_hd__or2_2)
     2    0.011248    0.071904    0.198202    8.648388 ^ _5637_/X (sky130_fd_sc_hd__or2_2)
                                                         _1643_ (net)
                      0.071904    0.000267    8.648655 ^ _5638_/B1 (sky130_fd_sc_hd__o31a_2)
     2    0.005862    0.047121    0.138832    8.787487 ^ _5638_/X (sky130_fd_sc_hd__o31a_2)
                                                         _1644_ (net)
                      0.047121    0.000053    8.787540 ^ _5639_/C (sky130_fd_sc_hd__and3_2)
     1    0.012121    0.083201    0.200533    8.988073 ^ _5639_/X (sky130_fd_sc_hd__and3_2)
                                                         _1645_ (net)
                      0.083201    0.000249    8.988322 ^ _5640_/B (sky130_fd_sc_hd__xnor2_2)
     1    0.004655    0.042248    0.105479    9.093801 ^ _5640_/Y (sky130_fd_sc_hd__xnor2_2)
                                                         _1646_ (net)
                      0.042248    0.000072    9.093873 ^ _5669_/A2 (sky130_fd_sc_hd__a221o_2)
     2    0.013406    0.077654    0.171775    9.265649 ^ _5669_/X (sky130_fd_sc_hd__a221o_2)
                                                         net186 (net)
                      0.077654    0.000281    9.265929 ^ output186/A (sky130_fd_sc_hd__clkdlybuf4s25_1)
     1    0.038211    0.384492    0.472685    9.738615 ^ output186/X (sky130_fd_sc_hd__clkdlybuf4s25_1)
                                                         result[54] (net)
                      0.384492    0.000680    9.739295 ^ result[54] (out)
                                              9.739295   data arrival time

                      0.000000    0.000000    0.000000   clock __VIRTUAL_CLK__ (rise edge)
                                  0.000000    0.000000   clock network delay (ideal)
                                  0.250000    0.250000   clock uncertainty
                                  0.000000    0.250000   clock reconvergence pessimism
                                 -8.000000   -7.750000   output external delay
                                             -7.750000   data required time
---------------------------------------------------------------------------------------------
                                             -7.750000   data required time
                                             -9.739295   data arrival time
---------------------------------------------------------------------------------------------
                                             17.489296   slack (MET)


Startpoint: operand_b[55] (input port clocked by __VIRTUAL_CLK__)
Endpoint: result[60] (output port clocked by __VIRTUAL_CLK__)
Path Group: __VIRTUAL_CLK__
Path Type: min

Fanout         Cap        Slew       Delay        Time   Description
---------------------------------------------------------------------------------------------
                      0.000000    0.000000    0.000000   clock __VIRTUAL_CLK__ (rise edge)
                                  0.000000    0.000000   clock network delay (ideal)
                                  8.000000    8.000000 ^ input external delay
     1    0.007436    0.040026    0.024494    8.024494 ^ operand_b[55] (in)
                                                         operand_b[55] (net)
                      0.040028    0.000000    8.024494 ^ input120/A (sky130_fd_sc_hd__clkdlybuf4s25_1)
     3    0.014307    0.152627    0.304968    8.329462 ^ input120/X (sky130_fd_sc_hd__clkdlybuf4s25_1)
                                                         net120 (net)
                      0.152627    0.000382    8.329844 ^ _5709_/C1 (sky130_fd_sc_hd__a211o_2)
     6    0.026031    0.127326    0.187523    8.517366 ^ _5709_/X (sky130_fd_sc_hd__a211o_2)
                                                         _1720_ (net)
                      0.127326    0.000194    8.517560 ^ _5722_/A1 (sky130_fd_sc_hd__a21o_2)
     2    0.007457    0.047027    0.144080    8.661640 ^ _5722_/X (sky130_fd_sc_hd__a21o_2)
                                                         _1734_ (net)
                      0.047027    0.000046    8.661687 ^ _5761_/A1 (sky130_fd_sc_hd__a21oi_2)
     4    0.014041    0.047126    0.068093    8.729780 v _5761_/Y (sky130_fd_sc_hd__a21oi_2)
                                                         _1776_ (net)
                      0.047126    0.000243    8.730023 v _5789_/C1 (sky130_fd_sc_hd__o2111a_2)
     3    0.012650    0.050393    0.161715    8.891738 v _5789_/X (sky130_fd_sc_hd__o2111a_2)
                                                         _1806_ (net)
                      0.050393    0.000219    8.891957 v _5825_/A (sky130_fd_sc_hd__nand3_2)
     4    0.017993    0.102290    0.100290    8.992248 ^ _5825_/Y (sky130_fd_sc_hd__nand3_2)
                                                         _1844_ (net)
                      0.102290    0.000216    8.992463 ^ _5853_/B (sky130_fd_sc_hd__nor2_2)
     1    0.011426    0.042157    0.058776    9.051239 v _5853_/Y (sky130_fd_sc_hd__nor2_2)
                                                         _1873_ (net)
                      0.042158    0.000217    9.051455 v _5854_/B (sky130_fd_sc_hd__xnor2_2)
     1    0.002862    0.035035    0.101767    9.153223 ^ _5854_/Y (sky130_fd_sc_hd__xnor2_2)
                                                         _1874_ (net)
                      0.035035    0.000023    9.153247 ^ _5871_/A2 (sky130_fd_sc_hd__a211o_2)
     2    0.009353    0.053031    0.130314    9.283561 ^ _5871_/X (sky130_fd_sc_hd__a211o_2)
                                                         net193 (net)
                      0.053031    0.000209    9.283770 ^ output193/A (sky130_fd_sc_hd__clkdlybuf4s25_1)
     1    0.037135    0.373754    0.457335    9.741104 ^ output193/X (sky130_fd_sc_hd__clkdlybuf4s25_1)
                                                         result[60] (net)
                      0.373754    0.001060    9.742165 ^ result[60] (out)
                                              9.742165   data arrival time

                      0.000000    0.000000    0.000000   clock __VIRTUAL_CLK__ (rise edge)
                                  0.000000    0.000000   clock network delay (ideal)
                                  0.250000    0.250000   clock uncertainty
                                  0.000000    0.250000   clock reconvergence pessimism
                                 -8.000000   -7.750000   output external delay
                                             -7.750000   data required time
---------------------------------------------------------------------------------------------
                                             -7.750000   data required time
                                             -9.742165   data arrival time
---------------------------------------------------------------------------------------------
                                             17.492165   slack (MET)


Startpoint: operand_b[7] (input port clocked by __VIRTUAL_CLK__)
Endpoint: result[8] (output port clocked by __VIRTUAL_CLK__)
Path Group: __VIRTUAL_CLK__
Path Type: min

Fanout         Cap        Slew       Delay        Time   Description
---------------------------------------------------------------------------------------------
                      0.000000    0.000000    0.000000   clock __VIRTUAL_CLK__ (rise edge)
                                  0.000000    0.000000   clock network delay (ideal)
                                  8.000000    8.000000 ^ input external delay
     1    0.004884    0.028786    0.016581    8.016581 ^ operand_b[7] (in)
                                                         operand_b[7] (net)
                      0.028786    0.000000    8.016581 ^ input131/A (sky130_fd_sc_hd__clkdlybuf4s25_1)
     3    0.016448    0.173344    0.315084    8.331664 ^ input131/X (sky130_fd_sc_hd__clkdlybuf4s25_1)
                                                         net131 (net)
                      0.173344    0.000648    8.332313 ^ _3740_/A1 (sky130_fd_sc_hd__o21a_2)
     1    0.007483    0.051076    0.165558    8.497871 ^ _3740_/X (sky130_fd_sc_hd__o21a_2)
                                                         _2947_ (net)
                      0.051076    0.000075    8.497947 ^ _3741_/B1 (sky130_fd_sc_hd__a41oi_2)
     3    0.039922    0.104974    0.090429    8.588376 v _3741_/Y (sky130_fd_sc_hd__a41oi_2)
                                                         _2948_ (net)
                      0.105156    0.003375    8.591751 v _3744_/A (sky130_fd_sc_hd__nand2_2)
     4    0.054475    0.280554    0.241895    8.833646 ^ _3744_/Y (sky130_fd_sc_hd__nand2_2)
                                                         _2951_ (net)
                      0.280559    0.000983    8.834629 ^ _3745_/B (sky130_fd_sc_hd__xnor2_2)
     1    0.009210    0.062342    0.157508    8.992137 ^ _3745_/Y (sky130_fd_sc_hd__xnor2_2)
                                                         _2952_ (net)
                      0.062342    0.000136    8.992273 ^ _3764_/B1 (sky130_fd_sc_hd__a221o_2)
     1    0.006051    0.044731    0.140189    9.132463 ^ _3764_/X (sky130_fd_sc_hd__a221o_2)
                                                         _2971_ (net)
                      0.044731    0.000083    9.132545 ^ _3765_/B1 (sky130_fd_sc_hd__a31o_2)
     2    0.019158    0.114885    0.146461    9.279006 ^ _3765_/X (sky130_fd_sc_hd__a31o_2)
                                                         net199 (net)
                      0.114886    0.000540    9.279547 ^ output199/A (sky130_fd_sc_hd__clkdlybuf4s25_1)
     1    0.035809    0.361529    0.469615    9.749161 ^ output199/X (sky130_fd_sc_hd__clkdlybuf4s25_1)
                                                         result[8] (net)
                      0.361529    0.000234    9.749395 ^ result[8] (out)
                                              9.749395   data arrival time

                      0.000000    0.000000    0.000000   clock __VIRTUAL_CLK__ (rise edge)
                                  0.000000    0.000000   clock network delay (ideal)
                                  0.250000    0.250000   clock uncertainty
                                  0.000000    0.250000   clock reconvergence pessimism
                                 -8.000000   -7.750000   output external delay
                                             -7.750000   data required time
---------------------------------------------------------------------------------------------
                                             -7.750000   data required time
                                             -9.749395   data arrival time
---------------------------------------------------------------------------------------------
                                             17.499395   slack (MET)


Startpoint: operand_b[36] (input port clocked by __VIRTUAL_CLK__)
Endpoint: result[39] (output port clocked by __VIRTUAL_CLK__)
Path Group: __VIRTUAL_CLK__
Path Type: min

Fanout         Cap        Slew       Delay        Time   Description
---------------------------------------------------------------------------------------------
                      0.000000    0.000000    0.000000   clock __VIRTUAL_CLK__ (rise edge)
                                  0.000000    0.000000   clock network delay (ideal)
                                  8.000000    8.000000 ^ input external delay
     1    0.004145    0.025570    0.014270    8.014271 ^ operand_b[36] (in)
                                                         operand_b[36] (net)
                      0.025570    0.000000    8.014271 ^ input99/A (sky130_fd_sc_hd__clkdlybuf4s25_1)
     3    0.015562    0.164755    0.308432    8.322702 ^ input99/X (sky130_fd_sc_hd__clkdlybuf4s25_1)
                                                         net99 (net)
                      0.164755    0.000259    8.322962 ^ _5040_/A2 (sky130_fd_sc_hd__a22o_2)
     1    0.006988    0.051779    0.174163    8.497125 ^ _5040_/X (sky130_fd_sc_hd__a22o_2)
                                                         _1002_ (net)
                      0.051779    0.000091    8.497216 ^ _5041_/B1 (sky130_fd_sc_hd__o21ai_2)
     4    0.020456    0.088388    0.089236    8.586452 v _5041_/Y (sky130_fd_sc_hd__o21ai_2)
                                                         _1003_ (net)
                      0.088389    0.000223    8.586676 v _5080_/B1 (sky130_fd_sc_hd__o21a_2)
     1    0.005003    0.029656    0.129670    8.716345 v _5080_/X (sky130_fd_sc_hd__o21a_2)
                                                         _1045_ (net)
                      0.029656    0.000068    8.716413 v _5081_/S (sky130_fd_sc_hd__mux2_2)
     1    0.015828    0.095625    0.248511    8.964924 ^ _5081_/X (sky130_fd_sc_hd__mux2_2)
                                                         _1046_ (net)
                      0.095625    0.000364    8.965288 ^ _5105_/A2 (sky130_fd_sc_hd__a21o_2)
     1    0.004614    0.033700    0.127294    9.092582 ^ _5105_/X (sky130_fd_sc_hd__a21o_2)
                                                         _1072_ (net)
                      0.033700    0.000052    9.092634 ^ _5106_/B1 (sky130_fd_sc_hd__a31o_2)
     2    0.029331    0.169373    0.179025    9.271659 ^ _5106_/X (sky130_fd_sc_hd__a31o_2)
                                                         net169 (net)
                      0.169377    0.000634    9.272293 ^ output169/A (sky130_fd_sc_hd__clkdlybuf4s25_1)
     1    0.036129    0.364682    0.484583    9.756877 ^ output169/X (sky130_fd_sc_hd__clkdlybuf4s25_1)
                                                         result[39] (net)
                      0.364682    0.000679    9.757556 ^ result[39] (out)
                                              9.757556   data arrival time

                      0.000000    0.000000    0.000000   clock __VIRTUAL_CLK__ (rise edge)
                                  0.000000    0.000000   clock network delay (ideal)
                                  0.250000    0.250000   clock uncertainty
                                  0.000000    0.250000   clock reconvergence pessimism
                                 -8.000000   -7.750000   output external delay
                                             -7.750000   data required time
---------------------------------------------------------------------------------------------
                                             -7.750000   data required time
                                             -9.757556   data arrival time
---------------------------------------------------------------------------------------------
                                             17.507557   slack (MET)


Startpoint: operand_b[27] (input port clocked by __VIRTUAL_CLK__)
Endpoint: result[32] (output port clocked by __VIRTUAL_CLK__)
Path Group: __VIRTUAL_CLK__
Path Type: min

Fanout         Cap        Slew       Delay        Time   Description
---------------------------------------------------------------------------------------------
                      0.000000    0.000000    0.000000   clock __VIRTUAL_CLK__ (rise edge)
                                  0.000000    0.000000   clock network delay (ideal)
                                  8.000000    8.000000 ^ input external delay
     1    0.003949    0.024718    0.013618    8.013618 ^ operand_b[27] (in)
                                                         operand_b[27] (net)
                      0.024718    0.000000    8.013618 ^ input89/A (sky130_fd_sc_hd__clkdlybuf4s25_1)
     4    0.017237    0.180923    0.319027    8.332644 ^ input89/X (sky130_fd_sc_hd__clkdlybuf4s25_1)
                                                         net89 (net)
                      0.180923    0.000393    8.333037 ^ _4626_/A2 (sky130_fd_sc_hd__a22o_2)
     3    0.012677    0.077303    0.199477    8.532515 ^ _4626_/X (sky130_fd_sc_hd__a22o_2)
                                                         _0596_ (net)
                      0.077304    0.000401    8.532915 ^ _4773_/A1_N (sky130_fd_sc_hd__o2bb2a_2)
     3    0.013727    0.058116    0.232581    8.765496 v _4773_/X (sky130_fd_sc_hd__o2bb2a_2)
                                                         _0739_ (net)
                      0.058118    0.000369    8.765864 v _4776_/A (sky130_fd_sc_hd__and2_2)
     4    0.020983    0.072951    0.206761    8.972626 v _4776_/X (sky130_fd_sc_hd__and2_2)
                                                         _0742_ (net)
                      0.072951    0.000326    8.972952 v _4777_/B (sky130_fd_sc_hd__xnor2_2)
     1    0.006993    0.052499    0.146241    9.119193 ^ _4777_/Y (sky130_fd_sc_hd__xnor2_2)
                                                         _0743_ (net)
                      0.052499    0.000169    9.119362 ^ _4812_/A2 (sky130_fd_sc_hd__a221o_2)
     2    0.013149    0.076409    0.173811    9.293173 ^ _4812_/X (sky130_fd_sc_hd__a221o_2)
                                                         net162 (net)
                      0.076409    0.000337    9.293509 ^ output162/A (sky130_fd_sc_hd__clkdlybuf4s25_1)
     1    0.037211    0.374789    0.465653    9.759163 ^ output162/X (sky130_fd_sc_hd__clkdlybuf4s25_1)
                                                         result[32] (net)
                      0.374789    0.000848    9.760011 ^ result[32] (out)
                                              9.760011   data arrival time

                      0.000000    0.000000    0.000000   clock __VIRTUAL_CLK__ (rise edge)
                                  0.000000    0.000000   clock network delay (ideal)
                                  0.250000    0.250000   clock uncertainty
                                  0.000000    0.250000   clock reconvergence pessimism
                                 -8.000000   -7.750000   output external delay
                                             -7.750000   data required time
---------------------------------------------------------------------------------------------
                                             -7.750000   data required time
                                             -9.760011   data arrival time
---------------------------------------------------------------------------------------------
                                             17.510012   slack (MET)


Startpoint: operand_a[24] (input port clocked by __VIRTUAL_CLK__)
Endpoint: result[25] (output port clocked by __VIRTUAL_CLK__)
Path Group: __VIRTUAL_CLK__
Path Type: min

Fanout         Cap        Slew       Delay        Time   Description
---------------------------------------------------------------------------------------------
                      0.000000    0.000000    0.000000   clock __VIRTUAL_CLK__ (rise edge)
                                  0.000000    0.000000   clock network delay (ideal)
                                  8.000000    8.000000 v input external delay
     1    0.005355    0.014394    0.008253    8.008253 v operand_a[24] (in)
                                                         operand_a[24] (net)
                      0.014395    0.000000    8.008253 v input22/A (sky130_fd_sc_hd__clkdlybuf4s25_1)
     2    0.023541    0.179089    0.327360    8.335613 v input22/X (sky130_fd_sc_hd__clkdlybuf4s25_1)
                                                         net22 (net)
                      0.179090    0.000744    8.336358 v fanout569/A (sky130_fd_sc_hd__clkdlybuf4s25_1)
    10    0.049129    0.360111    0.518106    8.854465 v fanout569/X (sky130_fd_sc_hd__clkdlybuf4s25_1)
                                                         net569 (net)
                      0.360113    0.001383    8.855847 v _4483_/A1 (sky130_fd_sc_hd__o211ai_2)
     1    0.002861    0.057904    0.245755    9.101603 ^ _4483_/Y (sky130_fd_sc_hd__o211ai_2)
                                                         _0456_ (net)
                      0.057904    0.000013    9.101616 ^ _4525_/A2 (sky130_fd_sc_hd__a31o_2)
     2    0.017665    0.106838    0.196037    9.297652 ^ _4525_/X (sky130_fd_sc_hd__a31o_2)
                                                         net154 (net)
                      0.106838    0.000196    9.297849 ^ output154/A (sky130_fd_sc_hd__clkdlybuf4s25_1)
     1    0.037047    0.373620    0.474636    9.772486 ^ output154/X (sky130_fd_sc_hd__clkdlybuf4s25_1)
                                                         result[25] (net)
                      0.373620    0.000773    9.773258 ^ result[25] (out)
                                              9.773258   data arrival time

                      0.000000    0.000000    0.000000   clock __VIRTUAL_CLK__ (rise edge)
                                  0.000000    0.000000   clock network delay (ideal)
                                  0.250000    0.250000   clock uncertainty
                                  0.000000    0.250000   clock reconvergence pessimism
                                 -8.000000   -7.750000   output external delay
                                             -7.750000   data required time
---------------------------------------------------------------------------------------------
                                             -7.750000   data required time
                                             -9.773258   data arrival time
---------------------------------------------------------------------------------------------
                                             17.523258   slack (MET)


Startpoint: cmd[2] (input port clocked by __VIRTUAL_CLK__)
Endpoint: result[6] (output port clocked by __VIRTUAL_CLK__)
Path Group: __VIRTUAL_CLK__
Path Type: min

Fanout         Cap        Slew       Delay        Time   Description
---------------------------------------------------------------------------------------------
                      0.000000    0.000000    0.000000   clock __VIRTUAL_CLK__ (rise edge)
                                  0.000000    0.000000   clock network delay (ideal)
                                  8.000000    8.000000 ^ input external delay
     1    0.007728    0.041323    0.025389    8.025389 ^ cmd[2] (in)
                                                         cmd[2] (net)
                      0.041325    0.000000    8.025389 ^ input4/A (sky130_fd_sc_hd__clkdlybuf4s25_1)
     4    0.070581    0.700996    0.670577    8.695965 ^ input4/X (sky130_fd_sc_hd__clkdlybuf4s25_1)
                                                         net4 (net)
                      0.701001    0.001613    8.697578 ^ _3606_/A (sky130_fd_sc_hd__or2_2)
     6    0.107586    0.542683    0.563058    9.260636 ^ _3606_/X (sky130_fd_sc_hd__or2_2)
                                                         _2815_ (net)
                      0.542836    0.001713    9.262349 ^ _3661_/A1 (sky130_fd_sc_hd__o21ai_2)
     1    0.004721    0.029833    0.116325    9.378675 v _3661_/Y (sky130_fd_sc_hd__o21ai_2)
                                                         net197 (net)
                      0.029833    0.000078    9.378753 v output197/A (sky130_fd_sc_hd__clkdlybuf4s25_1)
     1    0.036139    0.268364    0.397140    9.775892 v output197/X (sky130_fd_sc_hd__clkdlybuf4s25_1)
                                                         result[6] (net)
                      0.268364    0.000248    9.776140 v result[6] (out)
                                              9.776140   data arrival time

                      0.000000    0.000000    0.000000   clock __VIRTUAL_CLK__ (rise edge)
                                  0.000000    0.000000   clock network delay (ideal)
                                  0.250000    0.250000   clock uncertainty
                                  0.000000    0.250000   clock reconvergence pessimism
                                 -8.000000   -7.750000   output external delay
                                             -7.750000   data required time
---------------------------------------------------------------------------------------------
                                             -7.750000   data required time
                                             -9.776140   data arrival time
---------------------------------------------------------------------------------------------
                                             17.526140   slack (MET)


Startpoint: operand_a[1] (input port clocked by __VIRTUAL_CLK__)
Endpoint: result[5] (output port clocked by __VIRTUAL_CLK__)
Path Group: __VIRTUAL_CLK__
Path Type: min

Fanout         Cap        Slew       Delay        Time   Description
---------------------------------------------------------------------------------------------
                      0.000000    0.000000    0.000000   clock __VIRTUAL_CLK__ (rise edge)
                                  0.000000    0.000000   clock network delay (ideal)
                                  8.000000    8.000000 ^ input external delay
     1    0.007252    0.039214    0.023929    8.023930 ^ operand_a[1] (in)
                                                         operand_a[1] (net)
                      0.039216    0.000000    8.023930 ^ input17/A (sky130_fd_sc_hd__clkdlybuf4s25_1)
     4    0.021825    0.225155    0.353721    8.377651 ^ input17/X (sky130_fd_sc_hd__clkdlybuf4s25_1)
                                                         net17 (net)
                      0.225155    0.000407    8.378057 ^ _3465_/A2 (sky130_fd_sc_hd__a31o_2)
     2    0.011477    0.081239    0.216033    8.594091 ^ _3465_/X (sky130_fd_sc_hd__a31o_2)
                                                         _2677_ (net)
                      0.081239    0.000183    8.594274 ^ _3466_/B2 (sky130_fd_sc_hd__o22a_2)
     4    0.021064    0.114683    0.184346    8.778620 ^ _3466_/X (sky130_fd_sc_hd__o22a_2)
                                                         _2678_ (net)
                      0.114683    0.000143    8.778763 ^ _3567_/A1 (sky130_fd_sc_hd__o31a_2)
     3    0.019319    0.113288    0.205127    8.983891 ^ _3567_/X (sky130_fd_sc_hd__o31a_2)
                                                         _2777_ (net)
                      0.113289    0.000476    8.984366 ^ _3568_/B (sky130_fd_sc_hd__xor2_2)
     1    0.002997    0.070235    0.126242    9.110608 ^ _3568_/X (sky130_fd_sc_hd__xor2_2)
                                                         _2778_ (net)
                      0.070235    0.000026    9.110634 ^ _3604_/A2 (sky130_fd_sc_hd__a211o_2)
     1    0.003669    0.029157    0.119723    9.230357 ^ _3604_/X (sky130_fd_sc_hd__a211o_2)
                                                         _2814_ (net)
                      0.029157    0.000039    9.230396 ^ _3605_/C1 (sky130_fd_sc_hd__a211o_2)
     2    0.007803    0.046436    0.092169    9.322565 ^ _3605_/X (sky130_fd_sc_hd__a211o_2)
                                                         net192 (net)
                      0.046436    0.000073    9.322639 ^ output192/A (sky130_fd_sc_hd__clkdlybuf4s25_1)
     1    0.036763    0.370140    0.453293    9.775931 ^ output192/X (sky130_fd_sc_hd__clkdlybuf4s25_1)
                                                         result[5] (net)
                      0.370140    0.000244    9.776175 ^ result[5] (out)
                                              9.776175   data arrival time

                      0.000000    0.000000    0.000000   clock __VIRTUAL_CLK__ (rise edge)
                                  0.000000    0.000000   clock network delay (ideal)
                                  0.250000    0.250000   clock uncertainty
                                  0.000000    0.250000   clock reconvergence pessimism
                                 -8.000000   -7.750000   output external delay
                                             -7.750000   data required time
---------------------------------------------------------------------------------------------
                                             -7.750000   data required time
                                             -9.776175   data arrival time
---------------------------------------------------------------------------------------------
                                             17.526176   slack (MET)


Startpoint: cmd[1] (input port clocked by __VIRTUAL_CLK__)
Endpoint: result[0] (output port clocked by __VIRTUAL_CLK__)
Path Group: __VIRTUAL_CLK__
Path Type: min

Fanout         Cap        Slew       Delay        Time   Description
---------------------------------------------------------------------------------------------
                      0.000000    0.000000    0.000000   clock __VIRTUAL_CLK__ (rise edge)
                                  0.000000    0.000000   clock network delay (ideal)
                                  8.000000    8.000000 v input external delay
     1    0.005597    0.014915    0.008629    8.008629 v cmd[1] (in)
                                                         cmd[1] (net)
                      0.014916    0.000000    8.008629 v input3/A (sky130_fd_sc_hd__clkdlybuf4s25_1)
     1    0.002936    0.040741    0.217987    8.226616 v input3/X (sky130_fd_sc_hd__clkdlybuf4s25_1)
                                                         net3 (net)
                      0.040741    0.000019    8.226635 v fanout552/A (sky130_fd_sc_hd__clkdlybuf4s25_1)
     7    0.040457    0.299727    0.422141    8.648775 v fanout552/X (sky130_fd_sc_hd__clkdlybuf4s25_1)
                                                         net552 (net)
                      0.299730    0.001266    8.650041 v _3265_/C_N (sky130_fd_sc_hd__or3b_2)
     2    0.005957    0.047666    0.289668    8.939709 ^ _3265_/X (sky130_fd_sc_hd__or3b_2)
                                                         _1502_ (net)
                      0.047666    0.000057    8.939766 ^ _3271_/C (sky130_fd_sc_hd__or4_2)
     1    0.007897    0.050721    0.115620    9.055386 ^ _3271_/X (sky130_fd_sc_hd__or4_2)
                                                         _1566_ (net)
                      0.050721    0.000182    9.055568 ^ _3272_/C1 (sky130_fd_sc_hd__o221a_2)
     1    0.006515    0.058593    0.171492    9.227060 ^ _3272_/X (sky130_fd_sc_hd__o221a_2)
                                                         _1577_ (net)
                      0.058593    0.000101    9.227161 ^ _3297_/B1 (sky130_fd_sc_hd__o211ai_2)
     2    0.013565    0.109254    0.119084    9.346246 v _3297_/Y (sky130_fd_sc_hd__o211ai_2)
                                                         net137 (net)
                      0.109254    0.000274    9.346520 v output137/A (sky130_fd_sc_hd__clkdlybuf4s25_1)
     1    0.036305    0.269077    0.430386    9.776907 v output137/X (sky130_fd_sc_hd__clkdlybuf4s25_1)
                                                         result[0] (net)
                      0.269077    0.000681    9.777588 v result[0] (out)
                                              9.777588   data arrival time

                      0.000000    0.000000    0.000000   clock __VIRTUAL_CLK__ (rise edge)
                                  0.000000    0.000000   clock network delay (ideal)
                                  0.250000    0.250000   clock uncertainty
                                  0.000000    0.250000   clock reconvergence pessimism
                                 -8.000000   -7.750000   output external delay
                                             -7.750000   data required time
---------------------------------------------------------------------------------------------
                                             -7.750000   data required time
                                             -9.777588   data arrival time
---------------------------------------------------------------------------------------------
                                             17.527588   slack (MET)


Startpoint: operand_b[20] (input port clocked by __VIRTUAL_CLK__)
Endpoint: result[21] (output port clocked by __VIRTUAL_CLK__)
Path Group: __VIRTUAL_CLK__
Path Type: min

Fanout         Cap        Slew       Delay        Time   Description
---------------------------------------------------------------------------------------------
                      0.000000    0.000000    0.000000   clock __VIRTUAL_CLK__ (rise edge)
                                  0.000000    0.000000   clock network delay (ideal)
                                  8.000000    8.000000 ^ input external delay
     1    0.004354    0.026477    0.014966    8.014966 ^ operand_b[20] (in)
                                                         operand_b[20] (net)
                      0.026477    0.000000    8.014966 ^ input82/A (sky130_fd_sc_hd__clkdlybuf4s25_1)
     1    0.003820    0.053179    0.231536    8.246502 ^ input82/X (sky130_fd_sc_hd__clkdlybuf4s25_1)
                                                         net82 (net)
                      0.053179    0.000045    8.246547 ^ fanout370/A (sky130_fd_sc_hd__clkdlybuf4s25_1)
    10    0.051655    0.514695    0.552162    8.798709 ^ fanout370/X (sky130_fd_sc_hd__clkdlybuf4s25_1)
                                                         net370 (net)
                      0.514695    0.000413    8.799122 ^ _4317_/A1 (sky130_fd_sc_hd__a21oi_2)
     1    0.012355    0.035650    0.143408    8.942530 v _4317_/Y (sky130_fd_sc_hd__a21oi_2)
                                                         _0294_ (net)
                      0.035666    0.000236    8.942766 v _4318_/B (sky130_fd_sc_hd__xnor2_2)
     1    0.007397    0.049848    0.125384    9.068150 v _4318_/Y (sky130_fd_sc_hd__xnor2_2)
                                                         _0295_ (net)
                      0.049848    0.000139    9.068290 v _4319_/B (sky130_fd_sc_hd__nor2_2)
     1    0.002825    0.060481    0.067553    9.135842 ^ _4319_/Y (sky130_fd_sc_hd__nor2_2)
                                                         _0296_ (net)
                      0.060481    0.000022    9.135865 ^ _4345_/B1 (sky130_fd_sc_hd__a211o_2)
     2    0.026654    0.130058    0.164356    9.300220 ^ _4345_/X (sky130_fd_sc_hd__a211o_2)
                                                         net150 (net)
                      0.130088    0.001561    9.301781 ^ output150/A (sky130_fd_sc_hd__clkdlybuf4s25_1)
     1    0.036392    0.367404    0.477320    9.779101 ^ output150/X (sky130_fd_sc_hd__clkdlybuf4s25_1)
                                                         result[21] (net)
                      0.367404    0.000682    9.779783 ^ result[21] (out)
                                              9.779783   data arrival time

                      0.000000    0.000000    0.000000   clock __VIRTUAL_CLK__ (rise edge)
                                  0.000000    0.000000   clock network delay (ideal)
                                  0.250000    0.250000   clock uncertainty
                                  0.000000    0.250000   clock reconvergence pessimism
                                 -8.000000   -7.750000   output external delay
                                             -7.750000   data required time
---------------------------------------------------------------------------------------------
                                             -7.750000   data required time
                                             -9.779783   data arrival time
---------------------------------------------------------------------------------------------
                                             17.529783   slack (MET)


Startpoint: cmd[3] (input port clocked by __VIRTUAL_CLK__)
Endpoint: result[11] (output port clocked by __VIRTUAL_CLK__)
Path Group: __VIRTUAL_CLK__
Path Type: min

Fanout         Cap        Slew       Delay        Time   Description
---------------------------------------------------------------------------------------------
                      0.000000    0.000000    0.000000   clock __VIRTUAL_CLK__ (rise edge)
                                  0.000000    0.000000   clock network delay (ideal)
                                  8.000000    8.000000 v input external delay
     1    0.011063    0.026839    0.017068    8.017068 v cmd[3] (in)
                                                         cmd[3] (net)
                      0.026841    0.000000    8.017068 v input5/A (sky130_fd_sc_hd__clkdlybuf4s25_1)
     1    0.006723    0.065498    0.245167    8.262235 v input5/X (sky130_fd_sc_hd__clkdlybuf4s25_1)
                                                         net5 (net)
                      0.065498    0.000203    8.262437 v fanout501/A (sky130_fd_sc_hd__clkdlybuf4s25_1)
     6    0.067088    0.489000    0.565525    8.827962 v fanout501/X (sky130_fd_sc_hd__clkdlybuf4s25_1)
                                                         net501 (net)
                      0.489004    0.001867    8.829828 v _3893_/B1 (sky130_fd_sc_hd__a21oi_2)
     1    0.003272    0.073426    0.235687    9.065516 ^ _3893_/Y (sky130_fd_sc_hd__a21oi_2)
                                                         _3097_ (net)
                      0.073426    0.000029    9.065545 ^ _3894_/D1 (sky130_fd_sc_hd__a2111o_2)
     1    0.005634    0.037589    0.097057    9.162601 ^ _3894_/X (sky130_fd_sc_hd__a2111o_2)
                                                         _3098_ (net)
                      0.037589    0.000073    9.162675 ^ _3904_/B1 (sky130_fd_sc_hd__a211o_2)
     1    0.003270    0.027392    0.082762    9.245437 ^ _3904_/X (sky130_fd_sc_hd__a211o_2)
                                                         _3108_ (net)
                      0.027392    0.000032    9.245469 ^ _3905_/B1 (sky130_fd_sc_hd__a31o_2)
     2    0.007227    0.052841    0.096308    9.341777 ^ _3905_/X (sky130_fd_sc_hd__a31o_2)
                                                         net139 (net)
                      0.052841    0.000092    9.341868 ^ output139/A (sky130_fd_sc_hd__clkdlybuf4s25_1)
     1    0.036270    0.365207    0.452101    9.793970 ^ output139/X (sky130_fd_sc_hd__clkdlybuf4s25_1)
                                                         result[11] (net)
                      0.365207    0.000422    9.794393 ^ result[11] (out)
                                              9.794393   data arrival time

                      0.000000    0.000000    0.000000   clock __VIRTUAL_CLK__ (rise edge)
                                  0.000000    0.000000   clock network delay (ideal)
                                  0.250000    0.250000   clock uncertainty
                                  0.000000    0.250000   clock reconvergence pessimism
                                 -8.000000   -7.750000   output external delay
                                             -7.750000   data required time
---------------------------------------------------------------------------------------------
                                             -7.750000   data required time
                                             -9.794393   data arrival time
---------------------------------------------------------------------------------------------
                                             17.544392   slack (MET)


Startpoint: operand_b[47] (input port clocked by __VIRTUAL_CLK__)
Endpoint: result[55] (output port clocked by __VIRTUAL_CLK__)
Path Group: __VIRTUAL_CLK__
Path Type: min

Fanout         Cap        Slew       Delay        Time   Description
---------------------------------------------------------------------------------------------
                      0.000000    0.000000    0.000000   clock __VIRTUAL_CLK__ (rise edge)
                                  0.000000    0.000000   clock network delay (ideal)
                                  8.000000    8.000000 ^ input external delay
     1    0.004588    0.027490    0.015675    8.015675 ^ operand_b[47] (in)
                                                         operand_b[47] (net)
                      0.027499    0.000000    8.015675 ^ input111/A (sky130_fd_sc_hd__clkdlybuf4s25_1)
     3    0.013729    0.147064    0.297144    8.312819 ^ input111/X (sky130_fd_sc_hd__clkdlybuf4s25_1)
                                                         net111 (net)
                      0.147064    0.000280    8.313098 ^ _5409_/A (sky130_fd_sc_hd__nor2_2)
     1    0.002018    0.021725    0.048979    8.362078 v _5409_/Y (sky130_fd_sc_hd__nor2_2)
                                                         _1398_ (net)
                      0.021725    0.000017    8.362094 v _5410_/A2_N (sky130_fd_sc_hd__a2bb2o_2)
     3    0.013561    0.079028    0.237122    8.599216 ^ _5410_/X (sky130_fd_sc_hd__a2bb2o_2)
                                                         _1399_ (net)
                      0.079028    0.000324    8.599541 ^ _5687_/A1 (sky130_fd_sc_hd__a211o_2)
     1    0.003114    0.026964    0.117056    8.716597 ^ _5687_/X (sky130_fd_sc_hd__a211o_2)
                                                         _1697_ (net)
                      0.026964    0.000028    8.716624 ^ _5688_/B1 (sky130_fd_sc_hd__a41o_2)
     3    0.017893    0.094044    0.127923    8.844547 ^ _5688_/X (sky130_fd_sc_hd__a41o_2)
                                                         _1698_ (net)
                      0.094044    0.000193    8.844740 ^ _5694_/A1 (sky130_fd_sc_hd__a22oi_2)
     1    0.008804    0.061928    0.090690    8.935431 v _5694_/Y (sky130_fd_sc_hd__a22oi_2)
                                                         _1704_ (net)
                      0.061928    0.000053    8.935484 v _5695_/B (sky130_fd_sc_hd__xnor2_2)
     1    0.006425    0.046112    0.132483    9.067967 v _5695_/Y (sky130_fd_sc_hd__xnor2_2)
                                                         _1705_ (net)
                      0.046112    0.000103    9.068070 v _5696_/B (sky130_fd_sc_hd__nor2_2)
     1    0.004219    0.073907    0.076394    9.144464 ^ _5696_/Y (sky130_fd_sc_hd__nor2_2)
                                                         _1707_ (net)
                      0.073907    0.000040    9.144505 ^ _5707_/B (sky130_fd_sc_hd__or4b_4)
     1    0.006146    0.034757    0.120791    9.265295 ^ _5707_/X (sky130_fd_sc_hd__or4b_4)
                                                         _1719_ (net)
                      0.034764    0.000074    9.265369 ^ _5708_/A (sky130_fd_sc_hd__buf_6)
     2    0.013811    0.039709    0.087899    9.353269 ^ _5708_/X (sky130_fd_sc_hd__buf_6)
                                                         net187 (net)
                      0.039709    0.000155    9.353423 ^ output187/A (sky130_fd_sc_hd__clkdlybuf4s25_1)
     1    0.035796    0.361001    0.444534    9.797957 ^ output187/X (sky130_fd_sc_hd__clkdlybuf4s25_1)
                                                         result[55] (net)
                      0.361001    0.000562    9.798519 ^ result[55] (out)
                                              9.798519   data arrival time

                      0.000000    0.000000    0.000000   clock __VIRTUAL_CLK__ (rise edge)
                                  0.000000    0.000000   clock network delay (ideal)
                                  0.250000    0.250000   clock uncertainty
                                  0.000000    0.250000   clock reconvergence pessimism
                                 -8.000000   -7.750000   output external delay
                                             -7.750000   data required time
---------------------------------------------------------------------------------------------
                                             -7.750000   data required time
                                             -9.798519   data arrival time
---------------------------------------------------------------------------------------------
                                             17.548519   slack (MET)


Startpoint: operand_b[52] (input port clocked by __VIRTUAL_CLK__)
Endpoint: result[52] (output port clocked by __VIRTUAL_CLK__)
Path Group: __VIRTUAL_CLK__
Path Type: min

Fanout         Cap        Slew       Delay        Time   Description
---------------------------------------------------------------------------------------------
                      0.000000    0.000000    0.000000   clock __VIRTUAL_CLK__ (rise edge)
                                  0.000000    0.000000   clock network delay (ideal)
                                  8.000000    8.000000 ^ input external delay
     1    0.005193    0.030135    0.017534    8.017533 ^ operand_b[52] (in)
                                                         operand_b[52] (net)
                      0.030136    0.000000    8.017533 ^ input117/A (sky130_fd_sc_hd__clkdlybuf4s25_1)
     2    0.011529    0.125858    0.283761    8.301294 ^ input117/X (sky130_fd_sc_hd__clkdlybuf4s25_1)
                                                         net117 (net)
                      0.125858    0.000203    8.301497 ^ fanout635/A (sky130_fd_sc_hd__clkdlybuf4s25_1)
     5    0.021438    0.221478    0.379432    8.680929 ^ fanout635/X (sky130_fd_sc_hd__clkdlybuf4s25_1)
                                                         net635 (net)
                      0.221478    0.000182    8.681111 ^ _5593_/A1 (sky130_fd_sc_hd__a221o_2)
     1    0.007280    0.049791    0.201023    8.882134 ^ _5593_/X (sky130_fd_sc_hd__a221o_2)
                                                         _1596_ (net)
                      0.049791    0.000193    8.882327 ^ _5594_/B1 (sky130_fd_sc_hd__a221o_2)
     1    0.003255    0.033406    0.123645    9.005972 ^ _5594_/X (sky130_fd_sc_hd__a221o_2)
                                                         _1597_ (net)
                      0.033406    0.000023    9.005996 ^ _5595_/C1 (sky130_fd_sc_hd__a211o_2)
     1    0.002942    0.026294    0.076617    9.082612 ^ _5595_/X (sky130_fd_sc_hd__a211o_2)
                                                         _1598_ (net)
                      0.026295    0.000026    9.082638 ^ _5596_/C1 (sky130_fd_sc_hd__a221o_2)
     2    0.043609    0.224531    0.222527    9.305165 ^ _5596_/X (sky130_fd_sc_hd__a221o_2)
                                                         net184 (net)
                      0.224535    0.000693    9.305858 ^ output184/A (sky130_fd_sc_hd__clkdlybuf4s25_1)
     1    0.037719    0.379986    0.507441    9.813299 ^ output184/X (sky130_fd_sc_hd__clkdlybuf4s25_1)
                                                         result[52] (net)
                      0.379986    0.000798    9.814096 ^ result[52] (out)
                                              9.814096   data arrival time

                      0.000000    0.000000    0.000000   clock __VIRTUAL_CLK__ (rise edge)
                                  0.000000    0.000000   clock network delay (ideal)
                                  0.250000    0.250000   clock uncertainty
                                  0.000000    0.250000   clock reconvergence pessimism
                                 -8.000000   -7.750000   output external delay
                                             -7.750000   data required time
---------------------------------------------------------------------------------------------
                                             -7.750000   data required time
                                             -9.814096   data arrival time
---------------------------------------------------------------------------------------------
                                             17.564096   slack (MET)


Startpoint: operand_b[23] (input port clocked by __VIRTUAL_CLK__)
Endpoint: result[24] (output port clocked by __VIRTUAL_CLK__)
Path Group: __VIRTUAL_CLK__
Path Type: min

Fanout         Cap        Slew       Delay        Time   Description
---------------------------------------------------------------------------------------------
                      0.000000    0.000000    0.000000   clock __VIRTUAL_CLK__ (rise edge)
                                  0.000000    0.000000   clock network delay (ideal)
                                  8.000000    8.000000 ^ input external delay
     1    0.007058    0.038353    0.023316    8.023316 ^ operand_b[23] (in)
                                                         operand_b[23] (net)
                      0.038354    0.000000    8.023316 ^ input85/A (sky130_fd_sc_hd__buf_1)
     5    0.030939    0.362978    0.285855    8.309172 ^ input85/X (sky130_fd_sc_hd__buf_1)
                                                         net85 (net)
                      0.362978    0.000138    8.309309 ^ _4451_/A1 (sky130_fd_sc_hd__a21oi_2)
     1    0.005215    0.040472    0.095380    8.404689 v _4451_/Y (sky130_fd_sc_hd__a21oi_2)
                                                         _0425_ (net)
                      0.040472    0.000058    8.404746 v _4452_/B2 (sky130_fd_sc_hd__o22ai_2)
     1    0.011776    0.193513    0.137637    8.542383 ^ _4452_/Y (sky130_fd_sc_hd__o22ai_2)
                                                         _0426_ (net)
                      0.193513    0.000381    8.542764 ^ _4453_/B1 (sky130_fd_sc_hd__a31oi_2)
     2    0.026543    0.095964    0.115618    8.658381 v _4453_/Y (sky130_fd_sc_hd__a31oi_2)
                                                         _0427_ (net)
                      0.096003    0.000472    8.658854 v _4454_/B (sky130_fd_sc_hd__nand2_2)
     5    0.023087    0.126497    0.142974    8.801827 ^ _4454_/Y (sky130_fd_sc_hd__nand2_2)
                                                         _0428_ (net)
                      0.126497    0.000147    8.801974 ^ _4455_/B (sky130_fd_sc_hd__xor2_2)
     1    0.004346    0.084538    0.138655    8.940630 ^ _4455_/X (sky130_fd_sc_hd__xor2_2)
                                                         _0429_ (net)
                      0.084538    0.000060    8.940689 ^ _4477_/A2 (sky130_fd_sc_hd__a221o_2)
     1    0.004228    0.038015    0.147226    9.087915 ^ _4477_/X (sky130_fd_sc_hd__a221o_2)
                                                         _0451_ (net)
                      0.038026    0.000044    9.087960 ^ _4479_/B (sky130_fd_sc_hd__or3b_2)
     1    0.003683    0.035036    0.096080    9.184040 ^ _4479_/X (sky130_fd_sc_hd__or3b_2)
                                                         _0453_ (net)
                      0.035036    0.000046    9.184087 ^ _4480_/A (sky130_fd_sc_hd__buf_1)
     2    0.014268    0.173274    0.159638    9.343724 ^ _4480_/X (sky130_fd_sc_hd__buf_1)
                                                         net153 (net)
                      0.173275    0.000252    9.343977 ^ output153/A (sky130_fd_sc_hd__clkdlybuf4s25_1)
     1    0.034992    0.353540    0.478220    9.822197 ^ output153/X (sky130_fd_sc_hd__clkdlybuf4s25_1)
                                                         result[24] (net)
                      0.353540    0.000488    9.822684 ^ result[24] (out)
                                              9.822684   data arrival time

                      0.000000    0.000000    0.000000   clock __VIRTUAL_CLK__ (rise edge)
                                  0.000000    0.000000   clock network delay (ideal)
                                  0.250000    0.250000   clock uncertainty
                                  0.000000    0.250000   clock reconvergence pessimism
                                 -8.000000   -7.750000   output external delay
                                             -7.750000   data required time
---------------------------------------------------------------------------------------------
                                             -7.750000   data required time
                                             -9.822684   data arrival time
---------------------------------------------------------------------------------------------
                                             17.572685   slack (MET)


Startpoint: operand_b[22] (input port clocked by __VIRTUAL_CLK__)
Endpoint: result[22] (output port clocked by __VIRTUAL_CLK__)
Path Group: __VIRTUAL_CLK__
Path Type: min

Fanout         Cap        Slew       Delay        Time   Description
---------------------------------------------------------------------------------------------
                      0.000000    0.000000    0.000000   clock __VIRTUAL_CLK__ (rise edge)
                                  0.000000    0.000000   clock network delay (ideal)
                                  8.000000    8.000000 ^ input external delay
     1    0.004490    0.027067    0.015388    8.015388 ^ operand_b[22] (in)
                                                         operand_b[22] (net)
                      0.027076    0.000000    8.015388 ^ input84/A (sky130_fd_sc_hd__clkdlybuf4s25_1)
     2    0.009527    0.106620    0.269743    8.285131 ^ input84/X (sky130_fd_sc_hd__clkdlybuf4s25_1)
                                                         net84 (net)
                      0.106620    0.000065    8.285196 ^ fanout367/A (sky130_fd_sc_hd__clkdlybuf4s25_1)
    10    0.047061    0.471355    0.539481    8.824677 ^ fanout367/X (sky130_fd_sc_hd__clkdlybuf4s25_1)
                                                         net367 (net)
                      0.471355    0.001203    8.825880 ^ _4371_/A1 (sky130_fd_sc_hd__a221o_2)
     1    0.010205    0.063431    0.267799    9.093679 ^ _4371_/X (sky130_fd_sc_hd__a221o_2)
                                                         _0347_ (net)
                      0.063433    0.000407    9.094086 ^ _4391_/A2 (sky130_fd_sc_hd__a221o_2)
     1    0.005171    0.040238    0.144999    9.239084 ^ _4391_/X (sky130_fd_sc_hd__a221o_2)
                                                         _0367_ (net)
                      0.040238    0.000075    9.239160 ^ _4392_/C1 (sky130_fd_sc_hd__a221o_2)
     2    0.017033    0.095123    0.139502    9.378662 ^ _4392_/X (sky130_fd_sc_hd__a221o_2)
                                                         net151 (net)
                      0.095123    0.000341    9.379003 ^ output151/A (sky130_fd_sc_hd__clkdlybuf4s25_1)
     1    0.036735    0.370342    0.468945    9.847948 ^ output151/X (sky130_fd_sc_hd__clkdlybuf4s25_1)
                                                         result[22] (net)
                      0.370342    0.000517    9.848465 ^ result[22] (out)
                                              9.848465   data arrival time

                      0.000000    0.000000    0.000000   clock __VIRTUAL_CLK__ (rise edge)
                                  0.000000    0.000000   clock network delay (ideal)
                                  0.250000    0.250000   clock uncertainty
                                  0.000000    0.250000   clock reconvergence pessimism
                                 -8.000000   -7.750000   output external delay
                                             -7.750000   data required time
---------------------------------------------------------------------------------------------
                                             -7.750000   data required time
                                             -9.848465   data arrival time
---------------------------------------------------------------------------------------------
                                             17.598463   slack (MET)


Startpoint: operand_b[23] (input port clocked by __VIRTUAL_CLK__)
Endpoint: result[27] (output port clocked by __VIRTUAL_CLK__)
Path Group: __VIRTUAL_CLK__
Path Type: min

Fanout         Cap        Slew       Delay        Time   Description
---------------------------------------------------------------------------------------------
                      0.000000    0.000000    0.000000   clock __VIRTUAL_CLK__ (rise edge)
                                  0.000000    0.000000   clock network delay (ideal)
                                  8.000000    8.000000 v input external delay
     1    0.006882    0.017705    0.010630    8.010630 v operand_b[23] (in)
                                                         operand_b[23] (net)
                      0.017707    0.000000    8.010630 v input85/A (sky130_fd_sc_hd__buf_1)
     5    0.029243    0.171306    0.179742    8.190372 v input85/X (sky130_fd_sc_hd__buf_1)
                                                         net85 (net)
                      0.171306    0.000216    8.190588 v _4397_/B (sky130_fd_sc_hd__xor2_2)
     3    0.014870    0.059632    0.206119    8.396707 v _4397_/X (sky130_fd_sc_hd__xor2_2)
                                                         _0372_ (net)
                      0.059632    0.000226    8.396933 v max_cap321/A (sky130_fd_sc_hd__buf_2)
     6    0.034500    0.090005    0.177565    8.574497 v max_cap321/X (sky130_fd_sc_hd__buf_2)
                                                         net321 (net)
                      0.090016    0.000936    8.575433 v _4398_/B1 (sky130_fd_sc_hd__a21oi_2)
     4    0.010982    0.157917    0.164652    8.740086 ^ _4398_/Y (sky130_fd_sc_hd__a21oi_2)
                                                         _0373_ (net)
                      0.157917    0.000226    8.740312 ^ _4586_/A (sky130_fd_sc_hd__or4b_2)
     4    0.026233    0.156790    0.228179    8.968492 ^ _4586_/X (sky130_fd_sc_hd__or4b_2)
                                                         _0557_ (net)
                      0.156793    0.000897    8.969388 ^ _4587_/C (sky130_fd_sc_hd__nor3_2)
     2    0.016218    0.060805    0.087143    9.056531 v _4587_/Y (sky130_fd_sc_hd__nor3_2)
                                                         _0558_ (net)
                      0.060805    0.000162    9.056692 v _4588_/B (sky130_fd_sc_hd__xor2_2)
     1    0.003579    0.076346    0.113862    9.170554 ^ _4588_/X (sky130_fd_sc_hd__xor2_2)
                                                         _0559_ (net)
                      0.076346    0.000040    9.170594 ^ _4610_/B1 (sky130_fd_sc_hd__a221o_2)
     2    0.025881    0.138146    0.216132    9.386726 ^ _4610_/X (sky130_fd_sc_hd__a221o_2)
                                                         net156 (net)
                      0.138146    0.000328    9.387054 ^ output156/A (sky130_fd_sc_hd__clkdlybuf4s25_1)
     1    0.034567    0.349500    0.467479    9.854532 ^ output156/X (sky130_fd_sc_hd__clkdlybuf4s25_1)
                                                         result[27] (net)
                      0.349500    0.000417    9.854949 ^ result[27] (out)
                                              9.854949   data arrival time

                      0.000000    0.000000    0.000000   clock __VIRTUAL_CLK__ (rise edge)
                                  0.000000    0.000000   clock network delay (ideal)
                                  0.250000    0.250000   clock uncertainty
                                  0.000000    0.250000   clock reconvergence pessimism
                                 -8.000000   -7.750000   output external delay
                                             -7.750000   data required time
---------------------------------------------------------------------------------------------
                                             -7.750000   data required time
                                             -9.854949   data arrival time
---------------------------------------------------------------------------------------------
                                             17.604950   slack (MET)


Startpoint: operand_a[0] (input port clocked by __VIRTUAL_CLK__)
Endpoint: result[1] (output port clocked by __VIRTUAL_CLK__)
Path Group: __VIRTUAL_CLK__
Path Type: min

Fanout         Cap        Slew       Delay        Time   Description
---------------------------------------------------------------------------------------------
                      0.000000    0.000000    0.000000   clock __VIRTUAL_CLK__ (rise edge)
                                  0.000000    0.000000   clock network delay (ideal)
                                  8.000000    8.000000 ^ input external delay
     1    0.007117    0.038614    0.023496    8.023496 ^ operand_a[0] (in)
                                                         operand_a[0] (net)
                      0.038615    0.000000    8.023496 ^ input6/A (sky130_fd_sc_hd__clkdlybuf4s25_1)
     2    0.009982    0.110989    0.276444    8.299940 ^ input6/X (sky130_fd_sc_hd__clkdlybuf4s25_1)
                                                         net6 (net)
                      0.110989    0.000227    8.300167 ^ fanout472/A (sky130_fd_sc_hd__clkdlybuf4s25_1)
     6    0.048699    0.487280    0.552037    8.852203 ^ fanout472/X (sky130_fd_sc_hd__clkdlybuf4s25_1)
                                                         net472 (net)
                      0.487280    0.000276    8.852480 ^ _3371_/A (sky130_fd_sc_hd__nor2b_4)
     4    0.020714    0.046420    0.107089    8.959569 v _3371_/Y (sky130_fd_sc_hd__nor2b_4)
                                                         _2585_ (net)
                      0.046420    0.000147    8.959717 v _3372_/A (sky130_fd_sc_hd__xor2_2)
     1    0.006138    0.102996    0.153663    9.113379 ^ _3372_/X (sky130_fd_sc_hd__xor2_2)
                                                         _2586_ (net)
                      0.102996    0.000133    9.113513 ^ _3373_/B2 (sky130_fd_sc_hd__a2bb2o_2)
     1    0.006000    0.045208    0.164970    9.278483 ^ _3373_/X (sky130_fd_sc_hd__a2bb2o_2)
                                                         _2587_ (net)
                      0.045208    0.000076    9.278560 ^ _3374_/B1 (sky130_fd_sc_hd__a31o_2)
     2    0.011874    0.076036    0.120574    9.399134 ^ _3374_/X (sky130_fd_sc_hd__a31o_2)
                                                         _2588_ (net)
                      0.076036    0.000268    9.399402 ^ _3375_/C1 (sky130_fd_sc_hd__a211o_2)
     1    0.006865    0.042744    0.105286    9.504687 ^ _3375_/X (sky130_fd_sc_hd__a211o_2)
                                                         net148 (net)
                      0.042744    0.000142    9.504829 ^ output148/A (sky130_fd_sc_hd__clkdlybuf4s25_1)
     1    0.035081    0.353935    0.440966    9.945796 ^ output148/X (sky130_fd_sc_hd__clkdlybuf4s25_1)
                                                         result[1] (net)
                      0.353935    0.000473    9.946268 ^ result[1] (out)
                                              9.946268   data arrival time

                      0.000000    0.000000    0.000000   clock __VIRTUAL_CLK__ (rise edge)
                                  0.000000    0.000000   clock network delay (ideal)
                                  0.250000    0.250000   clock uncertainty
                                  0.000000    0.250000   clock reconvergence pessimism
                                 -8.000000   -7.750000   output external delay
                                             -7.750000   data required time
---------------------------------------------------------------------------------------------
                                             -7.750000   data required time
                                             -9.946268   data arrival time
---------------------------------------------------------------------------------------------
                                             17.696268   slack (MET)


Startpoint: operand_b[36] (input port clocked by __VIRTUAL_CLK__)
Endpoint: result[40] (output port clocked by __VIRTUAL_CLK__)
Path Group: __VIRTUAL_CLK__
Path Type: min

Fanout         Cap        Slew       Delay        Time   Description
---------------------------------------------------------------------------------------------
                      0.000000    0.000000    0.000000   clock __VIRTUAL_CLK__ (rise edge)
                                  0.000000    0.000000   clock network delay (ideal)
                                  8.000000    8.000000 ^ input external delay
     1    0.004145    0.025570    0.014270    8.014271 ^ operand_b[36] (in)
                                                         operand_b[36] (net)
                      0.025570    0.000000    8.014271 ^ input99/A (sky130_fd_sc_hd__clkdlybuf4s25_1)
     3    0.015562    0.164755    0.308432    8.322702 ^ input99/X (sky130_fd_sc_hd__clkdlybuf4s25_1)
                                                         net99 (net)
                      0.164755    0.000259    8.322962 ^ _5040_/A2 (sky130_fd_sc_hd__a22o_2)
     1    0.006988    0.051779    0.174163    8.497125 ^ _5040_/X (sky130_fd_sc_hd__a22o_2)
                                                         _1002_ (net)
                      0.051779    0.000091    8.497216 ^ _5041_/B1 (sky130_fd_sc_hd__o21ai_2)
     4    0.020456    0.088388    0.089236    8.586452 v _5041_/Y (sky130_fd_sc_hd__o21ai_2)
                                                         _1003_ (net)
                      0.088389    0.000214    8.586667 v _5126_/B1 (sky130_fd_sc_hd__o31ai_2)
     1    0.003770    0.057367    0.070274    8.656940 ^ _5126_/Y (sky130_fd_sc_hd__o31ai_2)
                                                         _1095_ (net)
                      0.057367    0.000043    8.656983 ^ _5127_/D1 (sky130_fd_sc_hd__a2111o_2)
     1    0.005042    0.034932    0.090004    8.746987 ^ _5127_/X (sky130_fd_sc_hd__a2111o_2)
                                                         _1096_ (net)
                      0.034932    0.000044    8.747031 ^ _5129_/B1 (sky130_fd_sc_hd__o211ai_2)
     2    0.014044    0.099172    0.114277    8.861308 v _5129_/Y (sky130_fd_sc_hd__o211ai_2)
                                                         _1098_ (net)
                      0.099172    0.000199    8.861507 v _5130_/B1 (sky130_fd_sc_hd__o21a_2)
     2    0.019307    0.063066    0.167711    9.029219 v _5130_/X (sky130_fd_sc_hd__o21a_2)
                                                         _1099_ (net)
                      0.063077    0.000779    9.029998 v _5131_/B (sky130_fd_sc_hd__xnor2_2)
     1    0.005854    0.043866    0.131080    9.161077 v _5131_/Y (sky130_fd_sc_hd__xnor2_2)
                                                         _1100_ (net)
                      0.043866    0.000062    9.161139 v _5151_/A2 (sky130_fd_sc_hd__o2111ai_2)
     1    0.003376    0.048721    0.146889    9.308028 ^ _5151_/Y (sky130_fd_sc_hd__o2111ai_2)
                                                         _1122_ (net)
                      0.048721    0.000036    9.308064 ^ _5152_/C1 (sky130_fd_sc_hd__a221o_2)
     2    0.022052    0.119565    0.159117    9.467182 ^ _5152_/X (sky130_fd_sc_hd__a221o_2)
                                                         net171 (net)
                      0.119567    0.000695    9.467876 ^ output171/A (sky130_fd_sc_hd__clkdlybuf4s25_1)
     1    0.037085    0.374188    0.479017    9.946894 ^ output171/X (sky130_fd_sc_hd__clkdlybuf4s25_1)
                                                         result[40] (net)
                      0.374188    0.000842    9.947736 ^ result[40] (out)
                                              9.947736   data arrival time

                      0.000000    0.000000    0.000000   clock __VIRTUAL_CLK__ (rise edge)
                                  0.000000    0.000000   clock network delay (ideal)
                                  0.250000    0.250000   clock uncertainty
                                  0.000000    0.250000   clock reconvergence pessimism
                                 -8.000000   -7.750000   output external delay
                                             -7.750000   data required time
---------------------------------------------------------------------------------------------
                                             -7.750000   data required time
                                             -9.947736   data arrival time
---------------------------------------------------------------------------------------------
                                             17.697735   slack (MET)


Startpoint: operand_b[30] (input port clocked by __VIRTUAL_CLK__)
Endpoint: result[30] (output port clocked by __VIRTUAL_CLK__)
Path Group: __VIRTUAL_CLK__
Path Type: min

Fanout         Cap        Slew       Delay        Time   Description
---------------------------------------------------------------------------------------------
                      0.000000    0.000000    0.000000   clock __VIRTUAL_CLK__ (rise edge)
                                  0.000000    0.000000   clock network delay (ideal)
                                  8.000000    8.000000 v input external delay
     1    0.005841    0.015444    0.009011    8.009011 v operand_b[30] (in)
                                                         operand_b[30] (net)
                      0.015445    0.000000    8.009011 v input93/A (sky130_fd_sc_hd__clkdlybuf4s25_1)
     4    0.013776    0.112244    0.278333    8.287344 v input93/X (sky130_fd_sc_hd__clkdlybuf4s25_1)
                                                         net93 (net)
                      0.112244    0.000068    8.287413 v fanout339/A (sky130_fd_sc_hd__clkdlybuf4s25_1)
    10    0.050127    0.366841    0.500392    8.787805 v fanout339/X (sky130_fd_sc_hd__clkdlybuf4s25_1)
                                                         net339 (net)
                      0.366843    0.001188    8.788993 v _4693_/B_N (sky130_fd_sc_hd__or2b_2)
     2    0.009619    0.057147    0.276960    9.065952 ^ _4693_/X (sky130_fd_sc_hd__or2b_2)
                                                         _0661_ (net)
                      0.057147    0.000123    9.066076 ^ _4694_/B (sky130_fd_sc_hd__nand2_2)
     4    0.026314    0.108846    0.106949    9.173025 v _4694_/Y (sky130_fd_sc_hd__nand2_2)
                                                         _0662_ (net)
                      0.108848    0.000370    9.173396 v _4699_/A (sky130_fd_sc_hd__xnor2_2)
     1    0.004487    0.041651    0.164130    9.337525 ^ _4699_/Y (sky130_fd_sc_hd__xnor2_2)
                                                         _0667_ (net)
                      0.041651    0.000064    9.337589 ^ _4729_/A2 (sky130_fd_sc_hd__a221o_2)
     2    0.008900    0.057090    0.153943    9.491532 ^ _4729_/X (sky130_fd_sc_hd__a221o_2)
                                                         net160 (net)
                      0.057090    0.000179    9.491712 ^ output160/A (sky130_fd_sc_hd__clkdlybuf4s25_1)
     1    0.036925    0.371711    0.457485    9.949197 ^ output160/X (sky130_fd_sc_hd__clkdlybuf4s25_1)
                                                         result[30] (net)
                      0.371711    0.000799    9.949996 ^ result[30] (out)
                                              9.949996   data arrival time

                      0.000000    0.000000    0.000000   clock __VIRTUAL_CLK__ (rise edge)
                                  0.000000    0.000000   clock network delay (ideal)
                                  0.250000    0.250000   clock uncertainty
                                  0.000000    0.250000   clock reconvergence pessimism
                                 -8.000000   -7.750000   output external delay
                                             -7.750000   data required time
---------------------------------------------------------------------------------------------
                                             -7.750000   data required time
                                             -9.949996   data arrival time
---------------------------------------------------------------------------------------------
                                             17.699997   slack (MET)



%OL_END_REPORT
%OL_CREATE_REPORT max.rpt

===========================================================================
report_checks -path_delay max (Setup)
============================================================================
======================= min_tt_025C_1v80 Corner ===================================

Startpoint: operand_b[1] (input port clocked by __VIRTUAL_CLK__)
Endpoint: zero_flag (output port clocked by __VIRTUAL_CLK__)
Path Group: __VIRTUAL_CLK__
Path Type: max

Fanout         Cap        Slew       Delay        Time   Description
---------------------------------------------------------------------------------------------
                      0.000000    0.000000    0.000000   clock __VIRTUAL_CLK__ (rise edge)
                                  0.000000    0.000000   clock network delay (ideal)
                                  8.000000    8.000000 ^ input external delay
     1    0.007862    0.041921    0.028532    8.028532 ^ operand_b[1] (in)
                                                         operand_b[1] (net)
                      0.041923    0.000000    8.028532 ^ input81/A (sky130_fd_sc_hd__clkdlybuf4s25_1)
     1    0.005436    0.068098    0.273489    8.302021 ^ input81/X (sky130_fd_sc_hd__clkdlybuf4s25_1)
                                                         net81 (net)
                      0.068098    0.000110    8.302131 ^ fanout406/A (sky130_fd_sc_hd__clkdlybuf4s25_1)
     7    0.084421    0.837195    0.851103    9.153234 ^ fanout406/X (sky130_fd_sc_hd__clkdlybuf4s25_1)
                                                         net406 (net)
                      0.837195    0.000408    9.153642 ^ fanout404/A (sky130_fd_sc_hd__clkdlybuf4s25_1)
     8    0.054668    0.545119    0.765837    9.919478 ^ fanout404/X (sky130_fd_sc_hd__clkdlybuf4s25_1)
                                                         net404 (net)
                      0.545119    0.000226    9.919705 ^ fanout402/A (sky130_fd_sc_hd__clkdlybuf4s25_1)
     3    0.024911    0.254796    0.522081   10.441787 ^ fanout402/X (sky130_fd_sc_hd__clkdlybuf4s25_1)
                                                         net402 (net)
                      0.254796    0.000698   10.442485 ^ load_slew403/A (sky130_fd_sc_hd__buf_4)
     8    0.054245    0.154310    0.271195   10.713679 ^ load_slew403/X (sky130_fd_sc_hd__buf_4)
                                                         net403 (net)
                      0.154313    0.000914   10.714593 ^ fanout400/A (sky130_fd_sc_hd__clkdlybuf4s25_1)
     5    0.042864    0.430562    0.579774   11.294367 ^ fanout400/X (sky130_fd_sc_hd__clkdlybuf4s25_1)
                                                         net400 (net)
                      0.430564    0.001856   11.296223 ^ load_slew401/A (sky130_fd_sc_hd__clkbuf_2)
     6    0.048837    0.265893    0.369553   11.665776 ^ load_slew401/X (sky130_fd_sc_hd__clkbuf_2)
                                                         net401 (net)
                      0.265895    0.001330   11.667106 ^ _3412_/B_N (sky130_fd_sc_hd__nor2b_2)
     4    0.020264    0.235271    0.332417   11.999522 ^ _3412_/Y (sky130_fd_sc_hd__nor2b_2)
                                                         _2625_ (net)
                      0.235342    0.000376   11.999898 ^ _3555_/C1 (sky130_fd_sc_hd__a221oi_2)
     5    0.019087    0.112048    0.113663   12.113562 v _3555_/Y (sky130_fd_sc_hd__a221oi_2)
                                                         _2765_ (net)
                      0.112066    0.000664   12.114225 v _3683_/A3 (sky130_fd_sc_hd__o31a_2)
     3    0.014572    0.078841    0.362697   12.476923 v _3683_/X (sky130_fd_sc_hd__o31a_2)
                                                         _2891_ (net)
                      0.078841    0.000461   12.477384 v _4087_/A2 (sky130_fd_sc_hd__o41a_2)
     4    0.042549    0.156858    0.635275   13.112659 v _4087_/X (sky130_fd_sc_hd__o41a_2)
                                                         _0069_ (net)
                      0.156861    0.001016   13.113675 v _4441_/A3 (sky130_fd_sc_hd__o31ai_4)
     1    0.010036    0.217225    0.254597   13.368272 ^ _4441_/Y (sky130_fd_sc_hd__o31ai_4)
                                                         _0415_ (net)
                      0.217225    0.000390   13.368662 ^ wire248/A (sky130_fd_sc_hd__buf_2)
     5    0.044078    0.216756    0.297373   13.666035 ^ wire248/X (sky130_fd_sc_hd__buf_2)
                                                         net248 (net)
                      0.216879    0.002957   13.668992 ^ _4442_/A (sky130_fd_sc_hd__clkbuf_1)
     5    0.026112    0.307995    0.315308   13.984300 ^ _4442_/X (sky130_fd_sc_hd__clkbuf_1)
                                                         _0416_ (net)
                      0.307995    0.000316   13.984615 ^ max_cap234/A (sky130_fd_sc_hd__buf_2)
     6    0.035950    0.178677    0.293347   14.277963 ^ max_cap234/X (sky130_fd_sc_hd__buf_2)
                                                         net234 (net)
                      0.178679    0.000990   14.278953 ^ _4443_/B (sky130_fd_sc_hd__nand2_2)
     9    0.043770    0.181295    0.207439   14.486392 v _4443_/Y (sky130_fd_sc_hd__nand2_2)
                                                         _0417_ (net)
                      0.181295    0.000040   14.486432 v _4585_/A1 (sky130_fd_sc_hd__a2111o_2)
     4    0.025530    0.122407    0.571420   15.057853 v _4585_/X (sky130_fd_sc_hd__a2111o_2)
                                                         _0556_ (net)
                      0.122415    0.001153   15.059005 v _4667_/B1_N (sky130_fd_sc_hd__o21bai_2)
     4    0.018393    0.101992    0.280016   15.339021 v _4667_/Y (sky130_fd_sc_hd__o21bai_2)
                                                         _0636_ (net)
                      0.101992    0.000272   15.339293 v _4742_/A (sky130_fd_sc_hd__nor3_2)
     3    0.018771    0.345979    0.376156   15.715449 ^ _4742_/Y (sky130_fd_sc_hd__nor3_2)
                                                         _0709_ (net)
                      0.345979    0.000272   15.715721 ^ _4743_/D_N (sky130_fd_sc_hd__or4b_4)
     6    0.039350    0.141957    0.630283   16.346004 v _4743_/X (sky130_fd_sc_hd__or4b_4)
                                                         _0710_ (net)
                      0.141968    0.001430   16.347435 v _5301_/A (sky130_fd_sc_hd__or3_2)
     2    0.013665    0.111887    0.585141   16.932575 v _5301_/X (sky130_fd_sc_hd__or3_2)
                                                         _1283_ (net)
                      0.111887    0.000270   16.932844 v _5499_/A (sky130_fd_sc_hd__or4_2)
     1    0.008814    0.122562    0.751218   17.684063 v _5499_/X (sky130_fd_sc_hd__or4_2)
                                                         _1495_ (net)
                      0.122562    0.000096   17.684158 v _5500_/B (sky130_fd_sc_hd__xnor2_2)
     1    0.003152    0.052128    0.161304   17.845463 v _5500_/Y (sky130_fd_sc_hd__xnor2_2)
                                                         _1496_ (net)
                      0.052128    0.000034   17.845497 v _5520_/A2 (sky130_fd_sc_hd__a221o_2)
     2    0.011523    0.077509    0.438970   18.284466 v _5520_/X (sky130_fd_sc_hd__a221o_2)
                                                         net182 (net)
                      0.077509    0.000075   18.284540 v _5981_/D (sky130_fd_sc_hd__or4_2)
     1    0.013616    0.142047    0.642842   18.927383 v _5981_/X (sky130_fd_sc_hd__or4_2)
                                                         _2010_ (net)
                      0.142047    0.000288   18.927671 v _5983_/C (sky130_fd_sc_hd__or4b_4)
     1    0.003647    0.081225    0.528553   19.456224 v _5983_/X (sky130_fd_sc_hd__or4b_4)
                                                         _2012_ (net)
                      0.081225    0.000046   19.456270 v _6003_/C (sky130_fd_sc_hd__or4_4)
     1    0.007313    0.089308    0.520352   19.976622 v _6003_/X (sky130_fd_sc_hd__or4_4)
                                                         _2034_ (net)
                      0.089308    0.000208   19.976830 v _6004_/D (sky130_fd_sc_hd__or4_4)
     1    0.009128    0.092528    0.462109   20.438938 v _6004_/X (sky130_fd_sc_hd__or4_4)
                                                         _2035_ (net)
                      0.092528    0.000126   20.439064 v _6005_/D (sky130_fd_sc_hd__nor4_4)
     1    0.005814    0.207752    0.164102   20.603167 ^ _6005_/Y (sky130_fd_sc_hd__nor4_4)
                                                         net201 (net)
                      0.207752    0.000130   20.603296 ^ output201/A (sky130_fd_sc_hd__clkdlybuf4s25_1)
     1    0.036618    0.369313    0.548738   21.152033 ^ output201/X (sky130_fd_sc_hd__clkdlybuf4s25_1)
                                                         zero_flag (net)
                      0.369313    0.000830   21.152863 ^ zero_flag (out)
                                             21.152863   data arrival time

                      0.000000   40.000000   40.000000   clock __VIRTUAL_CLK__ (rise edge)
                                  0.000000   40.000000   clock network delay (ideal)
                                 -0.250000   39.750000   clock uncertainty
                                  0.000000   39.750000   clock reconvergence pessimism
                                 -8.000000   31.750000   output external delay
                                             31.750000   data required time
---------------------------------------------------------------------------------------------
                                             31.750000   data required time
                                            -21.152863   data arrival time
---------------------------------------------------------------------------------------------
                                             10.597136   slack (MET)


Startpoint: operand_b[1] (input port clocked by __VIRTUAL_CLK__)
Endpoint: result[63] (output port clocked by __VIRTUAL_CLK__)
Path Group: __VIRTUAL_CLK__
Path Type: max

Fanout         Cap        Slew       Delay        Time   Description
---------------------------------------------------------------------------------------------
                      0.000000    0.000000    0.000000   clock __VIRTUAL_CLK__ (rise edge)
                                  0.000000    0.000000   clock network delay (ideal)
                                  8.000000    8.000000 ^ input external delay
     1    0.007862    0.041921    0.028532    8.028532 ^ operand_b[1] (in)
                                                         operand_b[1] (net)
                      0.041923    0.000000    8.028532 ^ input81/A (sky130_fd_sc_hd__clkdlybuf4s25_1)
     1    0.005436    0.068098    0.273489    8.302021 ^ input81/X (sky130_fd_sc_hd__clkdlybuf4s25_1)
                                                         net81 (net)
                      0.068098    0.000110    8.302131 ^ fanout406/A (sky130_fd_sc_hd__clkdlybuf4s25_1)
     7    0.084421    0.837195    0.851103    9.153234 ^ fanout406/X (sky130_fd_sc_hd__clkdlybuf4s25_1)
                                                         net406 (net)
                      0.837195    0.000408    9.153642 ^ fanout404/A (sky130_fd_sc_hd__clkdlybuf4s25_1)
     8    0.054668    0.545119    0.765837    9.919478 ^ fanout404/X (sky130_fd_sc_hd__clkdlybuf4s25_1)
                                                         net404 (net)
                      0.545119    0.000226    9.919705 ^ fanout402/A (sky130_fd_sc_hd__clkdlybuf4s25_1)
     3    0.024911    0.254796    0.522081   10.441787 ^ fanout402/X (sky130_fd_sc_hd__clkdlybuf4s25_1)
                                                         net402 (net)
                      0.254796    0.000698   10.442485 ^ load_slew403/A (sky130_fd_sc_hd__buf_4)
     8    0.054245    0.154310    0.271195   10.713679 ^ load_slew403/X (sky130_fd_sc_hd__buf_4)
                                                         net403 (net)
                      0.154313    0.000914   10.714593 ^ fanout400/A (sky130_fd_sc_hd__clkdlybuf4s25_1)
     5    0.042864    0.430562    0.579774   11.294367 ^ fanout400/X (sky130_fd_sc_hd__clkdlybuf4s25_1)
                                                         net400 (net)
                      0.430564    0.001856   11.296223 ^ load_slew401/A (sky130_fd_sc_hd__clkbuf_2)
     6    0.048837    0.265893    0.369553   11.665776 ^ load_slew401/X (sky130_fd_sc_hd__clkbuf_2)
                                                         net401 (net)
                      0.265895    0.001330   11.667106 ^ _3412_/B_N (sky130_fd_sc_hd__nor2b_2)
     4    0.020264    0.235271    0.332417   11.999522 ^ _3412_/Y (sky130_fd_sc_hd__nor2b_2)
                                                         _2625_ (net)
                      0.235342    0.000376   11.999898 ^ _3555_/C1 (sky130_fd_sc_hd__a221oi_2)
     5    0.019087    0.112048    0.113663   12.113562 v _3555_/Y (sky130_fd_sc_hd__a221oi_2)
                                                         _2765_ (net)
                      0.112066    0.000664   12.114225 v _3683_/A3 (sky130_fd_sc_hd__o31a_2)
     3    0.014572    0.078841    0.362697   12.476923 v _3683_/X (sky130_fd_sc_hd__o31a_2)
                                                         _2891_ (net)
                      0.078841    0.000461   12.477384 v _4087_/A2 (sky130_fd_sc_hd__o41a_2)
     4    0.042549    0.156858    0.635275   13.112659 v _4087_/X (sky130_fd_sc_hd__o41a_2)
                                                         _0069_ (net)
                      0.156861    0.001016   13.113675 v _4441_/A3 (sky130_fd_sc_hd__o31ai_4)
     1    0.010036    0.217225    0.254597   13.368272 ^ _4441_/Y (sky130_fd_sc_hd__o31ai_4)
                                                         _0415_ (net)
                      0.217225    0.000390   13.368662 ^ wire248/A (sky130_fd_sc_hd__buf_2)
     5    0.044078    0.216756    0.297373   13.666035 ^ wire248/X (sky130_fd_sc_hd__buf_2)
                                                         net248 (net)
                      0.216879    0.002957   13.668992 ^ _4442_/A (sky130_fd_sc_hd__clkbuf_1)
     5    0.026112    0.307995    0.315308   13.984300 ^ _4442_/X (sky130_fd_sc_hd__clkbuf_1)
                                                         _0416_ (net)
                      0.307995    0.000316   13.984615 ^ max_cap234/A (sky130_fd_sc_hd__buf_2)
     6    0.035950    0.178677    0.293347   14.277963 ^ max_cap234/X (sky130_fd_sc_hd__buf_2)
                                                         net234 (net)
                      0.178679    0.000990   14.278953 ^ _4443_/B (sky130_fd_sc_hd__nand2_2)
     9    0.043770    0.181295    0.207439   14.486392 v _4443_/Y (sky130_fd_sc_hd__nand2_2)
                                                         _0417_ (net)
                      0.181295    0.000040   14.486432 v _4585_/A1 (sky130_fd_sc_hd__a2111o_2)
     4    0.025530    0.122407    0.571420   15.057853 v _4585_/X (sky130_fd_sc_hd__a2111o_2)
                                                         _0556_ (net)
                      0.122415    0.001153   15.059005 v _4667_/B1_N (sky130_fd_sc_hd__o21bai_2)
     4    0.018393    0.101992    0.280016   15.339021 v _4667_/Y (sky130_fd_sc_hd__o21bai_2)
                                                         _0636_ (net)
                      0.101992    0.000272   15.339293 v _4742_/A (sky130_fd_sc_hd__nor3_2)
     3    0.018771    0.345979    0.376156   15.715449 ^ _4742_/Y (sky130_fd_sc_hd__nor3_2)
                                                         _0709_ (net)
                      0.345979    0.000272   15.715721 ^ _4743_/D_N (sky130_fd_sc_hd__or4b_4)
     6    0.039350    0.141957    0.630283   16.346004 v _4743_/X (sky130_fd_sc_hd__or4b_4)
                                                         _0710_ (net)
                      0.141967    0.001419   16.347424 v _5624_/A (sky130_fd_sc_hd__or4b_4)
     2    0.018143    0.110750    0.639666   16.987089 v _5624_/X (sky130_fd_sc_hd__or4b_4)
                                                         _1629_ (net)
                      0.110750    0.000899   16.987988 v _5652_/B_N (sky130_fd_sc_hd__and4bb_4)
     7    0.030635    0.132029    0.448841   17.436829 ^ _5652_/X (sky130_fd_sc_hd__and4bb_4)
                                                         _1659_ (net)
                      0.132029    0.000520   17.437349 ^ _5789_/B1 (sky130_fd_sc_hd__o2111a_2)
     3    0.013363    0.092861    0.270513   17.707863 ^ _5789_/X (sky130_fd_sc_hd__o2111a_2)
                                                         _1806_ (net)
                      0.092861    0.000256   17.708118 ^ _5825_/A (sky130_fd_sc_hd__nand3_2)
     4    0.016967    0.136137    0.126791   17.834909 v _5825_/Y (sky130_fd_sc_hd__nand3_2)
                                                         _1844_ (net)
                      0.136137    0.000108   17.835018 v _5895_/A_N (sky130_fd_sc_hd__and3b_2)
     3    0.024293    0.137945    0.362283   18.197300 ^ _5895_/X (sky130_fd_sc_hd__and3b_2)
                                                         _1918_ (net)
                      0.137945    0.000517   18.197817 ^ _5960_/A (sky130_fd_sc_hd__nand2_2)
     1    0.020419    0.096171    0.122178   18.319996 v _5960_/Y (sky130_fd_sc_hd__nand2_2)
                                                         _1988_ (net)
                      0.096203    0.000306   18.320301 v _5961_/B (sky130_fd_sc_hd__xor2_2)
     1    0.003798    0.061065    0.164652   18.484953 v _5961_/X (sky130_fd_sc_hd__xor2_2)
                                                         _1989_ (net)
                      0.061065    0.000064   18.485016 v _5980_/A2 (sky130_fd_sc_hd__a211o_2)
     3    0.023876    0.098749    0.420355   18.905373 v _5980_/X (sky130_fd_sc_hd__a211o_2)
                                                         net135 (net)
                      0.098749    0.000339   18.905712 v _6501_/A (sky130_fd_sc_hd__buf_2)
     1    0.002289    0.022285    0.142675   19.048386 v _6501_/X (sky130_fd_sc_hd__buf_2)
                                                         net196 (net)
                      0.022285    0.000011   19.048397 v output196/A (sky130_fd_sc_hd__clkdlybuf4s25_1)
     1    0.035777    0.265856    0.433230   19.481628 v output196/X (sky130_fd_sc_hd__clkdlybuf4s25_1)
                                                         result[63] (net)
                      0.265856    0.000691   19.482319 v result[63] (out)
                                             19.482319   data arrival time

                      0.000000   40.000000   40.000000   clock __VIRTUAL_CLK__ (rise edge)
                                  0.000000   40.000000   clock network delay (ideal)
                                 -0.250000   39.750000   clock uncertainty
                                  0.000000   39.750000   clock reconvergence pessimism
                                 -8.000000   31.750000   output external delay
                                             31.750000   data required time
---------------------------------------------------------------------------------------------
                                             31.750000   data required time
                                            -19.482319   data arrival time
---------------------------------------------------------------------------------------------
                                             12.267680   slack (MET)


Startpoint: operand_b[1] (input port clocked by __VIRTUAL_CLK__)
Endpoint: carry_out (output port clocked by __VIRTUAL_CLK__)
Path Group: __VIRTUAL_CLK__
Path Type: max

Fanout         Cap        Slew       Delay        Time   Description
---------------------------------------------------------------------------------------------
                      0.000000    0.000000    0.000000   clock __VIRTUAL_CLK__ (rise edge)
                                  0.000000    0.000000   clock network delay (ideal)
                                  8.000000    8.000000 ^ input external delay
     1    0.007862    0.041921    0.028532    8.028532 ^ operand_b[1] (in)
                                                         operand_b[1] (net)
                      0.041923    0.000000    8.028532 ^ input81/A (sky130_fd_sc_hd__clkdlybuf4s25_1)
     1    0.005436    0.068098    0.273489    8.302021 ^ input81/X (sky130_fd_sc_hd__clkdlybuf4s25_1)
                                                         net81 (net)
                      0.068098    0.000110    8.302131 ^ fanout406/A (sky130_fd_sc_hd__clkdlybuf4s25_1)
     7    0.084421    0.837195    0.851103    9.153234 ^ fanout406/X (sky130_fd_sc_hd__clkdlybuf4s25_1)
                                                         net406 (net)
                      0.837195    0.000408    9.153642 ^ fanout404/A (sky130_fd_sc_hd__clkdlybuf4s25_1)
     8    0.054668    0.545119    0.765837    9.919478 ^ fanout404/X (sky130_fd_sc_hd__clkdlybuf4s25_1)
                                                         net404 (net)
                      0.545119    0.000226    9.919705 ^ fanout402/A (sky130_fd_sc_hd__clkdlybuf4s25_1)
     3    0.024911    0.254796    0.522081   10.441787 ^ fanout402/X (sky130_fd_sc_hd__clkdlybuf4s25_1)
                                                         net402 (net)
                      0.254796    0.000698   10.442485 ^ load_slew403/A (sky130_fd_sc_hd__buf_4)
     8    0.054245    0.154310    0.271195   10.713679 ^ load_slew403/X (sky130_fd_sc_hd__buf_4)
                                                         net403 (net)
                      0.154313    0.000914   10.714593 ^ fanout400/A (sky130_fd_sc_hd__clkdlybuf4s25_1)
     5    0.042864    0.430562    0.579774   11.294367 ^ fanout400/X (sky130_fd_sc_hd__clkdlybuf4s25_1)
                                                         net400 (net)
                      0.430564    0.001856   11.296223 ^ load_slew401/A (sky130_fd_sc_hd__clkbuf_2)
     6    0.048837    0.265893    0.369553   11.665776 ^ load_slew401/X (sky130_fd_sc_hd__clkbuf_2)
                                                         net401 (net)
                      0.265893    0.000725   11.666501 ^ _6012_/B (sky130_fd_sc_hd__and3_2)
     5    0.061349    0.311505    0.460531   12.127032 ^ _6012_/X (sky130_fd_sc_hd__and3_2)
                                                         _2043_ (net)
                      0.311508    0.001711   12.128743 ^ _6015_/B (sky130_fd_sc_hd__and4_2)
     1    0.002512    0.053435    0.280151   12.408894 ^ _6015_/X (sky130_fd_sc_hd__and4_2)
                                                         _2046_ (net)
                      0.053435    0.000012   12.408905 ^ _6016_/A (sky130_fd_sc_hd__clkbuf_1)
     3    0.021523    0.256050    0.243034   12.651939 ^ _6016_/X (sky130_fd_sc_hd__clkbuf_1)
                                                         _2048_ (net)
                      0.256051    0.000403   12.652343 ^ max_cap276/A (sky130_fd_sc_hd__buf_2)
     7    0.048970    0.240000    0.325449   12.977792 ^ max_cap276/X (sky130_fd_sc_hd__buf_2)
                                                         net276 (net)
                      0.240130    0.003150   12.980942 ^ _6019_/B (sky130_fd_sc_hd__and4_2)
     5    0.037905    0.213160    0.425317   13.406259 ^ _6019_/X (sky130_fd_sc_hd__and4_2)
                                                         _2051_ (net)
                      0.213163    0.001311   13.407570 ^ _6025_/A (sky130_fd_sc_hd__and4_2)
     5    0.059611    0.314530    0.491855   13.899426 ^ _6025_/X (sky130_fd_sc_hd__and4_2)
                                                         _2057_ (net)
                      0.314532    0.001499   13.900925 ^ _6027_/B (sky130_fd_sc_hd__and3_2)
     5    0.036406    0.192092    0.383403   14.284327 ^ _6027_/X (sky130_fd_sc_hd__and3_2)
                                                         _2060_ (net)
                      0.192122    0.002562   14.286888 ^ _6283_/B (sky130_fd_sc_hd__and2_2)
     1    0.004913    0.047405    0.187048   14.473936 ^ _6283_/X (sky130_fd_sc_hd__and2_2)
                                                         _2341_ (net)
                      0.047405    0.000091   14.474028 ^ _6284_/A (sky130_fd_sc_hd__buf_1)
     6    0.033738    0.395393    0.342983   14.817011 ^ _6284_/X (sky130_fd_sc_hd__buf_1)
                                                         _2342_ (net)
                      0.395393    0.000417   14.817429 ^ _6319_/C (sky130_fd_sc_hd__and3_2)
     4    0.021340    0.128495    0.330956   15.148384 ^ _6319_/X (sky130_fd_sc_hd__and3_2)
                                                         _2381_ (net)
                      0.128495    0.000467   15.148851 ^ _6324_/S (sky130_fd_sc_hd__mux2_2)
     1    0.004772    0.054350    0.371884   15.520736 v _6324_/X (sky130_fd_sc_hd__mux2_2)
                                                         _2386_ (net)
                      0.054350    0.000055   15.520790 v _6325_/C1 (sky130_fd_sc_hd__a311oi_2)
     1    0.007328    0.250126    0.243848   15.764638 ^ _6325_/Y (sky130_fd_sc_hd__a311oi_2)
                                                         _2387_ (net)
                      0.250126    0.000151   15.764789 ^ _6336_/A2 (sky130_fd_sc_hd__o211ai_2)
     3    0.012105    0.114618    0.150418   15.915207 v _6336_/Y (sky130_fd_sc_hd__o211ai_2)
                                                         _2400_ (net)
                      0.114618    0.000242   15.915449 v _6351_/A2 (sky130_fd_sc_hd__o31a_2)
     1    0.003998    0.054572    0.364704   16.280153 v _6351_/X (sky130_fd_sc_hd__o31a_2)
                                                         _2416_ (net)
                      0.054572    0.000064   16.280216 v _6354_/C (sky130_fd_sc_hd__or4_2)
     2    0.021010    0.161099    0.740576   17.020792 v _6354_/X (sky130_fd_sc_hd__or4_2)
                                                         _2419_ (net)
                      0.161109    0.001506   17.022299 v _6355_/D (sky130_fd_sc_hd__and4b_2)
     1    0.004623    0.047691    0.306736   17.329035 v _6355_/X (sky130_fd_sc_hd__and4b_2)
                                                         _2420_ (net)
                      0.047691    0.000085   17.329121 v _6398_/A2 (sky130_fd_sc_hd__a21o_2)
     1    0.030133    0.096448    0.291022   17.620142 v _6398_/X (sky130_fd_sc_hd__a21o_2)
                                                         _2468_ (net)
                      0.096457    0.001032   17.621174 v _6399_/B1 (sky130_fd_sc_hd__a211o_2)
     1    0.003231    0.047388    0.333040   17.954214 v _6399_/X (sky130_fd_sc_hd__a211o_2)
                                                         _2469_ (net)
                      0.047388    0.000037   17.954252 v _6406_/B1 (sky130_fd_sc_hd__o311a_2)
     1    0.011101    0.077240    0.159348   18.113600 v _6406_/X (sky130_fd_sc_hd__o311a_2)
                                                         _2477_ (net)
                      0.077240    0.000160   18.113760 v _6421_/A2 (sky130_fd_sc_hd__o2111a_2)
     1    0.008885    0.054590    0.288564   18.402325 v _6421_/X (sky130_fd_sc_hd__o2111a_2)
                                                         _2493_ (net)
                      0.054591    0.000334   18.402658 v _6488_/A (sky130_fd_sc_hd__or3b_2)
     1    0.009330    0.098873    0.523727   18.926384 v _6488_/X (sky130_fd_sc_hd__or3b_2)
                                                         _2567_ (net)
                      0.098873    0.000323   18.926708 v _6489_/A (sky130_fd_sc_hd__buf_1)
     1    0.002914    0.027637    0.117407   19.044115 v _6489_/X (sky130_fd_sc_hd__buf_1)
                                                         net134 (net)
                      0.027637    0.000030   19.044144 v output134/A (sky130_fd_sc_hd__clkdlybuf4s25_1)
     1    0.035488    0.263799    0.434076   19.478220 v output134/X (sky130_fd_sc_hd__clkdlybuf4s25_1)
                                                         carry_out (net)
                      0.263799    0.000615   19.478834 v carry_out (out)
                                             19.478834   data arrival time

                      0.000000   40.000000   40.000000   clock __VIRTUAL_CLK__ (rise edge)
                                  0.000000   40.000000   clock network delay (ideal)
                                 -0.250000   39.750000   clock uncertainty
                                  0.000000   39.750000   clock reconvergence pessimism
                                 -8.000000   31.750000   output external delay
                                             31.750000   data required time
---------------------------------------------------------------------------------------------
                                             31.750000   data required time
                                            -19.478834   data arrival time
---------------------------------------------------------------------------------------------
                                             12.271164   slack (MET)


Startpoint: operand_b[1] (input port clocked by __VIRTUAL_CLK__)
Endpoint: negative_flag (output port clocked by __VIRTUAL_CLK__)
Path Group: __VIRTUAL_CLK__
Path Type: max

Fanout         Cap        Slew       Delay        Time   Description
---------------------------------------------------------------------------------------------
                      0.000000    0.000000    0.000000   clock __VIRTUAL_CLK__ (rise edge)
                                  0.000000    0.000000   clock network delay (ideal)
                                  8.000000    8.000000 ^ input external delay
     1    0.007862    0.041921    0.028532    8.028532 ^ operand_b[1] (in)
                                                         operand_b[1] (net)
                      0.041923    0.000000    8.028532 ^ input81/A (sky130_fd_sc_hd__clkdlybuf4s25_1)
     1    0.005436    0.068098    0.273489    8.302021 ^ input81/X (sky130_fd_sc_hd__clkdlybuf4s25_1)
                                                         net81 (net)
                      0.068098    0.000110    8.302131 ^ fanout406/A (sky130_fd_sc_hd__clkdlybuf4s25_1)
     7    0.084421    0.837195    0.851103    9.153234 ^ fanout406/X (sky130_fd_sc_hd__clkdlybuf4s25_1)
                                                         net406 (net)
                      0.837195    0.000408    9.153642 ^ fanout404/A (sky130_fd_sc_hd__clkdlybuf4s25_1)
     8    0.054668    0.545119    0.765837    9.919478 ^ fanout404/X (sky130_fd_sc_hd__clkdlybuf4s25_1)
                                                         net404 (net)
                      0.545119    0.000226    9.919705 ^ fanout402/A (sky130_fd_sc_hd__clkdlybuf4s25_1)
     3    0.024911    0.254796    0.522081   10.441787 ^ fanout402/X (sky130_fd_sc_hd__clkdlybuf4s25_1)
                                                         net402 (net)
                      0.254796    0.000698   10.442485 ^ load_slew403/A (sky130_fd_sc_hd__buf_4)
     8    0.054245    0.154310    0.271195   10.713679 ^ load_slew403/X (sky130_fd_sc_hd__buf_4)
                                                         net403 (net)
                      0.154313    0.000914   10.714593 ^ fanout400/A (sky130_fd_sc_hd__clkdlybuf4s25_1)
     5    0.042864    0.430562    0.579774   11.294367 ^ fanout400/X (sky130_fd_sc_hd__clkdlybuf4s25_1)
                                                         net400 (net)
                      0.430564    0.001856   11.296223 ^ load_slew401/A (sky130_fd_sc_hd__clkbuf_2)
     6    0.048837    0.265893    0.369553   11.665776 ^ load_slew401/X (sky130_fd_sc_hd__clkbuf_2)
                                                         net401 (net)
                      0.265895    0.001330   11.667106 ^ _3412_/B_N (sky130_fd_sc_hd__nor2b_2)
     4    0.020264    0.235271    0.332417   11.999522 ^ _3412_/Y (sky130_fd_sc_hd__nor2b_2)
                                                         _2625_ (net)
                      0.235342    0.000376   11.999898 ^ _3555_/C1 (sky130_fd_sc_hd__a221oi_2)
     5    0.019087    0.112048    0.113663   12.113562 v _3555_/Y (sky130_fd_sc_hd__a221oi_2)
                                                         _2765_ (net)
                      0.112066    0.000664   12.114225 v _3683_/A3 (sky130_fd_sc_hd__o31a_2)
     3    0.014572    0.078841    0.362697   12.476923 v _3683_/X (sky130_fd_sc_hd__o31a_2)
                                                         _2891_ (net)
                      0.078841    0.000461   12.477384 v _4087_/A2 (sky130_fd_sc_hd__o41a_2)
     4    0.042549    0.156858    0.635275   13.112659 v _4087_/X (sky130_fd_sc_hd__o41a_2)
                                                         _0069_ (net)
                      0.156861    0.001016   13.113675 v _4441_/A3 (sky130_fd_sc_hd__o31ai_4)
     1    0.010036    0.217225    0.254597   13.368272 ^ _4441_/Y (sky130_fd_sc_hd__o31ai_4)
                                                         _0415_ (net)
                      0.217225    0.000390   13.368662 ^ wire248/A (sky130_fd_sc_hd__buf_2)
     5    0.044078    0.216756    0.297373   13.666035 ^ wire248/X (sky130_fd_sc_hd__buf_2)
                                                         net248 (net)
                      0.216879    0.002957   13.668992 ^ _4442_/A (sky130_fd_sc_hd__clkbuf_1)
     5    0.026112    0.307995    0.315308   13.984300 ^ _4442_/X (sky130_fd_sc_hd__clkbuf_1)
                                                         _0416_ (net)
                      0.307995    0.000316   13.984615 ^ max_cap234/A (sky130_fd_sc_hd__buf_2)
     6    0.035950    0.178677    0.293347   14.277963 ^ max_cap234/X (sky130_fd_sc_hd__buf_2)
                                                         net234 (net)
                      0.178679    0.000990   14.278953 ^ _4443_/B (sky130_fd_sc_hd__nand2_2)
     9    0.043770    0.181295    0.207439   14.486392 v _4443_/Y (sky130_fd_sc_hd__nand2_2)
                                                         _0417_ (net)
                      0.181295    0.000040   14.486432 v _4585_/A1 (sky130_fd_sc_hd__a2111o_2)
     4    0.025530    0.122407    0.571420   15.057853 v _4585_/X (sky130_fd_sc_hd__a2111o_2)
                                                         _0556_ (net)
                      0.122415    0.001153   15.059005 v _4667_/B1_N (sky130_fd_sc_hd__o21bai_2)
     4    0.018393    0.101992    0.280016   15.339021 v _4667_/Y (sky130_fd_sc_hd__o21bai_2)
                                                         _0636_ (net)
                      0.101992    0.000272   15.339293 v _4742_/A (sky130_fd_sc_hd__nor3_2)
     3    0.018771    0.345979    0.376156   15.715449 ^ _4742_/Y (sky130_fd_sc_hd__nor3_2)
                                                         _0709_ (net)
                      0.345979    0.000272   15.715721 ^ _4743_/D_N (sky130_fd_sc_hd__or4b_4)
     6    0.039350    0.141957    0.630283   16.346004 v _4743_/X (sky130_fd_sc_hd__or4b_4)
                                                         _0710_ (net)
                      0.141967    0.001419   16.347424 v _5624_/A (sky130_fd_sc_hd__or4b_4)
     2    0.018143    0.110750    0.639666   16.987089 v _5624_/X (sky130_fd_sc_hd__or4b_4)
                                                         _1629_ (net)
                      0.110750    0.000899   16.987988 v _5652_/B_N (sky130_fd_sc_hd__and4bb_4)
     7    0.030635    0.132029    0.448841   17.436829 ^ _5652_/X (sky130_fd_sc_hd__and4bb_4)
                                                         _1659_ (net)
                      0.132029    0.000520   17.437349 ^ _5789_/B1 (sky130_fd_sc_hd__o2111a_2)
     3    0.013363    0.092861    0.270513   17.707863 ^ _5789_/X (sky130_fd_sc_hd__o2111a_2)
                                                         _1806_ (net)
                      0.092861    0.000256   17.708118 ^ _5825_/A (sky130_fd_sc_hd__nand3_2)
     4    0.016967    0.136137    0.126791   17.834909 v _5825_/Y (sky130_fd_sc_hd__nand3_2)
                                                         _1844_ (net)
                      0.136137    0.000108   17.835018 v _5895_/A_N (sky130_fd_sc_hd__and3b_2)
     3    0.024293    0.137945    0.362283   18.197300 ^ _5895_/X (sky130_fd_sc_hd__and3b_2)
                                                         _1918_ (net)
                      0.137945    0.000517   18.197817 ^ _5960_/A (sky130_fd_sc_hd__nand2_2)
     1    0.020419    0.096171    0.122178   18.319996 v _5960_/Y (sky130_fd_sc_hd__nand2_2)
                                                         _1988_ (net)
                      0.096203    0.000306   18.320301 v _5961_/B (sky130_fd_sc_hd__xor2_2)
     1    0.003798    0.061065    0.164652   18.484953 v _5961_/X (sky130_fd_sc_hd__xor2_2)
                                                         _1989_ (net)
                      0.061065    0.000064   18.485016 v _5980_/A2 (sky130_fd_sc_hd__a211o_2)
     3    0.023876    0.098749    0.420355   18.905373 v _5980_/X (sky130_fd_sc_hd__a211o_2)
                                                         net135 (net)
                      0.098749    0.000348   18.905720 v output135/A (sky130_fd_sc_hd__clkdlybuf4s25_1)
     1    0.035542    0.263806    0.466764   19.372484 v output135/X (sky130_fd_sc_hd__clkdlybuf4s25_1)
                                                         negative_flag (net)
                      0.263806    0.000616   19.373100 v negative_flag (out)
                                             19.373100   data arrival time

                      0.000000   40.000000   40.000000   clock __VIRTUAL_CLK__ (rise edge)
                                  0.000000   40.000000   clock network delay (ideal)
                                 -0.250000   39.750000   clock uncertainty
                                  0.000000   39.750000   clock reconvergence pessimism
                                 -8.000000   31.750000   output external delay
                                             31.750000   data required time
---------------------------------------------------------------------------------------------
                                             31.750000   data required time
                                            -19.373100   data arrival time
---------------------------------------------------------------------------------------------
                                             12.376898   slack (MET)


Startpoint: operand_b[1] (input port clocked by __VIRTUAL_CLK__)
Endpoint: result[61] (output port clocked by __VIRTUAL_CLK__)
Path Group: __VIRTUAL_CLK__
Path Type: max

Fanout         Cap        Slew       Delay        Time   Description
---------------------------------------------------------------------------------------------
                      0.000000    0.000000    0.000000   clock __VIRTUAL_CLK__ (rise edge)
                                  0.000000    0.000000   clock network delay (ideal)
                                  8.000000    8.000000 ^ input external delay
     1    0.007862    0.041921    0.028532    8.028532 ^ operand_b[1] (in)
                                                         operand_b[1] (net)
                      0.041923    0.000000    8.028532 ^ input81/A (sky130_fd_sc_hd__clkdlybuf4s25_1)
     1    0.005436    0.068098    0.273489    8.302021 ^ input81/X (sky130_fd_sc_hd__clkdlybuf4s25_1)
                                                         net81 (net)
                      0.068098    0.000110    8.302131 ^ fanout406/A (sky130_fd_sc_hd__clkdlybuf4s25_1)
     7    0.084421    0.837195    0.851103    9.153234 ^ fanout406/X (sky130_fd_sc_hd__clkdlybuf4s25_1)
                                                         net406 (net)
                      0.837195    0.000408    9.153642 ^ fanout404/A (sky130_fd_sc_hd__clkdlybuf4s25_1)
     8    0.054668    0.545119    0.765837    9.919478 ^ fanout404/X (sky130_fd_sc_hd__clkdlybuf4s25_1)
                                                         net404 (net)
                      0.545119    0.000226    9.919705 ^ fanout402/A (sky130_fd_sc_hd__clkdlybuf4s25_1)
     3    0.024911    0.254796    0.522081   10.441787 ^ fanout402/X (sky130_fd_sc_hd__clkdlybuf4s25_1)
                                                         net402 (net)
                      0.254796    0.000698   10.442485 ^ load_slew403/A (sky130_fd_sc_hd__buf_4)
     8    0.054245    0.154310    0.271195   10.713679 ^ load_slew403/X (sky130_fd_sc_hd__buf_4)
                                                         net403 (net)
                      0.154313    0.000914   10.714593 ^ fanout400/A (sky130_fd_sc_hd__clkdlybuf4s25_1)
     5    0.042864    0.430562    0.579774   11.294367 ^ fanout400/X (sky130_fd_sc_hd__clkdlybuf4s25_1)
                                                         net400 (net)
                      0.430564    0.001856   11.296223 ^ load_slew401/A (sky130_fd_sc_hd__clkbuf_2)
     6    0.048837    0.265893    0.369553   11.665776 ^ load_slew401/X (sky130_fd_sc_hd__clkbuf_2)
                                                         net401 (net)
                      0.265895    0.001330   11.667106 ^ _3412_/B_N (sky130_fd_sc_hd__nor2b_2)
     4    0.020264    0.235271    0.332417   11.999522 ^ _3412_/Y (sky130_fd_sc_hd__nor2b_2)
                                                         _2625_ (net)
                      0.235342    0.000376   11.999898 ^ _3555_/C1 (sky130_fd_sc_hd__a221oi_2)
     5    0.019087    0.112048    0.113663   12.113562 v _3555_/Y (sky130_fd_sc_hd__a221oi_2)
                                                         _2765_ (net)
                      0.112066    0.000664   12.114225 v _3683_/A3 (sky130_fd_sc_hd__o31a_2)
     3    0.014572    0.078841    0.362697   12.476923 v _3683_/X (sky130_fd_sc_hd__o31a_2)
                                                         _2891_ (net)
                      0.078841    0.000461   12.477384 v _4087_/A2 (sky130_fd_sc_hd__o41a_2)
     4    0.042549    0.156858    0.635275   13.112659 v _4087_/X (sky130_fd_sc_hd__o41a_2)
                                                         _0069_ (net)
                      0.156861    0.001016   13.113675 v _4441_/A3 (sky130_fd_sc_hd__o31ai_4)
     1    0.010036    0.217225    0.254597   13.368272 ^ _4441_/Y (sky130_fd_sc_hd__o31ai_4)
                                                         _0415_ (net)
                      0.217225    0.000390   13.368662 ^ wire248/A (sky130_fd_sc_hd__buf_2)
     5    0.044078    0.216756    0.297373   13.666035 ^ wire248/X (sky130_fd_sc_hd__buf_2)
                                                         net248 (net)
                      0.216879    0.002957   13.668992 ^ _4442_/A (sky130_fd_sc_hd__clkbuf_1)
     5    0.026112    0.307995    0.315308   13.984300 ^ _4442_/X (sky130_fd_sc_hd__clkbuf_1)
                                                         _0416_ (net)
                      0.307995    0.000316   13.984615 ^ max_cap234/A (sky130_fd_sc_hd__buf_2)
     6    0.035950    0.178677    0.293347   14.277963 ^ max_cap234/X (sky130_fd_sc_hd__buf_2)
                                                         net234 (net)
                      0.178679    0.000990   14.278953 ^ _4443_/B (sky130_fd_sc_hd__nand2_2)
     9    0.043770    0.181295    0.207439   14.486392 v _4443_/Y (sky130_fd_sc_hd__nand2_2)
                                                         _0417_ (net)
                      0.181295    0.000040   14.486432 v _4585_/A1 (sky130_fd_sc_hd__a2111o_2)
     4    0.025530    0.122407    0.571420   15.057853 v _4585_/X (sky130_fd_sc_hd__a2111o_2)
                                                         _0556_ (net)
                      0.122415    0.001153   15.059005 v _4667_/B1_N (sky130_fd_sc_hd__o21bai_2)
     4    0.018393    0.101992    0.280016   15.339021 v _4667_/Y (sky130_fd_sc_hd__o21bai_2)
                                                         _0636_ (net)
                      0.101992    0.000272   15.339293 v _4742_/A (sky130_fd_sc_hd__nor3_2)
     3    0.018771    0.345979    0.376156   15.715449 ^ _4742_/Y (sky130_fd_sc_hd__nor3_2)
                                                         _0709_ (net)
                      0.345979    0.000272   15.715721 ^ _4743_/D_N (sky130_fd_sc_hd__or4b_4)
     6    0.039350    0.141957    0.630283   16.346004 v _4743_/X (sky130_fd_sc_hd__or4b_4)
                                                         _0710_ (net)
                      0.141967    0.001419   16.347424 v _5624_/A (sky130_fd_sc_hd__or4b_4)
     2    0.018143    0.110750    0.639666   16.987089 v _5624_/X (sky130_fd_sc_hd__or4b_4)
                                                         _1629_ (net)
                      0.110750    0.000899   16.987988 v _5652_/B_N (sky130_fd_sc_hd__and4bb_4)
     7    0.030635    0.132029    0.448841   17.436829 ^ _5652_/X (sky130_fd_sc_hd__and4bb_4)
                                                         _1659_ (net)
                      0.132029    0.000520   17.437349 ^ _5789_/B1 (sky130_fd_sc_hd__o2111a_2)
     3    0.013363    0.092861    0.270513   17.707863 ^ _5789_/X (sky130_fd_sc_hd__o2111a_2)
                                                         _1806_ (net)
                      0.092861    0.000256   17.708118 ^ _5825_/A (sky130_fd_sc_hd__nand3_2)
     4    0.016967    0.136137    0.126791   17.834909 v _5825_/Y (sky130_fd_sc_hd__nand3_2)
                                                         _1844_ (net)
                      0.136137    0.000156   17.835066 v _5893_/A_N (sky130_fd_sc_hd__and2b_2)
     1    0.010498    0.068560    0.285246   18.120312 ^ _5893_/X (sky130_fd_sc_hd__and2b_2)
                                                         _1916_ (net)
                      0.068561    0.000362   18.120674 ^ _5894_/B (sky130_fd_sc_hd__nor2_2)
     1    0.004828    0.039767    0.040744   18.161417 v _5894_/Y (sky130_fd_sc_hd__nor2_2)
                                                         _1917_ (net)
                      0.039767    0.000099   18.161518 v _5896_/A (sky130_fd_sc_hd__or2_2)
     1    0.010187    0.075454    0.335373   18.496889 v _5896_/X (sky130_fd_sc_hd__or2_2)
                                                         _1920_ (net)
                      0.075454    0.000330   18.497221 v _5915_/A2 (sky130_fd_sc_hd__a211o_2)
     2    0.013180    0.074883    0.395719   18.892939 v _5915_/X (sky130_fd_sc_hd__a211o_2)
                                                         net194 (net)
                      0.074917    0.000172   18.893112 v output194/A (sky130_fd_sc_hd__clkdlybuf4s25_1)
     1    0.035729    0.265495    0.456893   19.350004 v output194/X (sky130_fd_sc_hd__clkdlybuf4s25_1)
                                                         result[61] (net)
                      0.265495    0.000608   19.350613 v result[61] (out)
                                             19.350613   data arrival time

                      0.000000   40.000000   40.000000   clock __VIRTUAL_CLK__ (rise edge)
                                  0.000000   40.000000   clock network delay (ideal)
                                 -0.250000   39.750000   clock uncertainty
                                  0.000000   39.750000   clock reconvergence pessimism
                                 -8.000000   31.750000   output external delay
                                             31.750000   data required time
---------------------------------------------------------------------------------------------
                                             31.750000   data required time
                                            -19.350613   data arrival time
---------------------------------------------------------------------------------------------
                                             12.399386   slack (MET)


Startpoint: operand_b[1] (input port clocked by __VIRTUAL_CLK__)
Endpoint: result[55] (output port clocked by __VIRTUAL_CLK__)
Path Group: __VIRTUAL_CLK__
Path Type: max

Fanout         Cap        Slew       Delay        Time   Description
---------------------------------------------------------------------------------------------
                      0.000000    0.000000    0.000000   clock __VIRTUAL_CLK__ (rise edge)
                                  0.000000    0.000000   clock network delay (ideal)
                                  8.000000    8.000000 ^ input external delay
     1    0.007862    0.041921    0.028532    8.028532 ^ operand_b[1] (in)
                                                         operand_b[1] (net)
                      0.041923    0.000000    8.028532 ^ input81/A (sky130_fd_sc_hd__clkdlybuf4s25_1)
     1    0.005436    0.068098    0.273489    8.302021 ^ input81/X (sky130_fd_sc_hd__clkdlybuf4s25_1)
                                                         net81 (net)
                      0.068098    0.000110    8.302131 ^ fanout406/A (sky130_fd_sc_hd__clkdlybuf4s25_1)
     7    0.084421    0.837195    0.851103    9.153234 ^ fanout406/X (sky130_fd_sc_hd__clkdlybuf4s25_1)
                                                         net406 (net)
                      0.837195    0.000408    9.153642 ^ fanout404/A (sky130_fd_sc_hd__clkdlybuf4s25_1)
     8    0.054668    0.545119    0.765837    9.919478 ^ fanout404/X (sky130_fd_sc_hd__clkdlybuf4s25_1)
                                                         net404 (net)
                      0.545119    0.000226    9.919705 ^ fanout402/A (sky130_fd_sc_hd__clkdlybuf4s25_1)
     3    0.024911    0.254796    0.522081   10.441787 ^ fanout402/X (sky130_fd_sc_hd__clkdlybuf4s25_1)
                                                         net402 (net)
                      0.254796    0.000698   10.442485 ^ load_slew403/A (sky130_fd_sc_hd__buf_4)
     8    0.054245    0.154310    0.271195   10.713679 ^ load_slew403/X (sky130_fd_sc_hd__buf_4)
                                                         net403 (net)
                      0.154313    0.000914   10.714593 ^ fanout400/A (sky130_fd_sc_hd__clkdlybuf4s25_1)
     5    0.042864    0.430562    0.579774   11.294367 ^ fanout400/X (sky130_fd_sc_hd__clkdlybuf4s25_1)
                                                         net400 (net)
                      0.430564    0.001856   11.296223 ^ load_slew401/A (sky130_fd_sc_hd__clkbuf_2)
     6    0.048837    0.265893    0.369553   11.665776 ^ load_slew401/X (sky130_fd_sc_hd__clkbuf_2)
                                                         net401 (net)
                      0.265895    0.001330   11.667106 ^ _3412_/B_N (sky130_fd_sc_hd__nor2b_2)
     4    0.020264    0.235271    0.332417   11.999522 ^ _3412_/Y (sky130_fd_sc_hd__nor2b_2)
                                                         _2625_ (net)
                      0.235342    0.000376   11.999898 ^ _3555_/C1 (sky130_fd_sc_hd__a221oi_2)
     5    0.019087    0.112048    0.113663   12.113562 v _3555_/Y (sky130_fd_sc_hd__a221oi_2)
                                                         _2765_ (net)
                      0.112066    0.000664   12.114225 v _3683_/A3 (sky130_fd_sc_hd__o31a_2)
     3    0.014572    0.078841    0.362697   12.476923 v _3683_/X (sky130_fd_sc_hd__o31a_2)
                                                         _2891_ (net)
                      0.078841    0.000461   12.477384 v _4087_/A2 (sky130_fd_sc_hd__o41a_2)
     4    0.042549    0.156858    0.635275   13.112659 v _4087_/X (sky130_fd_sc_hd__o41a_2)
                                                         _0069_ (net)
                      0.156861    0.001016   13.113675 v _4441_/A3 (sky130_fd_sc_hd__o31ai_4)
     1    0.010036    0.217225    0.254597   13.368272 ^ _4441_/Y (sky130_fd_sc_hd__o31ai_4)
                                                         _0415_ (net)
                      0.217225    0.000390   13.368662 ^ wire248/A (sky130_fd_sc_hd__buf_2)
     5    0.044078    0.216756    0.297373   13.666035 ^ wire248/X (sky130_fd_sc_hd__buf_2)
                                                         net248 (net)
                      0.216879    0.002957   13.668992 ^ _4442_/A (sky130_fd_sc_hd__clkbuf_1)
     5    0.026112    0.307995    0.315308   13.984300 ^ _4442_/X (sky130_fd_sc_hd__clkbuf_1)
                                                         _0416_ (net)
                      0.307995    0.000316   13.984615 ^ max_cap234/A (sky130_fd_sc_hd__buf_2)
     6    0.035950    0.178677    0.293347   14.277963 ^ max_cap234/X (sky130_fd_sc_hd__buf_2)
                                                         net234 (net)
                      0.178679    0.000990   14.278953 ^ _4443_/B (sky130_fd_sc_hd__nand2_2)
     9    0.043770    0.181295    0.207439   14.486392 v _4443_/Y (sky130_fd_sc_hd__nand2_2)
                                                         _0417_ (net)
                      0.181295    0.000040   14.486432 v _4585_/A1 (sky130_fd_sc_hd__a2111o_2)
     4    0.025530    0.122407    0.571420   15.057853 v _4585_/X (sky130_fd_sc_hd__a2111o_2)
                                                         _0556_ (net)
                      0.122415    0.001153   15.059005 v _4667_/B1_N (sky130_fd_sc_hd__o21bai_2)
     4    0.018393    0.101992    0.280016   15.339021 v _4667_/Y (sky130_fd_sc_hd__o21bai_2)
                                                         _0636_ (net)
                      0.101992    0.000272   15.339293 v _4742_/A (sky130_fd_sc_hd__nor3_2)
     3    0.018771    0.345979    0.376156   15.715449 ^ _4742_/Y (sky130_fd_sc_hd__nor3_2)
                                                         _0709_ (net)
                      0.345979    0.000272   15.715721 ^ _4743_/D_N (sky130_fd_sc_hd__or4b_4)
     6    0.039350    0.141957    0.630283   16.346004 v _4743_/X (sky130_fd_sc_hd__or4b_4)
                                                         _0710_ (net)
                      0.141967    0.001419   16.347424 v _5624_/A (sky130_fd_sc_hd__or4b_4)
     2    0.018143    0.110750    0.639666   16.987089 v _5624_/X (sky130_fd_sc_hd__or4b_4)
                                                         _1629_ (net)
                      0.110750    0.000899   16.987988 v _5652_/B_N (sky130_fd_sc_hd__and4bb_4)
     7    0.030635    0.132029    0.448841   17.436829 ^ _5652_/X (sky130_fd_sc_hd__and4bb_4)
                                                         _1659_ (net)
                      0.132029    0.000336   17.437164 ^ _5683_/C_N (sky130_fd_sc_hd__or3b_4)
     1    0.003451    0.063562    0.404453   17.841618 v _5683_/X (sky130_fd_sc_hd__or3b_4)
                                                         _1692_ (net)
                      0.063562    0.000043   17.841661 v _5685_/B (sky130_fd_sc_hd__and3_4)
     1    0.002643    0.033726    0.174355   18.016016 v _5685_/X (sky130_fd_sc_hd__and3_4)
                                                         _1694_ (net)
                      0.033726    0.000025   18.016041 v _5707_/A (sky130_fd_sc_hd__or4b_4)
     1    0.005667    0.086638    0.554730   18.570770 v _5707_/X (sky130_fd_sc_hd__or4b_4)
                                                         _1719_ (net)
                      0.086638    0.000075   18.570845 v _5708_/A (sky130_fd_sc_hd__buf_6)
     2    0.013333    0.027919    0.144645   18.715490 v _5708_/X (sky130_fd_sc_hd__buf_6)
                                                         net187 (net)
                      0.027939    0.000167   18.715656 v output187/A (sky130_fd_sc_hd__clkdlybuf4s25_1)
     1    0.035796    0.266006    0.435916   19.151573 v output187/X (sky130_fd_sc_hd__clkdlybuf4s25_1)
                                                         result[55] (net)
                      0.266006    0.000622   19.152195 v result[55] (out)
                                             19.152195   data arrival time

                      0.000000   40.000000   40.000000   clock __VIRTUAL_CLK__ (rise edge)
                                  0.000000   40.000000   clock network delay (ideal)
                                 -0.250000   39.750000   clock uncertainty
                                  0.000000   39.750000   clock reconvergence pessimism
                                 -8.000000   31.750000   output external delay
                                             31.750000   data required time
---------------------------------------------------------------------------------------------
                                             31.750000   data required time
                                            -19.152195   data arrival time
---------------------------------------------------------------------------------------------
                                             12.597804   slack (MET)


Startpoint: operand_b[1] (input port clocked by __VIRTUAL_CLK__)
Endpoint: result[62] (output port clocked by __VIRTUAL_CLK__)
Path Group: __VIRTUAL_CLK__
Path Type: max

Fanout         Cap        Slew       Delay        Time   Description
---------------------------------------------------------------------------------------------
                      0.000000    0.000000    0.000000   clock __VIRTUAL_CLK__ (rise edge)
                                  0.000000    0.000000   clock network delay (ideal)
                                  8.000000    8.000000 ^ input external delay
     1    0.007862    0.041921    0.028532    8.028532 ^ operand_b[1] (in)
                                                         operand_b[1] (net)
                      0.041923    0.000000    8.028532 ^ input81/A (sky130_fd_sc_hd__clkdlybuf4s25_1)
     1    0.005436    0.068098    0.273489    8.302021 ^ input81/X (sky130_fd_sc_hd__clkdlybuf4s25_1)
                                                         net81 (net)
                      0.068098    0.000110    8.302131 ^ fanout406/A (sky130_fd_sc_hd__clkdlybuf4s25_1)
     7    0.084421    0.837195    0.851103    9.153234 ^ fanout406/X (sky130_fd_sc_hd__clkdlybuf4s25_1)
                                                         net406 (net)
                      0.837195    0.000408    9.153642 ^ fanout404/A (sky130_fd_sc_hd__clkdlybuf4s25_1)
     8    0.054668    0.545119    0.765837    9.919478 ^ fanout404/X (sky130_fd_sc_hd__clkdlybuf4s25_1)
                                                         net404 (net)
                      0.545119    0.000226    9.919705 ^ fanout402/A (sky130_fd_sc_hd__clkdlybuf4s25_1)
     3    0.024911    0.254796    0.522081   10.441787 ^ fanout402/X (sky130_fd_sc_hd__clkdlybuf4s25_1)
                                                         net402 (net)
                      0.254796    0.000698   10.442485 ^ load_slew403/A (sky130_fd_sc_hd__buf_4)
     8    0.054245    0.154310    0.271195   10.713679 ^ load_slew403/X (sky130_fd_sc_hd__buf_4)
                                                         net403 (net)
                      0.154313    0.000914   10.714593 ^ fanout400/A (sky130_fd_sc_hd__clkdlybuf4s25_1)
     5    0.042864    0.430562    0.579774   11.294367 ^ fanout400/X (sky130_fd_sc_hd__clkdlybuf4s25_1)
                                                         net400 (net)
                      0.430564    0.001856   11.296223 ^ load_slew401/A (sky130_fd_sc_hd__clkbuf_2)
     6    0.048837    0.265893    0.369553   11.665776 ^ load_slew401/X (sky130_fd_sc_hd__clkbuf_2)
                                                         net401 (net)
                      0.265895    0.001330   11.667106 ^ _3412_/B_N (sky130_fd_sc_hd__nor2b_2)
     4    0.020264    0.235271    0.332417   11.999522 ^ _3412_/Y (sky130_fd_sc_hd__nor2b_2)
                                                         _2625_ (net)
                      0.235342    0.000376   11.999898 ^ _3555_/C1 (sky130_fd_sc_hd__a221oi_2)
     5    0.019087    0.112048    0.113663   12.113562 v _3555_/Y (sky130_fd_sc_hd__a221oi_2)
                                                         _2765_ (net)
                      0.112066    0.000664   12.114225 v _3683_/A3 (sky130_fd_sc_hd__o31a_2)
     3    0.014572    0.078841    0.362697   12.476923 v _3683_/X (sky130_fd_sc_hd__o31a_2)
                                                         _2891_ (net)
                      0.078841    0.000461   12.477384 v _4087_/A2 (sky130_fd_sc_hd__o41a_2)
     4    0.042549    0.156858    0.635275   13.112659 v _4087_/X (sky130_fd_sc_hd__o41a_2)
                                                         _0069_ (net)
                      0.156861    0.001016   13.113675 v _4441_/A3 (sky130_fd_sc_hd__o31ai_4)
     1    0.010036    0.217225    0.254597   13.368272 ^ _4441_/Y (sky130_fd_sc_hd__o31ai_4)
                                                         _0415_ (net)
                      0.217225    0.000390   13.368662 ^ wire248/A (sky130_fd_sc_hd__buf_2)
     5    0.044078    0.216756    0.297373   13.666035 ^ wire248/X (sky130_fd_sc_hd__buf_2)
                                                         net248 (net)
                      0.216879    0.002957   13.668992 ^ _4442_/A (sky130_fd_sc_hd__clkbuf_1)
     5    0.026112    0.307995    0.315308   13.984300 ^ _4442_/X (sky130_fd_sc_hd__clkbuf_1)
                                                         _0416_ (net)
                      0.307995    0.000316   13.984615 ^ max_cap234/A (sky130_fd_sc_hd__buf_2)
     6    0.035950    0.178677    0.293347   14.277963 ^ max_cap234/X (sky130_fd_sc_hd__buf_2)
                                                         net234 (net)
                      0.178679    0.000990   14.278953 ^ _4443_/B (sky130_fd_sc_hd__nand2_2)
     9    0.043770    0.181295    0.207439   14.486392 v _4443_/Y (sky130_fd_sc_hd__nand2_2)
                                                         _0417_ (net)
                      0.181295    0.000040   14.486432 v _4585_/A1 (sky130_fd_sc_hd__a2111o_2)
     4    0.025530    0.122407    0.571420   15.057853 v _4585_/X (sky130_fd_sc_hd__a2111o_2)
                                                         _0556_ (net)
                      0.122415    0.001153   15.059005 v _4667_/B1_N (sky130_fd_sc_hd__o21bai_2)
     4    0.018393    0.101992    0.280016   15.339021 v _4667_/Y (sky130_fd_sc_hd__o21bai_2)
                                                         _0636_ (net)
                      0.101992    0.000272   15.339293 v _4742_/A (sky130_fd_sc_hd__nor3_2)
     3    0.018771    0.345979    0.376156   15.715449 ^ _4742_/Y (sky130_fd_sc_hd__nor3_2)
                                                         _0709_ (net)
                      0.345979    0.000272   15.715721 ^ _4743_/D_N (sky130_fd_sc_hd__or4b_4)
     6    0.039350    0.141957    0.630283   16.346004 v _4743_/X (sky130_fd_sc_hd__or4b_4)
                                                         _0710_ (net)
                      0.141967    0.001419   16.347424 v _5624_/A (sky130_fd_sc_hd__or4b_4)
     2    0.018143    0.110750    0.639666   16.987089 v _5624_/X (sky130_fd_sc_hd__or4b_4)
                                                         _1629_ (net)
                      0.110750    0.000899   16.987988 v _5652_/B_N (sky130_fd_sc_hd__and4bb_4)
     7    0.030635    0.132029    0.448841   17.436829 ^ _5652_/X (sky130_fd_sc_hd__and4bb_4)
                                                         _1659_ (net)
                      0.132029    0.000520   17.437349 ^ _5789_/B1 (sky130_fd_sc_hd__o2111a_2)
     3    0.013363    0.092861    0.270513   17.707863 ^ _5789_/X (sky130_fd_sc_hd__o2111a_2)
                                                         _1806_ (net)
                      0.092861    0.000256   17.708118 ^ _5825_/A (sky130_fd_sc_hd__nand3_2)
     4    0.016967    0.136137    0.126791   17.834909 v _5825_/Y (sky130_fd_sc_hd__nand3_2)
                                                         _1844_ (net)
                      0.136137    0.000108   17.835018 v _5895_/A_N (sky130_fd_sc_hd__and3b_2)
     3    0.024293    0.137945    0.362283   18.197300 ^ _5895_/X (sky130_fd_sc_hd__and3b_2)
                                                         _1918_ (net)
                      0.137945    0.000140   18.197441 ^ _5930_/A (sky130_fd_sc_hd__xnor2_2)
     1    0.002671    0.044791    0.082483   18.279924 v _5930_/Y (sky130_fd_sc_hd__xnor2_2)
                                                         _1956_ (net)
                      0.044791    0.000025   18.279949 v _5951_/B1 (sky130_fd_sc_hd__a221o_2)
     2    0.012491    0.080073    0.387951   18.667900 v _5951_/X (sky130_fd_sc_hd__a221o_2)
                                                         net195 (net)
                      0.080073    0.000176   18.668076 v output195/A (sky130_fd_sc_hd__clkdlybuf4s25_1)
     1    0.035363    0.262805    0.457248   19.125324 v output195/X (sky130_fd_sc_hd__clkdlybuf4s25_1)
                                                         result[62] (net)
                      0.262805    0.000576   19.125900 v result[62] (out)
                                             19.125900   data arrival time

                      0.000000   40.000000   40.000000   clock __VIRTUAL_CLK__ (rise edge)
                                  0.000000   40.000000   clock network delay (ideal)
                                 -0.250000   39.750000   clock uncertainty
                                  0.000000   39.750000   clock reconvergence pessimism
                                 -8.000000   31.750000   output external delay
                                             31.750000   data required time
---------------------------------------------------------------------------------------------
                                             31.750000   data required time
                                            -19.125900   data arrival time
---------------------------------------------------------------------------------------------
                                             12.624100   slack (MET)


Startpoint: operand_b[1] (input port clocked by __VIRTUAL_CLK__)
Endpoint: overflow_flag (output port clocked by __VIRTUAL_CLK__)
Path Group: __VIRTUAL_CLK__
Path Type: max

Fanout         Cap        Slew       Delay        Time   Description
---------------------------------------------------------------------------------------------
                      0.000000    0.000000    0.000000   clock __VIRTUAL_CLK__ (rise edge)
                                  0.000000    0.000000   clock network delay (ideal)
                                  8.000000    8.000000 ^ input external delay
     1    0.007862    0.041921    0.028532    8.028532 ^ operand_b[1] (in)
                                                         operand_b[1] (net)
                      0.041923    0.000000    8.028532 ^ input81/A (sky130_fd_sc_hd__clkdlybuf4s25_1)
     1    0.005436    0.068098    0.273489    8.302021 ^ input81/X (sky130_fd_sc_hd__clkdlybuf4s25_1)
                                                         net81 (net)
                      0.068098    0.000110    8.302131 ^ fanout406/A (sky130_fd_sc_hd__clkdlybuf4s25_1)
     7    0.084421    0.837195    0.851103    9.153234 ^ fanout406/X (sky130_fd_sc_hd__clkdlybuf4s25_1)
                                                         net406 (net)
                      0.837195    0.000408    9.153642 ^ fanout404/A (sky130_fd_sc_hd__clkdlybuf4s25_1)
     8    0.054668    0.545119    0.765837    9.919478 ^ fanout404/X (sky130_fd_sc_hd__clkdlybuf4s25_1)
                                                         net404 (net)
                      0.545119    0.000226    9.919705 ^ fanout402/A (sky130_fd_sc_hd__clkdlybuf4s25_1)
     3    0.024911    0.254796    0.522081   10.441787 ^ fanout402/X (sky130_fd_sc_hd__clkdlybuf4s25_1)
                                                         net402 (net)
                      0.254796    0.000698   10.442485 ^ load_slew403/A (sky130_fd_sc_hd__buf_4)
     8    0.054245    0.154310    0.271195   10.713679 ^ load_slew403/X (sky130_fd_sc_hd__buf_4)
                                                         net403 (net)
                      0.154313    0.000914   10.714593 ^ fanout400/A (sky130_fd_sc_hd__clkdlybuf4s25_1)
     5    0.042864    0.430562    0.579774   11.294367 ^ fanout400/X (sky130_fd_sc_hd__clkdlybuf4s25_1)
                                                         net400 (net)
                      0.430564    0.001856   11.296223 ^ load_slew401/A (sky130_fd_sc_hd__clkbuf_2)
     6    0.048837    0.265893    0.369553   11.665776 ^ load_slew401/X (sky130_fd_sc_hd__clkbuf_2)
                                                         net401 (net)
                      0.265895    0.001330   11.667106 ^ _3412_/B_N (sky130_fd_sc_hd__nor2b_2)
     4    0.020264    0.235271    0.332417   11.999522 ^ _3412_/Y (sky130_fd_sc_hd__nor2b_2)
                                                         _2625_ (net)
                      0.235342    0.000376   11.999898 ^ _3555_/C1 (sky130_fd_sc_hd__a221oi_2)
     5    0.019087    0.112048    0.113663   12.113562 v _3555_/Y (sky130_fd_sc_hd__a221oi_2)
                                                         _2765_ (net)
                      0.112066    0.000664   12.114225 v _3683_/A3 (sky130_fd_sc_hd__o31a_2)
     3    0.014572    0.078841    0.362697   12.476923 v _3683_/X (sky130_fd_sc_hd__o31a_2)
                                                         _2891_ (net)
                      0.078841    0.000461   12.477384 v _4087_/A2 (sky130_fd_sc_hd__o41a_2)
     4    0.042549    0.156858    0.635275   13.112659 v _4087_/X (sky130_fd_sc_hd__o41a_2)
                                                         _0069_ (net)
                      0.156861    0.001016   13.113675 v _4441_/A3 (sky130_fd_sc_hd__o31ai_4)
     1    0.010036    0.217225    0.254597   13.368272 ^ _4441_/Y (sky130_fd_sc_hd__o31ai_4)
                                                         _0415_ (net)
                      0.217225    0.000390   13.368662 ^ wire248/A (sky130_fd_sc_hd__buf_2)
     5    0.044078    0.216756    0.297373   13.666035 ^ wire248/X (sky130_fd_sc_hd__buf_2)
                                                         net248 (net)
                      0.216879    0.002957   13.668992 ^ _4442_/A (sky130_fd_sc_hd__clkbuf_1)
     5    0.026112    0.307995    0.315308   13.984300 ^ _4442_/X (sky130_fd_sc_hd__clkbuf_1)
                                                         _0416_ (net)
                      0.307995    0.000316   13.984615 ^ max_cap234/A (sky130_fd_sc_hd__buf_2)
     6    0.035950    0.178677    0.293347   14.277963 ^ max_cap234/X (sky130_fd_sc_hd__buf_2)
                                                         net234 (net)
                      0.178679    0.000990   14.278953 ^ _4443_/B (sky130_fd_sc_hd__nand2_2)
     9    0.043770    0.181295    0.207439   14.486392 v _4443_/Y (sky130_fd_sc_hd__nand2_2)
                                                         _0417_ (net)
                      0.181296    0.000330   14.486722 v _4541_/S (sky130_fd_sc_hd__mux2_2)
     1    0.005720    0.056607    0.346758   14.833480 v _4541_/X (sky130_fd_sc_hd__mux2_2)
                                                         _0513_ (net)
                      0.056607    0.000079   14.833559 v _4542_/B1 (sky130_fd_sc_hd__o31ai_2)
     3    0.007302    0.236544    0.078400   14.911959 ^ _4542_/Y (sky130_fd_sc_hd__o31ai_2)
                                                         _0514_ (net)
                      0.236544    0.000064   14.912023 ^ _4543_/C_N (sky130_fd_sc_hd__or3b_2)
     2    0.006915    0.090328    0.514893   15.426915 v _4543_/X (sky130_fd_sc_hd__or3b_2)
                                                         _0515_ (net)
                      0.090328    0.000160   15.427075 v _5534_/D (sky130_fd_sc_hd__or4_2)
     1    0.025995    0.176013    0.701050   16.128124 v _5534_/X (sky130_fd_sc_hd__or4_2)
                                                         _1532_ (net)
                      0.176013    0.000730   16.128855 v _5536_/A_N (sky130_fd_sc_hd__nand4b_2)
     1    0.016039    0.175797    0.331195   16.460051 v _5536_/Y (sky130_fd_sc_hd__nand4b_2)
                                                         _1535_ (net)
                      0.175797    0.000696   16.460747 v _5539_/B (sky130_fd_sc_hd__nor4b_2)
     2    0.016588    0.455311    0.517858   16.978603 ^ _5539_/Y (sky130_fd_sc_hd__nor4b_2)
                                                         _1538_ (net)
                      0.455313    0.000881   16.979485 ^ _6494_/A (sky130_fd_sc_hd__and3_2)
     1    0.008371    0.072522    0.307574   17.287060 ^ _6494_/X (sky130_fd_sc_hd__and3_2)
                                                         _2572_ (net)
                      0.072522    0.000284   17.287344 ^ _6495_/A (sky130_fd_sc_hd__and4_2)
     1    0.003235    0.052073    0.206821   17.494165 ^ _6495_/X (sky130_fd_sc_hd__and4_2)
                                                         _2573_ (net)
                      0.052073    0.000044   17.494209 ^ _6496_/B (sky130_fd_sc_hd__and4b_2)
     1    0.002815    0.050675    0.210733   17.704943 ^ _6496_/X (sky130_fd_sc_hd__and4b_2)
                                                         _2575_ (net)
                      0.050675    0.000036   17.704977 ^ _6497_/B (sky130_fd_sc_hd__and3_2)
     1    0.014350    0.097250    0.225405   17.930384 ^ _6497_/X (sky130_fd_sc_hd__and3_2)
                                                         _2576_ (net)
                      0.097250    0.000210   17.930593 ^ _6498_/B (sky130_fd_sc_hd__xnor2_2)
     1    0.004185    0.116045    0.118888   18.049480 ^ _6498_/Y (sky130_fd_sc_hd__xnor2_2)
                                                         _2577_ (net)
                      0.116045    0.000046   18.049526 ^ _6499_/S (sky130_fd_sc_hd__mux2_2)
     1    0.006351    0.058116    0.375653   18.425180 v _6499_/X (sky130_fd_sc_hd__mux2_2)
                                                         _2578_ (net)
                      0.058116    0.000107   18.425287 v _6500_/B1 (sky130_fd_sc_hd__o21ai_2)
     1    0.008876    0.142299    0.080835   18.506121 ^ _6500_/Y (sky130_fd_sc_hd__o21ai_2)
                                                         net136 (net)
                      0.142300    0.000288   18.506409 ^ output136/A (sky130_fd_sc_hd__clkdlybuf4s25_1)
     1    0.036043    0.363937    0.528157   19.034567 ^ output136/X (sky130_fd_sc_hd__clkdlybuf4s25_1)
                                                         overflow_flag (net)
                      0.363937    0.000714   19.035280 ^ overflow_flag (out)
                                             19.035280   data arrival time

                      0.000000   40.000000   40.000000   clock __VIRTUAL_CLK__ (rise edge)
                                  0.000000   40.000000   clock network delay (ideal)
                                 -0.250000   39.750000   clock uncertainty
                                  0.000000   39.750000   clock reconvergence pessimism
                                 -8.000000   31.750000   output external delay
                                             31.750000   data required time
---------------------------------------------------------------------------------------------
                                             31.750000   data required time
                                            -19.035280   data arrival time
---------------------------------------------------------------------------------------------
                                             12.714719   slack (MET)


Startpoint: operand_b[1] (input port clocked by __VIRTUAL_CLK__)
Endpoint: result[60] (output port clocked by __VIRTUAL_CLK__)
Path Group: __VIRTUAL_CLK__
Path Type: max

Fanout         Cap        Slew       Delay        Time   Description
---------------------------------------------------------------------------------------------
                      0.000000    0.000000    0.000000   clock __VIRTUAL_CLK__ (rise edge)
                                  0.000000    0.000000   clock network delay (ideal)
                                  8.000000    8.000000 ^ input external delay
     1    0.007862    0.041921    0.028532    8.028532 ^ operand_b[1] (in)
                                                         operand_b[1] (net)
                      0.041923    0.000000    8.028532 ^ input81/A (sky130_fd_sc_hd__clkdlybuf4s25_1)
     1    0.005436    0.068098    0.273489    8.302021 ^ input81/X (sky130_fd_sc_hd__clkdlybuf4s25_1)
                                                         net81 (net)
                      0.068098    0.000110    8.302131 ^ fanout406/A (sky130_fd_sc_hd__clkdlybuf4s25_1)
     7    0.084421    0.837195    0.851103    9.153234 ^ fanout406/X (sky130_fd_sc_hd__clkdlybuf4s25_1)
                                                         net406 (net)
                      0.837195    0.000408    9.153642 ^ fanout404/A (sky130_fd_sc_hd__clkdlybuf4s25_1)
     8    0.054668    0.545119    0.765837    9.919478 ^ fanout404/X (sky130_fd_sc_hd__clkdlybuf4s25_1)
                                                         net404 (net)
                      0.545119    0.000226    9.919705 ^ fanout402/A (sky130_fd_sc_hd__clkdlybuf4s25_1)
     3    0.024911    0.254796    0.522081   10.441787 ^ fanout402/X (sky130_fd_sc_hd__clkdlybuf4s25_1)
                                                         net402 (net)
                      0.254796    0.000698   10.442485 ^ load_slew403/A (sky130_fd_sc_hd__buf_4)
     8    0.054245    0.154310    0.271195   10.713679 ^ load_slew403/X (sky130_fd_sc_hd__buf_4)
                                                         net403 (net)
                      0.154313    0.000914   10.714593 ^ fanout400/A (sky130_fd_sc_hd__clkdlybuf4s25_1)
     5    0.042864    0.430562    0.579774   11.294367 ^ fanout400/X (sky130_fd_sc_hd__clkdlybuf4s25_1)
                                                         net400 (net)
                      0.430564    0.001856   11.296223 ^ load_slew401/A (sky130_fd_sc_hd__clkbuf_2)
     6    0.048837    0.265893    0.369553   11.665776 ^ load_slew401/X (sky130_fd_sc_hd__clkbuf_2)
                                                         net401 (net)
                      0.265895    0.001330   11.667106 ^ _3412_/B_N (sky130_fd_sc_hd__nor2b_2)
     4    0.020264    0.235271    0.332417   11.999522 ^ _3412_/Y (sky130_fd_sc_hd__nor2b_2)
                                                         _2625_ (net)
                      0.235342    0.000376   11.999898 ^ _3555_/C1 (sky130_fd_sc_hd__a221oi_2)
     5    0.019087    0.112048    0.113663   12.113562 v _3555_/Y (sky130_fd_sc_hd__a221oi_2)
                                                         _2765_ (net)
                      0.112066    0.000664   12.114225 v _3683_/A3 (sky130_fd_sc_hd__o31a_2)
     3    0.014572    0.078841    0.362697   12.476923 v _3683_/X (sky130_fd_sc_hd__o31a_2)
                                                         _2891_ (net)
                      0.078841    0.000461   12.477384 v _4087_/A2 (sky130_fd_sc_hd__o41a_2)
     4    0.042549    0.156858    0.635275   13.112659 v _4087_/X (sky130_fd_sc_hd__o41a_2)
                                                         _0069_ (net)
                      0.156861    0.001016   13.113675 v _4441_/A3 (sky130_fd_sc_hd__o31ai_4)
     1    0.010036    0.217225    0.254597   13.368272 ^ _4441_/Y (sky130_fd_sc_hd__o31ai_4)
                                                         _0415_ (net)
                      0.217225    0.000390   13.368662 ^ wire248/A (sky130_fd_sc_hd__buf_2)
     5    0.044078    0.216756    0.297373   13.666035 ^ wire248/X (sky130_fd_sc_hd__buf_2)
                                                         net248 (net)
                      0.216879    0.002957   13.668992 ^ _4442_/A (sky130_fd_sc_hd__clkbuf_1)
     5    0.026112    0.307995    0.315308   13.984300 ^ _4442_/X (sky130_fd_sc_hd__clkbuf_1)
                                                         _0416_ (net)
                      0.307995    0.000316   13.984615 ^ max_cap234/A (sky130_fd_sc_hd__buf_2)
     6    0.035950    0.178677    0.293347   14.277963 ^ max_cap234/X (sky130_fd_sc_hd__buf_2)
                                                         net234 (net)
                      0.178679    0.000990   14.278953 ^ _4443_/B (sky130_fd_sc_hd__nand2_2)
     9    0.043770    0.181295    0.207439   14.486392 v _4443_/Y (sky130_fd_sc_hd__nand2_2)
                                                         _0417_ (net)
                      0.181295    0.000040   14.486432 v _4585_/A1 (sky130_fd_sc_hd__a2111o_2)
     4    0.025530    0.122407    0.571420   15.057853 v _4585_/X (sky130_fd_sc_hd__a2111o_2)
                                                         _0556_ (net)
                      0.122415    0.001153   15.059005 v _4667_/B1_N (sky130_fd_sc_hd__o21bai_2)
     4    0.018393    0.101992    0.280016   15.339021 v _4667_/Y (sky130_fd_sc_hd__o21bai_2)
                                                         _0636_ (net)
                      0.101992    0.000272   15.339293 v _4742_/A (sky130_fd_sc_hd__nor3_2)
     3    0.018771    0.345979    0.376156   15.715449 ^ _4742_/Y (sky130_fd_sc_hd__nor3_2)
                                                         _0709_ (net)
                      0.345979    0.000272   15.715721 ^ _4743_/D_N (sky130_fd_sc_hd__or4b_4)
     6    0.039350    0.141957    0.630283   16.346004 v _4743_/X (sky130_fd_sc_hd__or4b_4)
                                                         _0710_ (net)
                      0.141967    0.001419   16.347424 v _5624_/A (sky130_fd_sc_hd__or4b_4)
     2    0.018143    0.110750    0.639666   16.987089 v _5624_/X (sky130_fd_sc_hd__or4b_4)
                                                         _1629_ (net)
                      0.110750    0.000899   16.987988 v _5652_/B_N (sky130_fd_sc_hd__and4bb_4)
     7    0.030635    0.132029    0.448841   17.436829 ^ _5652_/X (sky130_fd_sc_hd__and4bb_4)
                                                         _1659_ (net)
                      0.132029    0.000520   17.437349 ^ _5789_/B1 (sky130_fd_sc_hd__o2111a_2)
     3    0.013363    0.092861    0.270513   17.707863 ^ _5789_/X (sky130_fd_sc_hd__o2111a_2)
                                                         _1806_ (net)
                      0.092861    0.000256   17.708118 ^ _5825_/A (sky130_fd_sc_hd__nand3_2)
     4    0.016967    0.136137    0.126791   17.834909 v _5825_/Y (sky130_fd_sc_hd__nand3_2)
                                                         _1844_ (net)
                      0.136137    0.000220   17.835129 v _5853_/B (sky130_fd_sc_hd__nor2_2)
     1    0.011791    0.150883    0.181192   18.016321 ^ _5853_/Y (sky130_fd_sc_hd__nor2_2)
                                                         _1873_ (net)
                      0.150932    0.000247   18.016569 ^ _5854_/B (sky130_fd_sc_hd__xnor2_2)
     1    0.002581    0.044096    0.070996   18.087564 v _5854_/Y (sky130_fd_sc_hd__xnor2_2)
                                                         _1874_ (net)
                      0.044096    0.000023   18.087587 v _5871_/A2 (sky130_fd_sc_hd__a211o_2)
     2    0.008769    0.063414    0.364796   18.452383 v _5871_/X (sky130_fd_sc_hd__a211o_2)
                                                         net193 (net)
                      0.063414    0.000215   18.452599 v output193/A (sky130_fd_sc_hd__clkdlybuf4s25_1)
     1    0.037135    0.275838    0.458986   18.911585 v output193/X (sky130_fd_sc_hd__clkdlybuf4s25_1)
                                                         result[60] (net)
                      0.275840    0.001172   18.912756 v result[60] (out)
                                             18.912756   data arrival time

                      0.000000   40.000000   40.000000   clock __VIRTUAL_CLK__ (rise edge)
                                  0.000000   40.000000   clock network delay (ideal)
                                 -0.250000   39.750000   clock uncertainty
                                  0.000000   39.750000   clock reconvergence pessimism
                                 -8.000000   31.750000   output external delay
                                             31.750000   data required time
---------------------------------------------------------------------------------------------
                                             31.750000   data required time
                                            -18.912756   data arrival time
---------------------------------------------------------------------------------------------
                                             12.837243   slack (MET)


Startpoint: operand_b[1] (input port clocked by __VIRTUAL_CLK__)
Endpoint: result[59] (output port clocked by __VIRTUAL_CLK__)
Path Group: __VIRTUAL_CLK__
Path Type: max

Fanout         Cap        Slew       Delay        Time   Description
---------------------------------------------------------------------------------------------
                      0.000000    0.000000    0.000000   clock __VIRTUAL_CLK__ (rise edge)
                                  0.000000    0.000000   clock network delay (ideal)
                                  8.000000    8.000000 ^ input external delay
     1    0.007862    0.041921    0.028532    8.028532 ^ operand_b[1] (in)
                                                         operand_b[1] (net)
                      0.041923    0.000000    8.028532 ^ input81/A (sky130_fd_sc_hd__clkdlybuf4s25_1)
     1    0.005436    0.068098    0.273489    8.302021 ^ input81/X (sky130_fd_sc_hd__clkdlybuf4s25_1)
                                                         net81 (net)
                      0.068098    0.000110    8.302131 ^ fanout406/A (sky130_fd_sc_hd__clkdlybuf4s25_1)
     7    0.084421    0.837195    0.851103    9.153234 ^ fanout406/X (sky130_fd_sc_hd__clkdlybuf4s25_1)
                                                         net406 (net)
                      0.837195    0.000408    9.153642 ^ fanout404/A (sky130_fd_sc_hd__clkdlybuf4s25_1)
     8    0.054668    0.545119    0.765837    9.919478 ^ fanout404/X (sky130_fd_sc_hd__clkdlybuf4s25_1)
                                                         net404 (net)
                      0.545119    0.000226    9.919705 ^ fanout402/A (sky130_fd_sc_hd__clkdlybuf4s25_1)
     3    0.024911    0.254796    0.522081   10.441787 ^ fanout402/X (sky130_fd_sc_hd__clkdlybuf4s25_1)
                                                         net402 (net)
                      0.254796    0.000698   10.442485 ^ load_slew403/A (sky130_fd_sc_hd__buf_4)
     8    0.054245    0.154310    0.271195   10.713679 ^ load_slew403/X (sky130_fd_sc_hd__buf_4)
                                                         net403 (net)
                      0.154313    0.000914   10.714593 ^ fanout400/A (sky130_fd_sc_hd__clkdlybuf4s25_1)
     5    0.042864    0.430562    0.579774   11.294367 ^ fanout400/X (sky130_fd_sc_hd__clkdlybuf4s25_1)
                                                         net400 (net)
                      0.430564    0.001856   11.296223 ^ load_slew401/A (sky130_fd_sc_hd__clkbuf_2)
     6    0.048837    0.265893    0.369553   11.665776 ^ load_slew401/X (sky130_fd_sc_hd__clkbuf_2)
                                                         net401 (net)
                      0.265895    0.001330   11.667106 ^ _3412_/B_N (sky130_fd_sc_hd__nor2b_2)
     4    0.020264    0.235271    0.332417   11.999522 ^ _3412_/Y (sky130_fd_sc_hd__nor2b_2)
                                                         _2625_ (net)
                      0.235342    0.000376   11.999898 ^ _3555_/C1 (sky130_fd_sc_hd__a221oi_2)
     5    0.019087    0.112048    0.113663   12.113562 v _3555_/Y (sky130_fd_sc_hd__a221oi_2)
                                                         _2765_ (net)
                      0.112066    0.000664   12.114225 v _3683_/A3 (sky130_fd_sc_hd__o31a_2)
     3    0.014572    0.078841    0.362697   12.476923 v _3683_/X (sky130_fd_sc_hd__o31a_2)
                                                         _2891_ (net)
                      0.078841    0.000461   12.477384 v _4087_/A2 (sky130_fd_sc_hd__o41a_2)
     4    0.042549    0.156858    0.635275   13.112659 v _4087_/X (sky130_fd_sc_hd__o41a_2)
                                                         _0069_ (net)
                      0.156861    0.001016   13.113675 v _4441_/A3 (sky130_fd_sc_hd__o31ai_4)
     1    0.010036    0.217225    0.254597   13.368272 ^ _4441_/Y (sky130_fd_sc_hd__o31ai_4)
                                                         _0415_ (net)
                      0.217225    0.000390   13.368662 ^ wire248/A (sky130_fd_sc_hd__buf_2)
     5    0.044078    0.216756    0.297373   13.666035 ^ wire248/X (sky130_fd_sc_hd__buf_2)
                                                         net248 (net)
                      0.216879    0.002957   13.668992 ^ _4442_/A (sky130_fd_sc_hd__clkbuf_1)
     5    0.026112    0.307995    0.315308   13.984300 ^ _4442_/X (sky130_fd_sc_hd__clkbuf_1)
                                                         _0416_ (net)
                      0.307995    0.000316   13.984615 ^ max_cap234/A (sky130_fd_sc_hd__buf_2)
     6    0.035950    0.178677    0.293347   14.277963 ^ max_cap234/X (sky130_fd_sc_hd__buf_2)
                                                         net234 (net)
                      0.178679    0.000990   14.278953 ^ _4443_/B (sky130_fd_sc_hd__nand2_2)
     9    0.043770    0.181295    0.207439   14.486392 v _4443_/Y (sky130_fd_sc_hd__nand2_2)
                                                         _0417_ (net)
                      0.181295    0.000040   14.486432 v _4585_/A1 (sky130_fd_sc_hd__a2111o_2)
     4    0.025530    0.122407    0.571420   15.057853 v _4585_/X (sky130_fd_sc_hd__a2111o_2)
                                                         _0556_ (net)
                      0.122415    0.001153   15.059005 v _4667_/B1_N (sky130_fd_sc_hd__o21bai_2)
     4    0.018393    0.101992    0.280016   15.339021 v _4667_/Y (sky130_fd_sc_hd__o21bai_2)
                                                         _0636_ (net)
                      0.101992    0.000272   15.339293 v _4742_/A (sky130_fd_sc_hd__nor3_2)
     3    0.018771    0.345979    0.376156   15.715449 ^ _4742_/Y (sky130_fd_sc_hd__nor3_2)
                                                         _0709_ (net)
                      0.345979    0.000272   15.715721 ^ _4743_/D_N (sky130_fd_sc_hd__or4b_4)
     6    0.039350    0.141957    0.630283   16.346004 v _4743_/X (sky130_fd_sc_hd__or4b_4)
                                                         _0710_ (net)
                      0.141967    0.001419   16.347424 v _5624_/A (sky130_fd_sc_hd__or4b_4)
     2    0.018143    0.110750    0.639666   16.987089 v _5624_/X (sky130_fd_sc_hd__or4b_4)
                                                         _1629_ (net)
                      0.110750    0.000899   16.987988 v _5652_/B_N (sky130_fd_sc_hd__and4bb_4)
     7    0.030635    0.132029    0.448841   17.436829 ^ _5652_/X (sky130_fd_sc_hd__and4bb_4)
                                                         _1659_ (net)
                      0.132029    0.000520   17.437349 ^ _5789_/B1 (sky130_fd_sc_hd__o2111a_2)
     3    0.013363    0.092861    0.270513   17.707863 ^ _5789_/X (sky130_fd_sc_hd__o2111a_2)
                                                         _1806_ (net)
                      0.092861    0.000256   17.708118 ^ _5825_/A (sky130_fd_sc_hd__nand3_2)
     4    0.016967    0.136137    0.126791   17.834909 v _5825_/Y (sky130_fd_sc_hd__nand3_2)
                                                         _1844_ (net)
                      0.136137    0.000110   17.835020 v _5826_/A2 (sky130_fd_sc_hd__a21o_2)
     1    0.003557    0.037872    0.253372   18.088392 v _5826_/X (sky130_fd_sc_hd__a21o_2)
                                                         _1845_ (net)
                      0.037872    0.000043   18.088434 v _5827_/B1 (sky130_fd_sc_hd__o21a_2)
     1    0.006275    0.041895    0.122997   18.211432 v _5827_/X (sky130_fd_sc_hd__o21a_2)
                                                         _1846_ (net)
                      0.041895    0.000076   18.211508 v _5839_/B1 (sky130_fd_sc_hd__o211ai_2)
     2    0.012037    0.206975    0.099396   18.310904 ^ _5839_/Y (sky130_fd_sc_hd__o211ai_2)
                                                         net191 (net)
                      0.206976    0.000524   18.311428 ^ output191/A (sky130_fd_sc_hd__clkdlybuf4s25_1)
     1    0.036896    0.372063    0.550415   18.861843 ^ output191/X (sky130_fd_sc_hd__clkdlybuf4s25_1)
                                                         result[59] (net)
                      0.372063    0.001002   18.862844 ^ result[59] (out)
                                             18.862844   data arrival time

                      0.000000   40.000000   40.000000   clock __VIRTUAL_CLK__ (rise edge)
                                  0.000000   40.000000   clock network delay (ideal)
                                 -0.250000   39.750000   clock uncertainty
                                  0.000000   39.750000   clock reconvergence pessimism
                                 -8.000000   31.750000   output external delay
                                             31.750000   data required time
---------------------------------------------------------------------------------------------
                                             31.750000   data required time
                                            -18.862844   data arrival time
---------------------------------------------------------------------------------------------
                                             12.887155   slack (MET)


Startpoint: operand_b[1] (input port clocked by __VIRTUAL_CLK__)
Endpoint: result[50] (output port clocked by __VIRTUAL_CLK__)
Path Group: __VIRTUAL_CLK__
Path Type: max

Fanout         Cap        Slew       Delay        Time   Description
---------------------------------------------------------------------------------------------
                      0.000000    0.000000    0.000000   clock __VIRTUAL_CLK__ (rise edge)
                                  0.000000    0.000000   clock network delay (ideal)
                                  8.000000    8.000000 ^ input external delay
     1    0.007862    0.041921    0.028532    8.028532 ^ operand_b[1] (in)
                                                         operand_b[1] (net)
                      0.041923    0.000000    8.028532 ^ input81/A (sky130_fd_sc_hd__clkdlybuf4s25_1)
     1    0.005436    0.068098    0.273489    8.302021 ^ input81/X (sky130_fd_sc_hd__clkdlybuf4s25_1)
                                                         net81 (net)
                      0.068098    0.000110    8.302131 ^ fanout406/A (sky130_fd_sc_hd__clkdlybuf4s25_1)
     7    0.084421    0.837195    0.851103    9.153234 ^ fanout406/X (sky130_fd_sc_hd__clkdlybuf4s25_1)
                                                         net406 (net)
                      0.837195    0.000408    9.153642 ^ fanout404/A (sky130_fd_sc_hd__clkdlybuf4s25_1)
     8    0.054668    0.545119    0.765837    9.919478 ^ fanout404/X (sky130_fd_sc_hd__clkdlybuf4s25_1)
                                                         net404 (net)
                      0.545119    0.000226    9.919705 ^ fanout402/A (sky130_fd_sc_hd__clkdlybuf4s25_1)
     3    0.024911    0.254796    0.522081   10.441787 ^ fanout402/X (sky130_fd_sc_hd__clkdlybuf4s25_1)
                                                         net402 (net)
                      0.254796    0.000698   10.442485 ^ load_slew403/A (sky130_fd_sc_hd__buf_4)
     8    0.054245    0.154310    0.271195   10.713679 ^ load_slew403/X (sky130_fd_sc_hd__buf_4)
                                                         net403 (net)
                      0.154313    0.000914   10.714593 ^ fanout400/A (sky130_fd_sc_hd__clkdlybuf4s25_1)
     5    0.042864    0.430562    0.579774   11.294367 ^ fanout400/X (sky130_fd_sc_hd__clkdlybuf4s25_1)
                                                         net400 (net)
                      0.430564    0.001856   11.296223 ^ load_slew401/A (sky130_fd_sc_hd__clkbuf_2)
     6    0.048837    0.265893    0.369553   11.665776 ^ load_slew401/X (sky130_fd_sc_hd__clkbuf_2)
                                                         net401 (net)
                      0.265895    0.001330   11.667106 ^ _3412_/B_N (sky130_fd_sc_hd__nor2b_2)
     4    0.020264    0.235271    0.332417   11.999522 ^ _3412_/Y (sky130_fd_sc_hd__nor2b_2)
                                                         _2625_ (net)
                      0.235342    0.000376   11.999898 ^ _3555_/C1 (sky130_fd_sc_hd__a221oi_2)
     5    0.019087    0.112048    0.113663   12.113562 v _3555_/Y (sky130_fd_sc_hd__a221oi_2)
                                                         _2765_ (net)
                      0.112066    0.000664   12.114225 v _3683_/A3 (sky130_fd_sc_hd__o31a_2)
     3    0.014572    0.078841    0.362697   12.476923 v _3683_/X (sky130_fd_sc_hd__o31a_2)
                                                         _2891_ (net)
                      0.078841    0.000461   12.477384 v _4087_/A2 (sky130_fd_sc_hd__o41a_2)
     4    0.042549    0.156858    0.635275   13.112659 v _4087_/X (sky130_fd_sc_hd__o41a_2)
                                                         _0069_ (net)
                      0.156861    0.001016   13.113675 v _4441_/A3 (sky130_fd_sc_hd__o31ai_4)
     1    0.010036    0.217225    0.254597   13.368272 ^ _4441_/Y (sky130_fd_sc_hd__o31ai_4)
                                                         _0415_ (net)
                      0.217225    0.000390   13.368662 ^ wire248/A (sky130_fd_sc_hd__buf_2)
     5    0.044078    0.216756    0.297373   13.666035 ^ wire248/X (sky130_fd_sc_hd__buf_2)
                                                         net248 (net)
                      0.216879    0.002957   13.668992 ^ _4442_/A (sky130_fd_sc_hd__clkbuf_1)
     5    0.026112    0.307995    0.315308   13.984300 ^ _4442_/X (sky130_fd_sc_hd__clkbuf_1)
                                                         _0416_ (net)
                      0.307995    0.000316   13.984615 ^ max_cap234/A (sky130_fd_sc_hd__buf_2)
     6    0.035950    0.178677    0.293347   14.277963 ^ max_cap234/X (sky130_fd_sc_hd__buf_2)
                                                         net234 (net)
                      0.178679    0.000990   14.278953 ^ _4443_/B (sky130_fd_sc_hd__nand2_2)
     9    0.043770    0.181295    0.207439   14.486392 v _4443_/Y (sky130_fd_sc_hd__nand2_2)
                                                         _0417_ (net)
                      0.181295    0.000040   14.486432 v _4585_/A1 (sky130_fd_sc_hd__a2111o_2)
     4    0.025530    0.122407    0.571420   15.057853 v _4585_/X (sky130_fd_sc_hd__a2111o_2)
                                                         _0556_ (net)
                      0.122415    0.001153   15.059005 v _4667_/B1_N (sky130_fd_sc_hd__o21bai_2)
     4    0.018393    0.101992    0.280016   15.339021 v _4667_/Y (sky130_fd_sc_hd__o21bai_2)
                                                         _0636_ (net)
                      0.101992    0.000272   15.339293 v _4742_/A (sky130_fd_sc_hd__nor3_2)
     3    0.018771    0.345979    0.376156   15.715449 ^ _4742_/Y (sky130_fd_sc_hd__nor3_2)
                                                         _0709_ (net)
                      0.345979    0.000272   15.715721 ^ _4743_/D_N (sky130_fd_sc_hd__or4b_4)
     6    0.039350    0.141957    0.630283   16.346004 v _4743_/X (sky130_fd_sc_hd__or4b_4)
                                                         _0710_ (net)
                      0.141968    0.001430   16.347435 v _5301_/A (sky130_fd_sc_hd__or3_2)
     2    0.013665    0.111887    0.585141   16.932575 v _5301_/X (sky130_fd_sc_hd__or3_2)
                                                         _1283_ (net)
                      0.111887    0.000270   16.932844 v _5499_/A (sky130_fd_sc_hd__or4_2)
     1    0.008814    0.122562    0.751218   17.684063 v _5499_/X (sky130_fd_sc_hd__or4_2)
                                                         _1495_ (net)
                      0.122562    0.000096   17.684158 v _5500_/B (sky130_fd_sc_hd__xnor2_2)
     1    0.003152    0.052128    0.161304   17.845463 v _5500_/Y (sky130_fd_sc_hd__xnor2_2)
                                                         _1496_ (net)
                      0.052128    0.000034   17.845497 v _5520_/A2 (sky130_fd_sc_hd__a221o_2)
     2    0.011523    0.077509    0.438970   18.284466 v _5520_/X (sky130_fd_sc_hd__a221o_2)
                                                         net182 (net)
                      0.077509    0.000192   18.284658 v output182/A (sky130_fd_sc_hd__clkdlybuf4s25_1)
     1    0.036340    0.269674    0.461750   18.746408 v output182/X (sky130_fd_sc_hd__clkdlybuf4s25_1)
                                                         result[50] (net)
                      0.269674    0.000245   18.746653 v result[50] (out)
                                             18.746653   data arrival time

                      0.000000   40.000000   40.000000   clock __VIRTUAL_CLK__ (rise edge)
                                  0.000000   40.000000   clock network delay (ideal)
                                 -0.250000   39.750000   clock uncertainty
                                  0.000000   39.750000   clock reconvergence pessimism
                                 -8.000000   31.750000   output external delay
                                             31.750000   data required time
---------------------------------------------------------------------------------------------
                                             31.750000   data required time
                                            -18.746653   data arrival time
---------------------------------------------------------------------------------------------
                                             13.003346   slack (MET)


Startpoint: operand_b[1] (input port clocked by __VIRTUAL_CLK__)
Endpoint: result[58] (output port clocked by __VIRTUAL_CLK__)
Path Group: __VIRTUAL_CLK__
Path Type: max

Fanout         Cap        Slew       Delay        Time   Description
---------------------------------------------------------------------------------------------
                      0.000000    0.000000    0.000000   clock __VIRTUAL_CLK__ (rise edge)
                                  0.000000    0.000000   clock network delay (ideal)
                                  8.000000    8.000000 ^ input external delay
     1    0.007862    0.041921    0.028532    8.028532 ^ operand_b[1] (in)
                                                         operand_b[1] (net)
                      0.041923    0.000000    8.028532 ^ input81/A (sky130_fd_sc_hd__clkdlybuf4s25_1)
     1    0.005436    0.068098    0.273489    8.302021 ^ input81/X (sky130_fd_sc_hd__clkdlybuf4s25_1)
                                                         net81 (net)
                      0.068098    0.000110    8.302131 ^ fanout406/A (sky130_fd_sc_hd__clkdlybuf4s25_1)
     7    0.084421    0.837195    0.851103    9.153234 ^ fanout406/X (sky130_fd_sc_hd__clkdlybuf4s25_1)
                                                         net406 (net)
                      0.837195    0.000408    9.153642 ^ fanout404/A (sky130_fd_sc_hd__clkdlybuf4s25_1)
     8    0.054668    0.545119    0.765837    9.919478 ^ fanout404/X (sky130_fd_sc_hd__clkdlybuf4s25_1)
                                                         net404 (net)
                      0.545119    0.000226    9.919705 ^ fanout402/A (sky130_fd_sc_hd__clkdlybuf4s25_1)
     3    0.024911    0.254796    0.522081   10.441787 ^ fanout402/X (sky130_fd_sc_hd__clkdlybuf4s25_1)
                                                         net402 (net)
                      0.254796    0.000698   10.442485 ^ load_slew403/A (sky130_fd_sc_hd__buf_4)
     8    0.054245    0.154310    0.271195   10.713679 ^ load_slew403/X (sky130_fd_sc_hd__buf_4)
                                                         net403 (net)
                      0.154313    0.000914   10.714593 ^ fanout400/A (sky130_fd_sc_hd__clkdlybuf4s25_1)
     5    0.042864    0.430562    0.579774   11.294367 ^ fanout400/X (sky130_fd_sc_hd__clkdlybuf4s25_1)
                                                         net400 (net)
                      0.430564    0.001856   11.296223 ^ load_slew401/A (sky130_fd_sc_hd__clkbuf_2)
     6    0.048837    0.265893    0.369553   11.665776 ^ load_slew401/X (sky130_fd_sc_hd__clkbuf_2)
                                                         net401 (net)
                      0.265895    0.001330   11.667106 ^ _3412_/B_N (sky130_fd_sc_hd__nor2b_2)
     4    0.020264    0.235271    0.332417   11.999522 ^ _3412_/Y (sky130_fd_sc_hd__nor2b_2)
                                                         _2625_ (net)
                      0.235342    0.000376   11.999898 ^ _3555_/C1 (sky130_fd_sc_hd__a221oi_2)
     5    0.019087    0.112048    0.113663   12.113562 v _3555_/Y (sky130_fd_sc_hd__a221oi_2)
                                                         _2765_ (net)
                      0.112066    0.000664   12.114225 v _3683_/A3 (sky130_fd_sc_hd__o31a_2)
     3    0.014572    0.078841    0.362697   12.476923 v _3683_/X (sky130_fd_sc_hd__o31a_2)
                                                         _2891_ (net)
                      0.078841    0.000461   12.477384 v _4087_/A2 (sky130_fd_sc_hd__o41a_2)
     4    0.042549    0.156858    0.635275   13.112659 v _4087_/X (sky130_fd_sc_hd__o41a_2)
                                                         _0069_ (net)
                      0.156861    0.001016   13.113675 v _4441_/A3 (sky130_fd_sc_hd__o31ai_4)
     1    0.010036    0.217225    0.254597   13.368272 ^ _4441_/Y (sky130_fd_sc_hd__o31ai_4)
                                                         _0415_ (net)
                      0.217225    0.000390   13.368662 ^ wire248/A (sky130_fd_sc_hd__buf_2)
     5    0.044078    0.216756    0.297373   13.666035 ^ wire248/X (sky130_fd_sc_hd__buf_2)
                                                         net248 (net)
                      0.216879    0.002957   13.668992 ^ _4442_/A (sky130_fd_sc_hd__clkbuf_1)
     5    0.026112    0.307995    0.315308   13.984300 ^ _4442_/X (sky130_fd_sc_hd__clkbuf_1)
                                                         _0416_ (net)
                      0.307995    0.000316   13.984615 ^ max_cap234/A (sky130_fd_sc_hd__buf_2)
     6    0.035950    0.178677    0.293347   14.277963 ^ max_cap234/X (sky130_fd_sc_hd__buf_2)
                                                         net234 (net)
                      0.178679    0.000990   14.278953 ^ _4443_/B (sky130_fd_sc_hd__nand2_2)
     9    0.043770    0.181295    0.207439   14.486392 v _4443_/Y (sky130_fd_sc_hd__nand2_2)
                                                         _0417_ (net)
                      0.181295    0.000040   14.486432 v _4585_/A1 (sky130_fd_sc_hd__a2111o_2)
     4    0.025530    0.122407    0.571420   15.057853 v _4585_/X (sky130_fd_sc_hd__a2111o_2)
                                                         _0556_ (net)
                      0.122415    0.001153   15.059005 v _4667_/B1_N (sky130_fd_sc_hd__o21bai_2)
     4    0.018393    0.101992    0.280016   15.339021 v _4667_/Y (sky130_fd_sc_hd__o21bai_2)
                                                         _0636_ (net)
                      0.101992    0.000272   15.339293 v _4742_/A (sky130_fd_sc_hd__nor3_2)
     3    0.018771    0.345979    0.376156   15.715449 ^ _4742_/Y (sky130_fd_sc_hd__nor3_2)
                                                         _0709_ (net)
                      0.345979    0.000272   15.715721 ^ _4743_/D_N (sky130_fd_sc_hd__or4b_4)
     6    0.039350    0.141957    0.630283   16.346004 v _4743_/X (sky130_fd_sc_hd__or4b_4)
                                                         _0710_ (net)
                      0.141967    0.001419   16.347424 v _5624_/A (sky130_fd_sc_hd__or4b_4)
     2    0.018143    0.110750    0.639666   16.987089 v _5624_/X (sky130_fd_sc_hd__or4b_4)
                                                         _1629_ (net)
                      0.110750    0.000899   16.987988 v _5652_/B_N (sky130_fd_sc_hd__and4bb_4)
     7    0.030635    0.132029    0.448841   17.436829 ^ _5652_/X (sky130_fd_sc_hd__and4bb_4)
                                                         _1659_ (net)
                      0.132029    0.000496   17.437325 ^ _5788_/A1 (sky130_fd_sc_hd__a31oi_2)
     1    0.002624    0.066948    0.095929   17.533253 v _5788_/Y (sky130_fd_sc_hd__a31oi_2)
                                                         _1805_ (net)
                      0.066948    0.000030   17.533283 v _5790_/A (sky130_fd_sc_hd__or2_2)
     1    0.004109    0.059194    0.317852   17.851135 v _5790_/X (sky130_fd_sc_hd__or2_2)
                                                         _1807_ (net)
                      0.059194    0.000060   17.851196 v _5807_/A2 (sky130_fd_sc_hd__a21bo_2)
     1    0.002302    0.033061    0.218842   18.070038 v _5807_/X (sky130_fd_sc_hd__a21bo_2)
                                                         _1826_ (net)
                      0.033061    0.000011   18.070049 v _5808_/A (sky130_fd_sc_hd__buf_1)
     2    0.011466    0.072484    0.127121   18.197170 v _5808_/X (sky130_fd_sc_hd__buf_1)
                                                         net190 (net)
                      0.072484    0.000295   18.197466 v output190/A (sky130_fd_sc_hd__clkdlybuf4s25_1)
     1    0.036021    0.267621    0.457348   18.654814 v output190/X (sky130_fd_sc_hd__clkdlybuf4s25_1)
                                                         result[58] (net)
                      0.267621    0.000664   18.655478 v result[58] (out)
                                             18.655478   data arrival time

                      0.000000   40.000000   40.000000   clock __VIRTUAL_CLK__ (rise edge)
                                  0.000000   40.000000   clock network delay (ideal)
                                 -0.250000   39.750000   clock uncertainty
                                  0.000000   39.750000   clock reconvergence pessimism
                                 -8.000000   31.750000   output external delay
                                             31.750000   data required time
---------------------------------------------------------------------------------------------
                                             31.750000   data required time
                                            -18.655478   data arrival time
---------------------------------------------------------------------------------------------
                                             13.094522   slack (MET)


Startpoint: operand_b[1] (input port clocked by __VIRTUAL_CLK__)
Endpoint: result[57] (output port clocked by __VIRTUAL_CLK__)
Path Group: __VIRTUAL_CLK__
Path Type: max

Fanout         Cap        Slew       Delay        Time   Description
---------------------------------------------------------------------------------------------
                      0.000000    0.000000    0.000000   clock __VIRTUAL_CLK__ (rise edge)
                                  0.000000    0.000000   clock network delay (ideal)
                                  8.000000    8.000000 ^ input external delay
     1    0.007862    0.041921    0.028532    8.028532 ^ operand_b[1] (in)
                                                         operand_b[1] (net)
                      0.041923    0.000000    8.028532 ^ input81/A (sky130_fd_sc_hd__clkdlybuf4s25_1)
     1    0.005436    0.068098    0.273489    8.302021 ^ input81/X (sky130_fd_sc_hd__clkdlybuf4s25_1)
                                                         net81 (net)
                      0.068098    0.000110    8.302131 ^ fanout406/A (sky130_fd_sc_hd__clkdlybuf4s25_1)
     7    0.084421    0.837195    0.851103    9.153234 ^ fanout406/X (sky130_fd_sc_hd__clkdlybuf4s25_1)
                                                         net406 (net)
                      0.837195    0.000408    9.153642 ^ fanout404/A (sky130_fd_sc_hd__clkdlybuf4s25_1)
     8    0.054668    0.545119    0.765837    9.919478 ^ fanout404/X (sky130_fd_sc_hd__clkdlybuf4s25_1)
                                                         net404 (net)
                      0.545119    0.000226    9.919705 ^ fanout402/A (sky130_fd_sc_hd__clkdlybuf4s25_1)
     3    0.024911    0.254796    0.522081   10.441787 ^ fanout402/X (sky130_fd_sc_hd__clkdlybuf4s25_1)
                                                         net402 (net)
                      0.254796    0.000698   10.442485 ^ load_slew403/A (sky130_fd_sc_hd__buf_4)
     8    0.054245    0.154310    0.271195   10.713679 ^ load_slew403/X (sky130_fd_sc_hd__buf_4)
                                                         net403 (net)
                      0.154313    0.000914   10.714593 ^ fanout400/A (sky130_fd_sc_hd__clkdlybuf4s25_1)
     5    0.042864    0.430562    0.579774   11.294367 ^ fanout400/X (sky130_fd_sc_hd__clkdlybuf4s25_1)
                                                         net400 (net)
                      0.430564    0.001856   11.296223 ^ load_slew401/A (sky130_fd_sc_hd__clkbuf_2)
     6    0.048837    0.265893    0.369553   11.665776 ^ load_slew401/X (sky130_fd_sc_hd__clkbuf_2)
                                                         net401 (net)
                      0.265895    0.001330   11.667106 ^ _3412_/B_N (sky130_fd_sc_hd__nor2b_2)
     4    0.020264    0.235271    0.332417   11.999522 ^ _3412_/Y (sky130_fd_sc_hd__nor2b_2)
                                                         _2625_ (net)
                      0.235342    0.000376   11.999898 ^ _3555_/C1 (sky130_fd_sc_hd__a221oi_2)
     5    0.019087    0.112048    0.113663   12.113562 v _3555_/Y (sky130_fd_sc_hd__a221oi_2)
                                                         _2765_ (net)
                      0.112066    0.000664   12.114225 v _3683_/A3 (sky130_fd_sc_hd__o31a_2)
     3    0.014572    0.078841    0.362697   12.476923 v _3683_/X (sky130_fd_sc_hd__o31a_2)
                                                         _2891_ (net)
                      0.078841    0.000461   12.477384 v _4087_/A2 (sky130_fd_sc_hd__o41a_2)
     4    0.042549    0.156858    0.635275   13.112659 v _4087_/X (sky130_fd_sc_hd__o41a_2)
                                                         _0069_ (net)
                      0.156861    0.001016   13.113675 v _4441_/A3 (sky130_fd_sc_hd__o31ai_4)
     1    0.010036    0.217225    0.254597   13.368272 ^ _4441_/Y (sky130_fd_sc_hd__o31ai_4)
                                                         _0415_ (net)
                      0.217225    0.000390   13.368662 ^ wire248/A (sky130_fd_sc_hd__buf_2)
     5    0.044078    0.216756    0.297373   13.666035 ^ wire248/X (sky130_fd_sc_hd__buf_2)
                                                         net248 (net)
                      0.216879    0.002957   13.668992 ^ _4442_/A (sky130_fd_sc_hd__clkbuf_1)
     5    0.026112    0.307995    0.315308   13.984300 ^ _4442_/X (sky130_fd_sc_hd__clkbuf_1)
                                                         _0416_ (net)
                      0.307995    0.000316   13.984615 ^ max_cap234/A (sky130_fd_sc_hd__buf_2)
     6    0.035950    0.178677    0.293347   14.277963 ^ max_cap234/X (sky130_fd_sc_hd__buf_2)
                                                         net234 (net)
                      0.178679    0.000990   14.278953 ^ _4443_/B (sky130_fd_sc_hd__nand2_2)
     9    0.043770    0.181295    0.207439   14.486392 v _4443_/Y (sky130_fd_sc_hd__nand2_2)
                                                         _0417_ (net)
                      0.181295    0.000040   14.486432 v _4585_/A1 (sky130_fd_sc_hd__a2111o_2)
     4    0.025530    0.122407    0.571420   15.057853 v _4585_/X (sky130_fd_sc_hd__a2111o_2)
                                                         _0556_ (net)
                      0.122415    0.001153   15.059005 v _4667_/B1_N (sky130_fd_sc_hd__o21bai_2)
     4    0.018393    0.101992    0.280016   15.339021 v _4667_/Y (sky130_fd_sc_hd__o21bai_2)
                                                         _0636_ (net)
                      0.101992    0.000272   15.339293 v _4742_/A (sky130_fd_sc_hd__nor3_2)
     3    0.018771    0.345979    0.376156   15.715449 ^ _4742_/Y (sky130_fd_sc_hd__nor3_2)
                                                         _0709_ (net)
                      0.345979    0.000272   15.715721 ^ _4743_/D_N (sky130_fd_sc_hd__or4b_4)
     6    0.039350    0.141957    0.630283   16.346004 v _4743_/X (sky130_fd_sc_hd__or4b_4)
                                                         _0710_ (net)
                      0.141967    0.001419   16.347424 v _5624_/A (sky130_fd_sc_hd__or4b_4)
     2    0.018143    0.110750    0.639666   16.987089 v _5624_/X (sky130_fd_sc_hd__or4b_4)
                                                         _1629_ (net)
                      0.110750    0.000899   16.987988 v _5652_/B_N (sky130_fd_sc_hd__and4bb_4)
     7    0.030635    0.132029    0.448841   17.436829 ^ _5652_/X (sky130_fd_sc_hd__and4bb_4)
                                                         _1659_ (net)
                      0.132029    0.000409   17.437239 ^ _5762_/B (sky130_fd_sc_hd__and3_2)
     1    0.009855    0.074801    0.231022   17.668261 ^ _5762_/X (sky130_fd_sc_hd__and3_2)
                                                         _1777_ (net)
                      0.074801    0.000137   17.668398 ^ _5763_/B (sky130_fd_sc_hd__xnor2_2)
     1    0.003339    0.046247    0.061441   17.729837 v _5763_/Y (sky130_fd_sc_hd__xnor2_2)
                                                         _1778_ (net)
                      0.046247    0.000039   17.729877 v _5777_/B1 (sky130_fd_sc_hd__a221o_2)
     2    0.011335    0.077493    0.383356   18.113232 v _5777_/X (sky130_fd_sc_hd__a221o_2)
                                                         net189 (net)
                      0.077493    0.000357   18.113590 v output189/A (sky130_fd_sc_hd__clkdlybuf4s25_1)
     1    0.036516    0.271055    0.462384   18.575974 v output189/X (sky130_fd_sc_hd__clkdlybuf4s25_1)
                                                         result[57] (net)
                      0.271055    0.000664   18.576637 v result[57] (out)
                                             18.576637   data arrival time

                      0.000000   40.000000   40.000000   clock __VIRTUAL_CLK__ (rise edge)
                                  0.000000   40.000000   clock network delay (ideal)
                                 -0.250000   39.750000   clock uncertainty
                                  0.000000   39.750000   clock reconvergence pessimism
                                 -8.000000   31.750000   output external delay
                                             31.750000   data required time
---------------------------------------------------------------------------------------------
                                             31.750000   data required time
                                            -18.576637   data arrival time
---------------------------------------------------------------------------------------------
                                             13.173362   slack (MET)


Startpoint: operand_b[1] (input port clocked by __VIRTUAL_CLK__)
Endpoint: result[53] (output port clocked by __VIRTUAL_CLK__)
Path Group: __VIRTUAL_CLK__
Path Type: max

Fanout         Cap        Slew       Delay        Time   Description
---------------------------------------------------------------------------------------------
                      0.000000    0.000000    0.000000   clock __VIRTUAL_CLK__ (rise edge)
                                  0.000000    0.000000   clock network delay (ideal)
                                  8.000000    8.000000 ^ input external delay
     1    0.007862    0.041921    0.028532    8.028532 ^ operand_b[1] (in)
                                                         operand_b[1] (net)
                      0.041923    0.000000    8.028532 ^ input81/A (sky130_fd_sc_hd__clkdlybuf4s25_1)
     1    0.005436    0.068098    0.273489    8.302021 ^ input81/X (sky130_fd_sc_hd__clkdlybuf4s25_1)
                                                         net81 (net)
                      0.068098    0.000110    8.302131 ^ fanout406/A (sky130_fd_sc_hd__clkdlybuf4s25_1)
     7    0.084421    0.837195    0.851103    9.153234 ^ fanout406/X (sky130_fd_sc_hd__clkdlybuf4s25_1)
                                                         net406 (net)
                      0.837195    0.000408    9.153642 ^ fanout404/A (sky130_fd_sc_hd__clkdlybuf4s25_1)
     8    0.054668    0.545119    0.765837    9.919478 ^ fanout404/X (sky130_fd_sc_hd__clkdlybuf4s25_1)
                                                         net404 (net)
                      0.545119    0.000226    9.919705 ^ fanout402/A (sky130_fd_sc_hd__clkdlybuf4s25_1)
     3    0.024911    0.254796    0.522081   10.441787 ^ fanout402/X (sky130_fd_sc_hd__clkdlybuf4s25_1)
                                                         net402 (net)
                      0.254796    0.000698   10.442485 ^ load_slew403/A (sky130_fd_sc_hd__buf_4)
     8    0.054245    0.154310    0.271195   10.713679 ^ load_slew403/X (sky130_fd_sc_hd__buf_4)
                                                         net403 (net)
                      0.154313    0.000914   10.714593 ^ fanout400/A (sky130_fd_sc_hd__clkdlybuf4s25_1)
     5    0.042864    0.430562    0.579774   11.294367 ^ fanout400/X (sky130_fd_sc_hd__clkdlybuf4s25_1)
                                                         net400 (net)
                      0.430564    0.001856   11.296223 ^ load_slew401/A (sky130_fd_sc_hd__clkbuf_2)
     6    0.048837    0.265893    0.369553   11.665776 ^ load_slew401/X (sky130_fd_sc_hd__clkbuf_2)
                                                         net401 (net)
                      0.265895    0.001330   11.667106 ^ _3412_/B_N (sky130_fd_sc_hd__nor2b_2)
     4    0.020264    0.235271    0.332417   11.999522 ^ _3412_/Y (sky130_fd_sc_hd__nor2b_2)
                                                         _2625_ (net)
                      0.235342    0.000376   11.999898 ^ _3555_/C1 (sky130_fd_sc_hd__a221oi_2)
     5    0.019087    0.112048    0.113663   12.113562 v _3555_/Y (sky130_fd_sc_hd__a221oi_2)
                                                         _2765_ (net)
                      0.112066    0.000664   12.114225 v _3683_/A3 (sky130_fd_sc_hd__o31a_2)
     3    0.014572    0.078841    0.362697   12.476923 v _3683_/X (sky130_fd_sc_hd__o31a_2)
                                                         _2891_ (net)
                      0.078841    0.000461   12.477384 v _4087_/A2 (sky130_fd_sc_hd__o41a_2)
     4    0.042549    0.156858    0.635275   13.112659 v _4087_/X (sky130_fd_sc_hd__o41a_2)
                                                         _0069_ (net)
                      0.156861    0.001016   13.113675 v _4441_/A3 (sky130_fd_sc_hd__o31ai_4)
     1    0.010036    0.217225    0.254597   13.368272 ^ _4441_/Y (sky130_fd_sc_hd__o31ai_4)
                                                         _0415_ (net)
                      0.217225    0.000390   13.368662 ^ wire248/A (sky130_fd_sc_hd__buf_2)
     5    0.044078    0.216756    0.297373   13.666035 ^ wire248/X (sky130_fd_sc_hd__buf_2)
                                                         net248 (net)
                      0.216879    0.002957   13.668992 ^ _4442_/A (sky130_fd_sc_hd__clkbuf_1)
     5    0.026112    0.307995    0.315308   13.984300 ^ _4442_/X (sky130_fd_sc_hd__clkbuf_1)
                                                         _0416_ (net)
                      0.307995    0.000316   13.984615 ^ max_cap234/A (sky130_fd_sc_hd__buf_2)
     6    0.035950    0.178677    0.293347   14.277963 ^ max_cap234/X (sky130_fd_sc_hd__buf_2)
                                                         net234 (net)
                      0.178679    0.000990   14.278953 ^ _4443_/B (sky130_fd_sc_hd__nand2_2)
     9    0.043770    0.181295    0.207439   14.486392 v _4443_/Y (sky130_fd_sc_hd__nand2_2)
                                                         _0417_ (net)
                      0.181295    0.000040   14.486432 v _4585_/A1 (sky130_fd_sc_hd__a2111o_2)
     4    0.025530    0.122407    0.571420   15.057853 v _4585_/X (sky130_fd_sc_hd__a2111o_2)
                                                         _0556_ (net)
                      0.122415    0.001153   15.059005 v _4667_/B1_N (sky130_fd_sc_hd__o21bai_2)
     4    0.018393    0.101992    0.280016   15.339021 v _4667_/Y (sky130_fd_sc_hd__o21bai_2)
                                                         _0636_ (net)
                      0.101992    0.000272   15.339293 v _4742_/A (sky130_fd_sc_hd__nor3_2)
     3    0.018771    0.345979    0.376156   15.715449 ^ _4742_/Y (sky130_fd_sc_hd__nor3_2)
                                                         _0709_ (net)
                      0.345979    0.000272   15.715721 ^ _4743_/D_N (sky130_fd_sc_hd__or4b_4)
     6    0.039350    0.141957    0.630283   16.346004 v _4743_/X (sky130_fd_sc_hd__or4b_4)
                                                         _0710_ (net)
                      0.141967    0.001419   16.347424 v _5624_/A (sky130_fd_sc_hd__or4b_4)
     2    0.018143    0.110750    0.639666   16.987089 v _5624_/X (sky130_fd_sc_hd__or4b_4)
                                                         _1629_ (net)
                      0.110750    0.000874   16.987963 v _5625_/B (sky130_fd_sc_hd__nor2_2)
     1    0.003569    0.074147    0.106365   17.094328 ^ _5625_/Y (sky130_fd_sc_hd__nor2_2)
                                                         _1630_ (net)
                      0.074147    0.000044   17.094372 ^ _5626_/B2 (sky130_fd_sc_hd__o22a_2)
     2    0.006913    0.050774    0.146191   17.240562 ^ _5626_/X (sky130_fd_sc_hd__o22a_2)
                                                         _1632_ (net)
                      0.050774    0.000094   17.240658 ^ _5628_/B (sky130_fd_sc_hd__or3_2)
     1    0.002657    0.039770    0.105143   17.345800 ^ _5628_/X (sky130_fd_sc_hd__or3_2)
                                                         _1634_ (net)
                      0.039770    0.000030   17.345831 ^ _5629_/C_N (sky130_fd_sc_hd__or3b_2)
     1    0.002540    0.073902    0.448349   17.794180 v _5629_/X (sky130_fd_sc_hd__or3b_2)
                                                         _1635_ (net)
                      0.073902    0.000016   17.794195 v _5630_/A (sky130_fd_sc_hd__buf_1)
     2    0.015031    0.092113    0.161906   17.956100 v _5630_/X (sky130_fd_sc_hd__buf_1)
                                                         net185 (net)
                      0.092113    0.000309   17.956409 v output185/A (sky130_fd_sc_hd__clkdlybuf4s25_1)
     1    0.035802    0.265763    0.465121   18.421532 v output185/X (sky130_fd_sc_hd__clkdlybuf4s25_1)
                                                         result[53] (net)
                      0.265763    0.000670   18.422201 v result[53] (out)
                                             18.422201   data arrival time

                      0.000000   40.000000   40.000000   clock __VIRTUAL_CLK__ (rise edge)
                                  0.000000   40.000000   clock network delay (ideal)
                                 -0.250000   39.750000   clock uncertainty
                                  0.000000   39.750000   clock reconvergence pessimism
                                 -8.000000   31.750000   output external delay
                                             31.750000   data required time
---------------------------------------------------------------------------------------------
                                             31.750000   data required time
                                            -18.422201   data arrival time
---------------------------------------------------------------------------------------------
                                             13.327798   slack (MET)


Startpoint: operand_b[1] (input port clocked by __VIRTUAL_CLK__)
Endpoint: result[56] (output port clocked by __VIRTUAL_CLK__)
Path Group: __VIRTUAL_CLK__
Path Type: max

Fanout         Cap        Slew       Delay        Time   Description
---------------------------------------------------------------------------------------------
                      0.000000    0.000000    0.000000   clock __VIRTUAL_CLK__ (rise edge)
                                  0.000000    0.000000   clock network delay (ideal)
                                  8.000000    8.000000 ^ input external delay
     1    0.007862    0.041921    0.028532    8.028532 ^ operand_b[1] (in)
                                                         operand_b[1] (net)
                      0.041923    0.000000    8.028532 ^ input81/A (sky130_fd_sc_hd__clkdlybuf4s25_1)
     1    0.005436    0.068098    0.273489    8.302021 ^ input81/X (sky130_fd_sc_hd__clkdlybuf4s25_1)
                                                         net81 (net)
                      0.068098    0.000110    8.302131 ^ fanout406/A (sky130_fd_sc_hd__clkdlybuf4s25_1)
     7    0.084421    0.837195    0.851103    9.153234 ^ fanout406/X (sky130_fd_sc_hd__clkdlybuf4s25_1)
                                                         net406 (net)
                      0.837195    0.000408    9.153642 ^ fanout404/A (sky130_fd_sc_hd__clkdlybuf4s25_1)
     8    0.054668    0.545119    0.765837    9.919478 ^ fanout404/X (sky130_fd_sc_hd__clkdlybuf4s25_1)
                                                         net404 (net)
                      0.545119    0.000226    9.919705 ^ fanout402/A (sky130_fd_sc_hd__clkdlybuf4s25_1)
     3    0.024911    0.254796    0.522081   10.441787 ^ fanout402/X (sky130_fd_sc_hd__clkdlybuf4s25_1)
                                                         net402 (net)
                      0.254796    0.000698   10.442485 ^ load_slew403/A (sky130_fd_sc_hd__buf_4)
     8    0.054245    0.154310    0.271195   10.713679 ^ load_slew403/X (sky130_fd_sc_hd__buf_4)
                                                         net403 (net)
                      0.154313    0.000914   10.714593 ^ fanout400/A (sky130_fd_sc_hd__clkdlybuf4s25_1)
     5    0.042864    0.430562    0.579774   11.294367 ^ fanout400/X (sky130_fd_sc_hd__clkdlybuf4s25_1)
                                                         net400 (net)
                      0.430564    0.001856   11.296223 ^ load_slew401/A (sky130_fd_sc_hd__clkbuf_2)
     6    0.048837    0.265893    0.369553   11.665776 ^ load_slew401/X (sky130_fd_sc_hd__clkbuf_2)
                                                         net401 (net)
                      0.265895    0.001330   11.667106 ^ _3412_/B_N (sky130_fd_sc_hd__nor2b_2)
     4    0.020264    0.235271    0.332417   11.999522 ^ _3412_/Y (sky130_fd_sc_hd__nor2b_2)
                                                         _2625_ (net)
                      0.235342    0.000376   11.999898 ^ _3555_/C1 (sky130_fd_sc_hd__a221oi_2)
     5    0.019087    0.112048    0.113663   12.113562 v _3555_/Y (sky130_fd_sc_hd__a221oi_2)
                                                         _2765_ (net)
                      0.112066    0.000664   12.114225 v _3683_/A3 (sky130_fd_sc_hd__o31a_2)
     3    0.014572    0.078841    0.362697   12.476923 v _3683_/X (sky130_fd_sc_hd__o31a_2)
                                                         _2891_ (net)
                      0.078841    0.000461   12.477384 v _4087_/A2 (sky130_fd_sc_hd__o41a_2)
     4    0.042549    0.156858    0.635275   13.112659 v _4087_/X (sky130_fd_sc_hd__o41a_2)
                                                         _0069_ (net)
                      0.156861    0.001016   13.113675 v _4441_/A3 (sky130_fd_sc_hd__o31ai_4)
     1    0.010036    0.217225    0.254597   13.368272 ^ _4441_/Y (sky130_fd_sc_hd__o31ai_4)
                                                         _0415_ (net)
                      0.217225    0.000390   13.368662 ^ wire248/A (sky130_fd_sc_hd__buf_2)
     5    0.044078    0.216756    0.297373   13.666035 ^ wire248/X (sky130_fd_sc_hd__buf_2)
                                                         net248 (net)
                      0.216879    0.002957   13.668992 ^ _4442_/A (sky130_fd_sc_hd__clkbuf_1)
     5    0.026112    0.307995    0.315308   13.984300 ^ _4442_/X (sky130_fd_sc_hd__clkbuf_1)
                                                         _0416_ (net)
                      0.307995    0.000316   13.984615 ^ max_cap234/A (sky130_fd_sc_hd__buf_2)
     6    0.035950    0.178677    0.293347   14.277963 ^ max_cap234/X (sky130_fd_sc_hd__buf_2)
                                                         net234 (net)
                      0.178679    0.000990   14.278953 ^ _4443_/B (sky130_fd_sc_hd__nand2_2)
     9    0.043770    0.181295    0.207439   14.486392 v _4443_/Y (sky130_fd_sc_hd__nand2_2)
                                                         _0417_ (net)
                      0.181295    0.000040   14.486432 v _4585_/A1 (sky130_fd_sc_hd__a2111o_2)
     4    0.025530    0.122407    0.571420   15.057853 v _4585_/X (sky130_fd_sc_hd__a2111o_2)
                                                         _0556_ (net)
                      0.122415    0.001153   15.059005 v _4667_/B1_N (sky130_fd_sc_hd__o21bai_2)
     4    0.018393    0.101992    0.280016   15.339021 v _4667_/Y (sky130_fd_sc_hd__o21bai_2)
                                                         _0636_ (net)
                      0.101992    0.000272   15.339293 v _4742_/A (sky130_fd_sc_hd__nor3_2)
     3    0.018771    0.345979    0.376156   15.715449 ^ _4742_/Y (sky130_fd_sc_hd__nor3_2)
                                                         _0709_ (net)
                      0.345979    0.000272   15.715721 ^ _4743_/D_N (sky130_fd_sc_hd__or4b_4)
     6    0.039350    0.141957    0.630283   16.346004 v _4743_/X (sky130_fd_sc_hd__or4b_4)
                                                         _0710_ (net)
                      0.141967    0.001419   16.347424 v _5624_/A (sky130_fd_sc_hd__or4b_4)
     2    0.018143    0.110750    0.639666   16.987089 v _5624_/X (sky130_fd_sc_hd__or4b_4)
                                                         _1629_ (net)
                      0.110750    0.000899   16.987988 v _5652_/B_N (sky130_fd_sc_hd__and4bb_4)
     7    0.030635    0.132029    0.448841   17.436829 ^ _5652_/X (sky130_fd_sc_hd__and4bb_4)
                                                         _1659_ (net)
                      0.132029    0.000432   17.437262 ^ _5725_/A (sky130_fd_sc_hd__nand2_2)
     1    0.008744    0.057804    0.081760   17.519022 v _5725_/Y (sky130_fd_sc_hd__nand2_2)
                                                         _1737_ (net)
                      0.057804    0.000055   17.519077 v _5726_/B (sky130_fd_sc_hd__xnor2_2)
     1    0.003670    0.046107    0.134618   17.653694 v _5726_/Y (sky130_fd_sc_hd__xnor2_2)
                                                         _1739_ (net)
                      0.046107    0.000044   17.653738 v _5746_/A2 (sky130_fd_sc_hd__a21o_2)
     2    0.015930    0.064053    0.256858   17.910597 v _5746_/X (sky130_fd_sc_hd__a21o_2)
                                                         net188 (net)
                      0.064053    0.000231   17.910828 v output188/A (sky130_fd_sc_hd__clkdlybuf4s25_1)
     1    0.038353    0.284531    0.465899   18.376726 v output188/X (sky130_fd_sc_hd__clkdlybuf4s25_1)
                                                         result[56] (net)
                      0.284534    0.001322   18.378048 v result[56] (out)
                                             18.378048   data arrival time

                      0.000000   40.000000   40.000000   clock __VIRTUAL_CLK__ (rise edge)
                                  0.000000   40.000000   clock network delay (ideal)
                                 -0.250000   39.750000   clock uncertainty
                                  0.000000   39.750000   clock reconvergence pessimism
                                 -8.000000   31.750000   output external delay
                                             31.750000   data required time
---------------------------------------------------------------------------------------------
                                             31.750000   data required time
                                            -18.378048   data arrival time
---------------------------------------------------------------------------------------------
                                             13.371951   slack (MET)


Startpoint: operand_b[1] (input port clocked by __VIRTUAL_CLK__)
Endpoint: result[49] (output port clocked by __VIRTUAL_CLK__)
Path Group: __VIRTUAL_CLK__
Path Type: max

Fanout         Cap        Slew       Delay        Time   Description
---------------------------------------------------------------------------------------------
                      0.000000    0.000000    0.000000   clock __VIRTUAL_CLK__ (rise edge)
                                  0.000000    0.000000   clock network delay (ideal)
                                  8.000000    8.000000 ^ input external delay
     1    0.007862    0.041921    0.028532    8.028532 ^ operand_b[1] (in)
                                                         operand_b[1] (net)
                      0.041923    0.000000    8.028532 ^ input81/A (sky130_fd_sc_hd__clkdlybuf4s25_1)
     1    0.005436    0.068098    0.273489    8.302021 ^ input81/X (sky130_fd_sc_hd__clkdlybuf4s25_1)
                                                         net81 (net)
                      0.068098    0.000110    8.302131 ^ fanout406/A (sky130_fd_sc_hd__clkdlybuf4s25_1)
     7    0.084421    0.837195    0.851103    9.153234 ^ fanout406/X (sky130_fd_sc_hd__clkdlybuf4s25_1)
                                                         net406 (net)
                      0.837195    0.000408    9.153642 ^ fanout404/A (sky130_fd_sc_hd__clkdlybuf4s25_1)
     8    0.054668    0.545119    0.765837    9.919478 ^ fanout404/X (sky130_fd_sc_hd__clkdlybuf4s25_1)
                                                         net404 (net)
                      0.545119    0.000226    9.919705 ^ fanout402/A (sky130_fd_sc_hd__clkdlybuf4s25_1)
     3    0.024911    0.254796    0.522081   10.441787 ^ fanout402/X (sky130_fd_sc_hd__clkdlybuf4s25_1)
                                                         net402 (net)
                      0.254796    0.000698   10.442485 ^ load_slew403/A (sky130_fd_sc_hd__buf_4)
     8    0.054245    0.154310    0.271195   10.713679 ^ load_slew403/X (sky130_fd_sc_hd__buf_4)
                                                         net403 (net)
                      0.154313    0.000914   10.714593 ^ fanout400/A (sky130_fd_sc_hd__clkdlybuf4s25_1)
     5    0.042864    0.430562    0.579774   11.294367 ^ fanout400/X (sky130_fd_sc_hd__clkdlybuf4s25_1)
                                                         net400 (net)
                      0.430564    0.001856   11.296223 ^ load_slew401/A (sky130_fd_sc_hd__clkbuf_2)
     6    0.048837    0.265893    0.369553   11.665776 ^ load_slew401/X (sky130_fd_sc_hd__clkbuf_2)
                                                         net401 (net)
                      0.265895    0.001330   11.667106 ^ _3412_/B_N (sky130_fd_sc_hd__nor2b_2)
     4    0.020264    0.235271    0.332417   11.999522 ^ _3412_/Y (sky130_fd_sc_hd__nor2b_2)
                                                         _2625_ (net)
                      0.235342    0.000376   11.999898 ^ _3555_/C1 (sky130_fd_sc_hd__a221oi_2)
     5    0.019087    0.112048    0.113663   12.113562 v _3555_/Y (sky130_fd_sc_hd__a221oi_2)
                                                         _2765_ (net)
                      0.112066    0.000664   12.114225 v _3683_/A3 (sky130_fd_sc_hd__o31a_2)
     3    0.014572    0.078841    0.362697   12.476923 v _3683_/X (sky130_fd_sc_hd__o31a_2)
                                                         _2891_ (net)
                      0.078841    0.000281   12.477203 v _3686_/B (sky130_fd_sc_hd__or4_4)
     1    0.005088    0.085280    0.545249   13.022452 v _3686_/X (sky130_fd_sc_hd__or4_4)
                                                         _2894_ (net)
                      0.085280    0.000054   13.022507 v _3687_/A (sky130_fd_sc_hd__buf_6)
     8    0.035303    0.044413    0.163532   13.186039 v _3687_/X (sky130_fd_sc_hd__buf_6)
                                                         _2895_ (net)
                      0.044426    0.000766   13.186805 v _3771_/B2 (sky130_fd_sc_hd__a221o_2)
     2    0.008430    0.068300    0.393701   13.580506 v _3771_/X (sky130_fd_sc_hd__a221o_2)
                                                         _2977_ (net)
                      0.068300    0.000083   13.580589 v _3775_/A1 (sky130_fd_sc_hd__a21o_2)
     3    0.013116    0.058074    0.235461   13.816051 v _3775_/X (sky130_fd_sc_hd__a21o_2)
                                                         _2981_ (net)
                      0.058074    0.000102   13.816154 v _3857_/A2 (sky130_fd_sc_hd__a2111o_2)
     3    0.021132    0.110988    0.560905   14.377058 v _3857_/X (sky130_fd_sc_hd__a2111o_2)
                                                         _3061_ (net)
                      0.110994    0.001030   14.378088 v _3960_/A (sky130_fd_sc_hd__or4b_4)
     3    0.027697    0.123351    0.650431   15.028520 v _3960_/X (sky130_fd_sc_hd__or4b_4)
                                                         _3162_ (net)
                      0.123422    0.001114   15.029634 v _4709_/A (sky130_fd_sc_hd__nor4b_2)
     2    0.026959    0.669264    0.691070   15.720703 ^ _4709_/Y (sky130_fd_sc_hd__nor4b_2)
                                                         _0677_ (net)
                      0.669264    0.000488   15.721192 ^ _4968_/A (sky130_fd_sc_hd__and4_2)
     1    0.003068    0.059927    0.363736   16.084929 ^ _4968_/X (sky130_fd_sc_hd__and4_2)
                                                         _0930_ (net)
                      0.059927    0.000034   16.084961 ^ _4969_/A (sky130_fd_sc_hd__clkbuf_1)
     2    0.009562    0.119672    0.145985   16.230946 ^ _4969_/X (sky130_fd_sc_hd__clkbuf_1)
                                                         _0931_ (net)
                      0.119672    0.000155   16.231100 ^ wire204/A (sky130_fd_sc_hd__clkbuf_4)
     7    0.041858    0.133744    0.239767   16.470867 ^ wire204/X (sky130_fd_sc_hd__clkbuf_4)
                                                         net204 (net)
                      0.133747    0.000920   16.471788 ^ _5121_/A (sky130_fd_sc_hd__nand2_2)
     6    0.033198    0.141154    0.159948   16.631737 v _5121_/Y (sky130_fd_sc_hd__nand2_2)
                                                         _1089_ (net)
                      0.141157    0.000846   16.632582 v _5438_/A (sky130_fd_sc_hd__or3_2)
     3    0.019146    0.124857    0.605169   17.237751 v _5438_/X (sky130_fd_sc_hd__or3_2)
                                                         _1430_ (net)
                      0.124857    0.000373   17.238125 v _5470_/A (sky130_fd_sc_hd__xnor2_2)
     1    0.003186    0.044418    0.168212   17.406336 v _5470_/Y (sky130_fd_sc_hd__xnor2_2)
                                                         _1464_ (net)
                      0.044418    0.000037   17.406374 v _5489_/B1 (sky130_fd_sc_hd__a221o_2)
     2    0.015732    0.086697    0.397598   17.803972 v _5489_/X (sky130_fd_sc_hd__a221o_2)
                                                         net180 (net)
                      0.086753    0.000286   17.804258 v output180/A (sky130_fd_sc_hd__clkdlybuf4s25_1)
     1    0.037427    0.277394    0.471596   18.275854 v output180/X (sky130_fd_sc_hd__clkdlybuf4s25_1)
                                                         result[49] (net)
                      0.277394    0.000764   18.276619 v result[49] (out)
                                             18.276619   data arrival time

                      0.000000   40.000000   40.000000   clock __VIRTUAL_CLK__ (rise edge)
                                  0.000000   40.000000   clock network delay (ideal)
                                 -0.250000   39.750000   clock uncertainty
                                  0.000000   39.750000   clock reconvergence pessimism
                                 -8.000000   31.750000   output external delay
                                             31.750000   data required time
---------------------------------------------------------------------------------------------
                                             31.750000   data required time
                                            -18.276619   data arrival time
---------------------------------------------------------------------------------------------
                                             13.473381   slack (MET)


Startpoint: operand_b[1] (input port clocked by __VIRTUAL_CLK__)
Endpoint: result[54] (output port clocked by __VIRTUAL_CLK__)
Path Group: __VIRTUAL_CLK__
Path Type: max

Fanout         Cap        Slew       Delay        Time   Description
---------------------------------------------------------------------------------------------
                      0.000000    0.000000    0.000000   clock __VIRTUAL_CLK__ (rise edge)
                                  0.000000    0.000000   clock network delay (ideal)
                                  8.000000    8.000000 ^ input external delay
     1    0.007862    0.041921    0.028532    8.028532 ^ operand_b[1] (in)
                                                         operand_b[1] (net)
                      0.041923    0.000000    8.028532 ^ input81/A (sky130_fd_sc_hd__clkdlybuf4s25_1)
     1    0.005436    0.068098    0.273489    8.302021 ^ input81/X (sky130_fd_sc_hd__clkdlybuf4s25_1)
                                                         net81 (net)
                      0.068098    0.000110    8.302131 ^ fanout406/A (sky130_fd_sc_hd__clkdlybuf4s25_1)
     7    0.084421    0.837195    0.851103    9.153234 ^ fanout406/X (sky130_fd_sc_hd__clkdlybuf4s25_1)
                                                         net406 (net)
                      0.837195    0.000408    9.153642 ^ fanout404/A (sky130_fd_sc_hd__clkdlybuf4s25_1)
     8    0.054668    0.545119    0.765837    9.919478 ^ fanout404/X (sky130_fd_sc_hd__clkdlybuf4s25_1)
                                                         net404 (net)
                      0.545119    0.000226    9.919705 ^ fanout402/A (sky130_fd_sc_hd__clkdlybuf4s25_1)
     3    0.024911    0.254796    0.522081   10.441787 ^ fanout402/X (sky130_fd_sc_hd__clkdlybuf4s25_1)
                                                         net402 (net)
                      0.254796    0.000698   10.442485 ^ load_slew403/A (sky130_fd_sc_hd__buf_4)
     8    0.054245    0.154310    0.271195   10.713679 ^ load_slew403/X (sky130_fd_sc_hd__buf_4)
                                                         net403 (net)
                      0.154313    0.000914   10.714593 ^ fanout400/A (sky130_fd_sc_hd__clkdlybuf4s25_1)
     5    0.042864    0.430562    0.579774   11.294367 ^ fanout400/X (sky130_fd_sc_hd__clkdlybuf4s25_1)
                                                         net400 (net)
                      0.430564    0.001856   11.296223 ^ load_slew401/A (sky130_fd_sc_hd__clkbuf_2)
     6    0.048837    0.265893    0.369553   11.665776 ^ load_slew401/X (sky130_fd_sc_hd__clkbuf_2)
                                                         net401 (net)
                      0.265895    0.001330   11.667106 ^ _3412_/B_N (sky130_fd_sc_hd__nor2b_2)
     4    0.020264    0.235271    0.332417   11.999522 ^ _3412_/Y (sky130_fd_sc_hd__nor2b_2)
                                                         _2625_ (net)
                      0.235342    0.000376   11.999898 ^ _3555_/C1 (sky130_fd_sc_hd__a221oi_2)
     5    0.019087    0.112048    0.113663   12.113562 v _3555_/Y (sky130_fd_sc_hd__a221oi_2)
                                                         _2765_ (net)
                      0.112066    0.000664   12.114225 v _3683_/A3 (sky130_fd_sc_hd__o31a_2)
     3    0.014572    0.078841    0.362697   12.476923 v _3683_/X (sky130_fd_sc_hd__o31a_2)
                                                         _2891_ (net)
                      0.078841    0.000461   12.477384 v _4087_/A2 (sky130_fd_sc_hd__o41a_2)
     4    0.042549    0.156858    0.635275   13.112659 v _4087_/X (sky130_fd_sc_hd__o41a_2)
                                                         _0069_ (net)
                      0.156861    0.001016   13.113675 v _4441_/A3 (sky130_fd_sc_hd__o31ai_4)
     1    0.010036    0.217225    0.254597   13.368272 ^ _4441_/Y (sky130_fd_sc_hd__o31ai_4)
                                                         _0415_ (net)
                      0.217225    0.000390   13.368662 ^ wire248/A (sky130_fd_sc_hd__buf_2)
     5    0.044078    0.216756    0.297373   13.666035 ^ wire248/X (sky130_fd_sc_hd__buf_2)
                                                         net248 (net)
                      0.216879    0.002957   13.668992 ^ _4442_/A (sky130_fd_sc_hd__clkbuf_1)
     5    0.026112    0.307995    0.315308   13.984300 ^ _4442_/X (sky130_fd_sc_hd__clkbuf_1)
                                                         _0416_ (net)
                      0.307995    0.000316   13.984615 ^ max_cap234/A (sky130_fd_sc_hd__buf_2)
     6    0.035950    0.178677    0.293347   14.277963 ^ max_cap234/X (sky130_fd_sc_hd__buf_2)
                                                         net234 (net)
                      0.178679    0.000990   14.278953 ^ _4443_/B (sky130_fd_sc_hd__nand2_2)
     9    0.043770    0.181295    0.207439   14.486392 v _4443_/Y (sky130_fd_sc_hd__nand2_2)
                                                         _0417_ (net)
                      0.181295    0.000040   14.486432 v _4585_/A1 (sky130_fd_sc_hd__a2111o_2)
     4    0.025530    0.122407    0.571420   15.057853 v _4585_/X (sky130_fd_sc_hd__a2111o_2)
                                                         _0556_ (net)
                      0.122415    0.001153   15.059005 v _4667_/B1_N (sky130_fd_sc_hd__o21bai_2)
     4    0.018393    0.101992    0.280016   15.339021 v _4667_/Y (sky130_fd_sc_hd__o21bai_2)
                                                         _0636_ (net)
                      0.101992    0.000272   15.339293 v _4742_/A (sky130_fd_sc_hd__nor3_2)
     3    0.018771    0.345979    0.376156   15.715449 ^ _4742_/Y (sky130_fd_sc_hd__nor3_2)
                                                         _0709_ (net)
                      0.345979    0.000272   15.715721 ^ _4743_/D_N (sky130_fd_sc_hd__or4b_4)
     6    0.039350    0.141957    0.630283   16.346004 v _4743_/X (sky130_fd_sc_hd__or4b_4)
                                                         _0710_ (net)
                      0.141967    0.001419   16.347424 v _5624_/A (sky130_fd_sc_hd__or4b_4)
     2    0.018143    0.110750    0.639666   16.987089 v _5624_/X (sky130_fd_sc_hd__or4b_4)
                                                         _1629_ (net)
                      0.110750    0.000899   16.987988 v _5652_/B_N (sky130_fd_sc_hd__and4bb_4)
     7    0.030635    0.132029    0.448841   17.436829 ^ _5652_/X (sky130_fd_sc_hd__and4bb_4)
                                                         _1659_ (net)
                      0.132029    0.000192   17.437021 ^ _5653_/B (sky130_fd_sc_hd__or2_2)
     1    0.003492    0.032635    0.134303   17.571325 ^ _5653_/X (sky130_fd_sc_hd__or2_2)
                                                         _1660_ (net)
                      0.032635    0.000041   17.571365 ^ _5669_/B1 (sky130_fd_sc_hd__a221o_2)
     2    0.013406    0.085223    0.175950   17.747314 ^ _5669_/X (sky130_fd_sc_hd__a221o_2)
                                                         net186 (net)
                      0.085223    0.000311   17.747625 ^ output186/A (sky130_fd_sc_hd__clkdlybuf4s25_1)
     1    0.038211    0.384608    0.525191   18.272818 ^ output186/X (sky130_fd_sc_hd__clkdlybuf4s25_1)
                                                         result[54] (net)
                      0.384608    0.000751   18.273567 ^ result[54] (out)
                                             18.273567   data arrival time

                      0.000000   40.000000   40.000000   clock __VIRTUAL_CLK__ (rise edge)
                                  0.000000   40.000000   clock network delay (ideal)
                                 -0.250000   39.750000   clock uncertainty
                                  0.000000   39.750000   clock reconvergence pessimism
                                 -8.000000   31.750000   output external delay
                                             31.750000   data required time
---------------------------------------------------------------------------------------------
                                             31.750000   data required time
                                            -18.273567   data arrival time
---------------------------------------------------------------------------------------------
                                             13.476431   slack (MET)


Startpoint: operand_b[1] (input port clocked by __VIRTUAL_CLK__)
Endpoint: result[45] (output port clocked by __VIRTUAL_CLK__)
Path Group: __VIRTUAL_CLK__
Path Type: max

Fanout         Cap        Slew       Delay        Time   Description
---------------------------------------------------------------------------------------------
                      0.000000    0.000000    0.000000   clock __VIRTUAL_CLK__ (rise edge)
                                  0.000000    0.000000   clock network delay (ideal)
                                  8.000000    8.000000 ^ input external delay
     1    0.007862    0.041921    0.028532    8.028532 ^ operand_b[1] (in)
                                                         operand_b[1] (net)
                      0.041923    0.000000    8.028532 ^ input81/A (sky130_fd_sc_hd__clkdlybuf4s25_1)
     1    0.005436    0.068098    0.273489    8.302021 ^ input81/X (sky130_fd_sc_hd__clkdlybuf4s25_1)
                                                         net81 (net)
                      0.068098    0.000110    8.302131 ^ fanout406/A (sky130_fd_sc_hd__clkdlybuf4s25_1)
     7    0.084421    0.837195    0.851103    9.153234 ^ fanout406/X (sky130_fd_sc_hd__clkdlybuf4s25_1)
                                                         net406 (net)
                      0.837195    0.000408    9.153642 ^ fanout404/A (sky130_fd_sc_hd__clkdlybuf4s25_1)
     8    0.054668    0.545119    0.765837    9.919478 ^ fanout404/X (sky130_fd_sc_hd__clkdlybuf4s25_1)
                                                         net404 (net)
                      0.545119    0.000226    9.919705 ^ fanout402/A (sky130_fd_sc_hd__clkdlybuf4s25_1)
     3    0.024911    0.254796    0.522081   10.441787 ^ fanout402/X (sky130_fd_sc_hd__clkdlybuf4s25_1)
                                                         net402 (net)
                      0.254796    0.000698   10.442485 ^ load_slew403/A (sky130_fd_sc_hd__buf_4)
     8    0.054245    0.154310    0.271195   10.713679 ^ load_slew403/X (sky130_fd_sc_hd__buf_4)
                                                         net403 (net)
                      0.154313    0.000914   10.714593 ^ fanout400/A (sky130_fd_sc_hd__clkdlybuf4s25_1)
     5    0.042864    0.430562    0.579774   11.294367 ^ fanout400/X (sky130_fd_sc_hd__clkdlybuf4s25_1)
                                                         net400 (net)
                      0.430564    0.001856   11.296223 ^ load_slew401/A (sky130_fd_sc_hd__clkbuf_2)
     6    0.048837    0.265893    0.369553   11.665776 ^ load_slew401/X (sky130_fd_sc_hd__clkbuf_2)
                                                         net401 (net)
                      0.265895    0.001330   11.667106 ^ _3412_/B_N (sky130_fd_sc_hd__nor2b_2)
     4    0.020264    0.235271    0.332417   11.999522 ^ _3412_/Y (sky130_fd_sc_hd__nor2b_2)
                                                         _2625_ (net)
                      0.235342    0.000376   11.999898 ^ _3555_/C1 (sky130_fd_sc_hd__a221oi_2)
     5    0.019087    0.112048    0.113663   12.113562 v _3555_/Y (sky130_fd_sc_hd__a221oi_2)
                                                         _2765_ (net)
                      0.112066    0.000664   12.114225 v _3683_/A3 (sky130_fd_sc_hd__o31a_2)
     3    0.014572    0.078841    0.362697   12.476923 v _3683_/X (sky130_fd_sc_hd__o31a_2)
                                                         _2891_ (net)
                      0.078841    0.000461   12.477384 v _4087_/A2 (sky130_fd_sc_hd__o41a_2)
     4    0.042549    0.156858    0.635275   13.112659 v _4087_/X (sky130_fd_sc_hd__o41a_2)
                                                         _0069_ (net)
                      0.156861    0.001016   13.113675 v _4441_/A3 (sky130_fd_sc_hd__o31ai_4)
     1    0.010036    0.217225    0.254597   13.368272 ^ _4441_/Y (sky130_fd_sc_hd__o31ai_4)
                                                         _0415_ (net)
                      0.217225    0.000390   13.368662 ^ wire248/A (sky130_fd_sc_hd__buf_2)
     5    0.044078    0.216756    0.297373   13.666035 ^ wire248/X (sky130_fd_sc_hd__buf_2)
                                                         net248 (net)
                      0.216879    0.002957   13.668992 ^ _4442_/A (sky130_fd_sc_hd__clkbuf_1)
     5    0.026112    0.307995    0.315308   13.984300 ^ _4442_/X (sky130_fd_sc_hd__clkbuf_1)
                                                         _0416_ (net)
                      0.307995    0.000316   13.984615 ^ max_cap234/A (sky130_fd_sc_hd__buf_2)
     6    0.035950    0.178677    0.293347   14.277963 ^ max_cap234/X (sky130_fd_sc_hd__buf_2)
                                                         net234 (net)
                      0.178679    0.000990   14.278953 ^ _4443_/B (sky130_fd_sc_hd__nand2_2)
     9    0.043770    0.181295    0.207439   14.486392 v _4443_/Y (sky130_fd_sc_hd__nand2_2)
                                                         _0417_ (net)
                      0.181295    0.000040   14.486432 v _4585_/A1 (sky130_fd_sc_hd__a2111o_2)
     4    0.025530    0.122407    0.571420   15.057853 v _4585_/X (sky130_fd_sc_hd__a2111o_2)
                                                         _0556_ (net)
                      0.122415    0.001153   15.059005 v _4667_/B1_N (sky130_fd_sc_hd__o21bai_2)
     4    0.018393    0.101992    0.280016   15.339021 v _4667_/Y (sky130_fd_sc_hd__o21bai_2)
                                                         _0636_ (net)
                      0.101992    0.000272   15.339293 v _4742_/A (sky130_fd_sc_hd__nor3_2)
     3    0.018771    0.345979    0.376156   15.715449 ^ _4742_/Y (sky130_fd_sc_hd__nor3_2)
                                                         _0709_ (net)
                      0.345979    0.000272   15.715721 ^ _4743_/D_N (sky130_fd_sc_hd__or4b_4)
     6    0.039350    0.141957    0.630283   16.346004 v _4743_/X (sky130_fd_sc_hd__or4b_4)
                                                         _0710_ (net)
                      0.141968    0.001430   16.347435 v _5301_/A (sky130_fd_sc_hd__or3_2)
     2    0.013665    0.111887    0.585141   16.932575 v _5301_/X (sky130_fd_sc_hd__or3_2)
                                                         _1283_ (net)
                      0.111887    0.000163   16.932739 v _5302_/A_N (sky130_fd_sc_hd__and4b_2)
     2    0.012939    0.098488    0.360320   17.293058 ^ _5302_/X (sky130_fd_sc_hd__and4b_2)
                                                         _1284_ (net)
                      0.098488    0.000098   17.293156 ^ _5319_/A (sky130_fd_sc_hd__xor2_2)
     1    0.002871    0.050706    0.074412   17.367567 v _5319_/X (sky130_fd_sc_hd__xor2_2)
                                                         _1302_ (net)
                      0.050706    0.000030   17.367598 v _5333_/B1 (sky130_fd_sc_hd__a221o_2)
     2    0.021994    0.101601    0.418646   17.786243 v _5333_/X (sky130_fd_sc_hd__a221o_2)
                                                         net176 (net)
                      0.101601    0.000334   17.786577 v output176/A (sky130_fd_sc_hd__clkdlybuf4s25_1)
     1    0.035556    0.263790    0.468319   18.254896 v output176/X (sky130_fd_sc_hd__clkdlybuf4s25_1)
                                                         result[45] (net)
                      0.263790    0.000396   18.255293 v result[45] (out)
                                             18.255293   data arrival time

                      0.000000   40.000000   40.000000   clock __VIRTUAL_CLK__ (rise edge)
                                  0.000000   40.000000   clock network delay (ideal)
                                 -0.250000   39.750000   clock uncertainty
                                  0.000000   39.750000   clock reconvergence pessimism
                                 -8.000000   31.750000   output external delay
                                             31.750000   data required time
---------------------------------------------------------------------------------------------
                                             31.750000   data required time
                                            -18.255293   data arrival time
---------------------------------------------------------------------------------------------
                                             13.494706   slack (MET)


Startpoint: operand_b[1] (input port clocked by __VIRTUAL_CLK__)
Endpoint: result[43] (output port clocked by __VIRTUAL_CLK__)
Path Group: __VIRTUAL_CLK__
Path Type: max

Fanout         Cap        Slew       Delay        Time   Description
---------------------------------------------------------------------------------------------
                      0.000000    0.000000    0.000000   clock __VIRTUAL_CLK__ (rise edge)
                                  0.000000    0.000000   clock network delay (ideal)
                                  8.000000    8.000000 ^ input external delay
     1    0.007862    0.041921    0.028532    8.028532 ^ operand_b[1] (in)
                                                         operand_b[1] (net)
                      0.041923    0.000000    8.028532 ^ input81/A (sky130_fd_sc_hd__clkdlybuf4s25_1)
     1    0.005436    0.068098    0.273489    8.302021 ^ input81/X (sky130_fd_sc_hd__clkdlybuf4s25_1)
                                                         net81 (net)
                      0.068098    0.000110    8.302131 ^ fanout406/A (sky130_fd_sc_hd__clkdlybuf4s25_1)
     7    0.084421    0.837195    0.851103    9.153234 ^ fanout406/X (sky130_fd_sc_hd__clkdlybuf4s25_1)
                                                         net406 (net)
                      0.837195    0.000408    9.153642 ^ fanout404/A (sky130_fd_sc_hd__clkdlybuf4s25_1)
     8    0.054668    0.545119    0.765837    9.919478 ^ fanout404/X (sky130_fd_sc_hd__clkdlybuf4s25_1)
                                                         net404 (net)
                      0.545119    0.000226    9.919705 ^ fanout402/A (sky130_fd_sc_hd__clkdlybuf4s25_1)
     3    0.024911    0.254796    0.522081   10.441787 ^ fanout402/X (sky130_fd_sc_hd__clkdlybuf4s25_1)
                                                         net402 (net)
                      0.254796    0.000698   10.442485 ^ load_slew403/A (sky130_fd_sc_hd__buf_4)
     8    0.054245    0.154310    0.271195   10.713679 ^ load_slew403/X (sky130_fd_sc_hd__buf_4)
                                                         net403 (net)
                      0.154313    0.000914   10.714593 ^ fanout400/A (sky130_fd_sc_hd__clkdlybuf4s25_1)
     5    0.042864    0.430562    0.579774   11.294367 ^ fanout400/X (sky130_fd_sc_hd__clkdlybuf4s25_1)
                                                         net400 (net)
                      0.430564    0.001856   11.296223 ^ load_slew401/A (sky130_fd_sc_hd__clkbuf_2)
     6    0.048837    0.265893    0.369553   11.665776 ^ load_slew401/X (sky130_fd_sc_hd__clkbuf_2)
                                                         net401 (net)
                      0.265895    0.001330   11.667106 ^ _3412_/B_N (sky130_fd_sc_hd__nor2b_2)
     4    0.020264    0.235271    0.332417   11.999522 ^ _3412_/Y (sky130_fd_sc_hd__nor2b_2)
                                                         _2625_ (net)
                      0.235342    0.000376   11.999898 ^ _3555_/C1 (sky130_fd_sc_hd__a221oi_2)
     5    0.019087    0.112048    0.113663   12.113562 v _3555_/Y (sky130_fd_sc_hd__a221oi_2)
                                                         _2765_ (net)
                      0.112066    0.000664   12.114225 v _3683_/A3 (sky130_fd_sc_hd__o31a_2)
     3    0.014572    0.078841    0.362697   12.476923 v _3683_/X (sky130_fd_sc_hd__o31a_2)
                                                         _2891_ (net)
                      0.078841    0.000281   12.477203 v _3686_/B (sky130_fd_sc_hd__or4_4)
     1    0.005088    0.085280    0.545249   13.022452 v _3686_/X (sky130_fd_sc_hd__or4_4)
                                                         _2894_ (net)
                      0.085280    0.000054   13.022507 v _3687_/A (sky130_fd_sc_hd__buf_6)
     8    0.035303    0.044413    0.163532   13.186039 v _3687_/X (sky130_fd_sc_hd__buf_6)
                                                         _2895_ (net)
                      0.044426    0.000766   13.186805 v _3771_/B2 (sky130_fd_sc_hd__a221o_2)
     2    0.008430    0.068300    0.393701   13.580506 v _3771_/X (sky130_fd_sc_hd__a221o_2)
                                                         _2977_ (net)
                      0.068300    0.000083   13.580589 v _3775_/A1 (sky130_fd_sc_hd__a21o_2)
     3    0.013116    0.058074    0.235461   13.816051 v _3775_/X (sky130_fd_sc_hd__a21o_2)
                                                         _2981_ (net)
                      0.058074    0.000102   13.816154 v _3857_/A2 (sky130_fd_sc_hd__a2111o_2)
     3    0.021132    0.110988    0.560905   14.377058 v _3857_/X (sky130_fd_sc_hd__a2111o_2)
                                                         _3061_ (net)
                      0.110994    0.001030   14.378088 v _3960_/A (sky130_fd_sc_hd__or4b_4)
     3    0.027697    0.123351    0.650431   15.028520 v _3960_/X (sky130_fd_sc_hd__or4b_4)
                                                         _3162_ (net)
                      0.123422    0.001114   15.029634 v _4709_/A (sky130_fd_sc_hd__nor4b_2)
     2    0.026959    0.669264    0.691070   15.720703 ^ _4709_/Y (sky130_fd_sc_hd__nor4b_2)
                                                         _0677_ (net)
                      0.669264    0.000488   15.721192 ^ _4968_/A (sky130_fd_sc_hd__and4_2)
     1    0.003068    0.059927    0.363736   16.084929 ^ _4968_/X (sky130_fd_sc_hd__and4_2)
                                                         _0930_ (net)
                      0.059927    0.000034   16.084961 ^ _4969_/A (sky130_fd_sc_hd__clkbuf_1)
     2    0.009562    0.119672    0.145985   16.230946 ^ _4969_/X (sky130_fd_sc_hd__clkbuf_1)
                                                         _0931_ (net)
                      0.119672    0.000155   16.231100 ^ wire204/A (sky130_fd_sc_hd__clkbuf_4)
     7    0.041858    0.133744    0.239767   16.470867 ^ wire204/X (sky130_fd_sc_hd__clkbuf_4)
                                                         net204 (net)
                      0.133747    0.000920   16.471788 ^ _5121_/A (sky130_fd_sc_hd__nand2_2)
     6    0.033198    0.141154    0.159948   16.631737 v _5121_/Y (sky130_fd_sc_hd__nand2_2)
                                                         _1089_ (net)
                      0.141154    0.000384   16.632120 v _5263_/B (sky130_fd_sc_hd__or3b_2)
     1    0.004049    0.081976    0.498352   17.130472 v _5263_/X (sky130_fd_sc_hd__or3b_2)
                                                         _1242_ (net)
                      0.081976    0.000046   17.130518 v _5264_/S (sky130_fd_sc_hd__mux2_2)
     1    0.002420    0.046241    0.288841   17.419359 v _5264_/X (sky130_fd_sc_hd__mux2_2)
                                                         _1243_ (net)
                      0.046241    0.000012   17.419371 v _5265_/C1 (sky130_fd_sc_hd__a211o_2)
     2    0.013694    0.075897    0.320409   17.739780 v _5265_/X (sky130_fd_sc_hd__a211o_2)
                                                         net174 (net)
                      0.075898    0.000366   17.740147 v output174/A (sky130_fd_sc_hd__clkdlybuf4s25_1)
     1    0.036171    0.268598    0.459844   18.199989 v output174/X (sky130_fd_sc_hd__clkdlybuf4s25_1)
                                                         result[43] (net)
                      0.268598    0.000542   18.200531 v result[43] (out)
                                             18.200531   data arrival time

                      0.000000   40.000000   40.000000   clock __VIRTUAL_CLK__ (rise edge)
                                  0.000000   40.000000   clock network delay (ideal)
                                 -0.250000   39.750000   clock uncertainty
                                  0.000000   39.750000   clock reconvergence pessimism
                                 -8.000000   31.750000   output external delay
                                             31.750000   data required time
---------------------------------------------------------------------------------------------
                                             31.750000   data required time
                                            -18.200531   data arrival time
---------------------------------------------------------------------------------------------
                                             13.549468   slack (MET)


Startpoint: operand_b[1] (input port clocked by __VIRTUAL_CLK__)
Endpoint: result[51] (output port clocked by __VIRTUAL_CLK__)
Path Group: __VIRTUAL_CLK__
Path Type: max

Fanout         Cap        Slew       Delay        Time   Description
---------------------------------------------------------------------------------------------
                      0.000000    0.000000    0.000000   clock __VIRTUAL_CLK__ (rise edge)
                                  0.000000    0.000000   clock network delay (ideal)
                                  8.000000    8.000000 ^ input external delay
     1    0.007862    0.041921    0.028532    8.028532 ^ operand_b[1] (in)
                                                         operand_b[1] (net)
                      0.041923    0.000000    8.028532 ^ input81/A (sky130_fd_sc_hd__clkdlybuf4s25_1)
     1    0.005436    0.068098    0.273489    8.302021 ^ input81/X (sky130_fd_sc_hd__clkdlybuf4s25_1)
                                                         net81 (net)
                      0.068098    0.000110    8.302131 ^ fanout406/A (sky130_fd_sc_hd__clkdlybuf4s25_1)
     7    0.084421    0.837195    0.851103    9.153234 ^ fanout406/X (sky130_fd_sc_hd__clkdlybuf4s25_1)
                                                         net406 (net)
                      0.837195    0.000408    9.153642 ^ fanout404/A (sky130_fd_sc_hd__clkdlybuf4s25_1)
     8    0.054668    0.545119    0.765837    9.919478 ^ fanout404/X (sky130_fd_sc_hd__clkdlybuf4s25_1)
                                                         net404 (net)
                      0.545119    0.000226    9.919705 ^ fanout402/A (sky130_fd_sc_hd__clkdlybuf4s25_1)
     3    0.024911    0.254796    0.522081   10.441787 ^ fanout402/X (sky130_fd_sc_hd__clkdlybuf4s25_1)
                                                         net402 (net)
                      0.254796    0.000698   10.442485 ^ load_slew403/A (sky130_fd_sc_hd__buf_4)
     8    0.054245    0.154310    0.271195   10.713679 ^ load_slew403/X (sky130_fd_sc_hd__buf_4)
                                                         net403 (net)
                      0.154313    0.000914   10.714593 ^ fanout400/A (sky130_fd_sc_hd__clkdlybuf4s25_1)
     5    0.042864    0.430562    0.579774   11.294367 ^ fanout400/X (sky130_fd_sc_hd__clkdlybuf4s25_1)
                                                         net400 (net)
                      0.430564    0.001856   11.296223 ^ load_slew401/A (sky130_fd_sc_hd__clkbuf_2)
     6    0.048837    0.265893    0.369553   11.665776 ^ load_slew401/X (sky130_fd_sc_hd__clkbuf_2)
                                                         net401 (net)
                      0.265895    0.001330   11.667106 ^ _3412_/B_N (sky130_fd_sc_hd__nor2b_2)
     4    0.020264    0.235271    0.332417   11.999522 ^ _3412_/Y (sky130_fd_sc_hd__nor2b_2)
                                                         _2625_ (net)
                      0.235342    0.000376   11.999898 ^ _3555_/C1 (sky130_fd_sc_hd__a221oi_2)
     5    0.019087    0.112048    0.113663   12.113562 v _3555_/Y (sky130_fd_sc_hd__a221oi_2)
                                                         _2765_ (net)
                      0.112066    0.000664   12.114225 v _3683_/A3 (sky130_fd_sc_hd__o31a_2)
     3    0.014572    0.078841    0.362697   12.476923 v _3683_/X (sky130_fd_sc_hd__o31a_2)
                                                         _2891_ (net)
                      0.078841    0.000281   12.477203 v _3686_/B (sky130_fd_sc_hd__or4_4)
     1    0.005088    0.085280    0.545249   13.022452 v _3686_/X (sky130_fd_sc_hd__or4_4)
                                                         _2894_ (net)
                      0.085280    0.000054   13.022507 v _3687_/A (sky130_fd_sc_hd__buf_6)
     8    0.035303    0.044413    0.163532   13.186039 v _3687_/X (sky130_fd_sc_hd__buf_6)
                                                         _2895_ (net)
                      0.044426    0.000766   13.186805 v _3771_/B2 (sky130_fd_sc_hd__a221o_2)
     2    0.008430    0.068300    0.393701   13.580506 v _3771_/X (sky130_fd_sc_hd__a221o_2)
                                                         _2977_ (net)
                      0.068300    0.000083   13.580589 v _3775_/A1 (sky130_fd_sc_hd__a21o_2)
     3    0.013116    0.058074    0.235461   13.816051 v _3775_/X (sky130_fd_sc_hd__a21o_2)
                                                         _2981_ (net)
                      0.058074    0.000102   13.816154 v _3857_/A2 (sky130_fd_sc_hd__a2111o_2)
     3    0.021132    0.110988    0.560905   14.377058 v _3857_/X (sky130_fd_sc_hd__a2111o_2)
                                                         _3061_ (net)
                      0.110994    0.001030   14.378088 v _3960_/A (sky130_fd_sc_hd__or4b_4)
     3    0.027697    0.123351    0.650431   15.028520 v _3960_/X (sky130_fd_sc_hd__or4b_4)
                                                         _3162_ (net)
                      0.123422    0.001114   15.029634 v _4709_/A (sky130_fd_sc_hd__nor4b_2)
     2    0.026959    0.669264    0.691070   15.720703 ^ _4709_/Y (sky130_fd_sc_hd__nor4b_2)
                                                         _0677_ (net)
                      0.669264    0.000488   15.721192 ^ _4968_/A (sky130_fd_sc_hd__and4_2)
     1    0.003068    0.059927    0.363736   16.084929 ^ _4968_/X (sky130_fd_sc_hd__and4_2)
                                                         _0930_ (net)
                      0.059927    0.000034   16.084961 ^ _4969_/A (sky130_fd_sc_hd__clkbuf_1)
     2    0.009562    0.119672    0.145985   16.230946 ^ _4969_/X (sky130_fd_sc_hd__clkbuf_1)
                                                         _0931_ (net)
                      0.119672    0.000155   16.231100 ^ wire204/A (sky130_fd_sc_hd__clkbuf_4)
     7    0.041858    0.133744    0.239767   16.470867 ^ wire204/X (sky130_fd_sc_hd__clkbuf_4)
                                                         net204 (net)
                      0.133747    0.000920   16.471788 ^ _5121_/A (sky130_fd_sc_hd__nand2_2)
     6    0.033198    0.141154    0.159948   16.631737 v _5121_/Y (sky130_fd_sc_hd__nand2_2)
                                                         _1089_ (net)
                      0.141157    0.000846   16.632582 v _5438_/A (sky130_fd_sc_hd__or3_2)
     3    0.019146    0.124857    0.605169   17.237751 v _5438_/X (sky130_fd_sc_hd__or3_2)
                                                         _1430_ (net)
                      0.124857    0.000385   17.238136 v _5540_/A1 (sky130_fd_sc_hd__a21o_2)
     1    0.002819    0.033361    0.223180   17.461317 v _5540_/X (sky130_fd_sc_hd__a21o_2)
                                                         _1539_ (net)
                      0.033361    0.000028   17.461346 v _5562_/A2 (sky130_fd_sc_hd__a21o_2)
     2    0.014450    0.060937    0.247843   17.709187 v _5562_/X (sky130_fd_sc_hd__a21o_2)
                                                         net183 (net)
                      0.060937    0.000242   17.709429 v output183/A (sky130_fd_sc_hd__clkdlybuf4s25_1)
     1    0.037386    0.277535    0.459574   18.169003 v output183/X (sky130_fd_sc_hd__clkdlybuf4s25_1)
                                                         result[51] (net)
                      0.277535    0.000739   18.169743 v result[51] (out)
                                             18.169743   data arrival time

                      0.000000   40.000000   40.000000   clock __VIRTUAL_CLK__ (rise edge)
                                  0.000000   40.000000   clock network delay (ideal)
                                 -0.250000   39.750000   clock uncertainty
                                  0.000000   39.750000   clock reconvergence pessimism
                                 -8.000000   31.750000   output external delay
                                             31.750000   data required time
---------------------------------------------------------------------------------------------
                                             31.750000   data required time
                                            -18.169743   data arrival time
---------------------------------------------------------------------------------------------
                                             13.580257   slack (MET)


Startpoint: operand_b[1] (input port clocked by __VIRTUAL_CLK__)
Endpoint: result[44] (output port clocked by __VIRTUAL_CLK__)
Path Group: __VIRTUAL_CLK__
Path Type: max

Fanout         Cap        Slew       Delay        Time   Description
---------------------------------------------------------------------------------------------
                      0.000000    0.000000    0.000000   clock __VIRTUAL_CLK__ (rise edge)
                                  0.000000    0.000000   clock network delay (ideal)
                                  8.000000    8.000000 ^ input external delay
     1    0.007862    0.041921    0.028532    8.028532 ^ operand_b[1] (in)
                                                         operand_b[1] (net)
                      0.041923    0.000000    8.028532 ^ input81/A (sky130_fd_sc_hd__clkdlybuf4s25_1)
     1    0.005436    0.068098    0.273489    8.302021 ^ input81/X (sky130_fd_sc_hd__clkdlybuf4s25_1)
                                                         net81 (net)
                      0.068098    0.000110    8.302131 ^ fanout406/A (sky130_fd_sc_hd__clkdlybuf4s25_1)
     7    0.084421    0.837195    0.851103    9.153234 ^ fanout406/X (sky130_fd_sc_hd__clkdlybuf4s25_1)
                                                         net406 (net)
                      0.837195    0.000408    9.153642 ^ fanout404/A (sky130_fd_sc_hd__clkdlybuf4s25_1)
     8    0.054668    0.545119    0.765837    9.919478 ^ fanout404/X (sky130_fd_sc_hd__clkdlybuf4s25_1)
                                                         net404 (net)
                      0.545119    0.000226    9.919705 ^ fanout402/A (sky130_fd_sc_hd__clkdlybuf4s25_1)
     3    0.024911    0.254796    0.522081   10.441787 ^ fanout402/X (sky130_fd_sc_hd__clkdlybuf4s25_1)
                                                         net402 (net)
                      0.254796    0.000698   10.442485 ^ load_slew403/A (sky130_fd_sc_hd__buf_4)
     8    0.054245    0.154310    0.271195   10.713679 ^ load_slew403/X (sky130_fd_sc_hd__buf_4)
                                                         net403 (net)
                      0.154313    0.000914   10.714593 ^ fanout400/A (sky130_fd_sc_hd__clkdlybuf4s25_1)
     5    0.042864    0.430562    0.579774   11.294367 ^ fanout400/X (sky130_fd_sc_hd__clkdlybuf4s25_1)
                                                         net400 (net)
                      0.430564    0.001856   11.296223 ^ load_slew401/A (sky130_fd_sc_hd__clkbuf_2)
     6    0.048837    0.265893    0.369553   11.665776 ^ load_slew401/X (sky130_fd_sc_hd__clkbuf_2)
                                                         net401 (net)
                      0.265895    0.001330   11.667106 ^ _3412_/B_N (sky130_fd_sc_hd__nor2b_2)
     4    0.020264    0.235271    0.332417   11.999522 ^ _3412_/Y (sky130_fd_sc_hd__nor2b_2)
                                                         _2625_ (net)
                      0.235342    0.000376   11.999898 ^ _3555_/C1 (sky130_fd_sc_hd__a221oi_2)
     5    0.019087    0.112048    0.113663   12.113562 v _3555_/Y (sky130_fd_sc_hd__a221oi_2)
                                                         _2765_ (net)
                      0.112066    0.000664   12.114225 v _3683_/A3 (sky130_fd_sc_hd__o31a_2)
     3    0.014572    0.078841    0.362697   12.476923 v _3683_/X (sky130_fd_sc_hd__o31a_2)
                                                         _2891_ (net)
                      0.078841    0.000461   12.477384 v _4087_/A2 (sky130_fd_sc_hd__o41a_2)
     4    0.042549    0.156858    0.635275   13.112659 v _4087_/X (sky130_fd_sc_hd__o41a_2)
                                                         _0069_ (net)
                      0.156861    0.001016   13.113675 v _4441_/A3 (sky130_fd_sc_hd__o31ai_4)
     1    0.010036    0.217225    0.254597   13.368272 ^ _4441_/Y (sky130_fd_sc_hd__o31ai_4)
                                                         _0415_ (net)
                      0.217225    0.000390   13.368662 ^ wire248/A (sky130_fd_sc_hd__buf_2)
     5    0.044078    0.216756    0.297373   13.666035 ^ wire248/X (sky130_fd_sc_hd__buf_2)
                                                         net248 (net)
                      0.216879    0.002957   13.668992 ^ _4442_/A (sky130_fd_sc_hd__clkbuf_1)
     5    0.026112    0.307995    0.315308   13.984300 ^ _4442_/X (sky130_fd_sc_hd__clkbuf_1)
                                                         _0416_ (net)
                      0.307995    0.000316   13.984615 ^ max_cap234/A (sky130_fd_sc_hd__buf_2)
     6    0.035950    0.178677    0.293347   14.277963 ^ max_cap234/X (sky130_fd_sc_hd__buf_2)
                                                         net234 (net)
                      0.178679    0.000990   14.278953 ^ _4443_/B (sky130_fd_sc_hd__nand2_2)
     9    0.043770    0.181295    0.207439   14.486392 v _4443_/Y (sky130_fd_sc_hd__nand2_2)
                                                         _0417_ (net)
                      0.181295    0.000040   14.486432 v _4585_/A1 (sky130_fd_sc_hd__a2111o_2)
     4    0.025530    0.122407    0.571420   15.057853 v _4585_/X (sky130_fd_sc_hd__a2111o_2)
                                                         _0556_ (net)
                      0.122415    0.001153   15.059005 v _4667_/B1_N (sky130_fd_sc_hd__o21bai_2)
     4    0.018393    0.101992    0.280016   15.339021 v _4667_/Y (sky130_fd_sc_hd__o21bai_2)
                                                         _0636_ (net)
                      0.101992    0.000272   15.339293 v _4742_/A (sky130_fd_sc_hd__nor3_2)
     3    0.018771    0.345979    0.376156   15.715449 ^ _4742_/Y (sky130_fd_sc_hd__nor3_2)
                                                         _0709_ (net)
                      0.345979    0.000272   15.715721 ^ _4743_/D_N (sky130_fd_sc_hd__or4b_4)
     6    0.039350    0.141957    0.630283   16.346004 v _4743_/X (sky130_fd_sc_hd__or4b_4)
                                                         _0710_ (net)
                      0.141968    0.001430   16.347435 v _5301_/A (sky130_fd_sc_hd__or3_2)
     2    0.013665    0.111887    0.585141   16.932575 v _5301_/X (sky130_fd_sc_hd__or3_2)
                                                         _1283_ (net)
                      0.111887    0.000163   16.932739 v _5302_/A_N (sky130_fd_sc_hd__and4b_2)
     2    0.012939    0.098488    0.360320   17.293058 ^ _5302_/X (sky130_fd_sc_hd__and4b_2)
                                                         _1284_ (net)
                      0.098488    0.000037   17.293095 ^ _5303_/A2 (sky130_fd_sc_hd__o21a_2)
     1    0.003510    0.036165    0.128555   17.421650 ^ _5303_/X (sky130_fd_sc_hd__o21a_2)
                                                         _1285_ (net)
                      0.036165    0.000030   17.421680 ^ _5304_/C1 (sky130_fd_sc_hd__a211o_2)
     2    0.010874    0.065039    0.115726   17.537407 ^ _5304_/X (sky130_fd_sc_hd__a211o_2)
                                                         net175 (net)
                      0.065040    0.000387   17.537794 ^ output175/A (sky130_fd_sc_hd__clkdlybuf4s25_1)
     1    0.037148    0.373892    0.510450   18.048244 ^ output175/X (sky130_fd_sc_hd__clkdlybuf4s25_1)
                                                         result[44] (net)
                      0.373892    0.000432   18.048676 ^ result[44] (out)
                                             18.048676   data arrival time

                      0.000000   40.000000   40.000000   clock __VIRTUAL_CLK__ (rise edge)
                                  0.000000   40.000000   clock network delay (ideal)
                                 -0.250000   39.750000   clock uncertainty
                                  0.000000   39.750000   clock reconvergence pessimism
                                 -8.000000   31.750000   output external delay
                                             31.750000   data required time
---------------------------------------------------------------------------------------------
                                             31.750000   data required time
                                            -18.048676   data arrival time
---------------------------------------------------------------------------------------------
                                             13.701324   slack (MET)


Startpoint: operand_b[1] (input port clocked by __VIRTUAL_CLK__)
Endpoint: result[48] (output port clocked by __VIRTUAL_CLK__)
Path Group: __VIRTUAL_CLK__
Path Type: max

Fanout         Cap        Slew       Delay        Time   Description
---------------------------------------------------------------------------------------------
                      0.000000    0.000000    0.000000   clock __VIRTUAL_CLK__ (rise edge)
                                  0.000000    0.000000   clock network delay (ideal)
                                  8.000000    8.000000 ^ input external delay
     1    0.007862    0.041921    0.028532    8.028532 ^ operand_b[1] (in)
                                                         operand_b[1] (net)
                      0.041923    0.000000    8.028532 ^ input81/A (sky130_fd_sc_hd__clkdlybuf4s25_1)
     1    0.005436    0.068098    0.273489    8.302021 ^ input81/X (sky130_fd_sc_hd__clkdlybuf4s25_1)
                                                         net81 (net)
                      0.068098    0.000110    8.302131 ^ fanout406/A (sky130_fd_sc_hd__clkdlybuf4s25_1)
     7    0.084421    0.837195    0.851103    9.153234 ^ fanout406/X (sky130_fd_sc_hd__clkdlybuf4s25_1)
                                                         net406 (net)
                      0.837195    0.000408    9.153642 ^ fanout404/A (sky130_fd_sc_hd__clkdlybuf4s25_1)
     8    0.054668    0.545119    0.765837    9.919478 ^ fanout404/X (sky130_fd_sc_hd__clkdlybuf4s25_1)
                                                         net404 (net)
                      0.545119    0.000226    9.919705 ^ fanout402/A (sky130_fd_sc_hd__clkdlybuf4s25_1)
     3    0.024911    0.254796    0.522081   10.441787 ^ fanout402/X (sky130_fd_sc_hd__clkdlybuf4s25_1)
                                                         net402 (net)
                      0.254796    0.000698   10.442485 ^ load_slew403/A (sky130_fd_sc_hd__buf_4)
     8    0.054245    0.154310    0.271195   10.713679 ^ load_slew403/X (sky130_fd_sc_hd__buf_4)
                                                         net403 (net)
                      0.154313    0.000914   10.714593 ^ fanout400/A (sky130_fd_sc_hd__clkdlybuf4s25_1)
     5    0.042864    0.430562    0.579774   11.294367 ^ fanout400/X (sky130_fd_sc_hd__clkdlybuf4s25_1)
                                                         net400 (net)
                      0.430564    0.001856   11.296223 ^ load_slew401/A (sky130_fd_sc_hd__clkbuf_2)
     6    0.048837    0.265893    0.369553   11.665776 ^ load_slew401/X (sky130_fd_sc_hd__clkbuf_2)
                                                         net401 (net)
                      0.265895    0.001330   11.667106 ^ _3412_/B_N (sky130_fd_sc_hd__nor2b_2)
     4    0.020264    0.235271    0.332417   11.999522 ^ _3412_/Y (sky130_fd_sc_hd__nor2b_2)
                                                         _2625_ (net)
                      0.235342    0.000376   11.999898 ^ _3555_/C1 (sky130_fd_sc_hd__a221oi_2)
     5    0.019087    0.112048    0.113663   12.113562 v _3555_/Y (sky130_fd_sc_hd__a221oi_2)
                                                         _2765_ (net)
                      0.112066    0.000664   12.114225 v _3683_/A3 (sky130_fd_sc_hd__o31a_2)
     3    0.014572    0.078841    0.362697   12.476923 v _3683_/X (sky130_fd_sc_hd__o31a_2)
                                                         _2891_ (net)
                      0.078841    0.000281   12.477203 v _3686_/B (sky130_fd_sc_hd__or4_4)
     1    0.005088    0.085280    0.545249   13.022452 v _3686_/X (sky130_fd_sc_hd__or4_4)
                                                         _2894_ (net)
                      0.085280    0.000054   13.022507 v _3687_/A (sky130_fd_sc_hd__buf_6)
     8    0.035303    0.044413    0.163532   13.186039 v _3687_/X (sky130_fd_sc_hd__buf_6)
                                                         _2895_ (net)
                      0.044426    0.000766   13.186805 v _3771_/B2 (sky130_fd_sc_hd__a221o_2)
     2    0.008430    0.068300    0.393701   13.580506 v _3771_/X (sky130_fd_sc_hd__a221o_2)
                                                         _2977_ (net)
                      0.068300    0.000083   13.580589 v _3775_/A1 (sky130_fd_sc_hd__a21o_2)
     3    0.013116    0.058074    0.235461   13.816051 v _3775_/X (sky130_fd_sc_hd__a21o_2)
                                                         _2981_ (net)
                      0.058074    0.000102   13.816154 v _3857_/A2 (sky130_fd_sc_hd__a2111o_2)
     3    0.021132    0.110988    0.560905   14.377058 v _3857_/X (sky130_fd_sc_hd__a2111o_2)
                                                         _3061_ (net)
                      0.110994    0.001030   14.378088 v _3960_/A (sky130_fd_sc_hd__or4b_4)
     3    0.027697    0.123351    0.650431   15.028520 v _3960_/X (sky130_fd_sc_hd__or4b_4)
                                                         _3162_ (net)
                      0.123422    0.001114   15.029634 v _4709_/A (sky130_fd_sc_hd__nor4b_2)
     2    0.026959    0.669264    0.691070   15.720703 ^ _4709_/Y (sky130_fd_sc_hd__nor4b_2)
                                                         _0677_ (net)
                      0.669264    0.000488   15.721192 ^ _4968_/A (sky130_fd_sc_hd__and4_2)
     1    0.003068    0.059927    0.363736   16.084929 ^ _4968_/X (sky130_fd_sc_hd__and4_2)
                                                         _0930_ (net)
                      0.059927    0.000034   16.084961 ^ _4969_/A (sky130_fd_sc_hd__clkbuf_1)
     2    0.009562    0.119672    0.145985   16.230946 ^ _4969_/X (sky130_fd_sc_hd__clkbuf_1)
                                                         _0931_ (net)
                      0.119672    0.000155   16.231100 ^ wire204/A (sky130_fd_sc_hd__clkbuf_4)
     7    0.041858    0.133744    0.239767   16.470867 ^ wire204/X (sky130_fd_sc_hd__clkbuf_4)
                                                         net204 (net)
                      0.133747    0.000920   16.471788 ^ _5121_/A (sky130_fd_sc_hd__nand2_2)
     6    0.033198    0.141154    0.159948   16.631737 v _5121_/Y (sky130_fd_sc_hd__nand2_2)
                                                         _1089_ (net)
                      0.141157    0.000846   16.632582 v _5438_/A (sky130_fd_sc_hd__or3_2)
     3    0.019146    0.124857    0.605169   17.237751 v _5438_/X (sky130_fd_sc_hd__or3_2)
                                                         _1430_ (net)
                      0.124857    0.000185   17.237936 v _5439_/B (sky130_fd_sc_hd__nand2_2)
     1    0.003440    0.049410    0.098781   17.336718 ^ _5439_/Y (sky130_fd_sc_hd__nand2_2)
                                                         _1431_ (net)
                      0.049410    0.000041   17.336758 ^ _5453_/B1 (sky130_fd_sc_hd__a221o_2)
     2    0.014495    0.089533    0.186212   17.522970 ^ _5453_/X (sky130_fd_sc_hd__a221o_2)
                                                         net179 (net)
                      0.089533    0.000307   17.523277 ^ output179/A (sky130_fd_sc_hd__clkdlybuf4s25_1)
     1    0.035335    0.356565    0.506411   18.029688 ^ output179/X (sky130_fd_sc_hd__clkdlybuf4s25_1)
                                                         result[48] (net)
                      0.356565    0.000300   18.029989 ^ result[48] (out)
                                             18.029989   data arrival time

                      0.000000   40.000000   40.000000   clock __VIRTUAL_CLK__ (rise edge)
                                  0.000000   40.000000   clock network delay (ideal)
                                 -0.250000   39.750000   clock uncertainty
                                  0.000000   39.750000   clock reconvergence pessimism
                                 -8.000000   31.750000   output external delay
                                             31.750000   data required time
---------------------------------------------------------------------------------------------
                                             31.750000   data required time
                                            -18.029989   data arrival time
---------------------------------------------------------------------------------------------
                                             13.720011   slack (MET)


Startpoint: operand_b[1] (input port clocked by __VIRTUAL_CLK__)
Endpoint: result[52] (output port clocked by __VIRTUAL_CLK__)
Path Group: __VIRTUAL_CLK__
Path Type: max

Fanout         Cap        Slew       Delay        Time   Description
---------------------------------------------------------------------------------------------
                      0.000000    0.000000    0.000000   clock __VIRTUAL_CLK__ (rise edge)
                                  0.000000    0.000000   clock network delay (ideal)
                                  8.000000    8.000000 ^ input external delay
     1    0.007862    0.041921    0.028532    8.028532 ^ operand_b[1] (in)
                                                         operand_b[1] (net)
                      0.041923    0.000000    8.028532 ^ input81/A (sky130_fd_sc_hd__clkdlybuf4s25_1)
     1    0.005436    0.068098    0.273489    8.302021 ^ input81/X (sky130_fd_sc_hd__clkdlybuf4s25_1)
                                                         net81 (net)
                      0.068098    0.000110    8.302131 ^ fanout406/A (sky130_fd_sc_hd__clkdlybuf4s25_1)
     7    0.084421    0.837195    0.851103    9.153234 ^ fanout406/X (sky130_fd_sc_hd__clkdlybuf4s25_1)
                                                         net406 (net)
                      0.837195    0.000408    9.153642 ^ fanout404/A (sky130_fd_sc_hd__clkdlybuf4s25_1)
     8    0.054668    0.545119    0.765837    9.919478 ^ fanout404/X (sky130_fd_sc_hd__clkdlybuf4s25_1)
                                                         net404 (net)
                      0.545119    0.000226    9.919705 ^ fanout402/A (sky130_fd_sc_hd__clkdlybuf4s25_1)
     3    0.024911    0.254796    0.522081   10.441787 ^ fanout402/X (sky130_fd_sc_hd__clkdlybuf4s25_1)
                                                         net402 (net)
                      0.254796    0.000698   10.442485 ^ load_slew403/A (sky130_fd_sc_hd__buf_4)
     8    0.054245    0.154310    0.271195   10.713679 ^ load_slew403/X (sky130_fd_sc_hd__buf_4)
                                                         net403 (net)
                      0.154313    0.000914   10.714593 ^ fanout400/A (sky130_fd_sc_hd__clkdlybuf4s25_1)
     5    0.042864    0.430562    0.579774   11.294367 ^ fanout400/X (sky130_fd_sc_hd__clkdlybuf4s25_1)
                                                         net400 (net)
                      0.430564    0.001856   11.296223 ^ load_slew401/A (sky130_fd_sc_hd__clkbuf_2)
     6    0.048837    0.265893    0.369553   11.665776 ^ load_slew401/X (sky130_fd_sc_hd__clkbuf_2)
                                                         net401 (net)
                      0.265895    0.001330   11.667106 ^ _3412_/B_N (sky130_fd_sc_hd__nor2b_2)
     4    0.020264    0.235271    0.332417   11.999522 ^ _3412_/Y (sky130_fd_sc_hd__nor2b_2)
                                                         _2625_ (net)
                      0.235342    0.000376   11.999898 ^ _3555_/C1 (sky130_fd_sc_hd__a221oi_2)
     5    0.019087    0.112048    0.113663   12.113562 v _3555_/Y (sky130_fd_sc_hd__a221oi_2)
                                                         _2765_ (net)
                      0.112066    0.000664   12.114225 v _3683_/A3 (sky130_fd_sc_hd__o31a_2)
     3    0.014572    0.078841    0.362697   12.476923 v _3683_/X (sky130_fd_sc_hd__o31a_2)
                                                         _2891_ (net)
                      0.078841    0.000281   12.477203 v _3686_/B (sky130_fd_sc_hd__or4_4)
     1    0.005088    0.085280    0.545249   13.022452 v _3686_/X (sky130_fd_sc_hd__or4_4)
                                                         _2894_ (net)
                      0.085280    0.000054   13.022507 v _3687_/A (sky130_fd_sc_hd__buf_6)
     8    0.035303    0.044413    0.163532   13.186039 v _3687_/X (sky130_fd_sc_hd__buf_6)
                                                         _2895_ (net)
                      0.044426    0.000766   13.186805 v _3771_/B2 (sky130_fd_sc_hd__a221o_2)
     2    0.008430    0.068300    0.393701   13.580506 v _3771_/X (sky130_fd_sc_hd__a221o_2)
                                                         _2977_ (net)
                      0.068300    0.000083   13.580589 v _3775_/A1 (sky130_fd_sc_hd__a21o_2)
     3    0.013116    0.058074    0.235461   13.816051 v _3775_/X (sky130_fd_sc_hd__a21o_2)
                                                         _2981_ (net)
                      0.058074    0.000102   13.816154 v _3857_/A2 (sky130_fd_sc_hd__a2111o_2)
     3    0.021132    0.110988    0.560905   14.377058 v _3857_/X (sky130_fd_sc_hd__a2111o_2)
                                                         _3061_ (net)
                      0.110994    0.001030   14.378088 v _3960_/A (sky130_fd_sc_hd__or4b_4)
     3    0.027697    0.123351    0.650431   15.028520 v _3960_/X (sky130_fd_sc_hd__or4b_4)
                                                         _3162_ (net)
                      0.123422    0.001114   15.029634 v _4709_/A (sky130_fd_sc_hd__nor4b_2)
     2    0.026959    0.669264    0.691070   15.720703 ^ _4709_/Y (sky130_fd_sc_hd__nor4b_2)
                                                         _0677_ (net)
                      0.669264    0.000488   15.721192 ^ _4968_/A (sky130_fd_sc_hd__and4_2)
     1    0.003068    0.059927    0.363736   16.084929 ^ _4968_/X (sky130_fd_sc_hd__and4_2)
                                                         _0930_ (net)
                      0.059927    0.000034   16.084961 ^ _4969_/A (sky130_fd_sc_hd__clkbuf_1)
     2    0.009562    0.119672    0.145985   16.230946 ^ _4969_/X (sky130_fd_sc_hd__clkbuf_1)
                                                         _0931_ (net)
                      0.119672    0.000155   16.231100 ^ wire204/A (sky130_fd_sc_hd__clkbuf_4)
     7    0.041858    0.133744    0.239767   16.470867 ^ wire204/X (sky130_fd_sc_hd__clkbuf_4)
                                                         net204 (net)
                      0.133751    0.001165   16.472033 ^ _5573_/A (sky130_fd_sc_hd__and4_2)
     3    0.027819    0.166931    0.344052   16.816086 ^ _5573_/X (sky130_fd_sc_hd__and4_2)
                                                         _1574_ (net)
                      0.166937    0.001258   16.817343 ^ _5574_/A (sky130_fd_sc_hd__xor2_2)
     1    0.003039    0.060443    0.090060   16.907402 v _5574_/X (sky130_fd_sc_hd__xor2_2)
                                                         _1575_ (net)
                      0.060443    0.000034   16.907436 v _5596_/B1 (sky130_fd_sc_hd__a221o_2)
     2    0.042642    0.144566    0.478018   17.385454 v _5596_/X (sky130_fd_sc_hd__a221o_2)
                                                         net184 (net)
                      0.144566    0.000750   17.386204 v output184/A (sky130_fd_sc_hd__clkdlybuf4s25_1)
     1    0.037719    0.279022    0.497378   17.883581 v output184/X (sky130_fd_sc_hd__clkdlybuf4s25_1)
                                                         result[52] (net)
                      0.279022    0.000881   17.884462 v result[52] (out)
                                             17.884462   data arrival time

                      0.000000   40.000000   40.000000   clock __VIRTUAL_CLK__ (rise edge)
                                  0.000000   40.000000   clock network delay (ideal)
                                 -0.250000   39.750000   clock uncertainty
                                  0.000000   39.750000   clock reconvergence pessimism
                                 -8.000000   31.750000   output external delay
                                             31.750000   data required time
---------------------------------------------------------------------------------------------
                                             31.750000   data required time
                                            -17.884462   data arrival time
---------------------------------------------------------------------------------------------
                                             13.865537   slack (MET)


Startpoint: operand_b[1] (input port clocked by __VIRTUAL_CLK__)
Endpoint: result[41] (output port clocked by __VIRTUAL_CLK__)
Path Group: __VIRTUAL_CLK__
Path Type: max

Fanout         Cap        Slew       Delay        Time   Description
---------------------------------------------------------------------------------------------
                      0.000000    0.000000    0.000000   clock __VIRTUAL_CLK__ (rise edge)
                                  0.000000    0.000000   clock network delay (ideal)
                                  8.000000    8.000000 ^ input external delay
     1    0.007862    0.041921    0.028532    8.028532 ^ operand_b[1] (in)
                                                         operand_b[1] (net)
                      0.041923    0.000000    8.028532 ^ input81/A (sky130_fd_sc_hd__clkdlybuf4s25_1)
     1    0.005436    0.068098    0.273489    8.302021 ^ input81/X (sky130_fd_sc_hd__clkdlybuf4s25_1)
                                                         net81 (net)
                      0.068098    0.000110    8.302131 ^ fanout406/A (sky130_fd_sc_hd__clkdlybuf4s25_1)
     7    0.084421    0.837195    0.851103    9.153234 ^ fanout406/X (sky130_fd_sc_hd__clkdlybuf4s25_1)
                                                         net406 (net)
                      0.837195    0.000408    9.153642 ^ fanout404/A (sky130_fd_sc_hd__clkdlybuf4s25_1)
     8    0.054668    0.545119    0.765837    9.919478 ^ fanout404/X (sky130_fd_sc_hd__clkdlybuf4s25_1)
                                                         net404 (net)
                      0.545119    0.000226    9.919705 ^ fanout402/A (sky130_fd_sc_hd__clkdlybuf4s25_1)
     3    0.024911    0.254796    0.522081   10.441787 ^ fanout402/X (sky130_fd_sc_hd__clkdlybuf4s25_1)
                                                         net402 (net)
                      0.254796    0.000698   10.442485 ^ load_slew403/A (sky130_fd_sc_hd__buf_4)
     8    0.054245    0.154310    0.271195   10.713679 ^ load_slew403/X (sky130_fd_sc_hd__buf_4)
                                                         net403 (net)
                      0.154313    0.000914   10.714593 ^ fanout400/A (sky130_fd_sc_hd__clkdlybuf4s25_1)
     5    0.042864    0.430562    0.579774   11.294367 ^ fanout400/X (sky130_fd_sc_hd__clkdlybuf4s25_1)
                                                         net400 (net)
                      0.430564    0.001856   11.296223 ^ load_slew401/A (sky130_fd_sc_hd__clkbuf_2)
     6    0.048837    0.265893    0.369553   11.665776 ^ load_slew401/X (sky130_fd_sc_hd__clkbuf_2)
                                                         net401 (net)
                      0.265895    0.001330   11.667106 ^ _3412_/B_N (sky130_fd_sc_hd__nor2b_2)
     4    0.020264    0.235271    0.332417   11.999522 ^ _3412_/Y (sky130_fd_sc_hd__nor2b_2)
                                                         _2625_ (net)
                      0.235342    0.000376   11.999898 ^ _3555_/C1 (sky130_fd_sc_hd__a221oi_2)
     5    0.019087    0.112048    0.113663   12.113562 v _3555_/Y (sky130_fd_sc_hd__a221oi_2)
                                                         _2765_ (net)
                      0.112066    0.000664   12.114225 v _3683_/A3 (sky130_fd_sc_hd__o31a_2)
     3    0.014572    0.078841    0.362697   12.476923 v _3683_/X (sky130_fd_sc_hd__o31a_2)
                                                         _2891_ (net)
                      0.078841    0.000281   12.477203 v _3686_/B (sky130_fd_sc_hd__or4_4)
     1    0.005088    0.085280    0.545249   13.022452 v _3686_/X (sky130_fd_sc_hd__or4_4)
                                                         _2894_ (net)
                      0.085280    0.000054   13.022507 v _3687_/A (sky130_fd_sc_hd__buf_6)
     8    0.035303    0.044413    0.163532   13.186039 v _3687_/X (sky130_fd_sc_hd__buf_6)
                                                         _2895_ (net)
                      0.044426    0.000766   13.186805 v _3771_/B2 (sky130_fd_sc_hd__a221o_2)
     2    0.008430    0.068300    0.393701   13.580506 v _3771_/X (sky130_fd_sc_hd__a221o_2)
                                                         _2977_ (net)
                      0.068300    0.000083   13.580589 v _3775_/A1 (sky130_fd_sc_hd__a21o_2)
     3    0.013116    0.058074    0.235461   13.816051 v _3775_/X (sky130_fd_sc_hd__a21o_2)
                                                         _2981_ (net)
                      0.058074    0.000102   13.816154 v _3857_/A2 (sky130_fd_sc_hd__a2111o_2)
     3    0.021132    0.110988    0.560905   14.377058 v _3857_/X (sky130_fd_sc_hd__a2111o_2)
                                                         _3061_ (net)
                      0.110994    0.001030   14.378088 v _3960_/A (sky130_fd_sc_hd__or4b_4)
     3    0.027697    0.123351    0.650431   15.028520 v _3960_/X (sky130_fd_sc_hd__or4b_4)
                                                         _3162_ (net)
                      0.123422    0.001114   15.029634 v _4709_/A (sky130_fd_sc_hd__nor4b_2)
     2    0.026959    0.669264    0.691070   15.720703 ^ _4709_/Y (sky130_fd_sc_hd__nor4b_2)
                                                         _0677_ (net)
                      0.669264    0.000488   15.721192 ^ _4968_/A (sky130_fd_sc_hd__and4_2)
     1    0.003068    0.059927    0.363736   16.084929 ^ _4968_/X (sky130_fd_sc_hd__and4_2)
                                                         _0930_ (net)
                      0.059927    0.000034   16.084961 ^ _4969_/A (sky130_fd_sc_hd__clkbuf_1)
     2    0.009562    0.119672    0.145985   16.230946 ^ _4969_/X (sky130_fd_sc_hd__clkbuf_1)
                                                         _0931_ (net)
                      0.119672    0.000155   16.231100 ^ wire204/A (sky130_fd_sc_hd__clkbuf_4)
     7    0.041858    0.133744    0.239767   16.470867 ^ wire204/X (sky130_fd_sc_hd__clkbuf_4)
                                                         net204 (net)
                      0.133747    0.000920   16.471788 ^ _5121_/A (sky130_fd_sc_hd__nand2_2)
     6    0.033198    0.141154    0.159948   16.631737 v _5121_/Y (sky130_fd_sc_hd__nand2_2)
                                                         _1089_ (net)
                      0.141154    0.000162   16.631899 v _5156_/A1 (sky130_fd_sc_hd__o311a_2)
     1    0.002909    0.054484    0.439895   17.071793 v _5156_/X (sky130_fd_sc_hd__o311a_2)
                                                         _1127_ (net)
                      0.054484    0.000030   17.071823 v _5199_/A3 (sky130_fd_sc_hd__a31o_2)
     2    0.014051    0.062924    0.292401   17.364223 v _5199_/X (sky130_fd_sc_hd__a31o_2)
                                                         net172 (net)
                      0.062926    0.000421   17.364645 v output172/A (sky130_fd_sc_hd__clkdlybuf4s25_1)
     1    0.036126    0.268510    0.453575   17.818220 v output172/X (sky130_fd_sc_hd__clkdlybuf4s25_1)
                                                         result[41] (net)
                      0.268510    0.000639   17.818859 v result[41] (out)
                                             17.818859   data arrival time

                      0.000000   40.000000   40.000000   clock __VIRTUAL_CLK__ (rise edge)
                                  0.000000   40.000000   clock network delay (ideal)
                                 -0.250000   39.750000   clock uncertainty
                                  0.000000   39.750000   clock reconvergence pessimism
                                 -8.000000   31.750000   output external delay
                                             31.750000   data required time
---------------------------------------------------------------------------------------------
                                             31.750000   data required time
                                            -17.818859   data arrival time
---------------------------------------------------------------------------------------------
                                             13.931139   slack (MET)


Startpoint: operand_b[1] (input port clocked by __VIRTUAL_CLK__)
Endpoint: result[47] (output port clocked by __VIRTUAL_CLK__)
Path Group: __VIRTUAL_CLK__
Path Type: max

Fanout         Cap        Slew       Delay        Time   Description
---------------------------------------------------------------------------------------------
                      0.000000    0.000000    0.000000   clock __VIRTUAL_CLK__ (rise edge)
                                  0.000000    0.000000   clock network delay (ideal)
                                  8.000000    8.000000 ^ input external delay
     1    0.007862    0.041921    0.028532    8.028532 ^ operand_b[1] (in)
                                                         operand_b[1] (net)
                      0.041923    0.000000    8.028532 ^ input81/A (sky130_fd_sc_hd__clkdlybuf4s25_1)
     1    0.005436    0.068098    0.273489    8.302021 ^ input81/X (sky130_fd_sc_hd__clkdlybuf4s25_1)
                                                         net81 (net)
                      0.068098    0.000110    8.302131 ^ fanout406/A (sky130_fd_sc_hd__clkdlybuf4s25_1)
     7    0.084421    0.837195    0.851103    9.153234 ^ fanout406/X (sky130_fd_sc_hd__clkdlybuf4s25_1)
                                                         net406 (net)
                      0.837195    0.000408    9.153642 ^ fanout404/A (sky130_fd_sc_hd__clkdlybuf4s25_1)
     8    0.054668    0.545119    0.765837    9.919478 ^ fanout404/X (sky130_fd_sc_hd__clkdlybuf4s25_1)
                                                         net404 (net)
                      0.545119    0.000226    9.919705 ^ fanout402/A (sky130_fd_sc_hd__clkdlybuf4s25_1)
     3    0.024911    0.254796    0.522081   10.441787 ^ fanout402/X (sky130_fd_sc_hd__clkdlybuf4s25_1)
                                                         net402 (net)
                      0.254796    0.000698   10.442485 ^ load_slew403/A (sky130_fd_sc_hd__buf_4)
     8    0.054245    0.154310    0.271195   10.713679 ^ load_slew403/X (sky130_fd_sc_hd__buf_4)
                                                         net403 (net)
                      0.154313    0.000914   10.714593 ^ fanout400/A (sky130_fd_sc_hd__clkdlybuf4s25_1)
     5    0.042864    0.430562    0.579774   11.294367 ^ fanout400/X (sky130_fd_sc_hd__clkdlybuf4s25_1)
                                                         net400 (net)
                      0.430564    0.001856   11.296223 ^ load_slew401/A (sky130_fd_sc_hd__clkbuf_2)
     6    0.048837    0.265893    0.369553   11.665776 ^ load_slew401/X (sky130_fd_sc_hd__clkbuf_2)
                                                         net401 (net)
                      0.265895    0.001330   11.667106 ^ _3412_/B_N (sky130_fd_sc_hd__nor2b_2)
     4    0.020264    0.235271    0.332417   11.999522 ^ _3412_/Y (sky130_fd_sc_hd__nor2b_2)
                                                         _2625_ (net)
                      0.235342    0.000376   11.999898 ^ _3555_/C1 (sky130_fd_sc_hd__a221oi_2)
     5    0.019087    0.112048    0.113663   12.113562 v _3555_/Y (sky130_fd_sc_hd__a221oi_2)
                                                         _2765_ (net)
                      0.112066    0.000664   12.114225 v _3683_/A3 (sky130_fd_sc_hd__o31a_2)
     3    0.014572    0.078841    0.362697   12.476923 v _3683_/X (sky130_fd_sc_hd__o31a_2)
                                                         _2891_ (net)
                      0.078841    0.000281   12.477203 v _3686_/B (sky130_fd_sc_hd__or4_4)
     1    0.005088    0.085280    0.545249   13.022452 v _3686_/X (sky130_fd_sc_hd__or4_4)
                                                         _2894_ (net)
                      0.085280    0.000054   13.022507 v _3687_/A (sky130_fd_sc_hd__buf_6)
     8    0.035303    0.044413    0.163532   13.186039 v _3687_/X (sky130_fd_sc_hd__buf_6)
                                                         _2895_ (net)
                      0.044426    0.000766   13.186805 v _3771_/B2 (sky130_fd_sc_hd__a221o_2)
     2    0.008430    0.068300    0.393701   13.580506 v _3771_/X (sky130_fd_sc_hd__a221o_2)
                                                         _2977_ (net)
                      0.068300    0.000083   13.580589 v _3775_/A1 (sky130_fd_sc_hd__a21o_2)
     3    0.013116    0.058074    0.235461   13.816051 v _3775_/X (sky130_fd_sc_hd__a21o_2)
                                                         _2981_ (net)
                      0.058074    0.000102   13.816154 v _3857_/A2 (sky130_fd_sc_hd__a2111o_2)
     3    0.021132    0.110988    0.560905   14.377058 v _3857_/X (sky130_fd_sc_hd__a2111o_2)
                                                         _3061_ (net)
                      0.110994    0.001030   14.378088 v _3960_/A (sky130_fd_sc_hd__or4b_4)
     3    0.027697    0.123351    0.650431   15.028520 v _3960_/X (sky130_fd_sc_hd__or4b_4)
                                                         _3162_ (net)
                      0.123422    0.001114   15.029634 v _4709_/A (sky130_fd_sc_hd__nor4b_2)
     2    0.026959    0.669264    0.691070   15.720703 ^ _4709_/Y (sky130_fd_sc_hd__nor4b_2)
                                                         _0677_ (net)
                      0.669264    0.000488   15.721192 ^ _4968_/A (sky130_fd_sc_hd__and4_2)
     1    0.003068    0.059927    0.363736   16.084929 ^ _4968_/X (sky130_fd_sc_hd__and4_2)
                                                         _0930_ (net)
                      0.059927    0.000034   16.084961 ^ _4969_/A (sky130_fd_sc_hd__clkbuf_1)
     2    0.009562    0.119672    0.145985   16.230946 ^ _4969_/X (sky130_fd_sc_hd__clkbuf_1)
                                                         _0931_ (net)
                      0.119672    0.000155   16.231100 ^ wire204/A (sky130_fd_sc_hd__clkbuf_4)
     7    0.041858    0.133744    0.239767   16.470867 ^ wire204/X (sky130_fd_sc_hd__clkbuf_4)
                                                         net204 (net)
                      0.133750    0.001135   16.472002 ^ _5359_/A (sky130_fd_sc_hd__and4_2)
     2    0.014638    0.105388    0.289566   16.761568 ^ _5359_/X (sky130_fd_sc_hd__and4_2)
                                                         _1345_ (net)
                      0.105388    0.000250   16.761820 ^ _5364_/C1 (sky130_fd_sc_hd__a211o_2)
     1    0.005537    0.044411    0.122425   16.884243 ^ _5364_/X (sky130_fd_sc_hd__a211o_2)
                                                         _1349_ (net)
                      0.044411    0.000062   16.884306 ^ _5365_/B1 (sky130_fd_sc_hd__o21ai_2)
     1    0.008941    0.080592    0.063586   16.947893 v _5365_/Y (sky130_fd_sc_hd__o21ai_2)
                                                         _1350_ (net)
                      0.080592    0.000094   16.947987 v _5370_/A (sky130_fd_sc_hd__xnor2_2)
     1    0.002840    0.047886    0.146056   17.094042 v _5370_/Y (sky130_fd_sc_hd__xnor2_2)
                                                         _1356_ (net)
                      0.047886    0.000028   17.094070 v _5400_/A2 (sky130_fd_sc_hd__a21o_2)
     2    0.012009    0.056059    0.247727   17.341797 v _5400_/X (sky130_fd_sc_hd__a21o_2)
                                                         net178 (net)
                      0.056060    0.000400   17.342197 v output178/A (sky130_fd_sc_hd__clkdlybuf4s25_1)
     1    0.036706    0.272661    0.453873   17.796070 v output178/X (sky130_fd_sc_hd__clkdlybuf4s25_1)
                                                         result[47] (net)
                      0.272661    0.000355   17.796427 v result[47] (out)
                                             17.796427   data arrival time

                      0.000000   40.000000   40.000000   clock __VIRTUAL_CLK__ (rise edge)
                                  0.000000   40.000000   clock network delay (ideal)
                                 -0.250000   39.750000   clock uncertainty
                                  0.000000   39.750000   clock reconvergence pessimism
                                 -8.000000   31.750000   output external delay
                                             31.750000   data required time
---------------------------------------------------------------------------------------------
                                             31.750000   data required time
                                            -17.796427   data arrival time
---------------------------------------------------------------------------------------------
                                             13.953573   slack (MET)


Startpoint: operand_b[1] (input port clocked by __VIRTUAL_CLK__)
Endpoint: result[34] (output port clocked by __VIRTUAL_CLK__)
Path Group: __VIRTUAL_CLK__
Path Type: max

Fanout         Cap        Slew       Delay        Time   Description
---------------------------------------------------------------------------------------------
                      0.000000    0.000000    0.000000   clock __VIRTUAL_CLK__ (rise edge)
                                  0.000000    0.000000   clock network delay (ideal)
                                  8.000000    8.000000 ^ input external delay
     1    0.007862    0.041921    0.028532    8.028532 ^ operand_b[1] (in)
                                                         operand_b[1] (net)
                      0.041923    0.000000    8.028532 ^ input81/A (sky130_fd_sc_hd__clkdlybuf4s25_1)
     1    0.005436    0.068098    0.273489    8.302021 ^ input81/X (sky130_fd_sc_hd__clkdlybuf4s25_1)
                                                         net81 (net)
                      0.068098    0.000110    8.302131 ^ fanout406/A (sky130_fd_sc_hd__clkdlybuf4s25_1)
     7    0.084421    0.837195    0.851103    9.153234 ^ fanout406/X (sky130_fd_sc_hd__clkdlybuf4s25_1)
                                                         net406 (net)
                      0.837195    0.000408    9.153642 ^ fanout404/A (sky130_fd_sc_hd__clkdlybuf4s25_1)
     8    0.054668    0.545119    0.765837    9.919478 ^ fanout404/X (sky130_fd_sc_hd__clkdlybuf4s25_1)
                                                         net404 (net)
                      0.545119    0.000226    9.919705 ^ fanout402/A (sky130_fd_sc_hd__clkdlybuf4s25_1)
     3    0.024911    0.254796    0.522081   10.441787 ^ fanout402/X (sky130_fd_sc_hd__clkdlybuf4s25_1)
                                                         net402 (net)
                      0.254796    0.000698   10.442485 ^ load_slew403/A (sky130_fd_sc_hd__buf_4)
     8    0.054245    0.154310    0.271195   10.713679 ^ load_slew403/X (sky130_fd_sc_hd__buf_4)
                                                         net403 (net)
                      0.154313    0.000914   10.714593 ^ fanout400/A (sky130_fd_sc_hd__clkdlybuf4s25_1)
     5    0.042864    0.430562    0.579774   11.294367 ^ fanout400/X (sky130_fd_sc_hd__clkdlybuf4s25_1)
                                                         net400 (net)
                      0.430564    0.001856   11.296223 ^ load_slew401/A (sky130_fd_sc_hd__clkbuf_2)
     6    0.048837    0.265893    0.369553   11.665776 ^ load_slew401/X (sky130_fd_sc_hd__clkbuf_2)
                                                         net401 (net)
                      0.265895    0.001330   11.667106 ^ _3412_/B_N (sky130_fd_sc_hd__nor2b_2)
     4    0.020264    0.235271    0.332417   11.999522 ^ _3412_/Y (sky130_fd_sc_hd__nor2b_2)
                                                         _2625_ (net)
                      0.235342    0.000376   11.999898 ^ _3555_/C1 (sky130_fd_sc_hd__a221oi_2)
     5    0.019087    0.112048    0.113663   12.113562 v _3555_/Y (sky130_fd_sc_hd__a221oi_2)
                                                         _2765_ (net)
                      0.112066    0.000664   12.114225 v _3683_/A3 (sky130_fd_sc_hd__o31a_2)
     3    0.014572    0.078841    0.362697   12.476923 v _3683_/X (sky130_fd_sc_hd__o31a_2)
                                                         _2891_ (net)
                      0.078841    0.000461   12.477384 v _4087_/A2 (sky130_fd_sc_hd__o41a_2)
     4    0.042549    0.156858    0.635275   13.112659 v _4087_/X (sky130_fd_sc_hd__o41a_2)
                                                         _0069_ (net)
                      0.156861    0.001016   13.113675 v _4441_/A3 (sky130_fd_sc_hd__o31ai_4)
     1    0.010036    0.217225    0.254597   13.368272 ^ _4441_/Y (sky130_fd_sc_hd__o31ai_4)
                                                         _0415_ (net)
                      0.217225    0.000390   13.368662 ^ wire248/A (sky130_fd_sc_hd__buf_2)
     5    0.044078    0.216756    0.297373   13.666035 ^ wire248/X (sky130_fd_sc_hd__buf_2)
                                                         net248 (net)
                      0.216879    0.002957   13.668992 ^ _4442_/A (sky130_fd_sc_hd__clkbuf_1)
     5    0.026112    0.307995    0.315308   13.984300 ^ _4442_/X (sky130_fd_sc_hd__clkbuf_1)
                                                         _0416_ (net)
                      0.307995    0.000316   13.984615 ^ max_cap234/A (sky130_fd_sc_hd__buf_2)
     6    0.035950    0.178677    0.293347   14.277963 ^ max_cap234/X (sky130_fd_sc_hd__buf_2)
                                                         net234 (net)
                      0.178679    0.000990   14.278953 ^ _4443_/B (sky130_fd_sc_hd__nand2_2)
     9    0.043770    0.181295    0.207439   14.486392 v _4443_/Y (sky130_fd_sc_hd__nand2_2)
                                                         _0417_ (net)
                      0.181296    0.000330   14.486722 v _4541_/S (sky130_fd_sc_hd__mux2_2)
     1    0.005720    0.056607    0.346758   14.833480 v _4541_/X (sky130_fd_sc_hd__mux2_2)
                                                         _0513_ (net)
                      0.056607    0.000079   14.833559 v _4542_/B1 (sky130_fd_sc_hd__o31ai_2)
     3    0.007302    0.236544    0.078400   14.911959 ^ _4542_/Y (sky130_fd_sc_hd__o31ai_2)
                                                         _0514_ (net)
                      0.236544    0.000082   14.912040 ^ _4586_/D_N (sky130_fd_sc_hd__or4b_2)
     4    0.024335    0.174443    0.761583   15.673623 v _4586_/X (sky130_fd_sc_hd__or4b_2)
                                                         _0557_ (net)
                      0.174443    0.000824   15.674447 v _4668_/C (sky130_fd_sc_hd__nor4_2)
     3    0.011150    0.348489    0.391371   16.065817 ^ _4668_/Y (sky130_fd_sc_hd__nor4_2)
                                                         _0637_ (net)
                      0.348489    0.000217   16.066034 ^ _4857_/D_N (sky130_fd_sc_hd__or4bb_2)
     2    0.015589    0.140115    0.662922   16.728956 v _4857_/X (sky130_fd_sc_hd__or4bb_2)
                                                         _0822_ (net)
                      0.140115    0.000298   16.729256 v _4874_/A (sky130_fd_sc_hd__xnor2_2)
     1    0.003018    0.077876    0.174046   16.903301 v _4874_/Y (sky130_fd_sc_hd__xnor2_2)
                                                         _0838_ (net)
                      0.077876    0.000032   16.903332 v _4893_/B1 (sky130_fd_sc_hd__a221o_2)
     2    0.013707    0.082371    0.403100   17.306433 v _4893_/X (sky130_fd_sc_hd__a221o_2)
                                                         net164 (net)
                      0.082371    0.000266   17.306698 v output164/A (sky130_fd_sc_hd__clkdlybuf4s25_1)
     1    0.036627    0.271813    0.465102   17.771801 v output164/X (sky130_fd_sc_hd__clkdlybuf4s25_1)
                                                         result[34] (net)
                      0.271813    0.000831   17.772633 v result[34] (out)
                                             17.772633   data arrival time

                      0.000000   40.000000   40.000000   clock __VIRTUAL_CLK__ (rise edge)
                                  0.000000   40.000000   clock network delay (ideal)
                                 -0.250000   39.750000   clock uncertainty
                                  0.000000   39.750000   clock reconvergence pessimism
                                 -8.000000   31.750000   output external delay
                                             31.750000   data required time
---------------------------------------------------------------------------------------------
                                             31.750000   data required time
                                            -17.772633   data arrival time
---------------------------------------------------------------------------------------------
                                             13.977367   slack (MET)


Startpoint: operand_b[1] (input port clocked by __VIRTUAL_CLK__)
Endpoint: result[46] (output port clocked by __VIRTUAL_CLK__)
Path Group: __VIRTUAL_CLK__
Path Type: max

Fanout         Cap        Slew       Delay        Time   Description
---------------------------------------------------------------------------------------------
                      0.000000    0.000000    0.000000   clock __VIRTUAL_CLK__ (rise edge)
                                  0.000000    0.000000   clock network delay (ideal)
                                  8.000000    8.000000 ^ input external delay
     1    0.007862    0.041921    0.028532    8.028532 ^ operand_b[1] (in)
                                                         operand_b[1] (net)
                      0.041923    0.000000    8.028532 ^ input81/A (sky130_fd_sc_hd__clkdlybuf4s25_1)
     1    0.005436    0.068098    0.273489    8.302021 ^ input81/X (sky130_fd_sc_hd__clkdlybuf4s25_1)
                                                         net81 (net)
                      0.068098    0.000110    8.302131 ^ fanout406/A (sky130_fd_sc_hd__clkdlybuf4s25_1)
     7    0.084421    0.837195    0.851103    9.153234 ^ fanout406/X (sky130_fd_sc_hd__clkdlybuf4s25_1)
                                                         net406 (net)
                      0.837195    0.000408    9.153642 ^ fanout404/A (sky130_fd_sc_hd__clkdlybuf4s25_1)
     8    0.054668    0.545119    0.765837    9.919478 ^ fanout404/X (sky130_fd_sc_hd__clkdlybuf4s25_1)
                                                         net404 (net)
                      0.545119    0.000226    9.919705 ^ fanout402/A (sky130_fd_sc_hd__clkdlybuf4s25_1)
     3    0.024911    0.254796    0.522081   10.441787 ^ fanout402/X (sky130_fd_sc_hd__clkdlybuf4s25_1)
                                                         net402 (net)
                      0.254796    0.000698   10.442485 ^ load_slew403/A (sky130_fd_sc_hd__buf_4)
     8    0.054245    0.154310    0.271195   10.713679 ^ load_slew403/X (sky130_fd_sc_hd__buf_4)
                                                         net403 (net)
                      0.154313    0.000914   10.714593 ^ fanout400/A (sky130_fd_sc_hd__clkdlybuf4s25_1)
     5    0.042864    0.430562    0.579774   11.294367 ^ fanout400/X (sky130_fd_sc_hd__clkdlybuf4s25_1)
                                                         net400 (net)
                      0.430564    0.001856   11.296223 ^ load_slew401/A (sky130_fd_sc_hd__clkbuf_2)
     6    0.048837    0.265893    0.369553   11.665776 ^ load_slew401/X (sky130_fd_sc_hd__clkbuf_2)
                                                         net401 (net)
                      0.265895    0.001330   11.667106 ^ _3412_/B_N (sky130_fd_sc_hd__nor2b_2)
     4    0.020264    0.235271    0.332417   11.999522 ^ _3412_/Y (sky130_fd_sc_hd__nor2b_2)
                                                         _2625_ (net)
                      0.235342    0.000376   11.999898 ^ _3555_/C1 (sky130_fd_sc_hd__a221oi_2)
     5    0.019087    0.112048    0.113663   12.113562 v _3555_/Y (sky130_fd_sc_hd__a221oi_2)
                                                         _2765_ (net)
                      0.112066    0.000664   12.114225 v _3683_/A3 (sky130_fd_sc_hd__o31a_2)
     3    0.014572    0.078841    0.362697   12.476923 v _3683_/X (sky130_fd_sc_hd__o31a_2)
                                                         _2891_ (net)
                      0.078841    0.000281   12.477203 v _3686_/B (sky130_fd_sc_hd__or4_4)
     1    0.005088    0.085280    0.545249   13.022452 v _3686_/X (sky130_fd_sc_hd__or4_4)
                                                         _2894_ (net)
                      0.085280    0.000054   13.022507 v _3687_/A (sky130_fd_sc_hd__buf_6)
     8    0.035303    0.044413    0.163532   13.186039 v _3687_/X (sky130_fd_sc_hd__buf_6)
                                                         _2895_ (net)
                      0.044426    0.000766   13.186805 v _3771_/B2 (sky130_fd_sc_hd__a221o_2)
     2    0.008430    0.068300    0.393701   13.580506 v _3771_/X (sky130_fd_sc_hd__a221o_2)
                                                         _2977_ (net)
                      0.068300    0.000083   13.580589 v _3775_/A1 (sky130_fd_sc_hd__a21o_2)
     3    0.013116    0.058074    0.235461   13.816051 v _3775_/X (sky130_fd_sc_hd__a21o_2)
                                                         _2981_ (net)
                      0.058074    0.000102   13.816154 v _3857_/A2 (sky130_fd_sc_hd__a2111o_2)
     3    0.021132    0.110988    0.560905   14.377058 v _3857_/X (sky130_fd_sc_hd__a2111o_2)
                                                         _3061_ (net)
                      0.110994    0.001030   14.378088 v _3960_/A (sky130_fd_sc_hd__or4b_4)
     3    0.027697    0.123351    0.650431   15.028520 v _3960_/X (sky130_fd_sc_hd__or4b_4)
                                                         _3162_ (net)
                      0.123422    0.001114   15.029634 v _4709_/A (sky130_fd_sc_hd__nor4b_2)
     2    0.026959    0.669264    0.691070   15.720703 ^ _4709_/Y (sky130_fd_sc_hd__nor4b_2)
                                                         _0677_ (net)
                      0.669264    0.000488   15.721192 ^ _4968_/A (sky130_fd_sc_hd__and4_2)
     1    0.003068    0.059927    0.363736   16.084929 ^ _4968_/X (sky130_fd_sc_hd__and4_2)
                                                         _0930_ (net)
                      0.059927    0.000034   16.084961 ^ _4969_/A (sky130_fd_sc_hd__clkbuf_1)
     2    0.009562    0.119672    0.145985   16.230946 ^ _4969_/X (sky130_fd_sc_hd__clkbuf_1)
                                                         _0931_ (net)
                      0.119672    0.000155   16.231100 ^ wire204/A (sky130_fd_sc_hd__clkbuf_4)
     7    0.041858    0.133744    0.239767   16.470867 ^ wire204/X (sky130_fd_sc_hd__clkbuf_4)
                                                         net204 (net)
                      0.133750    0.001135   16.472002 ^ _5359_/A (sky130_fd_sc_hd__and4_2)
     2    0.014638    0.105388    0.289566   16.761568 ^ _5359_/X (sky130_fd_sc_hd__and4_2)
                                                         _1345_ (net)
                      0.105388    0.000277   16.761847 ^ _5360_/B (sky130_fd_sc_hd__xnor2_2)
     1    0.005205    0.125594    0.125457   16.887302 ^ _5360_/Y (sky130_fd_sc_hd__xnor2_2)
                                                         _1346_ (net)
                      0.125594    0.000050   16.887352 ^ _5361_/B (sky130_fd_sc_hd__nor2_2)
     1    0.002405    0.082715    0.041657   16.929010 v _5361_/Y (sky130_fd_sc_hd__nor2_2)
                                                         _1347_ (net)
                      0.082715    0.000012   16.929022 v _5362_/C1 (sky130_fd_sc_hd__a211o_2)
     2    0.017194    0.083352    0.342403   17.271425 v _5362_/X (sky130_fd_sc_hd__a211o_2)
                                                         net177 (net)
                      0.083355    0.000631   17.272057 v output177/A (sky130_fd_sc_hd__clkdlybuf4s25_1)
     1    0.035759    0.265467    0.461194   17.733250 v output177/X (sky130_fd_sc_hd__clkdlybuf4s25_1)
                                                         result[46] (net)
                      0.265467    0.000263   17.733513 v result[46] (out)
                                             17.733513   data arrival time

                      0.000000   40.000000   40.000000   clock __VIRTUAL_CLK__ (rise edge)
                                  0.000000   40.000000   clock network delay (ideal)
                                 -0.250000   39.750000   clock uncertainty
                                  0.000000   39.750000   clock reconvergence pessimism
                                 -8.000000   31.750000   output external delay
                                             31.750000   data required time
---------------------------------------------------------------------------------------------
                                             31.750000   data required time
                                            -17.733513   data arrival time
---------------------------------------------------------------------------------------------
                                             14.016486   slack (MET)


Startpoint: operand_b[1] (input port clocked by __VIRTUAL_CLK__)
Endpoint: result[40] (output port clocked by __VIRTUAL_CLK__)
Path Group: __VIRTUAL_CLK__
Path Type: max

Fanout         Cap        Slew       Delay        Time   Description
---------------------------------------------------------------------------------------------
                      0.000000    0.000000    0.000000   clock __VIRTUAL_CLK__ (rise edge)
                                  0.000000    0.000000   clock network delay (ideal)
                                  8.000000    8.000000 ^ input external delay
     1    0.007862    0.041921    0.028532    8.028532 ^ operand_b[1] (in)
                                                         operand_b[1] (net)
                      0.041923    0.000000    8.028532 ^ input81/A (sky130_fd_sc_hd__clkdlybuf4s25_1)
     1    0.005436    0.068098    0.273489    8.302021 ^ input81/X (sky130_fd_sc_hd__clkdlybuf4s25_1)
                                                         net81 (net)
                      0.068098    0.000110    8.302131 ^ fanout406/A (sky130_fd_sc_hd__clkdlybuf4s25_1)
     7    0.084421    0.837195    0.851103    9.153234 ^ fanout406/X (sky130_fd_sc_hd__clkdlybuf4s25_1)
                                                         net406 (net)
                      0.837195    0.000408    9.153642 ^ fanout404/A (sky130_fd_sc_hd__clkdlybuf4s25_1)
     8    0.054668    0.545119    0.765837    9.919478 ^ fanout404/X (sky130_fd_sc_hd__clkdlybuf4s25_1)
                                                         net404 (net)
                      0.545119    0.000226    9.919705 ^ fanout402/A (sky130_fd_sc_hd__clkdlybuf4s25_1)
     3    0.024911    0.254796    0.522081   10.441787 ^ fanout402/X (sky130_fd_sc_hd__clkdlybuf4s25_1)
                                                         net402 (net)
                      0.254796    0.000698   10.442485 ^ load_slew403/A (sky130_fd_sc_hd__buf_4)
     8    0.054245    0.154310    0.271195   10.713679 ^ load_slew403/X (sky130_fd_sc_hd__buf_4)
                                                         net403 (net)
                      0.154313    0.000914   10.714593 ^ fanout400/A (sky130_fd_sc_hd__clkdlybuf4s25_1)
     5    0.042864    0.430562    0.579774   11.294367 ^ fanout400/X (sky130_fd_sc_hd__clkdlybuf4s25_1)
                                                         net400 (net)
                      0.430564    0.001856   11.296223 ^ load_slew401/A (sky130_fd_sc_hd__clkbuf_2)
     6    0.048837    0.265893    0.369553   11.665776 ^ load_slew401/X (sky130_fd_sc_hd__clkbuf_2)
                                                         net401 (net)
                      0.265895    0.001330   11.667106 ^ _3412_/B_N (sky130_fd_sc_hd__nor2b_2)
     4    0.020264    0.235271    0.332417   11.999522 ^ _3412_/Y (sky130_fd_sc_hd__nor2b_2)
                                                         _2625_ (net)
                      0.235342    0.000376   11.999898 ^ _3555_/C1 (sky130_fd_sc_hd__a221oi_2)
     5    0.019087    0.112048    0.113663   12.113562 v _3555_/Y (sky130_fd_sc_hd__a221oi_2)
                                                         _2765_ (net)
                      0.112066    0.000664   12.114225 v _3683_/A3 (sky130_fd_sc_hd__o31a_2)
     3    0.014572    0.078841    0.362697   12.476923 v _3683_/X (sky130_fd_sc_hd__o31a_2)
                                                         _2891_ (net)
                      0.078841    0.000281   12.477203 v _3686_/B (sky130_fd_sc_hd__or4_4)
     1    0.005088    0.085280    0.545249   13.022452 v _3686_/X (sky130_fd_sc_hd__or4_4)
                                                         _2894_ (net)
                      0.085280    0.000054   13.022507 v _3687_/A (sky130_fd_sc_hd__buf_6)
     8    0.035303    0.044413    0.163532   13.186039 v _3687_/X (sky130_fd_sc_hd__buf_6)
                                                         _2895_ (net)
                      0.044426    0.000766   13.186805 v _3771_/B2 (sky130_fd_sc_hd__a221o_2)
     2    0.008430    0.068300    0.393701   13.580506 v _3771_/X (sky130_fd_sc_hd__a221o_2)
                                                         _2977_ (net)
                      0.068300    0.000083   13.580589 v _3775_/A1 (sky130_fd_sc_hd__a21o_2)
     3    0.013116    0.058074    0.235461   13.816051 v _3775_/X (sky130_fd_sc_hd__a21o_2)
                                                         _2981_ (net)
                      0.058074    0.000102   13.816154 v _3857_/A2 (sky130_fd_sc_hd__a2111o_2)
     3    0.021132    0.110988    0.560905   14.377058 v _3857_/X (sky130_fd_sc_hd__a2111o_2)
                                                         _3061_ (net)
                      0.110994    0.001030   14.378088 v _3960_/A (sky130_fd_sc_hd__or4b_4)
     3    0.027697    0.123351    0.650431   15.028520 v _3960_/X (sky130_fd_sc_hd__or4b_4)
                                                         _3162_ (net)
                      0.123422    0.001114   15.029634 v _4709_/A (sky130_fd_sc_hd__nor4b_2)
     2    0.026959    0.669264    0.691070   15.720703 ^ _4709_/Y (sky130_fd_sc_hd__nor4b_2)
                                                         _0677_ (net)
                      0.669264    0.000488   15.721192 ^ _4968_/A (sky130_fd_sc_hd__and4_2)
     1    0.003068    0.059927    0.363736   16.084929 ^ _4968_/X (sky130_fd_sc_hd__and4_2)
                                                         _0930_ (net)
                      0.059927    0.000034   16.084961 ^ _4969_/A (sky130_fd_sc_hd__clkbuf_1)
     2    0.009562    0.119672    0.145985   16.230946 ^ _4969_/X (sky130_fd_sc_hd__clkbuf_1)
                                                         _0931_ (net)
                      0.119672    0.000155   16.231100 ^ wire204/A (sky130_fd_sc_hd__clkbuf_4)
     7    0.041858    0.133744    0.239767   16.470867 ^ wire204/X (sky130_fd_sc_hd__clkbuf_4)
                                                         net204 (net)
                      0.133747    0.000920   16.471788 ^ _5121_/A (sky130_fd_sc_hd__nand2_2)
     6    0.033198    0.141154    0.159948   16.631737 v _5121_/Y (sky130_fd_sc_hd__nand2_2)
                                                         _1089_ (net)
                      0.141154    0.000240   16.631977 v _5122_/A (sky130_fd_sc_hd__xnor2_2)
     1    0.002445    0.049153    0.171896   16.803873 v _5122_/Y (sky130_fd_sc_hd__xnor2_2)
                                                         _1090_ (net)
                      0.049153    0.000021   16.803894 v _5152_/B1 (sky130_fd_sc_hd__a221o_2)
     2    0.021574    0.100721    0.416605   17.220499 v _5152_/X (sky130_fd_sc_hd__a221o_2)
                                                         net171 (net)
                      0.100724    0.000748   17.221247 v output171/A (sky130_fd_sc_hd__clkdlybuf4s25_1)
     1    0.037085    0.274783    0.475962   17.697210 v output171/X (sky130_fd_sc_hd__clkdlybuf4s25_1)
                                                         result[40] (net)
                      0.274784    0.000931   17.698141 v result[40] (out)
                                             17.698141   data arrival time

                      0.000000   40.000000   40.000000   clock __VIRTUAL_CLK__ (rise edge)
                                  0.000000   40.000000   clock network delay (ideal)
                                 -0.250000   39.750000   clock uncertainty
                                  0.000000   39.750000   clock reconvergence pessimism
                                 -8.000000   31.750000   output external delay
                                             31.750000   data required time
---------------------------------------------------------------------------------------------
                                             31.750000   data required time
                                            -17.698141   data arrival time
---------------------------------------------------------------------------------------------
                                             14.051859   slack (MET)


Startpoint: operand_b[1] (input port clocked by __VIRTUAL_CLK__)
Endpoint: result[39] (output port clocked by __VIRTUAL_CLK__)
Path Group: __VIRTUAL_CLK__
Path Type: max

Fanout         Cap        Slew       Delay        Time   Description
---------------------------------------------------------------------------------------------
                      0.000000    0.000000    0.000000   clock __VIRTUAL_CLK__ (rise edge)
                                  0.000000    0.000000   clock network delay (ideal)
                                  8.000000    8.000000 ^ input external delay
     1    0.007862    0.041921    0.028532    8.028532 ^ operand_b[1] (in)
                                                         operand_b[1] (net)
                      0.041923    0.000000    8.028532 ^ input81/A (sky130_fd_sc_hd__clkdlybuf4s25_1)
     1    0.005436    0.068098    0.273489    8.302021 ^ input81/X (sky130_fd_sc_hd__clkdlybuf4s25_1)
                                                         net81 (net)
                      0.068098    0.000110    8.302131 ^ fanout406/A (sky130_fd_sc_hd__clkdlybuf4s25_1)
     7    0.084421    0.837195    0.851103    9.153234 ^ fanout406/X (sky130_fd_sc_hd__clkdlybuf4s25_1)
                                                         net406 (net)
                      0.837195    0.000408    9.153642 ^ fanout404/A (sky130_fd_sc_hd__clkdlybuf4s25_1)
     8    0.054668    0.545119    0.765837    9.919478 ^ fanout404/X (sky130_fd_sc_hd__clkdlybuf4s25_1)
                                                         net404 (net)
                      0.545119    0.000226    9.919705 ^ fanout402/A (sky130_fd_sc_hd__clkdlybuf4s25_1)
     3    0.024911    0.254796    0.522081   10.441787 ^ fanout402/X (sky130_fd_sc_hd__clkdlybuf4s25_1)
                                                         net402 (net)
                      0.254796    0.000698   10.442485 ^ load_slew403/A (sky130_fd_sc_hd__buf_4)
     8    0.054245    0.154310    0.271195   10.713679 ^ load_slew403/X (sky130_fd_sc_hd__buf_4)
                                                         net403 (net)
                      0.154313    0.000914   10.714593 ^ fanout400/A (sky130_fd_sc_hd__clkdlybuf4s25_1)
     5    0.042864    0.430562    0.579774   11.294367 ^ fanout400/X (sky130_fd_sc_hd__clkdlybuf4s25_1)
                                                         net400 (net)
                      0.430564    0.001856   11.296223 ^ load_slew401/A (sky130_fd_sc_hd__clkbuf_2)
     6    0.048837    0.265893    0.369553   11.665776 ^ load_slew401/X (sky130_fd_sc_hd__clkbuf_2)
                                                         net401 (net)
                      0.265895    0.001330   11.667106 ^ _3412_/B_N (sky130_fd_sc_hd__nor2b_2)
     4    0.020264    0.235271    0.332417   11.999522 ^ _3412_/Y (sky130_fd_sc_hd__nor2b_2)
                                                         _2625_ (net)
                      0.235342    0.000376   11.999898 ^ _3555_/C1 (sky130_fd_sc_hd__a221oi_2)
     5    0.019087    0.112048    0.113663   12.113562 v _3555_/Y (sky130_fd_sc_hd__a221oi_2)
                                                         _2765_ (net)
                      0.112066    0.000664   12.114225 v _3683_/A3 (sky130_fd_sc_hd__o31a_2)
     3    0.014572    0.078841    0.362697   12.476923 v _3683_/X (sky130_fd_sc_hd__o31a_2)
                                                         _2891_ (net)
                      0.078841    0.000461   12.477384 v _4087_/A2 (sky130_fd_sc_hd__o41a_2)
     4    0.042549    0.156858    0.635275   13.112659 v _4087_/X (sky130_fd_sc_hd__o41a_2)
                                                         _0069_ (net)
                      0.156861    0.001016   13.113675 v _4441_/A3 (sky130_fd_sc_hd__o31ai_4)
     1    0.010036    0.217225    0.254597   13.368272 ^ _4441_/Y (sky130_fd_sc_hd__o31ai_4)
                                                         _0415_ (net)
                      0.217225    0.000390   13.368662 ^ wire248/A (sky130_fd_sc_hd__buf_2)
     5    0.044078    0.216756    0.297373   13.666035 ^ wire248/X (sky130_fd_sc_hd__buf_2)
                                                         net248 (net)
                      0.216879    0.002957   13.668992 ^ _4442_/A (sky130_fd_sc_hd__clkbuf_1)
     5    0.026112    0.307995    0.315308   13.984300 ^ _4442_/X (sky130_fd_sc_hd__clkbuf_1)
                                                         _0416_ (net)
                      0.307995    0.000316   13.984615 ^ max_cap234/A (sky130_fd_sc_hd__buf_2)
     6    0.035950    0.178677    0.293347   14.277963 ^ max_cap234/X (sky130_fd_sc_hd__buf_2)
                                                         net234 (net)
                      0.178679    0.000990   14.278953 ^ _4443_/B (sky130_fd_sc_hd__nand2_2)
     9    0.043770    0.181295    0.207439   14.486392 v _4443_/Y (sky130_fd_sc_hd__nand2_2)
                                                         _0417_ (net)
                      0.181295    0.000040   14.486432 v _4585_/A1 (sky130_fd_sc_hd__a2111o_2)
     4    0.025530    0.122407    0.571420   15.057853 v _4585_/X (sky130_fd_sc_hd__a2111o_2)
                                                         _0556_ (net)
                      0.122415    0.001153   15.059005 v _4667_/B1_N (sky130_fd_sc_hd__o21bai_2)
     4    0.018393    0.101992    0.280016   15.339021 v _4667_/Y (sky130_fd_sc_hd__o21bai_2)
                                                         _0636_ (net)
                      0.101992    0.000272   15.339293 v _4742_/A (sky130_fd_sc_hd__nor3_2)
     3    0.018771    0.345979    0.376156   15.715449 ^ _4742_/Y (sky130_fd_sc_hd__nor3_2)
                                                         _0709_ (net)
                      0.345979    0.000272   15.715721 ^ _4743_/D_N (sky130_fd_sc_hd__or4b_4)
     6    0.039350    0.141957    0.630283   16.346004 v _4743_/X (sky130_fd_sc_hd__or4b_4)
                                                         _0710_ (net)
                      0.141965    0.001291   16.347296 v _5076_/A (sky130_fd_sc_hd__or3_2)
     1    0.004063    0.081619    0.530974   16.878269 v _5076_/X (sky130_fd_sc_hd__or3_2)
                                                         _1041_ (net)
                      0.081619    0.000060   16.878330 v _5106_/A3 (sky130_fd_sc_hd__a31o_2)
     2    0.028699    0.096760    0.340410   17.218740 v _5106_/X (sky130_fd_sc_hd__a31o_2)
                                                         net169 (net)
                      0.096763    0.000684   17.219425 v output169/A (sky130_fd_sc_hd__clkdlybuf4s25_1)
     1    0.036129    0.268030    0.468997   17.688421 v output169/X (sky130_fd_sc_hd__clkdlybuf4s25_1)
                                                         result[39] (net)
                      0.268030    0.000751   17.689173 v result[39] (out)
                                             17.689173   data arrival time

                      0.000000   40.000000   40.000000   clock __VIRTUAL_CLK__ (rise edge)
                                  0.000000   40.000000   clock network delay (ideal)
                                 -0.250000   39.750000   clock uncertainty
                                  0.000000   39.750000   clock reconvergence pessimism
                                 -8.000000   31.750000   output external delay
                                             31.750000   data required time
---------------------------------------------------------------------------------------------
                                             31.750000   data required time
                                            -17.689173   data arrival time
---------------------------------------------------------------------------------------------
                                             14.060825   slack (MET)


Startpoint: operand_b[1] (input port clocked by __VIRTUAL_CLK__)
Endpoint: result[33] (output port clocked by __VIRTUAL_CLK__)
Path Group: __VIRTUAL_CLK__
Path Type: max

Fanout         Cap        Slew       Delay        Time   Description
---------------------------------------------------------------------------------------------
                      0.000000    0.000000    0.000000   clock __VIRTUAL_CLK__ (rise edge)
                                  0.000000    0.000000   clock network delay (ideal)
                                  8.000000    8.000000 ^ input external delay
     1    0.007862    0.041921    0.028532    8.028532 ^ operand_b[1] (in)
                                                         operand_b[1] (net)
                      0.041923    0.000000    8.028532 ^ input81/A (sky130_fd_sc_hd__clkdlybuf4s25_1)
     1    0.005436    0.068098    0.273489    8.302021 ^ input81/X (sky130_fd_sc_hd__clkdlybuf4s25_1)
                                                         net81 (net)
                      0.068098    0.000110    8.302131 ^ fanout406/A (sky130_fd_sc_hd__clkdlybuf4s25_1)
     7    0.084421    0.837195    0.851103    9.153234 ^ fanout406/X (sky130_fd_sc_hd__clkdlybuf4s25_1)
                                                         net406 (net)
                      0.837195    0.000408    9.153642 ^ fanout404/A (sky130_fd_sc_hd__clkdlybuf4s25_1)
     8    0.054668    0.545119    0.765837    9.919478 ^ fanout404/X (sky130_fd_sc_hd__clkdlybuf4s25_1)
                                                         net404 (net)
                      0.545119    0.000226    9.919705 ^ fanout402/A (sky130_fd_sc_hd__clkdlybuf4s25_1)
     3    0.024911    0.254796    0.522081   10.441787 ^ fanout402/X (sky130_fd_sc_hd__clkdlybuf4s25_1)
                                                         net402 (net)
                      0.254796    0.000698   10.442485 ^ load_slew403/A (sky130_fd_sc_hd__buf_4)
     8    0.054245    0.154310    0.271195   10.713679 ^ load_slew403/X (sky130_fd_sc_hd__buf_4)
                                                         net403 (net)
                      0.154313    0.000914   10.714593 ^ fanout400/A (sky130_fd_sc_hd__clkdlybuf4s25_1)
     5    0.042864    0.430562    0.579774   11.294367 ^ fanout400/X (sky130_fd_sc_hd__clkdlybuf4s25_1)
                                                         net400 (net)
                      0.430564    0.001856   11.296223 ^ load_slew401/A (sky130_fd_sc_hd__clkbuf_2)
     6    0.048837    0.265893    0.369553   11.665776 ^ load_slew401/X (sky130_fd_sc_hd__clkbuf_2)
                                                         net401 (net)
                      0.265895    0.001330   11.667106 ^ _3412_/B_N (sky130_fd_sc_hd__nor2b_2)
     4    0.020264    0.235271    0.332417   11.999522 ^ _3412_/Y (sky130_fd_sc_hd__nor2b_2)
                                                         _2625_ (net)
                      0.235342    0.000376   11.999898 ^ _3555_/C1 (sky130_fd_sc_hd__a221oi_2)
     5    0.019087    0.112048    0.113663   12.113562 v _3555_/Y (sky130_fd_sc_hd__a221oi_2)
                                                         _2765_ (net)
                      0.112066    0.000664   12.114225 v _3683_/A3 (sky130_fd_sc_hd__o31a_2)
     3    0.014572    0.078841    0.362697   12.476923 v _3683_/X (sky130_fd_sc_hd__o31a_2)
                                                         _2891_ (net)
                      0.078841    0.000461   12.477384 v _4087_/A2 (sky130_fd_sc_hd__o41a_2)
     4    0.042549    0.156858    0.635275   13.112659 v _4087_/X (sky130_fd_sc_hd__o41a_2)
                                                         _0069_ (net)
                      0.156861    0.001016   13.113675 v _4441_/A3 (sky130_fd_sc_hd__o31ai_4)
     1    0.010036    0.217225    0.254597   13.368272 ^ _4441_/Y (sky130_fd_sc_hd__o31ai_4)
                                                         _0415_ (net)
                      0.217225    0.000390   13.368662 ^ wire248/A (sky130_fd_sc_hd__buf_2)
     5    0.044078    0.216756    0.297373   13.666035 ^ wire248/X (sky130_fd_sc_hd__buf_2)
                                                         net248 (net)
                      0.216879    0.002957   13.668992 ^ _4442_/A (sky130_fd_sc_hd__clkbuf_1)
     5    0.026112    0.307995    0.315308   13.984300 ^ _4442_/X (sky130_fd_sc_hd__clkbuf_1)
                                                         _0416_ (net)
                      0.307995    0.000316   13.984615 ^ max_cap234/A (sky130_fd_sc_hd__buf_2)
     6    0.035950    0.178677    0.293347   14.277963 ^ max_cap234/X (sky130_fd_sc_hd__buf_2)
                                                         net234 (net)
                      0.178679    0.000990   14.278953 ^ _4443_/B (sky130_fd_sc_hd__nand2_2)
     9    0.043770    0.181295    0.207439   14.486392 v _4443_/Y (sky130_fd_sc_hd__nand2_2)
                                                         _0417_ (net)
                      0.181296    0.000330   14.486722 v _4541_/S (sky130_fd_sc_hd__mux2_2)
     1    0.005720    0.056607    0.346758   14.833480 v _4541_/X (sky130_fd_sc_hd__mux2_2)
                                                         _0513_ (net)
                      0.056607    0.000079   14.833559 v _4542_/B1 (sky130_fd_sc_hd__o31ai_2)
     3    0.007302    0.236544    0.078400   14.911959 ^ _4542_/Y (sky130_fd_sc_hd__o31ai_2)
                                                         _0514_ (net)
                      0.236544    0.000082   14.912040 ^ _4586_/D_N (sky130_fd_sc_hd__or4b_2)
     4    0.024335    0.174443    0.761583   15.673623 v _4586_/X (sky130_fd_sc_hd__or4b_2)
                                                         _0557_ (net)
                      0.174443    0.000824   15.674447 v _4668_/C (sky130_fd_sc_hd__nor4_2)
     3    0.011150    0.348489    0.391371   16.065817 ^ _4668_/Y (sky130_fd_sc_hd__nor4_2)
                                                         _0637_ (net)
                      0.348489    0.000217   16.066034 ^ _4857_/D_N (sky130_fd_sc_hd__or4bb_2)
     2    0.015589    0.140115    0.662922   16.728956 v _4857_/X (sky130_fd_sc_hd__or4bb_2)
                                                         _0822_ (net)
                      0.140115    0.000183   16.729139 v _4858_/A2 (sky130_fd_sc_hd__a21oi_2)
     1    0.002739    0.121301    0.167072   16.896212 ^ _4858_/Y (sky130_fd_sc_hd__a21oi_2)
                                                         _0823_ (net)
                      0.121301    0.000025   16.896236 ^ _4859_/C1 (sky130_fd_sc_hd__a311o_2)
     2    0.012913    0.085206    0.168987   17.065222 ^ _4859_/X (sky130_fd_sc_hd__a311o_2)
                                                         net163 (net)
                      0.085206    0.000275   17.065498 ^ output163/A (sky130_fd_sc_hd__clkdlybuf4s25_1)
     1    0.037904    0.381687    0.522752   17.588249 ^ output163/X (sky130_fd_sc_hd__clkdlybuf4s25_1)
                                                         result[33] (net)
                      0.381687    0.001059   17.589308 ^ result[33] (out)
                                             17.589308   data arrival time

                      0.000000   40.000000   40.000000   clock __VIRTUAL_CLK__ (rise edge)
                                  0.000000   40.000000   clock network delay (ideal)
                                 -0.250000   39.750000   clock uncertainty
                                  0.000000   39.750000   clock reconvergence pessimism
                                 -8.000000   31.750000   output external delay
                                             31.750000   data required time
---------------------------------------------------------------------------------------------
                                             31.750000   data required time
                                            -17.589308   data arrival time
---------------------------------------------------------------------------------------------
                                             14.160691   slack (MET)


Startpoint: operand_b[1] (input port clocked by __VIRTUAL_CLK__)
Endpoint: result[38] (output port clocked by __VIRTUAL_CLK__)
Path Group: __VIRTUAL_CLK__
Path Type: max

Fanout         Cap        Slew       Delay        Time   Description
---------------------------------------------------------------------------------------------
                      0.000000    0.000000    0.000000   clock __VIRTUAL_CLK__ (rise edge)
                                  0.000000    0.000000   clock network delay (ideal)
                                  8.000000    8.000000 ^ input external delay
     1    0.007862    0.041921    0.028532    8.028532 ^ operand_b[1] (in)
                                                         operand_b[1] (net)
                      0.041923    0.000000    8.028532 ^ input81/A (sky130_fd_sc_hd__clkdlybuf4s25_1)
     1    0.005436    0.068098    0.273489    8.302021 ^ input81/X (sky130_fd_sc_hd__clkdlybuf4s25_1)
                                                         net81 (net)
                      0.068098    0.000110    8.302131 ^ fanout406/A (sky130_fd_sc_hd__clkdlybuf4s25_1)
     7    0.084421    0.837195    0.851103    9.153234 ^ fanout406/X (sky130_fd_sc_hd__clkdlybuf4s25_1)
                                                         net406 (net)
                      0.837195    0.000408    9.153642 ^ fanout404/A (sky130_fd_sc_hd__clkdlybuf4s25_1)
     8    0.054668    0.545119    0.765837    9.919478 ^ fanout404/X (sky130_fd_sc_hd__clkdlybuf4s25_1)
                                                         net404 (net)
                      0.545119    0.000226    9.919705 ^ fanout402/A (sky130_fd_sc_hd__clkdlybuf4s25_1)
     3    0.024911    0.254796    0.522081   10.441787 ^ fanout402/X (sky130_fd_sc_hd__clkdlybuf4s25_1)
                                                         net402 (net)
                      0.254796    0.000698   10.442485 ^ load_slew403/A (sky130_fd_sc_hd__buf_4)
     8    0.054245    0.154310    0.271195   10.713679 ^ load_slew403/X (sky130_fd_sc_hd__buf_4)
                                                         net403 (net)
                      0.154313    0.000914   10.714593 ^ fanout400/A (sky130_fd_sc_hd__clkdlybuf4s25_1)
     5    0.042864    0.430562    0.579774   11.294367 ^ fanout400/X (sky130_fd_sc_hd__clkdlybuf4s25_1)
                                                         net400 (net)
                      0.430564    0.001856   11.296223 ^ load_slew401/A (sky130_fd_sc_hd__clkbuf_2)
     6    0.048837    0.265893    0.369553   11.665776 ^ load_slew401/X (sky130_fd_sc_hd__clkbuf_2)
                                                         net401 (net)
                      0.265895    0.001330   11.667106 ^ _3412_/B_N (sky130_fd_sc_hd__nor2b_2)
     4    0.020264    0.235271    0.332417   11.999522 ^ _3412_/Y (sky130_fd_sc_hd__nor2b_2)
                                                         _2625_ (net)
                      0.235342    0.000376   11.999898 ^ _3555_/C1 (sky130_fd_sc_hd__a221oi_2)
     5    0.019087    0.112048    0.113663   12.113562 v _3555_/Y (sky130_fd_sc_hd__a221oi_2)
                                                         _2765_ (net)
                      0.112066    0.000664   12.114225 v _3683_/A3 (sky130_fd_sc_hd__o31a_2)
     3    0.014572    0.078841    0.362697   12.476923 v _3683_/X (sky130_fd_sc_hd__o31a_2)
                                                         _2891_ (net)
                      0.078841    0.000281   12.477203 v _3686_/B (sky130_fd_sc_hd__or4_4)
     1    0.005088    0.085280    0.545249   13.022452 v _3686_/X (sky130_fd_sc_hd__or4_4)
                                                         _2894_ (net)
                      0.085280    0.000054   13.022507 v _3687_/A (sky130_fd_sc_hd__buf_6)
     8    0.035303    0.044413    0.163532   13.186039 v _3687_/X (sky130_fd_sc_hd__buf_6)
                                                         _2895_ (net)
                      0.044426    0.000766   13.186805 v _3771_/B2 (sky130_fd_sc_hd__a221o_2)
     2    0.008430    0.068300    0.393701   13.580506 v _3771_/X (sky130_fd_sc_hd__a221o_2)
                                                         _2977_ (net)
                      0.068300    0.000083   13.580589 v _3775_/A1 (sky130_fd_sc_hd__a21o_2)
     3    0.013116    0.058074    0.235461   13.816051 v _3775_/X (sky130_fd_sc_hd__a21o_2)
                                                         _2981_ (net)
                      0.058074    0.000102   13.816154 v _3857_/A2 (sky130_fd_sc_hd__a2111o_2)
     3    0.021132    0.110988    0.560905   14.377058 v _3857_/X (sky130_fd_sc_hd__a2111o_2)
                                                         _3061_ (net)
                      0.110994    0.001030   14.378088 v _3960_/A (sky130_fd_sc_hd__or4b_4)
     3    0.027697    0.123351    0.650431   15.028520 v _3960_/X (sky130_fd_sc_hd__or4b_4)
                                                         _3162_ (net)
                      0.123422    0.001114   15.029634 v _4709_/A (sky130_fd_sc_hd__nor4b_2)
     2    0.026959    0.669264    0.691070   15.720703 ^ _4709_/Y (sky130_fd_sc_hd__nor4b_2)
                                                         _0677_ (net)
                      0.669264    0.000488   15.721192 ^ _4968_/A (sky130_fd_sc_hd__and4_2)
     1    0.003068    0.059927    0.363736   16.084929 ^ _4968_/X (sky130_fd_sc_hd__and4_2)
                                                         _0930_ (net)
                      0.059927    0.000034   16.084961 ^ _4969_/A (sky130_fd_sc_hd__clkbuf_1)
     2    0.009562    0.119672    0.145985   16.230946 ^ _4969_/X (sky130_fd_sc_hd__clkbuf_1)
                                                         _0931_ (net)
                      0.119672    0.000155   16.231100 ^ wire204/A (sky130_fd_sc_hd__clkbuf_4)
     7    0.041858    0.133744    0.239767   16.470867 ^ wire204/X (sky130_fd_sc_hd__clkbuf_4)
                                                         net204 (net)
                      0.133744    0.000650   16.471518 ^ _5036_/A (sky130_fd_sc_hd__nand2_2)
     1    0.009285    0.085806    0.084215   16.555733 v _5036_/Y (sky130_fd_sc_hd__nand2_2)
                                                         _0998_ (net)
                      0.085806    0.000121   16.555855 v _5037_/B (sky130_fd_sc_hd__xnor2_2)
     1    0.005415    0.054174    0.153356   16.709211 v _5037_/Y (sky130_fd_sc_hd__xnor2_2)
                                                         _0999_ (net)
                      0.054174    0.000071   16.709282 v _5064_/A2 (sky130_fd_sc_hd__o21ai_2)
     2    0.019406    0.258919    0.238991   16.948273 ^ _5064_/Y (sky130_fd_sc_hd__o21ai_2)
                                                         net168 (net)
                      0.258919    0.000624   16.948896 ^ output168/A (sky130_fd_sc_hd__clkdlybuf4s25_1)
     1    0.037005    0.372907    0.564359   17.513256 ^ output168/X (sky130_fd_sc_hd__clkdlybuf4s25_1)
                                                         result[38] (net)
                      0.372907    0.000947   17.514202 ^ result[38] (out)
                                             17.514202   data arrival time

                      0.000000   40.000000   40.000000   clock __VIRTUAL_CLK__ (rise edge)
                                  0.000000   40.000000   clock network delay (ideal)
                                 -0.250000   39.750000   clock uncertainty
                                  0.000000   39.750000   clock reconvergence pessimism
                                 -8.000000   31.750000   output external delay
                                             31.750000   data required time
---------------------------------------------------------------------------------------------
                                             31.750000   data required time
                                            -17.514202   data arrival time
---------------------------------------------------------------------------------------------
                                             14.235797   slack (MET)


Startpoint: operand_b[1] (input port clocked by __VIRTUAL_CLK__)
Endpoint: result[42] (output port clocked by __VIRTUAL_CLK__)
Path Group: __VIRTUAL_CLK__
Path Type: max

Fanout         Cap        Slew       Delay        Time   Description
---------------------------------------------------------------------------------------------
                      0.000000    0.000000    0.000000   clock __VIRTUAL_CLK__ (rise edge)
                                  0.000000    0.000000   clock network delay (ideal)
                                  8.000000    8.000000 ^ input external delay
     1    0.007862    0.041921    0.028532    8.028532 ^ operand_b[1] (in)
                                                         operand_b[1] (net)
                      0.041923    0.000000    8.028532 ^ input81/A (sky130_fd_sc_hd__clkdlybuf4s25_1)
     1    0.005436    0.068098    0.273489    8.302021 ^ input81/X (sky130_fd_sc_hd__clkdlybuf4s25_1)
                                                         net81 (net)
                      0.068098    0.000110    8.302131 ^ fanout406/A (sky130_fd_sc_hd__clkdlybuf4s25_1)
     7    0.084421    0.837195    0.851103    9.153234 ^ fanout406/X (sky130_fd_sc_hd__clkdlybuf4s25_1)
                                                         net406 (net)
                      0.837195    0.000408    9.153642 ^ fanout404/A (sky130_fd_sc_hd__clkdlybuf4s25_1)
     8    0.054668    0.545119    0.765837    9.919478 ^ fanout404/X (sky130_fd_sc_hd__clkdlybuf4s25_1)
                                                         net404 (net)
                      0.545119    0.000226    9.919705 ^ fanout402/A (sky130_fd_sc_hd__clkdlybuf4s25_1)
     3    0.024911    0.254796    0.522081   10.441787 ^ fanout402/X (sky130_fd_sc_hd__clkdlybuf4s25_1)
                                                         net402 (net)
                      0.254796    0.000698   10.442485 ^ load_slew403/A (sky130_fd_sc_hd__buf_4)
     8    0.054245    0.154310    0.271195   10.713679 ^ load_slew403/X (sky130_fd_sc_hd__buf_4)
                                                         net403 (net)
                      0.154313    0.000914   10.714593 ^ fanout400/A (sky130_fd_sc_hd__clkdlybuf4s25_1)
     5    0.042864    0.430562    0.579774   11.294367 ^ fanout400/X (sky130_fd_sc_hd__clkdlybuf4s25_1)
                                                         net400 (net)
                      0.430564    0.001856   11.296223 ^ load_slew401/A (sky130_fd_sc_hd__clkbuf_2)
     6    0.048837    0.265893    0.369553   11.665776 ^ load_slew401/X (sky130_fd_sc_hd__clkbuf_2)
                                                         net401 (net)
                      0.265895    0.001330   11.667106 ^ _3412_/B_N (sky130_fd_sc_hd__nor2b_2)
     4    0.020264    0.235271    0.332417   11.999522 ^ _3412_/Y (sky130_fd_sc_hd__nor2b_2)
                                                         _2625_ (net)
                      0.235342    0.000376   11.999898 ^ _3555_/C1 (sky130_fd_sc_hd__a221oi_2)
     5    0.019087    0.112048    0.113663   12.113562 v _3555_/Y (sky130_fd_sc_hd__a221oi_2)
                                                         _2765_ (net)
                      0.112066    0.000664   12.114225 v _3683_/A3 (sky130_fd_sc_hd__o31a_2)
     3    0.014572    0.078841    0.362697   12.476923 v _3683_/X (sky130_fd_sc_hd__o31a_2)
                                                         _2891_ (net)
                      0.078841    0.000281   12.477203 v _3686_/B (sky130_fd_sc_hd__or4_4)
     1    0.005088    0.085280    0.545249   13.022452 v _3686_/X (sky130_fd_sc_hd__or4_4)
                                                         _2894_ (net)
                      0.085280    0.000054   13.022507 v _3687_/A (sky130_fd_sc_hd__buf_6)
     8    0.035303    0.044413    0.163532   13.186039 v _3687_/X (sky130_fd_sc_hd__buf_6)
                                                         _2895_ (net)
                      0.044426    0.000766   13.186805 v _3771_/B2 (sky130_fd_sc_hd__a221o_2)
     2    0.008430    0.068300    0.393701   13.580506 v _3771_/X (sky130_fd_sc_hd__a221o_2)
                                                         _2977_ (net)
                      0.068300    0.000083   13.580589 v _3775_/A1 (sky130_fd_sc_hd__a21o_2)
     3    0.013116    0.058074    0.235461   13.816051 v _3775_/X (sky130_fd_sc_hd__a21o_2)
                                                         _2981_ (net)
                      0.058074    0.000102   13.816154 v _3857_/A2 (sky130_fd_sc_hd__a2111o_2)
     3    0.021132    0.110988    0.560905   14.377058 v _3857_/X (sky130_fd_sc_hd__a2111o_2)
                                                         _3061_ (net)
                      0.110994    0.001030   14.378088 v _3960_/A (sky130_fd_sc_hd__or4b_4)
     3    0.027697    0.123351    0.650431   15.028520 v _3960_/X (sky130_fd_sc_hd__or4b_4)
                                                         _3162_ (net)
                      0.123422    0.001114   15.029634 v _4709_/A (sky130_fd_sc_hd__nor4b_2)
     2    0.026959    0.669264    0.691070   15.720703 ^ _4709_/Y (sky130_fd_sc_hd__nor4b_2)
                                                         _0677_ (net)
                      0.669264    0.000488   15.721192 ^ _4968_/A (sky130_fd_sc_hd__and4_2)
     1    0.003068    0.059927    0.363736   16.084929 ^ _4968_/X (sky130_fd_sc_hd__and4_2)
                                                         _0930_ (net)
                      0.059927    0.000034   16.084961 ^ _4969_/A (sky130_fd_sc_hd__clkbuf_1)
     2    0.009562    0.119672    0.145985   16.230946 ^ _4969_/X (sky130_fd_sc_hd__clkbuf_1)
                                                         _0931_ (net)
                      0.119672    0.000155   16.231100 ^ wire204/A (sky130_fd_sc_hd__clkbuf_4)
     7    0.041858    0.133744    0.239767   16.470867 ^ wire204/X (sky130_fd_sc_hd__clkbuf_4)
                                                         net204 (net)
                      0.133750    0.001142   16.472010 ^ _5208_/A (sky130_fd_sc_hd__and3_2)
     1    0.008796    0.069231    0.223039   16.695049 ^ _5208_/X (sky130_fd_sc_hd__and3_2)
                                                         _1183_ (net)
                      0.069231    0.000064   16.695114 ^ _5209_/B (sky130_fd_sc_hd__xor2_2)
     1    0.004340    0.068509    0.064350   16.759464 v _5209_/X (sky130_fd_sc_hd__xor2_2)
                                                         _1184_ (net)
                      0.068509    0.000020   16.759483 v _5232_/A2 (sky130_fd_sc_hd__o21ai_2)
     2    0.012318    0.192669    0.189063   16.948545 ^ _5232_/Y (sky130_fd_sc_hd__o21ai_2)
                                                         net173 (net)
                      0.192669    0.000265   16.948811 ^ output173/A (sky130_fd_sc_hd__clkdlybuf4s25_1)
     1    0.036881    0.371824    0.547233   17.496044 ^ output173/X (sky130_fd_sc_hd__clkdlybuf4s25_1)
                                                         result[42] (net)
                      0.371824    0.000259   17.496304 ^ result[42] (out)
                                             17.496304   data arrival time

                      0.000000   40.000000   40.000000   clock __VIRTUAL_CLK__ (rise edge)
                                  0.000000   40.000000   clock network delay (ideal)
                                 -0.250000   39.750000   clock uncertainty
                                  0.000000   39.750000   clock reconvergence pessimism
                                 -8.000000   31.750000   output external delay
                                             31.750000   data required time
---------------------------------------------------------------------------------------------
                                             31.750000   data required time
                                            -17.496304   data arrival time
---------------------------------------------------------------------------------------------
                                             14.253695   slack (MET)


Startpoint: operand_b[1] (input port clocked by __VIRTUAL_CLK__)
Endpoint: result[31] (output port clocked by __VIRTUAL_CLK__)
Path Group: __VIRTUAL_CLK__
Path Type: max

Fanout         Cap        Slew       Delay        Time   Description
---------------------------------------------------------------------------------------------
                      0.000000    0.000000    0.000000   clock __VIRTUAL_CLK__ (rise edge)
                                  0.000000    0.000000   clock network delay (ideal)
                                  8.000000    8.000000 ^ input external delay
     1    0.007862    0.041921    0.028532    8.028532 ^ operand_b[1] (in)
                                                         operand_b[1] (net)
                      0.041923    0.000000    8.028532 ^ input81/A (sky130_fd_sc_hd__clkdlybuf4s25_1)
     1    0.005436    0.068098    0.273489    8.302021 ^ input81/X (sky130_fd_sc_hd__clkdlybuf4s25_1)
                                                         net81 (net)
                      0.068098    0.000110    8.302131 ^ fanout406/A (sky130_fd_sc_hd__clkdlybuf4s25_1)
     7    0.084421    0.837195    0.851103    9.153234 ^ fanout406/X (sky130_fd_sc_hd__clkdlybuf4s25_1)
                                                         net406 (net)
                      0.837195    0.000408    9.153642 ^ fanout404/A (sky130_fd_sc_hd__clkdlybuf4s25_1)
     8    0.054668    0.545119    0.765837    9.919478 ^ fanout404/X (sky130_fd_sc_hd__clkdlybuf4s25_1)
                                                         net404 (net)
                      0.545119    0.000226    9.919705 ^ fanout402/A (sky130_fd_sc_hd__clkdlybuf4s25_1)
     3    0.024911    0.254796    0.522081   10.441787 ^ fanout402/X (sky130_fd_sc_hd__clkdlybuf4s25_1)
                                                         net402 (net)
                      0.254796    0.000698   10.442485 ^ load_slew403/A (sky130_fd_sc_hd__buf_4)
     8    0.054245    0.154310    0.271195   10.713679 ^ load_slew403/X (sky130_fd_sc_hd__buf_4)
                                                         net403 (net)
                      0.154313    0.000914   10.714593 ^ fanout400/A (sky130_fd_sc_hd__clkdlybuf4s25_1)
     5    0.042864    0.430562    0.579774   11.294367 ^ fanout400/X (sky130_fd_sc_hd__clkdlybuf4s25_1)
                                                         net400 (net)
                      0.430564    0.001856   11.296223 ^ load_slew401/A (sky130_fd_sc_hd__clkbuf_2)
     6    0.048837    0.265893    0.369553   11.665776 ^ load_slew401/X (sky130_fd_sc_hd__clkbuf_2)
                                                         net401 (net)
                      0.265895    0.001330   11.667106 ^ _3412_/B_N (sky130_fd_sc_hd__nor2b_2)
     4    0.020264    0.235271    0.332417   11.999522 ^ _3412_/Y (sky130_fd_sc_hd__nor2b_2)
                                                         _2625_ (net)
                      0.235342    0.000376   11.999898 ^ _3555_/C1 (sky130_fd_sc_hd__a221oi_2)
     5    0.019087    0.112048    0.113663   12.113562 v _3555_/Y (sky130_fd_sc_hd__a221oi_2)
                                                         _2765_ (net)
                      0.112066    0.000664   12.114225 v _3683_/A3 (sky130_fd_sc_hd__o31a_2)
     3    0.014572    0.078841    0.362697   12.476923 v _3683_/X (sky130_fd_sc_hd__o31a_2)
                                                         _2891_ (net)
                      0.078841    0.000461   12.477384 v _4087_/A2 (sky130_fd_sc_hd__o41a_2)
     4    0.042549    0.156858    0.635275   13.112659 v _4087_/X (sky130_fd_sc_hd__o41a_2)
                                                         _0069_ (net)
                      0.156861    0.001016   13.113675 v _4441_/A3 (sky130_fd_sc_hd__o31ai_4)
     1    0.010036    0.217225    0.254597   13.368272 ^ _4441_/Y (sky130_fd_sc_hd__o31ai_4)
                                                         _0415_ (net)
                      0.217225    0.000390   13.368662 ^ wire248/A (sky130_fd_sc_hd__buf_2)
     5    0.044078    0.216756    0.297373   13.666035 ^ wire248/X (sky130_fd_sc_hd__buf_2)
                                                         net248 (net)
                      0.216879    0.002957   13.668992 ^ _4442_/A (sky130_fd_sc_hd__clkbuf_1)
     5    0.026112    0.307995    0.315308   13.984300 ^ _4442_/X (sky130_fd_sc_hd__clkbuf_1)
                                                         _0416_ (net)
                      0.307995    0.000316   13.984615 ^ max_cap234/A (sky130_fd_sc_hd__buf_2)
     6    0.035950    0.178677    0.293347   14.277963 ^ max_cap234/X (sky130_fd_sc_hd__buf_2)
                                                         net234 (net)
                      0.178679    0.000990   14.278953 ^ _4443_/B (sky130_fd_sc_hd__nand2_2)
     9    0.043770    0.181295    0.207439   14.486392 v _4443_/Y (sky130_fd_sc_hd__nand2_2)
                                                         _0417_ (net)
                      0.181295    0.000040   14.486432 v _4585_/A1 (sky130_fd_sc_hd__a2111o_2)
     4    0.025530    0.122407    0.571420   15.057853 v _4585_/X (sky130_fd_sc_hd__a2111o_2)
                                                         _0556_ (net)
                      0.122415    0.001153   15.059005 v _4667_/B1_N (sky130_fd_sc_hd__o21bai_2)
     4    0.018393    0.101992    0.280016   15.339021 v _4667_/Y (sky130_fd_sc_hd__o21bai_2)
                                                         _0636_ (net)
                      0.101992    0.000272   15.339293 v _4742_/A (sky130_fd_sc_hd__nor3_2)
     3    0.018771    0.345979    0.376156   15.715449 ^ _4742_/Y (sky130_fd_sc_hd__nor3_2)
                                                         _0709_ (net)
                      0.345979    0.000272   15.715721 ^ _4743_/D_N (sky130_fd_sc_hd__or4b_4)
     6    0.039350    0.141957    0.630283   16.346004 v _4743_/X (sky130_fd_sc_hd__or4b_4)
                                                         _0710_ (net)
                      0.141957    0.000584   16.346588 v _4744_/B (sky130_fd_sc_hd__nor2_2)
     1    0.008767    0.137212    0.159803   16.506392 ^ _4744_/Y (sky130_fd_sc_hd__nor2_2)
                                                         _0711_ (net)
                      0.137212    0.000078   16.506470 ^ _4745_/B (sky130_fd_sc_hd__xnor2_2)
     1    0.002551    0.069181    0.069344   16.575813 v _4745_/Y (sky130_fd_sc_hd__xnor2_2)
                                                         _0712_ (net)
                      0.069181    0.000023   16.575836 v _4764_/B1 (sky130_fd_sc_hd__a221o_2)
     2    0.013177    0.081278    0.398334   16.974171 v _4764_/X (sky130_fd_sc_hd__a221o_2)
                                                         net161 (net)
                      0.081278    0.000544   16.974714 v output161/A (sky130_fd_sc_hd__clkdlybuf4s25_1)
     1    0.037028    0.274738    0.466653   17.441366 v output161/X (sky130_fd_sc_hd__clkdlybuf4s25_1)
                                                         result[31] (net)
                      0.274739    0.001044   17.442411 v result[31] (out)
                                             17.442411   data arrival time

                      0.000000   40.000000   40.000000   clock __VIRTUAL_CLK__ (rise edge)
                                  0.000000   40.000000   clock network delay (ideal)
                                 -0.250000   39.750000   clock uncertainty
                                  0.000000   39.750000   clock reconvergence pessimism
                                 -8.000000   31.750000   output external delay
                                             31.750000   data required time
---------------------------------------------------------------------------------------------
                                             31.750000   data required time
                                            -17.442411   data arrival time
---------------------------------------------------------------------------------------------
                                             14.307589   slack (MET)


Startpoint: operand_b[1] (input port clocked by __VIRTUAL_CLK__)
Endpoint: result[37] (output port clocked by __VIRTUAL_CLK__)
Path Group: __VIRTUAL_CLK__
Path Type: max

Fanout         Cap        Slew       Delay        Time   Description
---------------------------------------------------------------------------------------------
                      0.000000    0.000000    0.000000   clock __VIRTUAL_CLK__ (rise edge)
                                  0.000000    0.000000   clock network delay (ideal)
                                  8.000000    8.000000 ^ input external delay
     1    0.007862    0.041921    0.028532    8.028532 ^ operand_b[1] (in)
                                                         operand_b[1] (net)
                      0.041923    0.000000    8.028532 ^ input81/A (sky130_fd_sc_hd__clkdlybuf4s25_1)
     1    0.005436    0.068098    0.273489    8.302021 ^ input81/X (sky130_fd_sc_hd__clkdlybuf4s25_1)
                                                         net81 (net)
                      0.068098    0.000110    8.302131 ^ fanout406/A (sky130_fd_sc_hd__clkdlybuf4s25_1)
     7    0.084421    0.837195    0.851103    9.153234 ^ fanout406/X (sky130_fd_sc_hd__clkdlybuf4s25_1)
                                                         net406 (net)
                      0.837195    0.000408    9.153642 ^ fanout404/A (sky130_fd_sc_hd__clkdlybuf4s25_1)
     8    0.054668    0.545119    0.765837    9.919478 ^ fanout404/X (sky130_fd_sc_hd__clkdlybuf4s25_1)
                                                         net404 (net)
                      0.545119    0.000226    9.919705 ^ fanout402/A (sky130_fd_sc_hd__clkdlybuf4s25_1)
     3    0.024911    0.254796    0.522081   10.441787 ^ fanout402/X (sky130_fd_sc_hd__clkdlybuf4s25_1)
                                                         net402 (net)
                      0.254796    0.000698   10.442485 ^ load_slew403/A (sky130_fd_sc_hd__buf_4)
     8    0.054245    0.154310    0.271195   10.713679 ^ load_slew403/X (sky130_fd_sc_hd__buf_4)
                                                         net403 (net)
                      0.154313    0.000914   10.714593 ^ fanout400/A (sky130_fd_sc_hd__clkdlybuf4s25_1)
     5    0.042864    0.430562    0.579774   11.294367 ^ fanout400/X (sky130_fd_sc_hd__clkdlybuf4s25_1)
                                                         net400 (net)
                      0.430564    0.001856   11.296223 ^ load_slew401/A (sky130_fd_sc_hd__clkbuf_2)
     6    0.048837    0.265893    0.369553   11.665776 ^ load_slew401/X (sky130_fd_sc_hd__clkbuf_2)
                                                         net401 (net)
                      0.265895    0.001330   11.667106 ^ _3412_/B_N (sky130_fd_sc_hd__nor2b_2)
     4    0.020264    0.235271    0.332417   11.999522 ^ _3412_/Y (sky130_fd_sc_hd__nor2b_2)
                                                         _2625_ (net)
                      0.235342    0.000376   11.999898 ^ _3555_/C1 (sky130_fd_sc_hd__a221oi_2)
     5    0.019087    0.112048    0.113663   12.113562 v _3555_/Y (sky130_fd_sc_hd__a221oi_2)
                                                         _2765_ (net)
                      0.112066    0.000664   12.114225 v _3683_/A3 (sky130_fd_sc_hd__o31a_2)
     3    0.014572    0.078841    0.362697   12.476923 v _3683_/X (sky130_fd_sc_hd__o31a_2)
                                                         _2891_ (net)
                      0.078841    0.000281   12.477203 v _3686_/B (sky130_fd_sc_hd__or4_4)
     1    0.005088    0.085280    0.545249   13.022452 v _3686_/X (sky130_fd_sc_hd__or4_4)
                                                         _2894_ (net)
                      0.085280    0.000054   13.022507 v _3687_/A (sky130_fd_sc_hd__buf_6)
     8    0.035303    0.044413    0.163532   13.186039 v _3687_/X (sky130_fd_sc_hd__buf_6)
                                                         _2895_ (net)
                      0.044426    0.000766   13.186805 v _3771_/B2 (sky130_fd_sc_hd__a221o_2)
     2    0.008430    0.068300    0.393701   13.580506 v _3771_/X (sky130_fd_sc_hd__a221o_2)
                                                         _2977_ (net)
                      0.068300    0.000083   13.580589 v _3775_/A1 (sky130_fd_sc_hd__a21o_2)
     3    0.013116    0.058074    0.235461   13.816051 v _3775_/X (sky130_fd_sc_hd__a21o_2)
                                                         _2981_ (net)
                      0.058074    0.000102   13.816154 v _3857_/A2 (sky130_fd_sc_hd__a2111o_2)
     3    0.021132    0.110988    0.560905   14.377058 v _3857_/X (sky130_fd_sc_hd__a2111o_2)
                                                         _3061_ (net)
                      0.110994    0.001030   14.378088 v _3960_/A (sky130_fd_sc_hd__or4b_4)
     3    0.027697    0.123351    0.650431   15.028520 v _3960_/X (sky130_fd_sc_hd__or4b_4)
                                                         _3162_ (net)
                      0.123422    0.001114   15.029634 v _4709_/A (sky130_fd_sc_hd__nor4b_2)
     2    0.026959    0.669264    0.691070   15.720703 ^ _4709_/Y (sky130_fd_sc_hd__nor4b_2)
                                                         _0677_ (net)
                      0.669264    0.000488   15.721192 ^ _4968_/A (sky130_fd_sc_hd__and4_2)
     1    0.003068    0.059927    0.363736   16.084929 ^ _4968_/X (sky130_fd_sc_hd__and4_2)
                                                         _0930_ (net)
                      0.059927    0.000034   16.084961 ^ _4969_/A (sky130_fd_sc_hd__clkbuf_1)
     2    0.009562    0.119672    0.145985   16.230946 ^ _4969_/X (sky130_fd_sc_hd__clkbuf_1)
                                                         _0931_ (net)
                      0.119672    0.000155   16.231100 ^ wire204/A (sky130_fd_sc_hd__clkbuf_4)
     7    0.041858    0.133744    0.239767   16.470867 ^ wire204/X (sky130_fd_sc_hd__clkbuf_4)
                                                         net204 (net)
                      0.133744    0.000391   16.471258 ^ _5001_/A (sky130_fd_sc_hd__xnor2_2)
     1    0.003101    0.062160    0.083716   16.554976 v _5001_/Y (sky130_fd_sc_hd__xnor2_2)
                                                         _0962_ (net)
                      0.062160    0.000036   16.555010 v _5025_/A2 (sky130_fd_sc_hd__a211o_2)
     2    0.013437    0.075468    0.391246   16.946257 v _5025_/X (sky130_fd_sc_hd__a211o_2)
                                                         net167 (net)
                      0.075469    0.000318   16.946575 v output167/A (sky130_fd_sc_hd__clkdlybuf4s25_1)
     1    0.036278    0.269433    0.460057   17.406631 v output167/X (sky130_fd_sc_hd__clkdlybuf4s25_1)
                                                         result[37] (net)
                      0.269433    0.000773   17.407404 v result[37] (out)
                                             17.407404   data arrival time

                      0.000000   40.000000   40.000000   clock __VIRTUAL_CLK__ (rise edge)
                                  0.000000   40.000000   clock network delay (ideal)
                                 -0.250000   39.750000   clock uncertainty
                                  0.000000   39.750000   clock reconvergence pessimism
                                 -8.000000   31.750000   output external delay
                                             31.750000   data required time
---------------------------------------------------------------------------------------------
                                             31.750000   data required time
                                            -17.407404   data arrival time
---------------------------------------------------------------------------------------------
                                             14.342595   slack (MET)


Startpoint: operand_b[1] (input port clocked by __VIRTUAL_CLK__)
Endpoint: result[36] (output port clocked by __VIRTUAL_CLK__)
Path Group: __VIRTUAL_CLK__
Path Type: max

Fanout         Cap        Slew       Delay        Time   Description
---------------------------------------------------------------------------------------------
                      0.000000    0.000000    0.000000   clock __VIRTUAL_CLK__ (rise edge)
                                  0.000000    0.000000   clock network delay (ideal)
                                  8.000000    8.000000 ^ input external delay
     1    0.007862    0.041921    0.028532    8.028532 ^ operand_b[1] (in)
                                                         operand_b[1] (net)
                      0.041923    0.000000    8.028532 ^ input81/A (sky130_fd_sc_hd__clkdlybuf4s25_1)
     1    0.005436    0.068098    0.273489    8.302021 ^ input81/X (sky130_fd_sc_hd__clkdlybuf4s25_1)
                                                         net81 (net)
                      0.068098    0.000110    8.302131 ^ fanout406/A (sky130_fd_sc_hd__clkdlybuf4s25_1)
     7    0.084421    0.837195    0.851103    9.153234 ^ fanout406/X (sky130_fd_sc_hd__clkdlybuf4s25_1)
                                                         net406 (net)
                      0.837195    0.000408    9.153642 ^ fanout404/A (sky130_fd_sc_hd__clkdlybuf4s25_1)
     8    0.054668    0.545119    0.765837    9.919478 ^ fanout404/X (sky130_fd_sc_hd__clkdlybuf4s25_1)
                                                         net404 (net)
                      0.545119    0.000226    9.919705 ^ fanout402/A (sky130_fd_sc_hd__clkdlybuf4s25_1)
     3    0.024911    0.254796    0.522081   10.441787 ^ fanout402/X (sky130_fd_sc_hd__clkdlybuf4s25_1)
                                                         net402 (net)
                      0.254796    0.000698   10.442485 ^ load_slew403/A (sky130_fd_sc_hd__buf_4)
     8    0.054245    0.154310    0.271195   10.713679 ^ load_slew403/X (sky130_fd_sc_hd__buf_4)
                                                         net403 (net)
                      0.154313    0.000914   10.714593 ^ fanout400/A (sky130_fd_sc_hd__clkdlybuf4s25_1)
     5    0.042864    0.430562    0.579774   11.294367 ^ fanout400/X (sky130_fd_sc_hd__clkdlybuf4s25_1)
                                                         net400 (net)
                      0.430564    0.001856   11.296223 ^ load_slew401/A (sky130_fd_sc_hd__clkbuf_2)
     6    0.048837    0.265893    0.369553   11.665776 ^ load_slew401/X (sky130_fd_sc_hd__clkbuf_2)
                                                         net401 (net)
                      0.265895    0.001330   11.667106 ^ _3412_/B_N (sky130_fd_sc_hd__nor2b_2)
     4    0.020264    0.235271    0.332417   11.999522 ^ _3412_/Y (sky130_fd_sc_hd__nor2b_2)
                                                         _2625_ (net)
                      0.235342    0.000376   11.999898 ^ _3555_/C1 (sky130_fd_sc_hd__a221oi_2)
     5    0.019087    0.112048    0.113663   12.113562 v _3555_/Y (sky130_fd_sc_hd__a221oi_2)
                                                         _2765_ (net)
                      0.112066    0.000664   12.114225 v _3683_/A3 (sky130_fd_sc_hd__o31a_2)
     3    0.014572    0.078841    0.362697   12.476923 v _3683_/X (sky130_fd_sc_hd__o31a_2)
                                                         _2891_ (net)
                      0.078841    0.000281   12.477203 v _3686_/B (sky130_fd_sc_hd__or4_4)
     1    0.005088    0.085280    0.545249   13.022452 v _3686_/X (sky130_fd_sc_hd__or4_4)
                                                         _2894_ (net)
                      0.085280    0.000054   13.022507 v _3687_/A (sky130_fd_sc_hd__buf_6)
     8    0.035303    0.044413    0.163532   13.186039 v _3687_/X (sky130_fd_sc_hd__buf_6)
                                                         _2895_ (net)
                      0.044426    0.000766   13.186805 v _3771_/B2 (sky130_fd_sc_hd__a221o_2)
     2    0.008430    0.068300    0.393701   13.580506 v _3771_/X (sky130_fd_sc_hd__a221o_2)
                                                         _2977_ (net)
                      0.068300    0.000083   13.580589 v _3775_/A1 (sky130_fd_sc_hd__a21o_2)
     3    0.013116    0.058074    0.235461   13.816051 v _3775_/X (sky130_fd_sc_hd__a21o_2)
                                                         _2981_ (net)
                      0.058074    0.000102   13.816154 v _3857_/A2 (sky130_fd_sc_hd__a2111o_2)
     3    0.021132    0.110988    0.560905   14.377058 v _3857_/X (sky130_fd_sc_hd__a2111o_2)
                                                         _3061_ (net)
                      0.110994    0.001030   14.378088 v _3960_/A (sky130_fd_sc_hd__or4b_4)
     3    0.027697    0.123351    0.650431   15.028520 v _3960_/X (sky130_fd_sc_hd__or4b_4)
                                                         _3162_ (net)
                      0.123422    0.001114   15.029634 v _4709_/A (sky130_fd_sc_hd__nor4b_2)
     2    0.026959    0.669264    0.691070   15.720703 ^ _4709_/Y (sky130_fd_sc_hd__nor4b_2)
                                                         _0677_ (net)
                      0.669264    0.000460   15.721164 ^ _4710_/D (sky130_fd_sc_hd__and4bb_2)
     2    0.012064    0.103752    0.383793   16.104956 ^ _4710_/X (sky130_fd_sc_hd__and4bb_2)
                                                         _0678_ (net)
                      0.103752    0.000103   16.105059 ^ _4790_/A (sky130_fd_sc_hd__and2_2)
     2    0.013310    0.083084    0.197110   16.302170 ^ _4790_/X (sky130_fd_sc_hd__and2_2)
                                                         _0756_ (net)
                      0.083084    0.000151   16.302320 ^ _4953_/B_N (sky130_fd_sc_hd__or2b_2)
     1    0.002940    0.051631    0.307924   16.610245 v _4953_/X (sky130_fd_sc_hd__or2b_2)
                                                         _0915_ (net)
                      0.051631    0.000028   16.610273 v _4992_/A2 (sky130_fd_sc_hd__a31o_2)
     2    0.014041    0.062810    0.277606   16.887878 v _4992_/X (sky130_fd_sc_hd__a31o_2)
                                                         net166 (net)
                      0.062811    0.000336   16.888214 v output166/A (sky130_fd_sc_hd__clkdlybuf4s25_1)
     1    0.036892    0.274049    0.457534   17.345749 v output166/X (sky130_fd_sc_hd__clkdlybuf4s25_1)
                                                         result[36] (net)
                      0.274050    0.000940   17.346687 v result[36] (out)
                                             17.346687   data arrival time

                      0.000000   40.000000   40.000000   clock __VIRTUAL_CLK__ (rise edge)
                                  0.000000   40.000000   clock network delay (ideal)
                                 -0.250000   39.750000   clock uncertainty
                                  0.000000   39.750000   clock reconvergence pessimism
                                 -8.000000   31.750000   output external delay
                                             31.750000   data required time
---------------------------------------------------------------------------------------------
                                             31.750000   data required time
                                            -17.346687   data arrival time
---------------------------------------------------------------------------------------------
                                             14.403311   slack (MET)


Startpoint: operand_b[1] (input port clocked by __VIRTUAL_CLK__)
Endpoint: result[35] (output port clocked by __VIRTUAL_CLK__)
Path Group: __VIRTUAL_CLK__
Path Type: max

Fanout         Cap        Slew       Delay        Time   Description
---------------------------------------------------------------------------------------------
                      0.000000    0.000000    0.000000   clock __VIRTUAL_CLK__ (rise edge)
                                  0.000000    0.000000   clock network delay (ideal)
                                  8.000000    8.000000 ^ input external delay
     1    0.007862    0.041921    0.028532    8.028532 ^ operand_b[1] (in)
                                                         operand_b[1] (net)
                      0.041923    0.000000    8.028532 ^ input81/A (sky130_fd_sc_hd__clkdlybuf4s25_1)
     1    0.005436    0.068098    0.273489    8.302021 ^ input81/X (sky130_fd_sc_hd__clkdlybuf4s25_1)
                                                         net81 (net)
                      0.068098    0.000110    8.302131 ^ fanout406/A (sky130_fd_sc_hd__clkdlybuf4s25_1)
     7    0.084421    0.837195    0.851103    9.153234 ^ fanout406/X (sky130_fd_sc_hd__clkdlybuf4s25_1)
                                                         net406 (net)
                      0.837195    0.000408    9.153642 ^ fanout404/A (sky130_fd_sc_hd__clkdlybuf4s25_1)
     8    0.054668    0.545119    0.765837    9.919478 ^ fanout404/X (sky130_fd_sc_hd__clkdlybuf4s25_1)
                                                         net404 (net)
                      0.545119    0.000226    9.919705 ^ fanout402/A (sky130_fd_sc_hd__clkdlybuf4s25_1)
     3    0.024911    0.254796    0.522081   10.441787 ^ fanout402/X (sky130_fd_sc_hd__clkdlybuf4s25_1)
                                                         net402 (net)
                      0.254796    0.000698   10.442485 ^ load_slew403/A (sky130_fd_sc_hd__buf_4)
     8    0.054245    0.154310    0.271195   10.713679 ^ load_slew403/X (sky130_fd_sc_hd__buf_4)
                                                         net403 (net)
                      0.154313    0.000914   10.714593 ^ fanout400/A (sky130_fd_sc_hd__clkdlybuf4s25_1)
     5    0.042864    0.430562    0.579774   11.294367 ^ fanout400/X (sky130_fd_sc_hd__clkdlybuf4s25_1)
                                                         net400 (net)
                      0.430564    0.001856   11.296223 ^ load_slew401/A (sky130_fd_sc_hd__clkbuf_2)
     6    0.048837    0.265893    0.369553   11.665776 ^ load_slew401/X (sky130_fd_sc_hd__clkbuf_2)
                                                         net401 (net)
                      0.265895    0.001330   11.667106 ^ _3412_/B_N (sky130_fd_sc_hd__nor2b_2)
     4    0.020264    0.235271    0.332417   11.999522 ^ _3412_/Y (sky130_fd_sc_hd__nor2b_2)
                                                         _2625_ (net)
                      0.235342    0.000376   11.999898 ^ _3555_/C1 (sky130_fd_sc_hd__a221oi_2)
     5    0.019087    0.112048    0.113663   12.113562 v _3555_/Y (sky130_fd_sc_hd__a221oi_2)
                                                         _2765_ (net)
                      0.112066    0.000664   12.114225 v _3683_/A3 (sky130_fd_sc_hd__o31a_2)
     3    0.014572    0.078841    0.362697   12.476923 v _3683_/X (sky130_fd_sc_hd__o31a_2)
                                                         _2891_ (net)
                      0.078841    0.000461   12.477384 v _4087_/A2 (sky130_fd_sc_hd__o41a_2)
     4    0.042549    0.156858    0.635275   13.112659 v _4087_/X (sky130_fd_sc_hd__o41a_2)
                                                         _0069_ (net)
                      0.156861    0.001016   13.113675 v _4441_/A3 (sky130_fd_sc_hd__o31ai_4)
     1    0.010036    0.217225    0.254597   13.368272 ^ _4441_/Y (sky130_fd_sc_hd__o31ai_4)
                                                         _0415_ (net)
                      0.217225    0.000390   13.368662 ^ wire248/A (sky130_fd_sc_hd__buf_2)
     5    0.044078    0.216756    0.297373   13.666035 ^ wire248/X (sky130_fd_sc_hd__buf_2)
                                                         net248 (net)
                      0.216879    0.002957   13.668992 ^ _4442_/A (sky130_fd_sc_hd__clkbuf_1)
     5    0.026112    0.307995    0.315308   13.984300 ^ _4442_/X (sky130_fd_sc_hd__clkbuf_1)
                                                         _0416_ (net)
                      0.307995    0.000316   13.984615 ^ max_cap234/A (sky130_fd_sc_hd__buf_2)
     6    0.035950    0.178677    0.293347   14.277963 ^ max_cap234/X (sky130_fd_sc_hd__buf_2)
                                                         net234 (net)
                      0.178679    0.000990   14.278953 ^ _4443_/B (sky130_fd_sc_hd__nand2_2)
     9    0.043770    0.181295    0.207439   14.486392 v _4443_/Y (sky130_fd_sc_hd__nand2_2)
                                                         _0417_ (net)
                      0.181296    0.000330   14.486722 v _4541_/S (sky130_fd_sc_hd__mux2_2)
     1    0.005720    0.056607    0.346758   14.833480 v _4541_/X (sky130_fd_sc_hd__mux2_2)
                                                         _0513_ (net)
                      0.056607    0.000079   14.833559 v _4542_/B1 (sky130_fd_sc_hd__o31ai_2)
     3    0.007302    0.236544    0.078400   14.911959 ^ _4542_/Y (sky130_fd_sc_hd__o31ai_2)
                                                         _0514_ (net)
                      0.236544    0.000082   14.912040 ^ _4586_/D_N (sky130_fd_sc_hd__or4b_2)
     4    0.024335    0.174443    0.761583   15.673623 v _4586_/X (sky130_fd_sc_hd__or4b_2)
                                                         _0557_ (net)
                      0.174443    0.000824   15.674447 v _4668_/C (sky130_fd_sc_hd__nor4_2)
     3    0.011150    0.348489    0.391371   16.065817 ^ _4668_/Y (sky130_fd_sc_hd__nor4_2)
                                                         _0637_ (net)
                      0.348489    0.000192   16.066010 ^ _4927_/B (sky130_fd_sc_hd__and4b_2)
     1    0.008868    0.081697    0.328090   16.394098 ^ _4927_/X (sky130_fd_sc_hd__and4b_2)
                                                         _0890_ (net)
                      0.081697    0.000068   16.394167 ^ _4928_/B (sky130_fd_sc_hd__xor2_2)
     1    0.003713    0.082522    0.066093   16.460258 v _4928_/X (sky130_fd_sc_hd__xor2_2)
                                                         _0891_ (net)
                      0.082522    0.000053   16.460312 v _4952_/B1 (sky130_fd_sc_hd__a221o_2)
     2    0.011638    0.077554    0.397463   16.857777 v _4952_/X (sky130_fd_sc_hd__a221o_2)
                                                         net165 (net)
                      0.077554    0.000242   16.858017 v output165/A (sky130_fd_sc_hd__clkdlybuf4s25_1)
     1    0.037164    0.275734    0.465807   17.323824 v output165/X (sky130_fd_sc_hd__clkdlybuf4s25_1)
                                                         result[35] (net)
                      0.275734    0.000911   17.324736 v result[35] (out)
                                             17.324736   data arrival time

                      0.000000   40.000000   40.000000   clock __VIRTUAL_CLK__ (rise edge)
                                  0.000000   40.000000   clock network delay (ideal)
                                 -0.250000   39.750000   clock uncertainty
                                  0.000000   39.750000   clock reconvergence pessimism
                                 -8.000000   31.750000   output external delay
                                             31.750000   data required time
---------------------------------------------------------------------------------------------
                                             31.750000   data required time
                                            -17.324736   data arrival time
---------------------------------------------------------------------------------------------
                                             14.425263   slack (MET)


Startpoint: operand_b[1] (input port clocked by __VIRTUAL_CLK__)
Endpoint: result[21] (output port clocked by __VIRTUAL_CLK__)
Path Group: __VIRTUAL_CLK__
Path Type: max

Fanout         Cap        Slew       Delay        Time   Description
---------------------------------------------------------------------------------------------
                      0.000000    0.000000    0.000000   clock __VIRTUAL_CLK__ (rise edge)
                                  0.000000    0.000000   clock network delay (ideal)
                                  8.000000    8.000000 ^ input external delay
     1    0.007862    0.041921    0.028532    8.028532 ^ operand_b[1] (in)
                                                         operand_b[1] (net)
                      0.041923    0.000000    8.028532 ^ input81/A (sky130_fd_sc_hd__clkdlybuf4s25_1)
     1    0.005436    0.068098    0.273489    8.302021 ^ input81/X (sky130_fd_sc_hd__clkdlybuf4s25_1)
                                                         net81 (net)
                      0.068098    0.000110    8.302131 ^ fanout406/A (sky130_fd_sc_hd__clkdlybuf4s25_1)
     7    0.084421    0.837195    0.851103    9.153234 ^ fanout406/X (sky130_fd_sc_hd__clkdlybuf4s25_1)
                                                         net406 (net)
                      0.837195    0.000408    9.153642 ^ fanout404/A (sky130_fd_sc_hd__clkdlybuf4s25_1)
     8    0.054668    0.545119    0.765837    9.919478 ^ fanout404/X (sky130_fd_sc_hd__clkdlybuf4s25_1)
                                                         net404 (net)
                      0.545119    0.000226    9.919705 ^ fanout402/A (sky130_fd_sc_hd__clkdlybuf4s25_1)
     3    0.024911    0.254796    0.522081   10.441787 ^ fanout402/X (sky130_fd_sc_hd__clkdlybuf4s25_1)
                                                         net402 (net)
                      0.254796    0.000698   10.442485 ^ load_slew403/A (sky130_fd_sc_hd__buf_4)
     8    0.054245    0.154310    0.271195   10.713679 ^ load_slew403/X (sky130_fd_sc_hd__buf_4)
                                                         net403 (net)
                      0.154313    0.000914   10.714593 ^ fanout400/A (sky130_fd_sc_hd__clkdlybuf4s25_1)
     5    0.042864    0.430562    0.579774   11.294367 ^ fanout400/X (sky130_fd_sc_hd__clkdlybuf4s25_1)
                                                         net400 (net)
                      0.430564    0.001856   11.296223 ^ load_slew401/A (sky130_fd_sc_hd__clkbuf_2)
     6    0.048837    0.265893    0.369553   11.665776 ^ load_slew401/X (sky130_fd_sc_hd__clkbuf_2)
                                                         net401 (net)
                      0.265895    0.001330   11.667106 ^ _3412_/B_N (sky130_fd_sc_hd__nor2b_2)
     4    0.020264    0.235271    0.332417   11.999522 ^ _3412_/Y (sky130_fd_sc_hd__nor2b_2)
                                                         _2625_ (net)
                      0.235342    0.000376   11.999898 ^ _3555_/C1 (sky130_fd_sc_hd__a221oi_2)
     5    0.019087    0.112048    0.113663   12.113562 v _3555_/Y (sky130_fd_sc_hd__a221oi_2)
                                                         _2765_ (net)
                      0.112066    0.000664   12.114225 v _3683_/A3 (sky130_fd_sc_hd__o31a_2)
     3    0.014572    0.078841    0.362697   12.476923 v _3683_/X (sky130_fd_sc_hd__o31a_2)
                                                         _2891_ (net)
                      0.078841    0.000281   12.477203 v _3686_/B (sky130_fd_sc_hd__or4_4)
     1    0.005088    0.085280    0.545249   13.022452 v _3686_/X (sky130_fd_sc_hd__or4_4)
                                                         _2894_ (net)
                      0.085280    0.000054   13.022507 v _3687_/A (sky130_fd_sc_hd__buf_6)
     8    0.035303    0.044413    0.163532   13.186039 v _3687_/X (sky130_fd_sc_hd__buf_6)
                                                         _2895_ (net)
                      0.044426    0.000766   13.186805 v _3771_/B2 (sky130_fd_sc_hd__a221o_2)
     2    0.008430    0.068300    0.393701   13.580506 v _3771_/X (sky130_fd_sc_hd__a221o_2)
                                                         _2977_ (net)
                      0.068300    0.000083   13.580589 v _3775_/A1 (sky130_fd_sc_hd__a21o_2)
     3    0.013116    0.058074    0.235461   13.816051 v _3775_/X (sky130_fd_sc_hd__a21o_2)
                                                         _2981_ (net)
                      0.058074    0.000121   13.816172 v _3822_/A2 (sky130_fd_sc_hd__a2111o_2)
     2    0.022176    0.113439    0.564363   14.380534 v _3822_/X (sky130_fd_sc_hd__a2111o_2)
                                                         _3027_ (net)
                      0.113443    0.000849   14.381384 v _4006_/A (sky130_fd_sc_hd__or4b_4)
     4    0.017887    0.110647    0.628569   15.009953 v _4006_/X (sky130_fd_sc_hd__or4b_4)
                                                         _3207_ (net)
                      0.110647    0.000647   15.010599 v _4265_/A (sky130_fd_sc_hd__or4_2)
     5    0.029585    0.188238    0.851681   15.862281 v _4265_/X (sky130_fd_sc_hd__or4_2)
                                                         _0243_ (net)
                      0.188238    0.000609   15.862890 v _4306_/A2 (sky130_fd_sc_hd__a21bo_2)
     1    0.002756    0.034217    0.271374   16.134264 v _4306_/X (sky130_fd_sc_hd__a21bo_2)
                                                         _0283_ (net)
                      0.034217    0.000016   16.134279 v _4308_/B1 (sky130_fd_sc_hd__a221o_2)
     1    0.005721    0.061219    0.353420   16.487701 v _4308_/X (sky130_fd_sc_hd__a221o_2)
                                                         _0285_ (net)
                      0.061219    0.000078   16.487780 v _4309_/B1 (sky130_fd_sc_hd__o21ai_2)
     1    0.004347    0.099403    0.063928   16.551706 ^ _4309_/Y (sky130_fd_sc_hd__o21ai_2)
                                                         _0286_ (net)
                      0.099403    0.000064   16.551769 ^ _4345_/A1 (sky130_fd_sc_hd__a211o_2)
     2    0.026654    0.133625    0.222574   16.774343 ^ _4345_/X (sky130_fd_sc_hd__a211o_2)
                                                         net150 (net)
                      0.133644    0.001725   16.776070 ^ output150/A (sky130_fd_sc_hd__clkdlybuf4s25_1)
     1    0.036392    0.367390    0.528463   17.304531 ^ output150/X (sky130_fd_sc_hd__clkdlybuf4s25_1)
                                                         result[21] (net)
                      0.367390    0.000753   17.305285 ^ result[21] (out)
                                             17.305285   data arrival time

                      0.000000   40.000000   40.000000   clock __VIRTUAL_CLK__ (rise edge)
                                  0.000000   40.000000   clock network delay (ideal)
                                 -0.250000   39.750000   clock uncertainty
                                  0.000000   39.750000   clock reconvergence pessimism
                                 -8.000000   31.750000   output external delay
                                             31.750000   data required time
---------------------------------------------------------------------------------------------
                                             31.750000   data required time
                                            -17.305285   data arrival time
---------------------------------------------------------------------------------------------
                                             14.444715   slack (MET)


Startpoint: operand_b[1] (input port clocked by __VIRTUAL_CLK__)
Endpoint: result[24] (output port clocked by __VIRTUAL_CLK__)
Path Group: __VIRTUAL_CLK__
Path Type: max

Fanout         Cap        Slew       Delay        Time   Description
---------------------------------------------------------------------------------------------
                      0.000000    0.000000    0.000000   clock __VIRTUAL_CLK__ (rise edge)
                                  0.000000    0.000000   clock network delay (ideal)
                                  8.000000    8.000000 ^ input external delay
     1    0.007862    0.041921    0.028532    8.028532 ^ operand_b[1] (in)
                                                         operand_b[1] (net)
                      0.041923    0.000000    8.028532 ^ input81/A (sky130_fd_sc_hd__clkdlybuf4s25_1)
     1    0.005436    0.068098    0.273489    8.302021 ^ input81/X (sky130_fd_sc_hd__clkdlybuf4s25_1)
                                                         net81 (net)
                      0.068098    0.000110    8.302131 ^ fanout406/A (sky130_fd_sc_hd__clkdlybuf4s25_1)
     7    0.084421    0.837195    0.851103    9.153234 ^ fanout406/X (sky130_fd_sc_hd__clkdlybuf4s25_1)
                                                         net406 (net)
                      0.837195    0.000408    9.153642 ^ fanout404/A (sky130_fd_sc_hd__clkdlybuf4s25_1)
     8    0.054668    0.545119    0.765837    9.919478 ^ fanout404/X (sky130_fd_sc_hd__clkdlybuf4s25_1)
                                                         net404 (net)
                      0.545119    0.000226    9.919705 ^ fanout402/A (sky130_fd_sc_hd__clkdlybuf4s25_1)
     3    0.024911    0.254796    0.522081   10.441787 ^ fanout402/X (sky130_fd_sc_hd__clkdlybuf4s25_1)
                                                         net402 (net)
                      0.254796    0.000698   10.442485 ^ load_slew403/A (sky130_fd_sc_hd__buf_4)
     8    0.054245    0.154310    0.271195   10.713679 ^ load_slew403/X (sky130_fd_sc_hd__buf_4)
                                                         net403 (net)
                      0.154313    0.000914   10.714593 ^ fanout400/A (sky130_fd_sc_hd__clkdlybuf4s25_1)
     5    0.042864    0.430562    0.579774   11.294367 ^ fanout400/X (sky130_fd_sc_hd__clkdlybuf4s25_1)
                                                         net400 (net)
                      0.430564    0.001856   11.296223 ^ load_slew401/A (sky130_fd_sc_hd__clkbuf_2)
     6    0.048837    0.265893    0.369553   11.665776 ^ load_slew401/X (sky130_fd_sc_hd__clkbuf_2)
                                                         net401 (net)
                      0.265895    0.001330   11.667106 ^ _3412_/B_N (sky130_fd_sc_hd__nor2b_2)
     4    0.020264    0.235271    0.332417   11.999522 ^ _3412_/Y (sky130_fd_sc_hd__nor2b_2)
                                                         _2625_ (net)
                      0.235342    0.000376   11.999898 ^ _3555_/C1 (sky130_fd_sc_hd__a221oi_2)
     5    0.019087    0.112048    0.113663   12.113562 v _3555_/Y (sky130_fd_sc_hd__a221oi_2)
                                                         _2765_ (net)
                      0.112066    0.000664   12.114225 v _3683_/A3 (sky130_fd_sc_hd__o31a_2)
     3    0.014572    0.078841    0.362697   12.476923 v _3683_/X (sky130_fd_sc_hd__o31a_2)
                                                         _2891_ (net)
                      0.078841    0.000475   12.477398 v _4080_/A1 (sky130_fd_sc_hd__o311a_2)
     4    0.048184    0.152650    0.554491   13.031889 v _4080_/X (sky130_fd_sc_hd__o311a_2)
                                                         _0062_ (net)
                      0.152668    0.001839   13.033728 v _4088_/B (sky130_fd_sc_hd__nor4_4)
     3    0.018757    0.350603    0.430870   13.464597 ^ _4088_/Y (sky130_fd_sc_hd__nor4_4)
                                                         _0070_ (net)
                      0.350603    0.000060   13.464658 ^ max_cap254/A (sky130_fd_sc_hd__clkbuf_2)
     5    0.026540    0.150480    0.272368   13.737025 ^ max_cap254/X (sky130_fd_sc_hd__clkbuf_2)
                                                         net254 (net)
                      0.150482    0.000813   13.737838 ^ _4172_/A1 (sky130_fd_sc_hd__o21a_2)
     4    0.035474    0.190653    0.285444   14.023282 ^ _4172_/X (sky130_fd_sc_hd__o21a_2)
                                                         _0152_ (net)
                      0.190653    0.000154   14.023436 ^ _4263_/B (sky130_fd_sc_hd__nand3_2)
     2    0.022713    0.161488    0.191863   14.215299 v _4263_/Y (sky130_fd_sc_hd__nand3_2)
                                                         _0241_ (net)
                      0.161488    0.000539   14.215837 v _4264_/A2 (sky130_fd_sc_hd__a21o_2)
     2    0.006435    0.042714    0.274103   14.489942 v _4264_/X (sky130_fd_sc_hd__a21o_2)
                                                         _0242_ (net)
                      0.042714    0.000093   14.490034 v _4361_/A (sky130_fd_sc_hd__or3_2)
     1    0.003247    0.077128    0.490040   14.980075 v _4361_/X (sky130_fd_sc_hd__or3_2)
                                                         _0337_ (net)
                      0.077128    0.000039   14.980114 v _4362_/A (sky130_fd_sc_hd__buf_1)
     8    0.039921    0.231616    0.271740   15.251854 v _4362_/X (sky130_fd_sc_hd__buf_1)
                                                         _0338_ (net)
                      0.231617    0.000945   15.252799 v _4363_/B (sky130_fd_sc_hd__or2_2)
     5    0.019101    0.095869    0.423638   15.676436 v _4363_/X (sky130_fd_sc_hd__or2_2)
                                                         _0339_ (net)
                      0.095869    0.000369   15.676806 v _4478_/B (sky130_fd_sc_hd__or4_2)
     1    0.002584    0.096720    0.677719   16.354525 v _4478_/X (sky130_fd_sc_hd__or4_2)
                                                         _0452_ (net)
                      0.096720    0.000030   16.354555 v _4479_/C_N (sky130_fd_sc_hd__or3b_2)
     1    0.003683    0.036234    0.220265   16.574820 ^ _4479_/X (sky130_fd_sc_hd__or3b_2)
                                                         _0453_ (net)
                      0.036234    0.000052   16.574871 ^ _4480_/A (sky130_fd_sc_hd__buf_1)
     2    0.014268    0.173292    0.176911   16.751783 ^ _4480_/X (sky130_fd_sc_hd__buf_1)
                                                         net153 (net)
                      0.173292    0.000279   16.752062 ^ output153/A (sky130_fd_sc_hd__clkdlybuf4s25_1)
     1    0.034992    0.353540    0.528564   17.280626 ^ output153/X (sky130_fd_sc_hd__clkdlybuf4s25_1)
                                                         result[24] (net)
                      0.353540    0.000538   17.281164 ^ result[24] (out)
                                             17.281164   data arrival time

                      0.000000   40.000000   40.000000   clock __VIRTUAL_CLK__ (rise edge)
                                  0.000000   40.000000   clock network delay (ideal)
                                 -0.250000   39.750000   clock uncertainty
                                  0.000000   39.750000   clock reconvergence pessimism
                                 -8.000000   31.750000   output external delay
                                             31.750000   data required time
---------------------------------------------------------------------------------------------
                                             31.750000   data required time
                                            -17.281164   data arrival time
---------------------------------------------------------------------------------------------
                                             14.468836   slack (MET)


Startpoint: operand_b[1] (input port clocked by __VIRTUAL_CLK__)
Endpoint: result[28] (output port clocked by __VIRTUAL_CLK__)
Path Group: __VIRTUAL_CLK__
Path Type: max

Fanout         Cap        Slew       Delay        Time   Description
---------------------------------------------------------------------------------------------
                      0.000000    0.000000    0.000000   clock __VIRTUAL_CLK__ (rise edge)
                                  0.000000    0.000000   clock network delay (ideal)
                                  8.000000    8.000000 ^ input external delay
     1    0.007862    0.041921    0.028532    8.028532 ^ operand_b[1] (in)
                                                         operand_b[1] (net)
                      0.041923    0.000000    8.028532 ^ input81/A (sky130_fd_sc_hd__clkdlybuf4s25_1)
     1    0.005436    0.068098    0.273489    8.302021 ^ input81/X (sky130_fd_sc_hd__clkdlybuf4s25_1)
                                                         net81 (net)
                      0.068098    0.000110    8.302131 ^ fanout406/A (sky130_fd_sc_hd__clkdlybuf4s25_1)
     7    0.084421    0.837195    0.851103    9.153234 ^ fanout406/X (sky130_fd_sc_hd__clkdlybuf4s25_1)
                                                         net406 (net)
                      0.837195    0.000408    9.153642 ^ fanout404/A (sky130_fd_sc_hd__clkdlybuf4s25_1)
     8    0.054668    0.545119    0.765837    9.919478 ^ fanout404/X (sky130_fd_sc_hd__clkdlybuf4s25_1)
                                                         net404 (net)
                      0.545119    0.000226    9.919705 ^ fanout402/A (sky130_fd_sc_hd__clkdlybuf4s25_1)
     3    0.024911    0.254796    0.522081   10.441787 ^ fanout402/X (sky130_fd_sc_hd__clkdlybuf4s25_1)
                                                         net402 (net)
                      0.254796    0.000698   10.442485 ^ load_slew403/A (sky130_fd_sc_hd__buf_4)
     8    0.054245    0.154310    0.271195   10.713679 ^ load_slew403/X (sky130_fd_sc_hd__buf_4)
                                                         net403 (net)
                      0.154313    0.000914   10.714593 ^ fanout400/A (sky130_fd_sc_hd__clkdlybuf4s25_1)
     5    0.042864    0.430562    0.579774   11.294367 ^ fanout400/X (sky130_fd_sc_hd__clkdlybuf4s25_1)
                                                         net400 (net)
                      0.430564    0.001856   11.296223 ^ load_slew401/A (sky130_fd_sc_hd__clkbuf_2)
     6    0.048837    0.265893    0.369553   11.665776 ^ load_slew401/X (sky130_fd_sc_hd__clkbuf_2)
                                                         net401 (net)
                      0.265895    0.001330   11.667106 ^ _3412_/B_N (sky130_fd_sc_hd__nor2b_2)
     4    0.020264    0.235271    0.332417   11.999522 ^ _3412_/Y (sky130_fd_sc_hd__nor2b_2)
                                                         _2625_ (net)
                      0.235342    0.000376   11.999898 ^ _3555_/C1 (sky130_fd_sc_hd__a221oi_2)
     5    0.019087    0.112048    0.113663   12.113562 v _3555_/Y (sky130_fd_sc_hd__a221oi_2)
                                                         _2765_ (net)
                      0.112066    0.000664   12.114225 v _3683_/A3 (sky130_fd_sc_hd__o31a_2)
     3    0.014572    0.078841    0.362697   12.476923 v _3683_/X (sky130_fd_sc_hd__o31a_2)
                                                         _2891_ (net)
                      0.078841    0.000281   12.477203 v _3686_/B (sky130_fd_sc_hd__or4_4)
     1    0.005088    0.085280    0.545249   13.022452 v _3686_/X (sky130_fd_sc_hd__or4_4)
                                                         _2894_ (net)
                      0.085280    0.000054   13.022507 v _3687_/A (sky130_fd_sc_hd__buf_6)
     8    0.035303    0.044413    0.163532   13.186039 v _3687_/X (sky130_fd_sc_hd__buf_6)
                                                         _2895_ (net)
                      0.044426    0.000766   13.186805 v _3771_/B2 (sky130_fd_sc_hd__a221o_2)
     2    0.008430    0.068300    0.393701   13.580506 v _3771_/X (sky130_fd_sc_hd__a221o_2)
                                                         _2977_ (net)
                      0.068300    0.000083   13.580589 v _3775_/A1 (sky130_fd_sc_hd__a21o_2)
     3    0.013116    0.058074    0.235461   13.816051 v _3775_/X (sky130_fd_sc_hd__a21o_2)
                                                         _2981_ (net)
                      0.058074    0.000121   13.816172 v _3822_/A2 (sky130_fd_sc_hd__a2111o_2)
     2    0.022176    0.113439    0.564363   14.380534 v _3822_/X (sky130_fd_sc_hd__a2111o_2)
                                                         _3027_ (net)
                      0.113443    0.000849   14.381384 v _4006_/A (sky130_fd_sc_hd__or4b_4)
     4    0.017887    0.110647    0.628569   15.009953 v _4006_/X (sky130_fd_sc_hd__or4b_4)
                                                         _3207_ (net)
                      0.110647    0.000618   15.010571 v _4091_/A (sky130_fd_sc_hd__or3_4)
     1    0.005165    0.066955    0.425150   15.435720 v _4091_/X (sky130_fd_sc_hd__or3_4)
                                                         _0073_ (net)
                      0.066955    0.000055   15.435776 v _4092_/A (sky130_fd_sc_hd__buf_6)
     8    0.054267    0.060027    0.168299   15.604074 v _4092_/X (sky130_fd_sc_hd__buf_6)
                                                         _0074_ (net)
                      0.060222    0.003139   15.607214 v _4612_/A (sky130_fd_sc_hd__or4_2)
     1    0.009314    0.124547    0.737986   16.345200 v _4612_/X (sky130_fd_sc_hd__or4_2)
                                                         _0582_ (net)
                      0.124547    0.000117   16.345316 v _4623_/A (sky130_fd_sc_hd__xnor2_2)
     1    0.004591    0.049660    0.173596   16.518913 v _4623_/Y (sky130_fd_sc_hd__xnor2_2)
                                                         _0593_ (net)
                      0.049660    0.000044   16.518957 v _4653_/A2 (sky130_fd_sc_hd__o21ai_2)
     2    0.011793    0.187917    0.177289   16.696247 ^ _4653_/Y (sky130_fd_sc_hd__o21ai_2)
                                                         net157 (net)
                      0.187917    0.000323   16.696569 ^ output157/A (sky130_fd_sc_hd__clkdlybuf4s25_1)
     1    0.036319    0.366463    0.541643   17.238213 ^ output157/X (sky130_fd_sc_hd__clkdlybuf4s25_1)
                                                         result[28] (net)
                      0.366463    0.000739   17.238953 ^ result[28] (out)
                                             17.238953   data arrival time

                      0.000000   40.000000   40.000000   clock __VIRTUAL_CLK__ (rise edge)
                                  0.000000   40.000000   clock network delay (ideal)
                                 -0.250000   39.750000   clock uncertainty
                                  0.000000   39.750000   clock reconvergence pessimism
                                 -8.000000   31.750000   output external delay
                                             31.750000   data required time
---------------------------------------------------------------------------------------------
                                             31.750000   data required time
                                            -17.238953   data arrival time
---------------------------------------------------------------------------------------------
                                             14.511047   slack (MET)


Startpoint: operand_b[1] (input port clocked by __VIRTUAL_CLK__)
Endpoint: result[25] (output port clocked by __VIRTUAL_CLK__)
Path Group: __VIRTUAL_CLK__
Path Type: max

Fanout         Cap        Slew       Delay        Time   Description
---------------------------------------------------------------------------------------------
                      0.000000    0.000000    0.000000   clock __VIRTUAL_CLK__ (rise edge)
                                  0.000000    0.000000   clock network delay (ideal)
                                  8.000000    8.000000 ^ input external delay
     1    0.007862    0.041921    0.028532    8.028532 ^ operand_b[1] (in)
                                                         operand_b[1] (net)
                      0.041923    0.000000    8.028532 ^ input81/A (sky130_fd_sc_hd__clkdlybuf4s25_1)
     1    0.005436    0.068098    0.273489    8.302021 ^ input81/X (sky130_fd_sc_hd__clkdlybuf4s25_1)
                                                         net81 (net)
                      0.068098    0.000110    8.302131 ^ fanout406/A (sky130_fd_sc_hd__clkdlybuf4s25_1)
     7    0.084421    0.837195    0.851103    9.153234 ^ fanout406/X (sky130_fd_sc_hd__clkdlybuf4s25_1)
                                                         net406 (net)
                      0.837195    0.000408    9.153642 ^ fanout404/A (sky130_fd_sc_hd__clkdlybuf4s25_1)
     8    0.054668    0.545119    0.765837    9.919478 ^ fanout404/X (sky130_fd_sc_hd__clkdlybuf4s25_1)
                                                         net404 (net)
                      0.545119    0.000226    9.919705 ^ fanout402/A (sky130_fd_sc_hd__clkdlybuf4s25_1)
     3    0.024911    0.254796    0.522081   10.441787 ^ fanout402/X (sky130_fd_sc_hd__clkdlybuf4s25_1)
                                                         net402 (net)
                      0.254796    0.000698   10.442485 ^ load_slew403/A (sky130_fd_sc_hd__buf_4)
     8    0.054245    0.154310    0.271195   10.713679 ^ load_slew403/X (sky130_fd_sc_hd__buf_4)
                                                         net403 (net)
                      0.154313    0.000914   10.714593 ^ fanout400/A (sky130_fd_sc_hd__clkdlybuf4s25_1)
     5    0.042864    0.430562    0.579774   11.294367 ^ fanout400/X (sky130_fd_sc_hd__clkdlybuf4s25_1)
                                                         net400 (net)
                      0.430564    0.001856   11.296223 ^ load_slew401/A (sky130_fd_sc_hd__clkbuf_2)
     6    0.048837    0.265893    0.369553   11.665776 ^ load_slew401/X (sky130_fd_sc_hd__clkbuf_2)
                                                         net401 (net)
                      0.265895    0.001330   11.667106 ^ _3412_/B_N (sky130_fd_sc_hd__nor2b_2)
     4    0.020264    0.235271    0.332417   11.999522 ^ _3412_/Y (sky130_fd_sc_hd__nor2b_2)
                                                         _2625_ (net)
                      0.235342    0.000376   11.999898 ^ _3555_/C1 (sky130_fd_sc_hd__a221oi_2)
     5    0.019087    0.112048    0.113663   12.113562 v _3555_/Y (sky130_fd_sc_hd__a221oi_2)
                                                         _2765_ (net)
                      0.112066    0.000664   12.114225 v _3683_/A3 (sky130_fd_sc_hd__o31a_2)
     3    0.014572    0.078841    0.362697   12.476923 v _3683_/X (sky130_fd_sc_hd__o31a_2)
                                                         _2891_ (net)
                      0.078841    0.000475   12.477398 v _4080_/A1 (sky130_fd_sc_hd__o311a_2)
     4    0.048184    0.152650    0.554491   13.031889 v _4080_/X (sky130_fd_sc_hd__o311a_2)
                                                         _0062_ (net)
                      0.152668    0.001839   13.033728 v _4088_/B (sky130_fd_sc_hd__nor4_4)
     3    0.018757    0.350603    0.430870   13.464597 ^ _4088_/Y (sky130_fd_sc_hd__nor4_4)
                                                         _0070_ (net)
                      0.350603    0.000060   13.464658 ^ max_cap254/A (sky130_fd_sc_hd__clkbuf_2)
     5    0.026540    0.150480    0.272368   13.737025 ^ max_cap254/X (sky130_fd_sc_hd__clkbuf_2)
                                                         net254 (net)
                      0.150482    0.000813   13.737838 ^ _4172_/A1 (sky130_fd_sc_hd__o21a_2)
     4    0.035474    0.190653    0.285444   14.023282 ^ _4172_/X (sky130_fd_sc_hd__o21a_2)
                                                         _0152_ (net)
                      0.190653    0.000154   14.023436 ^ _4263_/B (sky130_fd_sc_hd__nand3_2)
     2    0.022713    0.161488    0.191863   14.215299 v _4263_/Y (sky130_fd_sc_hd__nand3_2)
                                                         _0241_ (net)
                      0.161488    0.000539   14.215837 v _4264_/A2 (sky130_fd_sc_hd__a21o_2)
     2    0.006435    0.042714    0.274103   14.489942 v _4264_/X (sky130_fd_sc_hd__a21o_2)
                                                         _0242_ (net)
                      0.042714    0.000093   14.490034 v _4361_/A (sky130_fd_sc_hd__or3_2)
     1    0.003247    0.077128    0.490040   14.980075 v _4361_/X (sky130_fd_sc_hd__or3_2)
                                                         _0337_ (net)
                      0.077128    0.000039   14.980114 v _4362_/A (sky130_fd_sc_hd__buf_1)
     8    0.039921    0.231616    0.271740   15.251854 v _4362_/X (sky130_fd_sc_hd__buf_1)
                                                         _0338_ (net)
                      0.231617    0.000945   15.252799 v _4363_/B (sky130_fd_sc_hd__or2_2)
     5    0.019101    0.095869    0.423638   15.676436 v _4363_/X (sky130_fd_sc_hd__or2_2)
                                                         _0339_ (net)
                      0.095869    0.000338   15.676774 v _4482_/A (sky130_fd_sc_hd__or2_2)
     3    0.012747    0.082514    0.367832   16.044605 v _4482_/X (sky130_fd_sc_hd__or2_2)
                                                         _0455_ (net)
                      0.082514    0.000171   16.044777 v _4490_/A1 (sky130_fd_sc_hd__o311a_2)
     1    0.003392    0.056149    0.419934   16.464710 v _4490_/X (sky130_fd_sc_hd__o311a_2)
                                                         _0463_ (net)
                      0.056149    0.000043   16.464754 v _4525_/A3 (sky130_fd_sc_hd__a31o_2)
     2    0.017278    0.069779    0.301217   16.765970 v _4525_/X (sky130_fd_sc_hd__a31o_2)
                                                         net154 (net)
                      0.069779    0.000211   16.766182 v output154/A (sky130_fd_sc_hd__clkdlybuf4s25_1)
     1    0.037047    0.275016    0.461647   17.227829 v output154/X (sky130_fd_sc_hd__clkdlybuf4s25_1)
                                                         result[25] (net)
                      0.275016    0.000854   17.228683 v result[25] (out)
                                             17.228683   data arrival time

                      0.000000   40.000000   40.000000   clock __VIRTUAL_CLK__ (rise edge)
                                  0.000000   40.000000   clock network delay (ideal)
                                 -0.250000   39.750000   clock uncertainty
                                  0.000000   39.750000   clock reconvergence pessimism
                                 -8.000000   31.750000   output external delay
                                             31.750000   data required time
---------------------------------------------------------------------------------------------
                                             31.750000   data required time
                                            -17.228683   data arrival time
---------------------------------------------------------------------------------------------
                                             14.521317   slack (MET)


Startpoint: operand_b[1] (input port clocked by __VIRTUAL_CLK__)
Endpoint: result[32] (output port clocked by __VIRTUAL_CLK__)
Path Group: __VIRTUAL_CLK__
Path Type: max

Fanout         Cap        Slew       Delay        Time   Description
---------------------------------------------------------------------------------------------
                      0.000000    0.000000    0.000000   clock __VIRTUAL_CLK__ (rise edge)
                                  0.000000    0.000000   clock network delay (ideal)
                                  8.000000    8.000000 ^ input external delay
     1    0.007862    0.041921    0.028532    8.028532 ^ operand_b[1] (in)
                                                         operand_b[1] (net)
                      0.041923    0.000000    8.028532 ^ input81/A (sky130_fd_sc_hd__clkdlybuf4s25_1)
     1    0.005436    0.068098    0.273489    8.302021 ^ input81/X (sky130_fd_sc_hd__clkdlybuf4s25_1)
                                                         net81 (net)
                      0.068098    0.000110    8.302131 ^ fanout406/A (sky130_fd_sc_hd__clkdlybuf4s25_1)
     7    0.084421    0.837195    0.851103    9.153234 ^ fanout406/X (sky130_fd_sc_hd__clkdlybuf4s25_1)
                                                         net406 (net)
                      0.837195    0.000408    9.153642 ^ fanout404/A (sky130_fd_sc_hd__clkdlybuf4s25_1)
     8    0.054668    0.545119    0.765837    9.919478 ^ fanout404/X (sky130_fd_sc_hd__clkdlybuf4s25_1)
                                                         net404 (net)
                      0.545119    0.000226    9.919705 ^ fanout402/A (sky130_fd_sc_hd__clkdlybuf4s25_1)
     3    0.024911    0.254796    0.522081   10.441787 ^ fanout402/X (sky130_fd_sc_hd__clkdlybuf4s25_1)
                                                         net402 (net)
                      0.254796    0.000698   10.442485 ^ load_slew403/A (sky130_fd_sc_hd__buf_4)
     8    0.054245    0.154310    0.271195   10.713679 ^ load_slew403/X (sky130_fd_sc_hd__buf_4)
                                                         net403 (net)
                      0.154313    0.000914   10.714593 ^ fanout400/A (sky130_fd_sc_hd__clkdlybuf4s25_1)
     5    0.042864    0.430562    0.579774   11.294367 ^ fanout400/X (sky130_fd_sc_hd__clkdlybuf4s25_1)
                                                         net400 (net)
                      0.430564    0.001856   11.296223 ^ load_slew401/A (sky130_fd_sc_hd__clkbuf_2)
     6    0.048837    0.265893    0.369553   11.665776 ^ load_slew401/X (sky130_fd_sc_hd__clkbuf_2)
                                                         net401 (net)
                      0.265895    0.001330   11.667106 ^ _3412_/B_N (sky130_fd_sc_hd__nor2b_2)
     4    0.020264    0.235271    0.332417   11.999522 ^ _3412_/Y (sky130_fd_sc_hd__nor2b_2)
                                                         _2625_ (net)
                      0.235342    0.000376   11.999898 ^ _3555_/C1 (sky130_fd_sc_hd__a221oi_2)
     5    0.019087    0.112048    0.113663   12.113562 v _3555_/Y (sky130_fd_sc_hd__a221oi_2)
                                                         _2765_ (net)
                      0.112066    0.000664   12.114225 v _3683_/A3 (sky130_fd_sc_hd__o31a_2)
     3    0.014572    0.078841    0.362697   12.476923 v _3683_/X (sky130_fd_sc_hd__o31a_2)
                                                         _2891_ (net)
                      0.078841    0.000281   12.477203 v _3686_/B (sky130_fd_sc_hd__or4_4)
     1    0.005088    0.085280    0.545249   13.022452 v _3686_/X (sky130_fd_sc_hd__or4_4)
                                                         _2894_ (net)
                      0.085280    0.000054   13.022507 v _3687_/A (sky130_fd_sc_hd__buf_6)
     8    0.035303    0.044413    0.163532   13.186039 v _3687_/X (sky130_fd_sc_hd__buf_6)
                                                         _2895_ (net)
                      0.044426    0.000766   13.186805 v _3771_/B2 (sky130_fd_sc_hd__a221o_2)
     2    0.008430    0.068300    0.393701   13.580506 v _3771_/X (sky130_fd_sc_hd__a221o_2)
                                                         _2977_ (net)
                      0.068300    0.000083   13.580589 v _3775_/A1 (sky130_fd_sc_hd__a21o_2)
     3    0.013116    0.058074    0.235461   13.816051 v _3775_/X (sky130_fd_sc_hd__a21o_2)
                                                         _2981_ (net)
                      0.058074    0.000102   13.816154 v _3857_/A2 (sky130_fd_sc_hd__a2111o_2)
     3    0.021132    0.110988    0.560905   14.377058 v _3857_/X (sky130_fd_sc_hd__a2111o_2)
                                                         _3061_ (net)
                      0.110994    0.001030   14.378088 v _3960_/A (sky130_fd_sc_hd__or4b_4)
     3    0.027697    0.123351    0.650431   15.028520 v _3960_/X (sky130_fd_sc_hd__or4b_4)
                                                         _3162_ (net)
                      0.123422    0.001114   15.029634 v _4709_/A (sky130_fd_sc_hd__nor4b_2)
     2    0.026959    0.669264    0.691070   15.720703 ^ _4709_/Y (sky130_fd_sc_hd__nor4b_2)
                                                         _0677_ (net)
                      0.669264    0.000460   15.721164 ^ _4710_/D (sky130_fd_sc_hd__and4bb_2)
     2    0.012064    0.103752    0.383793   16.104956 ^ _4710_/X (sky130_fd_sc_hd__and4bb_2)
                                                         _0678_ (net)
                      0.103752    0.000103   16.105059 ^ _4790_/A (sky130_fd_sc_hd__and2_2)
     2    0.013310    0.083084    0.197110   16.302170 ^ _4790_/X (sky130_fd_sc_hd__and2_2)
                                                         _0756_ (net)
                      0.083084    0.000263   16.302431 ^ _4791_/B (sky130_fd_sc_hd__xnor2_2)
     1    0.002603    0.063281    0.060140   16.362572 v _4791_/Y (sky130_fd_sc_hd__xnor2_2)
                                                         _0757_ (net)
                      0.063281    0.000014   16.362587 v _4812_/B1 (sky130_fd_sc_hd__a221o_2)
     2    0.012322    0.079621    0.393721   16.756308 v _4812_/X (sky130_fd_sc_hd__a221o_2)
                                                         net162 (net)
                      0.079621    0.000350   16.756657 v output162/A (sky130_fd_sc_hd__clkdlybuf4s25_1)
     1    0.037211    0.276039    0.466997   17.223654 v output162/X (sky130_fd_sc_hd__clkdlybuf4s25_1)
                                                         result[32] (net)
                      0.276039    0.000936   17.224590 v result[32] (out)
                                             17.224590   data arrival time

                      0.000000   40.000000   40.000000   clock __VIRTUAL_CLK__ (rise edge)
                                  0.000000   40.000000   clock network delay (ideal)
                                 -0.250000   39.750000   clock uncertainty
                                  0.000000   39.750000   clock reconvergence pessimism
                                 -8.000000   31.750000   output external delay
                                             31.750000   data required time
---------------------------------------------------------------------------------------------
                                             31.750000   data required time
                                            -17.224590   data arrival time
---------------------------------------------------------------------------------------------
                                             14.525409   slack (MET)


Startpoint: operand_b[1] (input port clocked by __VIRTUAL_CLK__)
Endpoint: result[29] (output port clocked by __VIRTUAL_CLK__)
Path Group: __VIRTUAL_CLK__
Path Type: max

Fanout         Cap        Slew       Delay        Time   Description
---------------------------------------------------------------------------------------------
                      0.000000    0.000000    0.000000   clock __VIRTUAL_CLK__ (rise edge)
                                  0.000000    0.000000   clock network delay (ideal)
                                  8.000000    8.000000 ^ input external delay
     1    0.007862    0.041921    0.028532    8.028532 ^ operand_b[1] (in)
                                                         operand_b[1] (net)
                      0.041923    0.000000    8.028532 ^ input81/A (sky130_fd_sc_hd__clkdlybuf4s25_1)
     1    0.005436    0.068098    0.273489    8.302021 ^ input81/X (sky130_fd_sc_hd__clkdlybuf4s25_1)
                                                         net81 (net)
                      0.068098    0.000110    8.302131 ^ fanout406/A (sky130_fd_sc_hd__clkdlybuf4s25_1)
     7    0.084421    0.837195    0.851103    9.153234 ^ fanout406/X (sky130_fd_sc_hd__clkdlybuf4s25_1)
                                                         net406 (net)
                      0.837195    0.000408    9.153642 ^ fanout404/A (sky130_fd_sc_hd__clkdlybuf4s25_1)
     8    0.054668    0.545119    0.765837    9.919478 ^ fanout404/X (sky130_fd_sc_hd__clkdlybuf4s25_1)
                                                         net404 (net)
                      0.545119    0.000226    9.919705 ^ fanout402/A (sky130_fd_sc_hd__clkdlybuf4s25_1)
     3    0.024911    0.254796    0.522081   10.441787 ^ fanout402/X (sky130_fd_sc_hd__clkdlybuf4s25_1)
                                                         net402 (net)
                      0.254796    0.000698   10.442485 ^ load_slew403/A (sky130_fd_sc_hd__buf_4)
     8    0.054245    0.154310    0.271195   10.713679 ^ load_slew403/X (sky130_fd_sc_hd__buf_4)
                                                         net403 (net)
                      0.154313    0.000914   10.714593 ^ fanout400/A (sky130_fd_sc_hd__clkdlybuf4s25_1)
     5    0.042864    0.430562    0.579774   11.294367 ^ fanout400/X (sky130_fd_sc_hd__clkdlybuf4s25_1)
                                                         net400 (net)
                      0.430564    0.001856   11.296223 ^ load_slew401/A (sky130_fd_sc_hd__clkbuf_2)
     6    0.048837    0.265893    0.369553   11.665776 ^ load_slew401/X (sky130_fd_sc_hd__clkbuf_2)
                                                         net401 (net)
                      0.265895    0.001330   11.667106 ^ _3412_/B_N (sky130_fd_sc_hd__nor2b_2)
     4    0.020264    0.235271    0.332417   11.999522 ^ _3412_/Y (sky130_fd_sc_hd__nor2b_2)
                                                         _2625_ (net)
                      0.235342    0.000376   11.999898 ^ _3555_/C1 (sky130_fd_sc_hd__a221oi_2)
     5    0.019087    0.112048    0.113663   12.113562 v _3555_/Y (sky130_fd_sc_hd__a221oi_2)
                                                         _2765_ (net)
                      0.112066    0.000664   12.114225 v _3683_/A3 (sky130_fd_sc_hd__o31a_2)
     3    0.014572    0.078841    0.362697   12.476923 v _3683_/X (sky130_fd_sc_hd__o31a_2)
                                                         _2891_ (net)
                      0.078841    0.000461   12.477384 v _4087_/A2 (sky130_fd_sc_hd__o41a_2)
     4    0.042549    0.156858    0.635275   13.112659 v _4087_/X (sky130_fd_sc_hd__o41a_2)
                                                         _0069_ (net)
                      0.156861    0.001016   13.113675 v _4441_/A3 (sky130_fd_sc_hd__o31ai_4)
     1    0.010036    0.217225    0.254597   13.368272 ^ _4441_/Y (sky130_fd_sc_hd__o31ai_4)
                                                         _0415_ (net)
                      0.217225    0.000390   13.368662 ^ wire248/A (sky130_fd_sc_hd__buf_2)
     5    0.044078    0.216756    0.297373   13.666035 ^ wire248/X (sky130_fd_sc_hd__buf_2)
                                                         net248 (net)
                      0.216879    0.002957   13.668992 ^ _4442_/A (sky130_fd_sc_hd__clkbuf_1)
     5    0.026112    0.307995    0.315308   13.984300 ^ _4442_/X (sky130_fd_sc_hd__clkbuf_1)
                                                         _0416_ (net)
                      0.307995    0.000316   13.984615 ^ max_cap234/A (sky130_fd_sc_hd__buf_2)
     6    0.035950    0.178677    0.293347   14.277963 ^ max_cap234/X (sky130_fd_sc_hd__buf_2)
                                                         net234 (net)
                      0.178679    0.000990   14.278953 ^ _4443_/B (sky130_fd_sc_hd__nand2_2)
     9    0.043770    0.181295    0.207439   14.486392 v _4443_/Y (sky130_fd_sc_hd__nand2_2)
                                                         _0417_ (net)
                      0.181296    0.000330   14.486722 v _4541_/S (sky130_fd_sc_hd__mux2_2)
     1    0.005720    0.056607    0.346758   14.833480 v _4541_/X (sky130_fd_sc_hd__mux2_2)
                                                         _0513_ (net)
                      0.056607    0.000079   14.833559 v _4542_/B1 (sky130_fd_sc_hd__o31ai_2)
     3    0.007302    0.236544    0.078400   14.911959 ^ _4542_/Y (sky130_fd_sc_hd__o31ai_2)
                                                         _0514_ (net)
                      0.236544    0.000082   14.912040 ^ _4586_/D_N (sky130_fd_sc_hd__or4b_2)
     4    0.024335    0.174443    0.761583   15.673623 v _4586_/X (sky130_fd_sc_hd__or4b_2)
                                                         _0557_ (net)
                      0.174443    0.000824   15.674447 v _4668_/C (sky130_fd_sc_hd__nor4_2)
     3    0.011150    0.348489    0.391371   16.065817 ^ _4668_/Y (sky130_fd_sc_hd__nor4_2)
                                                         _0637_ (net)
                      0.348489    0.000062   16.065880 ^ max_cap205/A (sky130_fd_sc_hd__buf_1)
     1    0.008786    0.114958    0.186223   16.252102 ^ max_cap205/X (sky130_fd_sc_hd__buf_1)
                                                         net205 (net)
                      0.114958    0.000030   16.252132 ^ _4669_/B (sky130_fd_sc_hd__xor2_2)
     1    0.002646    0.077776    0.072122   16.324255 v _4669_/X (sky130_fd_sc_hd__xor2_2)
                                                         _0638_ (net)
                      0.077776    0.000016   16.324270 v _4691_/B1 (sky130_fd_sc_hd__a221o_2)
     2    0.009676    0.072147    0.386725   16.710997 v _4691_/X (sky130_fd_sc_hd__a221o_2)
                                                         net158 (net)
                      0.072147    0.000078   16.711075 v output158/A (sky130_fd_sc_hd__clkdlybuf4s25_1)
     1    0.036763    0.272958    0.461142   17.172216 v output158/X (sky130_fd_sc_hd__clkdlybuf4s25_1)
                                                         result[29] (net)
                      0.272958    0.000872   17.173088 v result[29] (out)
                                             17.173088   data arrival time

                      0.000000   40.000000   40.000000   clock __VIRTUAL_CLK__ (rise edge)
                                  0.000000   40.000000   clock network delay (ideal)
                                 -0.250000   39.750000   clock uncertainty
                                  0.000000   39.750000   clock reconvergence pessimism
                                 -8.000000   31.750000   output external delay
                                             31.750000   data required time
---------------------------------------------------------------------------------------------
                                             31.750000   data required time
                                            -17.173088   data arrival time
---------------------------------------------------------------------------------------------
                                             14.576911   slack (MET)


Startpoint: operand_b[1] (input port clocked by __VIRTUAL_CLK__)
Endpoint: result[30] (output port clocked by __VIRTUAL_CLK__)
Path Group: __VIRTUAL_CLK__
Path Type: max

Fanout         Cap        Slew       Delay        Time   Description
---------------------------------------------------------------------------------------------
                      0.000000    0.000000    0.000000   clock __VIRTUAL_CLK__ (rise edge)
                                  0.000000    0.000000   clock network delay (ideal)
                                  8.000000    8.000000 ^ input external delay
     1    0.007862    0.041921    0.028532    8.028532 ^ operand_b[1] (in)
                                                         operand_b[1] (net)
                      0.041923    0.000000    8.028532 ^ input81/A (sky130_fd_sc_hd__clkdlybuf4s25_1)
     1    0.005436    0.068098    0.273489    8.302021 ^ input81/X (sky130_fd_sc_hd__clkdlybuf4s25_1)
                                                         net81 (net)
                      0.068098    0.000110    8.302131 ^ fanout406/A (sky130_fd_sc_hd__clkdlybuf4s25_1)
     7    0.084421    0.837195    0.851103    9.153234 ^ fanout406/X (sky130_fd_sc_hd__clkdlybuf4s25_1)
                                                         net406 (net)
                      0.837195    0.000408    9.153642 ^ fanout404/A (sky130_fd_sc_hd__clkdlybuf4s25_1)
     8    0.054668    0.545119    0.765837    9.919478 ^ fanout404/X (sky130_fd_sc_hd__clkdlybuf4s25_1)
                                                         net404 (net)
                      0.545119    0.000226    9.919705 ^ fanout402/A (sky130_fd_sc_hd__clkdlybuf4s25_1)
     3    0.024911    0.254796    0.522081   10.441787 ^ fanout402/X (sky130_fd_sc_hd__clkdlybuf4s25_1)
                                                         net402 (net)
                      0.254796    0.000698   10.442485 ^ load_slew403/A (sky130_fd_sc_hd__buf_4)
     8    0.054245    0.154310    0.271195   10.713679 ^ load_slew403/X (sky130_fd_sc_hd__buf_4)
                                                         net403 (net)
                      0.154313    0.000914   10.714593 ^ fanout400/A (sky130_fd_sc_hd__clkdlybuf4s25_1)
     5    0.042864    0.430562    0.579774   11.294367 ^ fanout400/X (sky130_fd_sc_hd__clkdlybuf4s25_1)
                                                         net400 (net)
                      0.430564    0.001856   11.296223 ^ load_slew401/A (sky130_fd_sc_hd__clkbuf_2)
     6    0.048837    0.265893    0.369553   11.665776 ^ load_slew401/X (sky130_fd_sc_hd__clkbuf_2)
                                                         net401 (net)
                      0.265895    0.001330   11.667106 ^ _3412_/B_N (sky130_fd_sc_hd__nor2b_2)
     4    0.020264    0.235271    0.332417   11.999522 ^ _3412_/Y (sky130_fd_sc_hd__nor2b_2)
                                                         _2625_ (net)
                      0.235342    0.000376   11.999898 ^ _3555_/C1 (sky130_fd_sc_hd__a221oi_2)
     5    0.019087    0.112048    0.113663   12.113562 v _3555_/Y (sky130_fd_sc_hd__a221oi_2)
                                                         _2765_ (net)
                      0.112066    0.000664   12.114225 v _3683_/A3 (sky130_fd_sc_hd__o31a_2)
     3    0.014572    0.078841    0.362697   12.476923 v _3683_/X (sky130_fd_sc_hd__o31a_2)
                                                         _2891_ (net)
                      0.078841    0.000281   12.477203 v _3686_/B (sky130_fd_sc_hd__or4_4)
     1    0.005088    0.085280    0.545249   13.022452 v _3686_/X (sky130_fd_sc_hd__or4_4)
                                                         _2894_ (net)
                      0.085280    0.000054   13.022507 v _3687_/A (sky130_fd_sc_hd__buf_6)
     8    0.035303    0.044413    0.163532   13.186039 v _3687_/X (sky130_fd_sc_hd__buf_6)
                                                         _2895_ (net)
                      0.044426    0.000766   13.186805 v _3771_/B2 (sky130_fd_sc_hd__a221o_2)
     2    0.008430    0.068300    0.393701   13.580506 v _3771_/X (sky130_fd_sc_hd__a221o_2)
                                                         _2977_ (net)
                      0.068300    0.000083   13.580589 v _3775_/A1 (sky130_fd_sc_hd__a21o_2)
     3    0.013116    0.058074    0.235461   13.816051 v _3775_/X (sky130_fd_sc_hd__a21o_2)
                                                         _2981_ (net)
                      0.058074    0.000102   13.816154 v _3857_/A2 (sky130_fd_sc_hd__a2111o_2)
     3    0.021132    0.110988    0.560905   14.377058 v _3857_/X (sky130_fd_sc_hd__a2111o_2)
                                                         _3061_ (net)
                      0.110994    0.001030   14.378088 v _3960_/A (sky130_fd_sc_hd__or4b_4)
     3    0.027697    0.123351    0.650431   15.028520 v _3960_/X (sky130_fd_sc_hd__or4b_4)
                                                         _3162_ (net)
                      0.123422    0.001114   15.029634 v _4709_/A (sky130_fd_sc_hd__nor4b_2)
     2    0.026959    0.669264    0.691070   15.720703 ^ _4709_/Y (sky130_fd_sc_hd__nor4b_2)
                                                         _0677_ (net)
                      0.669264    0.000460   15.721164 ^ _4710_/D (sky130_fd_sc_hd__and4bb_2)
     2    0.012064    0.103752    0.383793   16.104956 ^ _4710_/X (sky130_fd_sc_hd__and4bb_2)
                                                         _0678_ (net)
                      0.103752    0.000091   16.105047 ^ _4711_/B (sky130_fd_sc_hd__xor2_2)
     1    0.003091    0.074863    0.070647   16.175694 v _4711_/X (sky130_fd_sc_hd__xor2_2)
                                                         _0679_ (net)
                      0.074863    0.000034   16.175728 v _4729_/B1 (sky130_fd_sc_hd__a221o_2)
     2    0.008492    0.068334    0.380135   16.555862 v _4729_/X (sky130_fd_sc_hd__a221o_2)
                                                         net160 (net)
                      0.068334    0.000190   16.556053 v output160/A (sky130_fd_sc_hd__clkdlybuf4s25_1)
     1    0.036925    0.274181    0.460291   17.016344 v output160/X (sky130_fd_sc_hd__clkdlybuf4s25_1)
                                                         result[30] (net)
                      0.274181    0.000883   17.017227 v result[30] (out)
                                             17.017227   data arrival time

                      0.000000   40.000000   40.000000   clock __VIRTUAL_CLK__ (rise edge)
                                  0.000000   40.000000   clock network delay (ideal)
                                 -0.250000   39.750000   clock uncertainty
                                  0.000000   39.750000   clock reconvergence pessimism
                                 -8.000000   31.750000   output external delay
                                             31.750000   data required time
---------------------------------------------------------------------------------------------
                                             31.750000   data required time
                                            -17.017227   data arrival time
---------------------------------------------------------------------------------------------
                                             14.732772   slack (MET)


Startpoint: operand_b[1] (input port clocked by __VIRTUAL_CLK__)
Endpoint: result[27] (output port clocked by __VIRTUAL_CLK__)
Path Group: __VIRTUAL_CLK__
Path Type: max

Fanout         Cap        Slew       Delay        Time   Description
---------------------------------------------------------------------------------------------
                      0.000000    0.000000    0.000000   clock __VIRTUAL_CLK__ (rise edge)
                                  0.000000    0.000000   clock network delay (ideal)
                                  8.000000    8.000000 ^ input external delay
     1    0.007862    0.041921    0.028532    8.028532 ^ operand_b[1] (in)
                                                         operand_b[1] (net)
                      0.041923    0.000000    8.028532 ^ input81/A (sky130_fd_sc_hd__clkdlybuf4s25_1)
     1    0.005436    0.068098    0.273489    8.302021 ^ input81/X (sky130_fd_sc_hd__clkdlybuf4s25_1)
                                                         net81 (net)
                      0.068098    0.000110    8.302131 ^ fanout406/A (sky130_fd_sc_hd__clkdlybuf4s25_1)
     7    0.084421    0.837195    0.851103    9.153234 ^ fanout406/X (sky130_fd_sc_hd__clkdlybuf4s25_1)
                                                         net406 (net)
                      0.837195    0.000408    9.153642 ^ fanout404/A (sky130_fd_sc_hd__clkdlybuf4s25_1)
     8    0.054668    0.545119    0.765837    9.919478 ^ fanout404/X (sky130_fd_sc_hd__clkdlybuf4s25_1)
                                                         net404 (net)
                      0.545119    0.000226    9.919705 ^ fanout402/A (sky130_fd_sc_hd__clkdlybuf4s25_1)
     3    0.024911    0.254796    0.522081   10.441787 ^ fanout402/X (sky130_fd_sc_hd__clkdlybuf4s25_1)
                                                         net402 (net)
                      0.254796    0.000698   10.442485 ^ load_slew403/A (sky130_fd_sc_hd__buf_4)
     8    0.054245    0.154310    0.271195   10.713679 ^ load_slew403/X (sky130_fd_sc_hd__buf_4)
                                                         net403 (net)
                      0.154313    0.000914   10.714593 ^ fanout400/A (sky130_fd_sc_hd__clkdlybuf4s25_1)
     5    0.042864    0.430562    0.579774   11.294367 ^ fanout400/X (sky130_fd_sc_hd__clkdlybuf4s25_1)
                                                         net400 (net)
                      0.430564    0.001856   11.296223 ^ load_slew401/A (sky130_fd_sc_hd__clkbuf_2)
     6    0.048837    0.265893    0.369553   11.665776 ^ load_slew401/X (sky130_fd_sc_hd__clkbuf_2)
                                                         net401 (net)
                      0.265895    0.001330   11.667106 ^ _3412_/B_N (sky130_fd_sc_hd__nor2b_2)
     4    0.020264    0.235271    0.332417   11.999522 ^ _3412_/Y (sky130_fd_sc_hd__nor2b_2)
                                                         _2625_ (net)
                      0.235342    0.000376   11.999898 ^ _3555_/C1 (sky130_fd_sc_hd__a221oi_2)
     5    0.019087    0.112048    0.113663   12.113562 v _3555_/Y (sky130_fd_sc_hd__a221oi_2)
                                                         _2765_ (net)
                      0.112066    0.000664   12.114225 v _3683_/A3 (sky130_fd_sc_hd__o31a_2)
     3    0.014572    0.078841    0.362697   12.476923 v _3683_/X (sky130_fd_sc_hd__o31a_2)
                                                         _2891_ (net)
                      0.078841    0.000461   12.477384 v _4087_/A2 (sky130_fd_sc_hd__o41a_2)
     4    0.042549    0.156858    0.635275   13.112659 v _4087_/X (sky130_fd_sc_hd__o41a_2)
                                                         _0069_ (net)
                      0.156861    0.001016   13.113675 v _4441_/A3 (sky130_fd_sc_hd__o31ai_4)
     1    0.010036    0.217225    0.254597   13.368272 ^ _4441_/Y (sky130_fd_sc_hd__o31ai_4)
                                                         _0415_ (net)
                      0.217225    0.000390   13.368662 ^ wire248/A (sky130_fd_sc_hd__buf_2)
     5    0.044078    0.216756    0.297373   13.666035 ^ wire248/X (sky130_fd_sc_hd__buf_2)
                                                         net248 (net)
                      0.216879    0.002957   13.668992 ^ _4442_/A (sky130_fd_sc_hd__clkbuf_1)
     5    0.026112    0.307995    0.315308   13.984300 ^ _4442_/X (sky130_fd_sc_hd__clkbuf_1)
                                                         _0416_ (net)
                      0.307995    0.000316   13.984615 ^ max_cap234/A (sky130_fd_sc_hd__buf_2)
     6    0.035950    0.178677    0.293347   14.277963 ^ max_cap234/X (sky130_fd_sc_hd__buf_2)
                                                         net234 (net)
                      0.178679    0.000990   14.278953 ^ _4443_/B (sky130_fd_sc_hd__nand2_2)
     9    0.043770    0.181295    0.207439   14.486392 v _4443_/Y (sky130_fd_sc_hd__nand2_2)
                                                         _0417_ (net)
                      0.181296    0.000330   14.486722 v _4541_/S (sky130_fd_sc_hd__mux2_2)
     1    0.005720    0.056607    0.346758   14.833480 v _4541_/X (sky130_fd_sc_hd__mux2_2)
                                                         _0513_ (net)
                      0.056607    0.000079   14.833559 v _4542_/B1 (sky130_fd_sc_hd__o31ai_2)
     3    0.007302    0.236544    0.078400   14.911959 ^ _4542_/Y (sky130_fd_sc_hd__o31ai_2)
                                                         _0514_ (net)
                      0.236544    0.000082   14.912040 ^ _4586_/D_N (sky130_fd_sc_hd__or4b_2)
     4    0.024335    0.174443    0.761583   15.673623 v _4586_/X (sky130_fd_sc_hd__or4b_2)
                                                         _0557_ (net)
                      0.174444    0.000909   15.674532 v _4587_/C (sky130_fd_sc_hd__nor3_2)
     2    0.017043    0.320157    0.312568   15.987100 ^ _4587_/Y (sky130_fd_sc_hd__nor3_2)
                                                         _0558_ (net)
                      0.320157    0.000190   15.987290 ^ _4588_/B (sky130_fd_sc_hd__xor2_2)
     1    0.003295    0.078566    0.107864   16.095154 v _4588_/X (sky130_fd_sc_hd__xor2_2)
                                                         _0559_ (net)
                      0.078566    0.000041   16.095196 v _4610_/B1 (sky130_fd_sc_hd__a221o_2)
     2    0.025368    0.110356    0.438401   16.533596 v _4610_/X (sky130_fd_sc_hd__a221o_2)
                                                         net156 (net)
                      0.110356    0.000352   16.533949 v output156/A (sky130_fd_sc_hd__clkdlybuf4s25_1)
     1    0.034567    0.256696    0.466805   17.000753 v output156/X (sky130_fd_sc_hd__clkdlybuf4s25_1)
                                                         result[27] (net)
                      0.256696    0.000460   17.001213 v result[27] (out)
                                             17.001213   data arrival time

                      0.000000   40.000000   40.000000   clock __VIRTUAL_CLK__ (rise edge)
                                  0.000000   40.000000   clock network delay (ideal)
                                 -0.250000   39.750000   clock uncertainty
                                  0.000000   39.750000   clock reconvergence pessimism
                                 -8.000000   31.750000   output external delay
                                             31.750000   data required time
---------------------------------------------------------------------------------------------
                                             31.750000   data required time
                                            -17.001213   data arrival time
---------------------------------------------------------------------------------------------
                                             14.748786   slack (MET)


Startpoint: operand_b[1] (input port clocked by __VIRTUAL_CLK__)
Endpoint: result[22] (output port clocked by __VIRTUAL_CLK__)
Path Group: __VIRTUAL_CLK__
Path Type: max

Fanout         Cap        Slew       Delay        Time   Description
---------------------------------------------------------------------------------------------
                      0.000000    0.000000    0.000000   clock __VIRTUAL_CLK__ (rise edge)
                                  0.000000    0.000000   clock network delay (ideal)
                                  8.000000    8.000000 ^ input external delay
     1    0.007862    0.041921    0.028532    8.028532 ^ operand_b[1] (in)
                                                         operand_b[1] (net)
                      0.041923    0.000000    8.028532 ^ input81/A (sky130_fd_sc_hd__clkdlybuf4s25_1)
     1    0.005436    0.068098    0.273489    8.302021 ^ input81/X (sky130_fd_sc_hd__clkdlybuf4s25_1)
                                                         net81 (net)
                      0.068098    0.000110    8.302131 ^ fanout406/A (sky130_fd_sc_hd__clkdlybuf4s25_1)
     7    0.084421    0.837195    0.851103    9.153234 ^ fanout406/X (sky130_fd_sc_hd__clkdlybuf4s25_1)
                                                         net406 (net)
                      0.837195    0.000408    9.153642 ^ fanout404/A (sky130_fd_sc_hd__clkdlybuf4s25_1)
     8    0.054668    0.545119    0.765837    9.919478 ^ fanout404/X (sky130_fd_sc_hd__clkdlybuf4s25_1)
                                                         net404 (net)
                      0.545119    0.000226    9.919705 ^ fanout402/A (sky130_fd_sc_hd__clkdlybuf4s25_1)
     3    0.024911    0.254796    0.522081   10.441787 ^ fanout402/X (sky130_fd_sc_hd__clkdlybuf4s25_1)
                                                         net402 (net)
                      0.254796    0.000698   10.442485 ^ load_slew403/A (sky130_fd_sc_hd__buf_4)
     8    0.054245    0.154310    0.271195   10.713679 ^ load_slew403/X (sky130_fd_sc_hd__buf_4)
                                                         net403 (net)
                      0.154313    0.000914   10.714593 ^ fanout400/A (sky130_fd_sc_hd__clkdlybuf4s25_1)
     5    0.042864    0.430562    0.579774   11.294367 ^ fanout400/X (sky130_fd_sc_hd__clkdlybuf4s25_1)
                                                         net400 (net)
                      0.430564    0.001856   11.296223 ^ load_slew401/A (sky130_fd_sc_hd__clkbuf_2)
     6    0.048837    0.265893    0.369553   11.665776 ^ load_slew401/X (sky130_fd_sc_hd__clkbuf_2)
                                                         net401 (net)
                      0.265895    0.001330   11.667106 ^ _3412_/B_N (sky130_fd_sc_hd__nor2b_2)
     4    0.020264    0.235271    0.332417   11.999522 ^ _3412_/Y (sky130_fd_sc_hd__nor2b_2)
                                                         _2625_ (net)
                      0.235342    0.000376   11.999898 ^ _3555_/C1 (sky130_fd_sc_hd__a221oi_2)
     5    0.019087    0.112048    0.113663   12.113562 v _3555_/Y (sky130_fd_sc_hd__a221oi_2)
                                                         _2765_ (net)
                      0.112066    0.000664   12.114225 v _3683_/A3 (sky130_fd_sc_hd__o31a_2)
     3    0.014572    0.078841    0.362697   12.476923 v _3683_/X (sky130_fd_sc_hd__o31a_2)
                                                         _2891_ (net)
                      0.078841    0.000281   12.477203 v _3686_/B (sky130_fd_sc_hd__or4_4)
     1    0.005088    0.085280    0.545249   13.022452 v _3686_/X (sky130_fd_sc_hd__or4_4)
                                                         _2894_ (net)
                      0.085280    0.000054   13.022507 v _3687_/A (sky130_fd_sc_hd__buf_6)
     8    0.035303    0.044413    0.163532   13.186039 v _3687_/X (sky130_fd_sc_hd__buf_6)
                                                         _2895_ (net)
                      0.044426    0.000766   13.186805 v _3771_/B2 (sky130_fd_sc_hd__a221o_2)
     2    0.008430    0.068300    0.393701   13.580506 v _3771_/X (sky130_fd_sc_hd__a221o_2)
                                                         _2977_ (net)
                      0.068300    0.000083   13.580589 v _3775_/A1 (sky130_fd_sc_hd__a21o_2)
     3    0.013116    0.058074    0.235461   13.816051 v _3775_/X (sky130_fd_sc_hd__a21o_2)
                                                         _2981_ (net)
                      0.058074    0.000121   13.816172 v _3822_/A2 (sky130_fd_sc_hd__a2111o_2)
     2    0.022176    0.113439    0.564363   14.380534 v _3822_/X (sky130_fd_sc_hd__a2111o_2)
                                                         _3027_ (net)
                      0.113443    0.000849   14.381384 v _4006_/A (sky130_fd_sc_hd__or4b_4)
     4    0.017887    0.110647    0.628569   15.009953 v _4006_/X (sky130_fd_sc_hd__or4b_4)
                                                         _3207_ (net)
                      0.110647    0.000647   15.010599 v _4265_/A (sky130_fd_sc_hd__or4_2)
     5    0.029585    0.188238    0.851681   15.862281 v _4265_/X (sky130_fd_sc_hd__or4_2)
                                                         _0243_ (net)
                      0.188238    0.000490   15.862771 v _4359_/A1 (sky130_fd_sc_hd__o21ai_2)
     1    0.005693    0.116488    0.205656   16.068426 ^ _4359_/Y (sky130_fd_sc_hd__o21ai_2)
                                                         _0335_ (net)
                      0.116488    0.000071   16.068499 ^ _4364_/A (sky130_fd_sc_hd__nand2_2)
     1    0.002982    0.037124    0.054444   16.122942 v _4364_/Y (sky130_fd_sc_hd__nand2_2)
                                                         _0340_ (net)
                      0.037124    0.000030   16.122972 v _4392_/B1 (sky130_fd_sc_hd__a221o_2)
     2    0.016555    0.088616    0.397645   16.520617 v _4392_/X (sky130_fd_sc_hd__a221o_2)
                                                         net151 (net)
                      0.088616    0.000369   16.520987 v output151/A (sky130_fd_sc_hd__clkdlybuf4s25_1)
     1    0.036735    0.272395    0.468766   16.989752 v output151/X (sky130_fd_sc_hd__clkdlybuf4s25_1)
                                                         result[22] (net)
                      0.272395    0.000570   16.990322 v result[22] (out)
                                             16.990322   data arrival time

                      0.000000   40.000000   40.000000   clock __VIRTUAL_CLK__ (rise edge)
                                  0.000000   40.000000   clock network delay (ideal)
                                 -0.250000   39.750000   clock uncertainty
                                  0.000000   39.750000   clock reconvergence pessimism
                                 -8.000000   31.750000   output external delay
                                             31.750000   data required time
---------------------------------------------------------------------------------------------
                                             31.750000   data required time
                                            -16.990322   data arrival time
---------------------------------------------------------------------------------------------
                                             14.759677   slack (MET)


Startpoint: operand_b[1] (input port clocked by __VIRTUAL_CLK__)
Endpoint: result[17] (output port clocked by __VIRTUAL_CLK__)
Path Group: __VIRTUAL_CLK__
Path Type: max

Fanout         Cap        Slew       Delay        Time   Description
---------------------------------------------------------------------------------------------
                      0.000000    0.000000    0.000000   clock __VIRTUAL_CLK__ (rise edge)
                                  0.000000    0.000000   clock network delay (ideal)
                                  8.000000    8.000000 ^ input external delay
     1    0.007862    0.041921    0.028532    8.028532 ^ operand_b[1] (in)
                                                         operand_b[1] (net)
                      0.041923    0.000000    8.028532 ^ input81/A (sky130_fd_sc_hd__clkdlybuf4s25_1)
     1    0.005436    0.068098    0.273489    8.302021 ^ input81/X (sky130_fd_sc_hd__clkdlybuf4s25_1)
                                                         net81 (net)
                      0.068098    0.000110    8.302131 ^ fanout406/A (sky130_fd_sc_hd__clkdlybuf4s25_1)
     7    0.084421    0.837195    0.851103    9.153234 ^ fanout406/X (sky130_fd_sc_hd__clkdlybuf4s25_1)
                                                         net406 (net)
                      0.837195    0.000408    9.153642 ^ fanout404/A (sky130_fd_sc_hd__clkdlybuf4s25_1)
     8    0.054668    0.545119    0.765837    9.919478 ^ fanout404/X (sky130_fd_sc_hd__clkdlybuf4s25_1)
                                                         net404 (net)
                      0.545119    0.000226    9.919705 ^ fanout402/A (sky130_fd_sc_hd__clkdlybuf4s25_1)
     3    0.024911    0.254796    0.522081   10.441787 ^ fanout402/X (sky130_fd_sc_hd__clkdlybuf4s25_1)
                                                         net402 (net)
                      0.254796    0.000698   10.442485 ^ load_slew403/A (sky130_fd_sc_hd__buf_4)
     8    0.054245    0.154310    0.271195   10.713679 ^ load_slew403/X (sky130_fd_sc_hd__buf_4)
                                                         net403 (net)
                      0.154313    0.000914   10.714593 ^ fanout400/A (sky130_fd_sc_hd__clkdlybuf4s25_1)
     5    0.042864    0.430562    0.579774   11.294367 ^ fanout400/X (sky130_fd_sc_hd__clkdlybuf4s25_1)
                                                         net400 (net)
                      0.430564    0.001856   11.296223 ^ load_slew401/A (sky130_fd_sc_hd__clkbuf_2)
     6    0.048837    0.265893    0.369553   11.665776 ^ load_slew401/X (sky130_fd_sc_hd__clkbuf_2)
                                                         net401 (net)
                      0.265895    0.001330   11.667106 ^ _3412_/B_N (sky130_fd_sc_hd__nor2b_2)
     4    0.020264    0.235271    0.332417   11.999522 ^ _3412_/Y (sky130_fd_sc_hd__nor2b_2)
                                                         _2625_ (net)
                      0.235342    0.000376   11.999898 ^ _3555_/C1 (sky130_fd_sc_hd__a221oi_2)
     5    0.019087    0.112048    0.113663   12.113562 v _3555_/Y (sky130_fd_sc_hd__a221oi_2)
                                                         _2765_ (net)
                      0.112066    0.000664   12.114225 v _3683_/A3 (sky130_fd_sc_hd__o31a_2)
     3    0.014572    0.078841    0.362697   12.476923 v _3683_/X (sky130_fd_sc_hd__o31a_2)
                                                         _2891_ (net)
                      0.078841    0.000281   12.477203 v _3686_/B (sky130_fd_sc_hd__or4_4)
     1    0.005088    0.085280    0.545249   13.022452 v _3686_/X (sky130_fd_sc_hd__or4_4)
                                                         _2894_ (net)
                      0.085280    0.000054   13.022507 v _3687_/A (sky130_fd_sc_hd__buf_6)
     8    0.035303    0.044413    0.163532   13.186039 v _3687_/X (sky130_fd_sc_hd__buf_6)
                                                         _2895_ (net)
                      0.044426    0.000766   13.186805 v _3771_/B2 (sky130_fd_sc_hd__a221o_2)
     2    0.008430    0.068300    0.393701   13.580506 v _3771_/X (sky130_fd_sc_hd__a221o_2)
                                                         _2977_ (net)
                      0.068300    0.000083   13.580589 v _3775_/A1 (sky130_fd_sc_hd__a21o_2)
     3    0.013116    0.058074    0.235461   13.816051 v _3775_/X (sky130_fd_sc_hd__a21o_2)
                                                         _2981_ (net)
                      0.058074    0.000121   13.816172 v _3822_/A2 (sky130_fd_sc_hd__a2111o_2)
     2    0.022176    0.113439    0.564363   14.380534 v _3822_/X (sky130_fd_sc_hd__a2111o_2)
                                                         _3027_ (net)
                      0.113443    0.000849   14.381384 v _4006_/A (sky130_fd_sc_hd__or4b_4)
     4    0.017887    0.110647    0.628569   15.009953 v _4006_/X (sky130_fd_sc_hd__or4b_4)
                                                         _3207_ (net)
                      0.110647    0.000618   15.010571 v _4091_/A (sky130_fd_sc_hd__or3_4)
     1    0.005165    0.066955    0.425150   15.435720 v _4091_/X (sky130_fd_sc_hd__or3_4)
                                                         _0073_ (net)
                      0.066955    0.000055   15.435776 v _4092_/A (sky130_fd_sc_hd__buf_6)
     8    0.054267    0.060027    0.168299   15.604074 v _4092_/X (sky130_fd_sc_hd__buf_6)
                                                         _0074_ (net)
                      0.060028    0.000499   15.604574 v _4121_/C1 (sky130_fd_sc_hd__o211a_2)
     2    0.007699    0.053471    0.139382   15.743956 v _4121_/X (sky130_fd_sc_hd__o211a_2)
                                                         _0102_ (net)
                      0.053471    0.000057   15.744013 v _4122_/C (sky130_fd_sc_hd__or3_2)
     1    0.002744    0.074883    0.422862   16.166874 v _4122_/X (sky130_fd_sc_hd__or3_2)
                                                         _0103_ (net)
                      0.074883    0.000025   16.166899 v _4167_/A2 (sky130_fd_sc_hd__a31o_2)
     2    0.030942    0.102087    0.329779   16.496677 v _4167_/X (sky130_fd_sc_hd__a31o_2)
                                                         net145 (net)
                      0.102089    0.000652   16.497330 v output145/A (sky130_fd_sc_hd__clkdlybuf4s25_1)
     1    0.037289    0.276207    0.477709   16.975039 v output145/X (sky130_fd_sc_hd__clkdlybuf4s25_1)
                                                         result[17] (net)
                      0.276207    0.000938   16.975977 v result[17] (out)
                                             16.975977   data arrival time

                      0.000000   40.000000   40.000000   clock __VIRTUAL_CLK__ (rise edge)
                                  0.000000   40.000000   clock network delay (ideal)
                                 -0.250000   39.750000   clock uncertainty
                                  0.000000   39.750000   clock reconvergence pessimism
                                 -8.000000   31.750000   output external delay
                                             31.750000   data required time
---------------------------------------------------------------------------------------------
                                             31.750000   data required time
                                            -16.975977   data arrival time
---------------------------------------------------------------------------------------------
                                             14.774022   slack (MET)


Startpoint: operand_b[1] (input port clocked by __VIRTUAL_CLK__)
Endpoint: result[19] (output port clocked by __VIRTUAL_CLK__)
Path Group: __VIRTUAL_CLK__
Path Type: max

Fanout         Cap        Slew       Delay        Time   Description
---------------------------------------------------------------------------------------------
                      0.000000    0.000000    0.000000   clock __VIRTUAL_CLK__ (rise edge)
                                  0.000000    0.000000   clock network delay (ideal)
                                  8.000000    8.000000 ^ input external delay
     1    0.007862    0.041921    0.028532    8.028532 ^ operand_b[1] (in)
                                                         operand_b[1] (net)
                      0.041923    0.000000    8.028532 ^ input81/A (sky130_fd_sc_hd__clkdlybuf4s25_1)
     1    0.005436    0.068098    0.273489    8.302021 ^ input81/X (sky130_fd_sc_hd__clkdlybuf4s25_1)
                                                         net81 (net)
                      0.068098    0.000110    8.302131 ^ fanout406/A (sky130_fd_sc_hd__clkdlybuf4s25_1)
     7    0.084421    0.837195    0.851103    9.153234 ^ fanout406/X (sky130_fd_sc_hd__clkdlybuf4s25_1)
                                                         net406 (net)
                      0.837195    0.000408    9.153642 ^ fanout404/A (sky130_fd_sc_hd__clkdlybuf4s25_1)
     8    0.054668    0.545119    0.765837    9.919478 ^ fanout404/X (sky130_fd_sc_hd__clkdlybuf4s25_1)
                                                         net404 (net)
                      0.545119    0.000226    9.919705 ^ fanout402/A (sky130_fd_sc_hd__clkdlybuf4s25_1)
     3    0.024911    0.254796    0.522081   10.441787 ^ fanout402/X (sky130_fd_sc_hd__clkdlybuf4s25_1)
                                                         net402 (net)
                      0.254796    0.000698   10.442485 ^ load_slew403/A (sky130_fd_sc_hd__buf_4)
     8    0.054245    0.154310    0.271195   10.713679 ^ load_slew403/X (sky130_fd_sc_hd__buf_4)
                                                         net403 (net)
                      0.154313    0.000914   10.714593 ^ fanout400/A (sky130_fd_sc_hd__clkdlybuf4s25_1)
     5    0.042864    0.430562    0.579774   11.294367 ^ fanout400/X (sky130_fd_sc_hd__clkdlybuf4s25_1)
                                                         net400 (net)
                      0.430564    0.001856   11.296223 ^ load_slew401/A (sky130_fd_sc_hd__clkbuf_2)
     6    0.048837    0.265893    0.369553   11.665776 ^ load_slew401/X (sky130_fd_sc_hd__clkbuf_2)
                                                         net401 (net)
                      0.265895    0.001330   11.667106 ^ _3412_/B_N (sky130_fd_sc_hd__nor2b_2)
     4    0.020264    0.235271    0.332417   11.999522 ^ _3412_/Y (sky130_fd_sc_hd__nor2b_2)
                                                         _2625_ (net)
                      0.235342    0.000376   11.999898 ^ _3555_/C1 (sky130_fd_sc_hd__a221oi_2)
     5    0.019087    0.112048    0.113663   12.113562 v _3555_/Y (sky130_fd_sc_hd__a221oi_2)
                                                         _2765_ (net)
                      0.112066    0.000664   12.114225 v _3683_/A3 (sky130_fd_sc_hd__o31a_2)
     3    0.014572    0.078841    0.362697   12.476923 v _3683_/X (sky130_fd_sc_hd__o31a_2)
                                                         _2891_ (net)
                      0.078841    0.000281   12.477203 v _3686_/B (sky130_fd_sc_hd__or4_4)
     1    0.005088    0.085280    0.545249   13.022452 v _3686_/X (sky130_fd_sc_hd__or4_4)
                                                         _2894_ (net)
                      0.085280    0.000054   13.022507 v _3687_/A (sky130_fd_sc_hd__buf_6)
     8    0.035303    0.044413    0.163532   13.186039 v _3687_/X (sky130_fd_sc_hd__buf_6)
                                                         _2895_ (net)
                      0.044426    0.000766   13.186805 v _3771_/B2 (sky130_fd_sc_hd__a221o_2)
     2    0.008430    0.068300    0.393701   13.580506 v _3771_/X (sky130_fd_sc_hd__a221o_2)
                                                         _2977_ (net)
                      0.068300    0.000083   13.580589 v _3775_/A1 (sky130_fd_sc_hd__a21o_2)
     3    0.013116    0.058074    0.235461   13.816051 v _3775_/X (sky130_fd_sc_hd__a21o_2)
                                                         _2981_ (net)
                      0.058074    0.000121   13.816172 v _3822_/A2 (sky130_fd_sc_hd__a2111o_2)
     2    0.022176    0.113439    0.564363   14.380534 v _3822_/X (sky130_fd_sc_hd__a2111o_2)
                                                         _3027_ (net)
                      0.113443    0.000849   14.381384 v _4006_/A (sky130_fd_sc_hd__or4b_4)
     4    0.017887    0.110647    0.628569   15.009953 v _4006_/X (sky130_fd_sc_hd__or4b_4)
                                                         _3207_ (net)
                      0.110647    0.000586   15.010539 v _4178_/A (sky130_fd_sc_hd__or4_4)
     3    0.016850    0.109043    0.622631   15.633170 v _4178_/X (sky130_fd_sc_hd__or4_4)
                                                         _0158_ (net)
                      0.109043    0.000256   15.633426 v _4217_/A (sky130_fd_sc_hd__or3_2)
     1    0.003905    0.080559    0.518101   16.151527 v _4217_/X (sky130_fd_sc_hd__or3_2)
                                                         _0196_ (net)
                      0.080559    0.000068   16.151594 v _4246_/A3 (sky130_fd_sc_hd__a31o_2)
     2    0.013074    0.060802    0.301471   16.453066 v _4246_/X (sky130_fd_sc_hd__a31o_2)
                                                         net147 (net)
                      0.060840    0.000592   16.453657 v output147/A (sky130_fd_sc_hd__clkdlybuf4s25_1)
     1    0.035936    0.267246    0.451431   16.905088 v output147/X (sky130_fd_sc_hd__clkdlybuf4s25_1)
                                                         result[19] (net)
                      0.267246    0.000814   16.905901 v result[19] (out)
                                             16.905901   data arrival time

                      0.000000   40.000000   40.000000   clock __VIRTUAL_CLK__ (rise edge)
                                  0.000000   40.000000   clock network delay (ideal)
                                 -0.250000   39.750000   clock uncertainty
                                  0.000000   39.750000   clock reconvergence pessimism
                                 -8.000000   31.750000   output external delay
                                             31.750000   data required time
---------------------------------------------------------------------------------------------
                                             31.750000   data required time
                                            -16.905901   data arrival time
---------------------------------------------------------------------------------------------
                                             14.844098   slack (MET)


Startpoint: operand_b[1] (input port clocked by __VIRTUAL_CLK__)
Endpoint: result[26] (output port clocked by __VIRTUAL_CLK__)
Path Group: __VIRTUAL_CLK__
Path Type: max

Fanout         Cap        Slew       Delay        Time   Description
---------------------------------------------------------------------------------------------
                      0.000000    0.000000    0.000000   clock __VIRTUAL_CLK__ (rise edge)
                                  0.000000    0.000000   clock network delay (ideal)
                                  8.000000    8.000000 ^ input external delay
     1    0.007862    0.041921    0.028532    8.028532 ^ operand_b[1] (in)
                                                         operand_b[1] (net)
                      0.041923    0.000000    8.028532 ^ input81/A (sky130_fd_sc_hd__clkdlybuf4s25_1)
     1    0.005436    0.068098    0.273489    8.302021 ^ input81/X (sky130_fd_sc_hd__clkdlybuf4s25_1)
                                                         net81 (net)
                      0.068098    0.000110    8.302131 ^ fanout406/A (sky130_fd_sc_hd__clkdlybuf4s25_1)
     7    0.084421    0.837195    0.851103    9.153234 ^ fanout406/X (sky130_fd_sc_hd__clkdlybuf4s25_1)
                                                         net406 (net)
                      0.837195    0.000408    9.153642 ^ fanout404/A (sky130_fd_sc_hd__clkdlybuf4s25_1)
     8    0.054668    0.545119    0.765837    9.919478 ^ fanout404/X (sky130_fd_sc_hd__clkdlybuf4s25_1)
                                                         net404 (net)
                      0.545119    0.000226    9.919705 ^ fanout402/A (sky130_fd_sc_hd__clkdlybuf4s25_1)
     3    0.024911    0.254796    0.522081   10.441787 ^ fanout402/X (sky130_fd_sc_hd__clkdlybuf4s25_1)
                                                         net402 (net)
                      0.254796    0.000698   10.442485 ^ load_slew403/A (sky130_fd_sc_hd__buf_4)
     8    0.054245    0.154310    0.271195   10.713679 ^ load_slew403/X (sky130_fd_sc_hd__buf_4)
                                                         net403 (net)
                      0.154313    0.000914   10.714593 ^ fanout400/A (sky130_fd_sc_hd__clkdlybuf4s25_1)
     5    0.042864    0.430562    0.579774   11.294367 ^ fanout400/X (sky130_fd_sc_hd__clkdlybuf4s25_1)
                                                         net400 (net)
                      0.430564    0.001856   11.296223 ^ load_slew401/A (sky130_fd_sc_hd__clkbuf_2)
     6    0.048837    0.265893    0.369553   11.665776 ^ load_slew401/X (sky130_fd_sc_hd__clkbuf_2)
                                                         net401 (net)
                      0.265895    0.001330   11.667106 ^ _3412_/B_N (sky130_fd_sc_hd__nor2b_2)
     4    0.020264    0.235271    0.332417   11.999522 ^ _3412_/Y (sky130_fd_sc_hd__nor2b_2)
                                                         _2625_ (net)
                      0.235342    0.000376   11.999898 ^ _3555_/C1 (sky130_fd_sc_hd__a221oi_2)
     5    0.019087    0.112048    0.113663   12.113562 v _3555_/Y (sky130_fd_sc_hd__a221oi_2)
                                                         _2765_ (net)
                      0.112066    0.000664   12.114225 v _3683_/A3 (sky130_fd_sc_hd__o31a_2)
     3    0.014572    0.078841    0.362697   12.476923 v _3683_/X (sky130_fd_sc_hd__o31a_2)
                                                         _2891_ (net)
                      0.078841    0.000475   12.477398 v _4080_/A1 (sky130_fd_sc_hd__o311a_2)
     4    0.048184    0.152650    0.554491   13.031889 v _4080_/X (sky130_fd_sc_hd__o311a_2)
                                                         _0062_ (net)
                      0.152668    0.001839   13.033728 v _4088_/B (sky130_fd_sc_hd__nor4_4)
     3    0.018757    0.350603    0.430870   13.464597 ^ _4088_/Y (sky130_fd_sc_hd__nor4_4)
                                                         _0070_ (net)
                      0.350603    0.000060   13.464658 ^ max_cap254/A (sky130_fd_sc_hd__clkbuf_2)
     5    0.026540    0.150480    0.272368   13.737025 ^ max_cap254/X (sky130_fd_sc_hd__clkbuf_2)
                                                         net254 (net)
                      0.150482    0.000813   13.737838 ^ _4172_/A1 (sky130_fd_sc_hd__o21a_2)
     4    0.035474    0.190653    0.285444   14.023282 ^ _4172_/X (sky130_fd_sc_hd__o21a_2)
                                                         _0152_ (net)
                      0.190653    0.000154   14.023436 ^ _4263_/B (sky130_fd_sc_hd__nand3_2)
     2    0.022713    0.161488    0.191863   14.215299 v _4263_/Y (sky130_fd_sc_hd__nand3_2)
                                                         _0241_ (net)
                      0.161488    0.000539   14.215837 v _4264_/A2 (sky130_fd_sc_hd__a21o_2)
     2    0.006435    0.042714    0.274103   14.489942 v _4264_/X (sky130_fd_sc_hd__a21o_2)
                                                         _0242_ (net)
                      0.042714    0.000093   14.490034 v _4361_/A (sky130_fd_sc_hd__or3_2)
     1    0.003247    0.077128    0.490040   14.980075 v _4361_/X (sky130_fd_sc_hd__or3_2)
                                                         _0337_ (net)
                      0.077128    0.000039   14.980114 v _4362_/A (sky130_fd_sc_hd__buf_1)
     8    0.039921    0.231616    0.271740   15.251854 v _4362_/X (sky130_fd_sc_hd__buf_1)
                                                         _0338_ (net)
                      0.231617    0.000945   15.252799 v _4363_/B (sky130_fd_sc_hd__or2_2)
     5    0.019101    0.095869    0.423638   15.676436 v _4363_/X (sky130_fd_sc_hd__or2_2)
                                                         _0339_ (net)
                      0.095869    0.000229   15.676665 v _4544_/A (sky130_fd_sc_hd__or2_2)
     1    0.014824    0.086606    0.373788   16.050453 v _4544_/X (sky130_fd_sc_hd__or2_2)
                                                         _0516_ (net)
                      0.086610    0.000583   16.051037 v _4545_/B (sky130_fd_sc_hd__xnor2_2)
     2    0.006924    0.059238    0.159222   16.210258 v _4545_/Y (sky130_fd_sc_hd__xnor2_2)
                                                         _0517_ (net)
                      0.059238    0.000085   16.210344 v _4571_/A2 (sky130_fd_sc_hd__a21o_2)
     1    0.007549    0.045146    0.237227   16.447571 v _4571_/X (sky130_fd_sc_hd__a21o_2)
                                                         net155 (net)
                      0.045146    0.000163   16.447735 v output155/A (sky130_fd_sc_hd__clkdlybuf4s25_1)
     1    0.037089    0.275507    0.450628   16.898363 v output155/X (sky130_fd_sc_hd__clkdlybuf4s25_1)
                                                         result[26] (net)
                      0.275507    0.000885   16.899246 v result[26] (out)
                                             16.899246   data arrival time

                      0.000000   40.000000   40.000000   clock __VIRTUAL_CLK__ (rise edge)
                                  0.000000   40.000000   clock network delay (ideal)
                                 -0.250000   39.750000   clock uncertainty
                                  0.000000   39.750000   clock reconvergence pessimism
                                 -8.000000   31.750000   output external delay
                                             31.750000   data required time
---------------------------------------------------------------------------------------------
                                             31.750000   data required time
                                            -16.899246   data arrival time
---------------------------------------------------------------------------------------------
                                             14.850752   slack (MET)


Startpoint: operand_b[1] (input port clocked by __VIRTUAL_CLK__)
Endpoint: result[23] (output port clocked by __VIRTUAL_CLK__)
Path Group: __VIRTUAL_CLK__
Path Type: max

Fanout         Cap        Slew       Delay        Time   Description
---------------------------------------------------------------------------------------------
                      0.000000    0.000000    0.000000   clock __VIRTUAL_CLK__ (rise edge)
                                  0.000000    0.000000   clock network delay (ideal)
                                  8.000000    8.000000 ^ input external delay
     1    0.007862    0.041921    0.028532    8.028532 ^ operand_b[1] (in)
                                                         operand_b[1] (net)
                      0.041923    0.000000    8.028532 ^ input81/A (sky130_fd_sc_hd__clkdlybuf4s25_1)
     1    0.005436    0.068098    0.273489    8.302021 ^ input81/X (sky130_fd_sc_hd__clkdlybuf4s25_1)
                                                         net81 (net)
                      0.068098    0.000110    8.302131 ^ fanout406/A (sky130_fd_sc_hd__clkdlybuf4s25_1)
     7    0.084421    0.837195    0.851103    9.153234 ^ fanout406/X (sky130_fd_sc_hd__clkdlybuf4s25_1)
                                                         net406 (net)
                      0.837195    0.000408    9.153642 ^ fanout404/A (sky130_fd_sc_hd__clkdlybuf4s25_1)
     8    0.054668    0.545119    0.765837    9.919478 ^ fanout404/X (sky130_fd_sc_hd__clkdlybuf4s25_1)
                                                         net404 (net)
                      0.545119    0.000226    9.919705 ^ fanout402/A (sky130_fd_sc_hd__clkdlybuf4s25_1)
     3    0.024911    0.254796    0.522081   10.441787 ^ fanout402/X (sky130_fd_sc_hd__clkdlybuf4s25_1)
                                                         net402 (net)
                      0.254796    0.000698   10.442485 ^ load_slew403/A (sky130_fd_sc_hd__buf_4)
     8    0.054245    0.154310    0.271195   10.713679 ^ load_slew403/X (sky130_fd_sc_hd__buf_4)
                                                         net403 (net)
                      0.154313    0.000914   10.714593 ^ fanout400/A (sky130_fd_sc_hd__clkdlybuf4s25_1)
     5    0.042864    0.430562    0.579774   11.294367 ^ fanout400/X (sky130_fd_sc_hd__clkdlybuf4s25_1)
                                                         net400 (net)
                      0.430564    0.001856   11.296223 ^ load_slew401/A (sky130_fd_sc_hd__clkbuf_2)
     6    0.048837    0.265893    0.369553   11.665776 ^ load_slew401/X (sky130_fd_sc_hd__clkbuf_2)
                                                         net401 (net)
                      0.265895    0.001330   11.667106 ^ _3412_/B_N (sky130_fd_sc_hd__nor2b_2)
     4    0.020264    0.235271    0.332417   11.999522 ^ _3412_/Y (sky130_fd_sc_hd__nor2b_2)
                                                         _2625_ (net)
                      0.235342    0.000376   11.999898 ^ _3555_/C1 (sky130_fd_sc_hd__a221oi_2)
     5    0.019087    0.112048    0.113663   12.113562 v _3555_/Y (sky130_fd_sc_hd__a221oi_2)
                                                         _2765_ (net)
                      0.112066    0.000664   12.114225 v _3683_/A3 (sky130_fd_sc_hd__o31a_2)
     3    0.014572    0.078841    0.362697   12.476923 v _3683_/X (sky130_fd_sc_hd__o31a_2)
                                                         _2891_ (net)
                      0.078841    0.000281   12.477203 v _3686_/B (sky130_fd_sc_hd__or4_4)
     1    0.005088    0.085280    0.545249   13.022452 v _3686_/X (sky130_fd_sc_hd__or4_4)
                                                         _2894_ (net)
                      0.085280    0.000054   13.022507 v _3687_/A (sky130_fd_sc_hd__buf_6)
     8    0.035303    0.044413    0.163532   13.186039 v _3687_/X (sky130_fd_sc_hd__buf_6)
                                                         _2895_ (net)
                      0.044426    0.000766   13.186805 v _3771_/B2 (sky130_fd_sc_hd__a221o_2)
     2    0.008430    0.068300    0.393701   13.580506 v _3771_/X (sky130_fd_sc_hd__a221o_2)
                                                         _2977_ (net)
                      0.068300    0.000083   13.580589 v _3775_/A1 (sky130_fd_sc_hd__a21o_2)
     3    0.013116    0.058074    0.235461   13.816051 v _3775_/X (sky130_fd_sc_hd__a21o_2)
                                                         _2981_ (net)
                      0.058074    0.000121   13.816172 v _3822_/A2 (sky130_fd_sc_hd__a2111o_2)
     2    0.022176    0.113439    0.564363   14.380534 v _3822_/X (sky130_fd_sc_hd__a2111o_2)
                                                         _3027_ (net)
                      0.113443    0.000849   14.381384 v _4006_/A (sky130_fd_sc_hd__or4b_4)
     4    0.017887    0.110647    0.628569   15.009953 v _4006_/X (sky130_fd_sc_hd__or4b_4)
                                                         _3207_ (net)
                      0.110647    0.000618   15.010571 v _4091_/A (sky130_fd_sc_hd__or3_4)
     1    0.005165    0.066955    0.425150   15.435720 v _4091_/X (sky130_fd_sc_hd__or3_4)
                                                         _0073_ (net)
                      0.066955    0.000055   15.435776 v _4092_/A (sky130_fd_sc_hd__buf_6)
     8    0.054267    0.060027    0.168299   15.604074 v _4092_/X (sky130_fd_sc_hd__buf_6)
                                                         _0074_ (net)
                      0.060087    0.001863   15.605938 v _4401_/A (sky130_fd_sc_hd__or3b_2)
     1    0.004328    0.082496    0.495405   16.101343 v _4401_/X (sky130_fd_sc_hd__or3b_2)
                                                         _0376_ (net)
                      0.082496    0.000066   16.101408 v _4428_/A2 (sky130_fd_sc_hd__a31o_2)
     2    0.015556    0.066049    0.294911   16.396320 v _4428_/X (sky130_fd_sc_hd__a31o_2)
                                                         net152 (net)
                      0.066049    0.000394   16.396713 v output152/A (sky130_fd_sc_hd__clkdlybuf4s25_1)
     1    0.035398    0.263256    0.451054   16.847769 v output152/X (sky130_fd_sc_hd__clkdlybuf4s25_1)
                                                         result[23] (net)
                      0.263256    0.000535   16.848303 v result[23] (out)
                                             16.848303   data arrival time

                      0.000000   40.000000   40.000000   clock __VIRTUAL_CLK__ (rise edge)
                                  0.000000   40.000000   clock network delay (ideal)
                                 -0.250000   39.750000   clock uncertainty
                                  0.000000   39.750000   clock reconvergence pessimism
                                 -8.000000   31.750000   output external delay
                                             31.750000   data required time
---------------------------------------------------------------------------------------------
                                             31.750000   data required time
                                            -16.848303   data arrival time
---------------------------------------------------------------------------------------------
                                             14.901696   slack (MET)


Startpoint: operand_b[1] (input port clocked by __VIRTUAL_CLK__)
Endpoint: result[20] (output port clocked by __VIRTUAL_CLK__)
Path Group: __VIRTUAL_CLK__
Path Type: max

Fanout         Cap        Slew       Delay        Time   Description
---------------------------------------------------------------------------------------------
                      0.000000    0.000000    0.000000   clock __VIRTUAL_CLK__ (rise edge)
                                  0.000000    0.000000   clock network delay (ideal)
                                  8.000000    8.000000 ^ input external delay
     1    0.007862    0.041921    0.028532    8.028532 ^ operand_b[1] (in)
                                                         operand_b[1] (net)
                      0.041923    0.000000    8.028532 ^ input81/A (sky130_fd_sc_hd__clkdlybuf4s25_1)
     1    0.005436    0.068098    0.273489    8.302021 ^ input81/X (sky130_fd_sc_hd__clkdlybuf4s25_1)
                                                         net81 (net)
                      0.068098    0.000110    8.302131 ^ fanout406/A (sky130_fd_sc_hd__clkdlybuf4s25_1)
     7    0.084421    0.837195    0.851103    9.153234 ^ fanout406/X (sky130_fd_sc_hd__clkdlybuf4s25_1)
                                                         net406 (net)
                      0.837195    0.000408    9.153642 ^ fanout404/A (sky130_fd_sc_hd__clkdlybuf4s25_1)
     8    0.054668    0.545119    0.765837    9.919478 ^ fanout404/X (sky130_fd_sc_hd__clkdlybuf4s25_1)
                                                         net404 (net)
                      0.545119    0.000226    9.919705 ^ fanout402/A (sky130_fd_sc_hd__clkdlybuf4s25_1)
     3    0.024911    0.254796    0.522081   10.441787 ^ fanout402/X (sky130_fd_sc_hd__clkdlybuf4s25_1)
                                                         net402 (net)
                      0.254796    0.000698   10.442485 ^ load_slew403/A (sky130_fd_sc_hd__buf_4)
     8    0.054245    0.154310    0.271195   10.713679 ^ load_slew403/X (sky130_fd_sc_hd__buf_4)
                                                         net403 (net)
                      0.154313    0.000914   10.714593 ^ fanout400/A (sky130_fd_sc_hd__clkdlybuf4s25_1)
     5    0.042864    0.430562    0.579774   11.294367 ^ fanout400/X (sky130_fd_sc_hd__clkdlybuf4s25_1)
                                                         net400 (net)
                      0.430564    0.001856   11.296223 ^ load_slew401/A (sky130_fd_sc_hd__clkbuf_2)
     6    0.048837    0.265893    0.369553   11.665776 ^ load_slew401/X (sky130_fd_sc_hd__clkbuf_2)
                                                         net401 (net)
                      0.265895    0.001330   11.667106 ^ _3412_/B_N (sky130_fd_sc_hd__nor2b_2)
     4    0.020264    0.235271    0.332417   11.999522 ^ _3412_/Y (sky130_fd_sc_hd__nor2b_2)
                                                         _2625_ (net)
                      0.235342    0.000376   11.999898 ^ _3555_/C1 (sky130_fd_sc_hd__a221oi_2)
     5    0.019087    0.112048    0.113663   12.113562 v _3555_/Y (sky130_fd_sc_hd__a221oi_2)
                                                         _2765_ (net)
                      0.112066    0.000664   12.114225 v _3683_/A3 (sky130_fd_sc_hd__o31a_2)
     3    0.014572    0.078841    0.362697   12.476923 v _3683_/X (sky130_fd_sc_hd__o31a_2)
                                                         _2891_ (net)
                      0.078841    0.000281   12.477203 v _3686_/B (sky130_fd_sc_hd__or4_4)
     1    0.005088    0.085280    0.545249   13.022452 v _3686_/X (sky130_fd_sc_hd__or4_4)
                                                         _2894_ (net)
                      0.085280    0.000054   13.022507 v _3687_/A (sky130_fd_sc_hd__buf_6)
     8    0.035303    0.044413    0.163532   13.186039 v _3687_/X (sky130_fd_sc_hd__buf_6)
                                                         _2895_ (net)
                      0.044426    0.000766   13.186805 v _3771_/B2 (sky130_fd_sc_hd__a221o_2)
     2    0.008430    0.068300    0.393701   13.580506 v _3771_/X (sky130_fd_sc_hd__a221o_2)
                                                         _2977_ (net)
                      0.068300    0.000083   13.580589 v _3775_/A1 (sky130_fd_sc_hd__a21o_2)
     3    0.013116    0.058074    0.235461   13.816051 v _3775_/X (sky130_fd_sc_hd__a21o_2)
                                                         _2981_ (net)
                      0.058074    0.000121   13.816172 v _3822_/A2 (sky130_fd_sc_hd__a2111o_2)
     2    0.022176    0.113439    0.564363   14.380534 v _3822_/X (sky130_fd_sc_hd__a2111o_2)
                                                         _3027_ (net)
                      0.113443    0.000849   14.381384 v _4006_/A (sky130_fd_sc_hd__or4b_4)
     4    0.017887    0.110647    0.628569   15.009953 v _4006_/X (sky130_fd_sc_hd__or4b_4)
                                                         _3207_ (net)
                      0.110647    0.000647   15.010599 v _4265_/A (sky130_fd_sc_hd__or4_2)
     5    0.029585    0.188238    0.851681   15.862281 v _4265_/X (sky130_fd_sc_hd__or4_2)
                                                         _0243_ (net)
                      0.188238    0.000211   15.862493 v _4266_/B (sky130_fd_sc_hd__xnor2_2)
     1    0.003282    0.054956    0.186954   16.049446 v _4266_/Y (sky130_fd_sc_hd__xnor2_2)
                                                         _0244_ (net)
                      0.054956    0.000025   16.049471 v _4297_/A2 (sky130_fd_sc_hd__a21o_2)
     2    0.017844    0.068176    0.265196   16.314667 v _4297_/X (sky130_fd_sc_hd__a21o_2)
                                                         net149 (net)
                      0.068176    0.000178   16.314844 v output149/A (sky130_fd_sc_hd__clkdlybuf4s25_1)
     1    0.037880    0.281019    0.465372   16.780216 v output149/X (sky130_fd_sc_hd__clkdlybuf4s25_1)
                                                         result[20] (net)
                      0.281020    0.001057   16.781273 v result[20] (out)
                                             16.781273   data arrival time

                      0.000000   40.000000   40.000000   clock __VIRTUAL_CLK__ (rise edge)
                                  0.000000   40.000000   clock network delay (ideal)
                                 -0.250000   39.750000   clock uncertainty
                                  0.000000   39.750000   clock reconvergence pessimism
                                 -8.000000   31.750000   output external delay
                                             31.750000   data required time
---------------------------------------------------------------------------------------------
                                             31.750000   data required time
                                            -16.781273   data arrival time
---------------------------------------------------------------------------------------------
                                             14.968725   slack (MET)


Startpoint: operand_b[1] (input port clocked by __VIRTUAL_CLK__)
Endpoint: result[18] (output port clocked by __VIRTUAL_CLK__)
Path Group: __VIRTUAL_CLK__
Path Type: max

Fanout         Cap        Slew       Delay        Time   Description
---------------------------------------------------------------------------------------------
                      0.000000    0.000000    0.000000   clock __VIRTUAL_CLK__ (rise edge)
                                  0.000000    0.000000   clock network delay (ideal)
                                  8.000000    8.000000 ^ input external delay
     1    0.007862    0.041921    0.028532    8.028532 ^ operand_b[1] (in)
                                                         operand_b[1] (net)
                      0.041923    0.000000    8.028532 ^ input81/A (sky130_fd_sc_hd__clkdlybuf4s25_1)
     1    0.005436    0.068098    0.273489    8.302021 ^ input81/X (sky130_fd_sc_hd__clkdlybuf4s25_1)
                                                         net81 (net)
                      0.068098    0.000110    8.302131 ^ fanout406/A (sky130_fd_sc_hd__clkdlybuf4s25_1)
     7    0.084421    0.837195    0.851103    9.153234 ^ fanout406/X (sky130_fd_sc_hd__clkdlybuf4s25_1)
                                                         net406 (net)
                      0.837195    0.000408    9.153642 ^ fanout404/A (sky130_fd_sc_hd__clkdlybuf4s25_1)
     8    0.054668    0.545119    0.765837    9.919478 ^ fanout404/X (sky130_fd_sc_hd__clkdlybuf4s25_1)
                                                         net404 (net)
                      0.545119    0.000226    9.919705 ^ fanout402/A (sky130_fd_sc_hd__clkdlybuf4s25_1)
     3    0.024911    0.254796    0.522081   10.441787 ^ fanout402/X (sky130_fd_sc_hd__clkdlybuf4s25_1)
                                                         net402 (net)
                      0.254796    0.000698   10.442485 ^ load_slew403/A (sky130_fd_sc_hd__buf_4)
     8    0.054245    0.154310    0.271195   10.713679 ^ load_slew403/X (sky130_fd_sc_hd__buf_4)
                                                         net403 (net)
                      0.154313    0.000914   10.714593 ^ fanout400/A (sky130_fd_sc_hd__clkdlybuf4s25_1)
     5    0.042864    0.430562    0.579774   11.294367 ^ fanout400/X (sky130_fd_sc_hd__clkdlybuf4s25_1)
                                                         net400 (net)
                      0.430564    0.001856   11.296223 ^ load_slew401/A (sky130_fd_sc_hd__clkbuf_2)
     6    0.048837    0.265893    0.369553   11.665776 ^ load_slew401/X (sky130_fd_sc_hd__clkbuf_2)
                                                         net401 (net)
                      0.265895    0.001330   11.667106 ^ _3412_/B_N (sky130_fd_sc_hd__nor2b_2)
     4    0.020264    0.235271    0.332417   11.999522 ^ _3412_/Y (sky130_fd_sc_hd__nor2b_2)
                                                         _2625_ (net)
                      0.235342    0.000376   11.999898 ^ _3555_/C1 (sky130_fd_sc_hd__a221oi_2)
     5    0.019087    0.112048    0.113663   12.113562 v _3555_/Y (sky130_fd_sc_hd__a221oi_2)
                                                         _2765_ (net)
                      0.112066    0.000664   12.114225 v _3683_/A3 (sky130_fd_sc_hd__o31a_2)
     3    0.014572    0.078841    0.362697   12.476923 v _3683_/X (sky130_fd_sc_hd__o31a_2)
                                                         _2891_ (net)
                      0.078841    0.000281   12.477203 v _3686_/B (sky130_fd_sc_hd__or4_4)
     1    0.005088    0.085280    0.545249   13.022452 v _3686_/X (sky130_fd_sc_hd__or4_4)
                                                         _2894_ (net)
                      0.085280    0.000054   13.022507 v _3687_/A (sky130_fd_sc_hd__buf_6)
     8    0.035303    0.044413    0.163532   13.186039 v _3687_/X (sky130_fd_sc_hd__buf_6)
                                                         _2895_ (net)
                      0.044426    0.000766   13.186805 v _3771_/B2 (sky130_fd_sc_hd__a221o_2)
     2    0.008430    0.068300    0.393701   13.580506 v _3771_/X (sky130_fd_sc_hd__a221o_2)
                                                         _2977_ (net)
                      0.068300    0.000083   13.580589 v _3775_/A1 (sky130_fd_sc_hd__a21o_2)
     3    0.013116    0.058074    0.235461   13.816051 v _3775_/X (sky130_fd_sc_hd__a21o_2)
                                                         _2981_ (net)
                      0.058074    0.000121   13.816172 v _3822_/A2 (sky130_fd_sc_hd__a2111o_2)
     2    0.022176    0.113439    0.564363   14.380534 v _3822_/X (sky130_fd_sc_hd__a2111o_2)
                                                         _3027_ (net)
                      0.113443    0.000849   14.381384 v _4006_/A (sky130_fd_sc_hd__or4b_4)
     4    0.017887    0.110647    0.628569   15.009953 v _4006_/X (sky130_fd_sc_hd__or4b_4)
                                                         _3207_ (net)
                      0.110647    0.000586   15.010539 v _4178_/A (sky130_fd_sc_hd__or4_4)
     3    0.016850    0.109043    0.622631   15.633170 v _4178_/X (sky130_fd_sc_hd__or4_4)
                                                         _0158_ (net)
                      0.109043    0.000291   15.633461 v _4179_/B (sky130_fd_sc_hd__xnor2_2)
     1    0.003663    0.077770    0.157222   15.790683 v _4179_/Y (sky130_fd_sc_hd__xnor2_2)
                                                         _0159_ (net)
                      0.077770    0.000034   15.790717 v _4210_/B1 (sky130_fd_sc_hd__a221o_2)
     2    0.021537    0.100507    0.426677   16.217394 v _4210_/X (sky130_fd_sc_hd__a221o_2)
                                                         net146 (net)
                      0.100507    0.000423   16.217817 v output146/A (sky130_fd_sc_hd__clkdlybuf4s25_1)
     1    0.036291    0.269108    0.471630   16.689447 v output146/X (sky130_fd_sc_hd__clkdlybuf4s25_1)
                                                         result[18] (net)
                      0.269108    0.000723   16.690170 v result[18] (out)
                                             16.690170   data arrival time

                      0.000000   40.000000   40.000000   clock __VIRTUAL_CLK__ (rise edge)
                                  0.000000   40.000000   clock network delay (ideal)
                                 -0.250000   39.750000   clock uncertainty
                                  0.000000   39.750000   clock reconvergence pessimism
                                 -8.000000   31.750000   output external delay
                                             31.750000   data required time
---------------------------------------------------------------------------------------------
                                             31.750000   data required time
                                            -16.690170   data arrival time
---------------------------------------------------------------------------------------------
                                             15.059830   slack (MET)


Startpoint: operand_b[1] (input port clocked by __VIRTUAL_CLK__)
Endpoint: result[16] (output port clocked by __VIRTUAL_CLK__)
Path Group: __VIRTUAL_CLK__
Path Type: max

Fanout         Cap        Slew       Delay        Time   Description
---------------------------------------------------------------------------------------------
                      0.000000    0.000000    0.000000   clock __VIRTUAL_CLK__ (rise edge)
                                  0.000000    0.000000   clock network delay (ideal)
                                  8.000000    8.000000 ^ input external delay
     1    0.007862    0.041921    0.028532    8.028532 ^ operand_b[1] (in)
                                                         operand_b[1] (net)
                      0.041923    0.000000    8.028532 ^ input81/A (sky130_fd_sc_hd__clkdlybuf4s25_1)
     1    0.005436    0.068098    0.273489    8.302021 ^ input81/X (sky130_fd_sc_hd__clkdlybuf4s25_1)
                                                         net81 (net)
                      0.068098    0.000110    8.302131 ^ fanout406/A (sky130_fd_sc_hd__clkdlybuf4s25_1)
     7    0.084421    0.837195    0.851103    9.153234 ^ fanout406/X (sky130_fd_sc_hd__clkdlybuf4s25_1)
                                                         net406 (net)
                      0.837195    0.000408    9.153642 ^ fanout404/A (sky130_fd_sc_hd__clkdlybuf4s25_1)
     8    0.054668    0.545119    0.765837    9.919478 ^ fanout404/X (sky130_fd_sc_hd__clkdlybuf4s25_1)
                                                         net404 (net)
                      0.545119    0.000226    9.919705 ^ fanout402/A (sky130_fd_sc_hd__clkdlybuf4s25_1)
     3    0.024911    0.254796    0.522081   10.441787 ^ fanout402/X (sky130_fd_sc_hd__clkdlybuf4s25_1)
                                                         net402 (net)
                      0.254796    0.000698   10.442485 ^ load_slew403/A (sky130_fd_sc_hd__buf_4)
     8    0.054245    0.154310    0.271195   10.713679 ^ load_slew403/X (sky130_fd_sc_hd__buf_4)
                                                         net403 (net)
                      0.154313    0.000914   10.714593 ^ fanout400/A (sky130_fd_sc_hd__clkdlybuf4s25_1)
     5    0.042864    0.430562    0.579774   11.294367 ^ fanout400/X (sky130_fd_sc_hd__clkdlybuf4s25_1)
                                                         net400 (net)
                      0.430564    0.001856   11.296223 ^ load_slew401/A (sky130_fd_sc_hd__clkbuf_2)
     6    0.048837    0.265893    0.369553   11.665776 ^ load_slew401/X (sky130_fd_sc_hd__clkbuf_2)
                                                         net401 (net)
                      0.265895    0.001330   11.667106 ^ _3412_/B_N (sky130_fd_sc_hd__nor2b_2)
     4    0.020264    0.235271    0.332417   11.999522 ^ _3412_/Y (sky130_fd_sc_hd__nor2b_2)
                                                         _2625_ (net)
                      0.235342    0.000376   11.999898 ^ _3555_/C1 (sky130_fd_sc_hd__a221oi_2)
     5    0.019087    0.112048    0.113663   12.113562 v _3555_/Y (sky130_fd_sc_hd__a221oi_2)
                                                         _2765_ (net)
                      0.112066    0.000664   12.114225 v _3683_/A3 (sky130_fd_sc_hd__o31a_2)
     3    0.014572    0.078841    0.362697   12.476923 v _3683_/X (sky130_fd_sc_hd__o31a_2)
                                                         _2891_ (net)
                      0.078841    0.000281   12.477203 v _3686_/B (sky130_fd_sc_hd__or4_4)
     1    0.005088    0.085280    0.545249   13.022452 v _3686_/X (sky130_fd_sc_hd__or4_4)
                                                         _2894_ (net)
                      0.085280    0.000054   13.022507 v _3687_/A (sky130_fd_sc_hd__buf_6)
     8    0.035303    0.044413    0.163532   13.186039 v _3687_/X (sky130_fd_sc_hd__buf_6)
                                                         _2895_ (net)
                      0.044426    0.000766   13.186805 v _3771_/B2 (sky130_fd_sc_hd__a221o_2)
     2    0.008430    0.068300    0.393701   13.580506 v _3771_/X (sky130_fd_sc_hd__a221o_2)
                                                         _2977_ (net)
                      0.068300    0.000083   13.580589 v _3775_/A1 (sky130_fd_sc_hd__a21o_2)
     3    0.013116    0.058074    0.235461   13.816051 v _3775_/X (sky130_fd_sc_hd__a21o_2)
                                                         _2981_ (net)
                      0.058074    0.000121   13.816172 v _3822_/A2 (sky130_fd_sc_hd__a2111o_2)
     2    0.022176    0.113439    0.564363   14.380534 v _3822_/X (sky130_fd_sc_hd__a2111o_2)
                                                         _3027_ (net)
                      0.113443    0.000849   14.381384 v _4006_/A (sky130_fd_sc_hd__or4b_4)
     4    0.017887    0.110647    0.628569   15.009953 v _4006_/X (sky130_fd_sc_hd__or4b_4)
                                                         _3207_ (net)
                      0.110647    0.000618   15.010571 v _4091_/A (sky130_fd_sc_hd__or3_4)
     1    0.005165    0.066955    0.425150   15.435720 v _4091_/X (sky130_fd_sc_hd__or3_4)
                                                         _0073_ (net)
                      0.066955    0.000055   15.435776 v _4092_/A (sky130_fd_sc_hd__buf_6)
     8    0.054267    0.060027    0.168299   15.604074 v _4092_/X (sky130_fd_sc_hd__buf_6)
                                                         _0074_ (net)
                      0.060049    0.001224   15.605299 v _4093_/B (sky130_fd_sc_hd__xnor2_2)
     1    0.002992    0.061720    0.133097   15.738396 v _4093_/Y (sky130_fd_sc_hd__xnor2_2)
                                                         _0075_ (net)
                      0.061720    0.000032   15.738428 v _4117_/B1 (sky130_fd_sc_hd__a221o_2)
     2    0.014510    0.084060    0.399819   16.138247 v _4117_/X (sky130_fd_sc_hd__a221o_2)
                                                         net144 (net)
                      0.084060    0.000323   16.138571 v output144/A (sky130_fd_sc_hd__clkdlybuf4s25_1)
     1    0.037875    0.280559    0.472973   16.611544 v output144/X (sky130_fd_sc_hd__clkdlybuf4s25_1)
                                                         result[16] (net)
                      0.280559    0.000593   16.612137 v result[16] (out)
                                             16.612137   data arrival time

                      0.000000   40.000000   40.000000   clock __VIRTUAL_CLK__ (rise edge)
                                  0.000000   40.000000   clock network delay (ideal)
                                 -0.250000   39.750000   clock uncertainty
                                  0.000000   39.750000   clock reconvergence pessimism
                                 -8.000000   31.750000   output external delay
                                             31.750000   data required time
---------------------------------------------------------------------------------------------
                                             31.750000   data required time
                                            -16.612137   data arrival time
---------------------------------------------------------------------------------------------
                                             15.137863   slack (MET)


Startpoint: operand_b[1] (input port clocked by __VIRTUAL_CLK__)
Endpoint: result[15] (output port clocked by __VIRTUAL_CLK__)
Path Group: __VIRTUAL_CLK__
Path Type: max

Fanout         Cap        Slew       Delay        Time   Description
---------------------------------------------------------------------------------------------
                      0.000000    0.000000    0.000000   clock __VIRTUAL_CLK__ (rise edge)
                                  0.000000    0.000000   clock network delay (ideal)
                                  8.000000    8.000000 ^ input external delay
     1    0.007862    0.041921    0.028532    8.028532 ^ operand_b[1] (in)
                                                         operand_b[1] (net)
                      0.041923    0.000000    8.028532 ^ input81/A (sky130_fd_sc_hd__clkdlybuf4s25_1)
     1    0.005436    0.068098    0.273489    8.302021 ^ input81/X (sky130_fd_sc_hd__clkdlybuf4s25_1)
                                                         net81 (net)
                      0.068098    0.000110    8.302131 ^ fanout406/A (sky130_fd_sc_hd__clkdlybuf4s25_1)
     7    0.084421    0.837195    0.851103    9.153234 ^ fanout406/X (sky130_fd_sc_hd__clkdlybuf4s25_1)
                                                         net406 (net)
                      0.837195    0.000408    9.153642 ^ fanout404/A (sky130_fd_sc_hd__clkdlybuf4s25_1)
     8    0.054668    0.545119    0.765837    9.919478 ^ fanout404/X (sky130_fd_sc_hd__clkdlybuf4s25_1)
                                                         net404 (net)
                      0.545119    0.000226    9.919705 ^ fanout402/A (sky130_fd_sc_hd__clkdlybuf4s25_1)
     3    0.024911    0.254796    0.522081   10.441787 ^ fanout402/X (sky130_fd_sc_hd__clkdlybuf4s25_1)
                                                         net402 (net)
                      0.254796    0.000698   10.442485 ^ load_slew403/A (sky130_fd_sc_hd__buf_4)
     8    0.054245    0.154310    0.271195   10.713679 ^ load_slew403/X (sky130_fd_sc_hd__buf_4)
                                                         net403 (net)
                      0.154313    0.000914   10.714593 ^ fanout400/A (sky130_fd_sc_hd__clkdlybuf4s25_1)
     5    0.042864    0.430562    0.579774   11.294367 ^ fanout400/X (sky130_fd_sc_hd__clkdlybuf4s25_1)
                                                         net400 (net)
                      0.430564    0.001856   11.296223 ^ load_slew401/A (sky130_fd_sc_hd__clkbuf_2)
     6    0.048837    0.265893    0.369553   11.665776 ^ load_slew401/X (sky130_fd_sc_hd__clkbuf_2)
                                                         net401 (net)
                      0.265895    0.001330   11.667106 ^ _3412_/B_N (sky130_fd_sc_hd__nor2b_2)
     4    0.020264    0.235271    0.332417   11.999522 ^ _3412_/Y (sky130_fd_sc_hd__nor2b_2)
                                                         _2625_ (net)
                      0.235342    0.000376   11.999898 ^ _3555_/C1 (sky130_fd_sc_hd__a221oi_2)
     5    0.019087    0.112048    0.113663   12.113562 v _3555_/Y (sky130_fd_sc_hd__a221oi_2)
                                                         _2765_ (net)
                      0.112066    0.000664   12.114225 v _3683_/A3 (sky130_fd_sc_hd__o31a_2)
     3    0.014572    0.078841    0.362697   12.476923 v _3683_/X (sky130_fd_sc_hd__o31a_2)
                                                         _2891_ (net)
                      0.078841    0.000281   12.477203 v _3686_/B (sky130_fd_sc_hd__or4_4)
     1    0.005088    0.085280    0.545249   13.022452 v _3686_/X (sky130_fd_sc_hd__or4_4)
                                                         _2894_ (net)
                      0.085280    0.000054   13.022507 v _3687_/A (sky130_fd_sc_hd__buf_6)
     8    0.035303    0.044413    0.163532   13.186039 v _3687_/X (sky130_fd_sc_hd__buf_6)
                                                         _2895_ (net)
                      0.044426    0.000766   13.186805 v _3771_/B2 (sky130_fd_sc_hd__a221o_2)
     2    0.008430    0.068300    0.393701   13.580506 v _3771_/X (sky130_fd_sc_hd__a221o_2)
                                                         _2977_ (net)
                      0.068300    0.000083   13.580589 v _3775_/A1 (sky130_fd_sc_hd__a21o_2)
     3    0.013116    0.058074    0.235461   13.816051 v _3775_/X (sky130_fd_sc_hd__a21o_2)
                                                         _2981_ (net)
                      0.058074    0.000102   13.816154 v _3857_/A2 (sky130_fd_sc_hd__a2111o_2)
     3    0.021132    0.110988    0.560905   14.377058 v _3857_/X (sky130_fd_sc_hd__a2111o_2)
                                                         _3061_ (net)
                      0.110994    0.001030   14.378088 v _3960_/A (sky130_fd_sc_hd__or4b_4)
     3    0.027697    0.123351    0.650431   15.028520 v _3960_/X (sky130_fd_sc_hd__or4b_4)
                                                         _3162_ (net)
                      0.123416    0.000838   15.029358 v _4047_/B (sky130_fd_sc_hd__or4_4)
     1    0.008611    0.091629    0.575550   15.604908 v _4047_/X (sky130_fd_sc_hd__or4_4)
                                                         _0030_ (net)
                      0.091629    0.000080   15.604988 v _4048_/B (sky130_fd_sc_hd__xor2_2)
     1    0.003452    0.041070    0.161577   15.766565 v _4048_/X (sky130_fd_sc_hd__xor2_2)
                                                         _0031_ (net)
                      0.041070    0.000043   15.766608 v _4065_/B1 (sky130_fd_sc_hd__a221o_2)
     2    0.009265    0.071071    0.372129   16.138737 v _4065_/X (sky130_fd_sc_hd__a221o_2)
                                                         net143 (net)
                      0.071071    0.000139   16.138876 v output143/A (sky130_fd_sc_hd__clkdlybuf4s25_1)
     1    0.034958    0.259996    0.451077   16.589952 v output143/X (sky130_fd_sc_hd__clkdlybuf4s25_1)
                                                         result[15] (net)
                      0.259996    0.000336   16.590288 v result[15] (out)
                                             16.590288   data arrival time

                      0.000000   40.000000   40.000000   clock __VIRTUAL_CLK__ (rise edge)
                                  0.000000   40.000000   clock network delay (ideal)
                                 -0.250000   39.750000   clock uncertainty
                                  0.000000   39.750000   clock reconvergence pessimism
                                 -8.000000   31.750000   output external delay
                                             31.750000   data required time
---------------------------------------------------------------------------------------------
                                             31.750000   data required time
                                            -16.590288   data arrival time
---------------------------------------------------------------------------------------------
                                             15.159710   slack (MET)


Startpoint: operand_b[1] (input port clocked by __VIRTUAL_CLK__)
Endpoint: result[14] (output port clocked by __VIRTUAL_CLK__)
Path Group: __VIRTUAL_CLK__
Path Type: max

Fanout         Cap        Slew       Delay        Time   Description
---------------------------------------------------------------------------------------------
                      0.000000    0.000000    0.000000   clock __VIRTUAL_CLK__ (rise edge)
                                  0.000000    0.000000   clock network delay (ideal)
                                  8.000000    8.000000 ^ input external delay
     1    0.007862    0.041921    0.028532    8.028532 ^ operand_b[1] (in)
                                                         operand_b[1] (net)
                      0.041923    0.000000    8.028532 ^ input81/A (sky130_fd_sc_hd__clkdlybuf4s25_1)
     1    0.005436    0.068098    0.273489    8.302021 ^ input81/X (sky130_fd_sc_hd__clkdlybuf4s25_1)
                                                         net81 (net)
                      0.068098    0.000110    8.302131 ^ fanout406/A (sky130_fd_sc_hd__clkdlybuf4s25_1)
     7    0.084421    0.837195    0.851103    9.153234 ^ fanout406/X (sky130_fd_sc_hd__clkdlybuf4s25_1)
                                                         net406 (net)
                      0.837195    0.000408    9.153642 ^ fanout404/A (sky130_fd_sc_hd__clkdlybuf4s25_1)
     8    0.054668    0.545119    0.765837    9.919478 ^ fanout404/X (sky130_fd_sc_hd__clkdlybuf4s25_1)
                                                         net404 (net)
                      0.545119    0.000226    9.919705 ^ fanout402/A (sky130_fd_sc_hd__clkdlybuf4s25_1)
     3    0.024911    0.254796    0.522081   10.441787 ^ fanout402/X (sky130_fd_sc_hd__clkdlybuf4s25_1)
                                                         net402 (net)
                      0.254796    0.000698   10.442485 ^ load_slew403/A (sky130_fd_sc_hd__buf_4)
     8    0.054245    0.154310    0.271195   10.713679 ^ load_slew403/X (sky130_fd_sc_hd__buf_4)
                                                         net403 (net)
                      0.154313    0.000914   10.714593 ^ fanout400/A (sky130_fd_sc_hd__clkdlybuf4s25_1)
     5    0.042864    0.430562    0.579774   11.294367 ^ fanout400/X (sky130_fd_sc_hd__clkdlybuf4s25_1)
                                                         net400 (net)
                      0.430564    0.001856   11.296223 ^ load_slew401/A (sky130_fd_sc_hd__clkbuf_2)
     6    0.048837    0.265893    0.369553   11.665776 ^ load_slew401/X (sky130_fd_sc_hd__clkbuf_2)
                                                         net401 (net)
                      0.265895    0.001330   11.667106 ^ _3412_/B_N (sky130_fd_sc_hd__nor2b_2)
     4    0.020264    0.235271    0.332417   11.999522 ^ _3412_/Y (sky130_fd_sc_hd__nor2b_2)
                                                         _2625_ (net)
                      0.235342    0.000376   11.999898 ^ _3555_/C1 (sky130_fd_sc_hd__a221oi_2)
     5    0.019087    0.112048    0.113663   12.113562 v _3555_/Y (sky130_fd_sc_hd__a221oi_2)
                                                         _2765_ (net)
                      0.112066    0.000664   12.114225 v _3683_/A3 (sky130_fd_sc_hd__o31a_2)
     3    0.014572    0.078841    0.362697   12.476923 v _3683_/X (sky130_fd_sc_hd__o31a_2)
                                                         _2891_ (net)
                      0.078841    0.000281   12.477203 v _3686_/B (sky130_fd_sc_hd__or4_4)
     1    0.005088    0.085280    0.545249   13.022452 v _3686_/X (sky130_fd_sc_hd__or4_4)
                                                         _2894_ (net)
                      0.085280    0.000054   13.022507 v _3687_/A (sky130_fd_sc_hd__buf_6)
     8    0.035303    0.044413    0.163532   13.186039 v _3687_/X (sky130_fd_sc_hd__buf_6)
                                                         _2895_ (net)
                      0.044426    0.000766   13.186805 v _3771_/B2 (sky130_fd_sc_hd__a221o_2)
     2    0.008430    0.068300    0.393701   13.580506 v _3771_/X (sky130_fd_sc_hd__a221o_2)
                                                         _2977_ (net)
                      0.068300    0.000083   13.580589 v _3775_/A1 (sky130_fd_sc_hd__a21o_2)
     3    0.013116    0.058074    0.235461   13.816051 v _3775_/X (sky130_fd_sc_hd__a21o_2)
                                                         _2981_ (net)
                      0.058074    0.000121   13.816172 v _3822_/A2 (sky130_fd_sc_hd__a2111o_2)
     2    0.022176    0.113439    0.564363   14.380534 v _3822_/X (sky130_fd_sc_hd__a2111o_2)
                                                         _3027_ (net)
                      0.113443    0.000849   14.381384 v _4006_/A (sky130_fd_sc_hd__or4b_4)
     4    0.017887    0.110647    0.628569   15.009953 v _4006_/X (sky130_fd_sc_hd__or4b_4)
                                                         _3207_ (net)
                      0.110647    0.000385   15.010338 v _4007_/A (sky130_fd_sc_hd__or2_2)
     1    0.008839    0.071101    0.356513   15.366852 v _4007_/X (sky130_fd_sc_hd__or2_2)
                                                         _3208_ (net)
                      0.071101    0.000096   15.366947 v _4008_/B (sky130_fd_sc_hd__xnor2_2)
     1    0.002541    0.071002    0.136167   15.503114 v _4008_/Y (sky130_fd_sc_hd__xnor2_2)
                                                         _3209_ (net)
                      0.071002    0.000012   15.503126 v _4031_/B1 (sky130_fd_sc_hd__a221o_2)
     2    0.008809    0.069323    0.380227   15.883354 v _4031_/X (sky130_fd_sc_hd__a221o_2)
                                                         net142 (net)
                      0.069323    0.000227   15.883581 v output142/A (sky130_fd_sc_hd__clkdlybuf4s25_1)
     1    0.035145    0.261354    0.451301   16.334883 v output142/X (sky130_fd_sc_hd__clkdlybuf4s25_1)
                                                         result[14] (net)
                      0.261354    0.000348   16.335230 v result[14] (out)
                                             16.335230   data arrival time

                      0.000000   40.000000   40.000000   clock __VIRTUAL_CLK__ (rise edge)
                                  0.000000   40.000000   clock network delay (ideal)
                                 -0.250000   39.750000   clock uncertainty
                                  0.000000   39.750000   clock reconvergence pessimism
                                 -8.000000   31.750000   output external delay
                                             31.750000   data required time
---------------------------------------------------------------------------------------------
                                             31.750000   data required time
                                            -16.335230   data arrival time
---------------------------------------------------------------------------------------------
                                             15.414768   slack (MET)


Startpoint: operand_b[1] (input port clocked by __VIRTUAL_CLK__)
Endpoint: result[13] (output port clocked by __VIRTUAL_CLK__)
Path Group: __VIRTUAL_CLK__
Path Type: max

Fanout         Cap        Slew       Delay        Time   Description
---------------------------------------------------------------------------------------------
                      0.000000    0.000000    0.000000   clock __VIRTUAL_CLK__ (rise edge)
                                  0.000000    0.000000   clock network delay (ideal)
                                  8.000000    8.000000 ^ input external delay
     1    0.007862    0.041921    0.028532    8.028532 ^ operand_b[1] (in)
                                                         operand_b[1] (net)
                      0.041923    0.000000    8.028532 ^ input81/A (sky130_fd_sc_hd__clkdlybuf4s25_1)
     1    0.005436    0.068098    0.273489    8.302021 ^ input81/X (sky130_fd_sc_hd__clkdlybuf4s25_1)
                                                         net81 (net)
                      0.068098    0.000110    8.302131 ^ fanout406/A (sky130_fd_sc_hd__clkdlybuf4s25_1)
     7    0.084421    0.837195    0.851103    9.153234 ^ fanout406/X (sky130_fd_sc_hd__clkdlybuf4s25_1)
                                                         net406 (net)
                      0.837195    0.000408    9.153642 ^ fanout404/A (sky130_fd_sc_hd__clkdlybuf4s25_1)
     8    0.054668    0.545119    0.765837    9.919478 ^ fanout404/X (sky130_fd_sc_hd__clkdlybuf4s25_1)
                                                         net404 (net)
                      0.545119    0.000226    9.919705 ^ fanout402/A (sky130_fd_sc_hd__clkdlybuf4s25_1)
     3    0.024911    0.254796    0.522081   10.441787 ^ fanout402/X (sky130_fd_sc_hd__clkdlybuf4s25_1)
                                                         net402 (net)
                      0.254796    0.000698   10.442485 ^ load_slew403/A (sky130_fd_sc_hd__buf_4)
     8    0.054245    0.154310    0.271195   10.713679 ^ load_slew403/X (sky130_fd_sc_hd__buf_4)
                                                         net403 (net)
                      0.154313    0.000914   10.714593 ^ fanout400/A (sky130_fd_sc_hd__clkdlybuf4s25_1)
     5    0.042864    0.430562    0.579774   11.294367 ^ fanout400/X (sky130_fd_sc_hd__clkdlybuf4s25_1)
                                                         net400 (net)
                      0.430564    0.001856   11.296223 ^ load_slew401/A (sky130_fd_sc_hd__clkbuf_2)
     6    0.048837    0.265893    0.369553   11.665776 ^ load_slew401/X (sky130_fd_sc_hd__clkbuf_2)
                                                         net401 (net)
                      0.265895    0.001330   11.667106 ^ _3412_/B_N (sky130_fd_sc_hd__nor2b_2)
     4    0.020264    0.235271    0.332417   11.999522 ^ _3412_/Y (sky130_fd_sc_hd__nor2b_2)
                                                         _2625_ (net)
                      0.235342    0.000376   11.999898 ^ _3555_/C1 (sky130_fd_sc_hd__a221oi_2)
     5    0.019087    0.112048    0.113663   12.113562 v _3555_/Y (sky130_fd_sc_hd__a221oi_2)
                                                         _2765_ (net)
                      0.112066    0.000664   12.114225 v _3683_/A3 (sky130_fd_sc_hd__o31a_2)
     3    0.014572    0.078841    0.362697   12.476923 v _3683_/X (sky130_fd_sc_hd__o31a_2)
                                                         _2891_ (net)
                      0.078841    0.000281   12.477203 v _3686_/B (sky130_fd_sc_hd__or4_4)
     1    0.005088    0.085280    0.545249   13.022452 v _3686_/X (sky130_fd_sc_hd__or4_4)
                                                         _2894_ (net)
                      0.085280    0.000054   13.022507 v _3687_/A (sky130_fd_sc_hd__buf_6)
     8    0.035303    0.044413    0.163532   13.186039 v _3687_/X (sky130_fd_sc_hd__buf_6)
                                                         _2895_ (net)
                      0.044426    0.000766   13.186805 v _3771_/B2 (sky130_fd_sc_hd__a221o_2)
     2    0.008430    0.068300    0.393701   13.580506 v _3771_/X (sky130_fd_sc_hd__a221o_2)
                                                         _2977_ (net)
                      0.068300    0.000083   13.580589 v _3775_/A1 (sky130_fd_sc_hd__a21o_2)
     3    0.013116    0.058074    0.235461   13.816051 v _3775_/X (sky130_fd_sc_hd__a21o_2)
                                                         _2981_ (net)
                      0.058074    0.000102   13.816154 v _3857_/A2 (sky130_fd_sc_hd__a2111o_2)
     3    0.021132    0.110988    0.560905   14.377058 v _3857_/X (sky130_fd_sc_hd__a2111o_2)
                                                         _3061_ (net)
                      0.110994    0.001030   14.378088 v _3960_/A (sky130_fd_sc_hd__or4b_4)
     3    0.027697    0.123351    0.650431   15.028520 v _3960_/X (sky130_fd_sc_hd__or4b_4)
                                                         _3162_ (net)
                      0.123414    0.000641   15.029160 v _3969_/A (sky130_fd_sc_hd__xor2_2)
     1    0.002734    0.049720    0.200712   15.229873 v _3969_/X (sky130_fd_sc_hd__xor2_2)
                                                         _3171_ (net)
                      0.049720    0.000014   15.229887 v _3991_/A2 (sky130_fd_sc_hd__o21a_2)
     1    0.005207    0.039696    0.207256   15.437143 v _3991_/X (sky130_fd_sc_hd__o21a_2)
                                                         _3193_ (net)
                      0.039696    0.000039   15.437182 v _3992_/B1 (sky130_fd_sc_hd__o21ai_2)
     2    0.009495    0.154261    0.074889   15.512072 ^ _3992_/Y (sky130_fd_sc_hd__o21ai_2)
                                                         net141 (net)
                      0.154261    0.000099   15.512172 ^ output141/A (sky130_fd_sc_hd__clkdlybuf4s25_1)
     1    0.035071    0.354321    0.524503   16.036674 ^ output141/X (sky130_fd_sc_hd__clkdlybuf4s25_1)
                                                         result[13] (net)
                      0.354321    0.000284   16.036959 ^ result[13] (out)
                                             16.036959   data arrival time

                      0.000000   40.000000   40.000000   clock __VIRTUAL_CLK__ (rise edge)
                                  0.000000   40.000000   clock network delay (ideal)
                                 -0.250000   39.750000   clock uncertainty
                                  0.000000   39.750000   clock reconvergence pessimism
                                 -8.000000   31.750000   output external delay
                                             31.750000   data required time
---------------------------------------------------------------------------------------------
                                             31.750000   data required time
                                            -16.036959   data arrival time
---------------------------------------------------------------------------------------------
                                             15.713040   slack (MET)


Startpoint: operand_b[1] (input port clocked by __VIRTUAL_CLK__)
Endpoint: result[11] (output port clocked by __VIRTUAL_CLK__)
Path Group: __VIRTUAL_CLK__
Path Type: max

Fanout         Cap        Slew       Delay        Time   Description
---------------------------------------------------------------------------------------------
                      0.000000    0.000000    0.000000   clock __VIRTUAL_CLK__ (rise edge)
                                  0.000000    0.000000   clock network delay (ideal)
                                  8.000000    8.000000 ^ input external delay
     1    0.007862    0.041921    0.028532    8.028532 ^ operand_b[1] (in)
                                                         operand_b[1] (net)
                      0.041923    0.000000    8.028532 ^ input81/A (sky130_fd_sc_hd__clkdlybuf4s25_1)
     1    0.005436    0.068098    0.273489    8.302021 ^ input81/X (sky130_fd_sc_hd__clkdlybuf4s25_1)
                                                         net81 (net)
                      0.068098    0.000110    8.302131 ^ fanout406/A (sky130_fd_sc_hd__clkdlybuf4s25_1)
     7    0.084421    0.837195    0.851103    9.153234 ^ fanout406/X (sky130_fd_sc_hd__clkdlybuf4s25_1)
                                                         net406 (net)
                      0.837195    0.000408    9.153642 ^ fanout404/A (sky130_fd_sc_hd__clkdlybuf4s25_1)
     8    0.054668    0.545119    0.765837    9.919478 ^ fanout404/X (sky130_fd_sc_hd__clkdlybuf4s25_1)
                                                         net404 (net)
                      0.545119    0.000226    9.919705 ^ fanout402/A (sky130_fd_sc_hd__clkdlybuf4s25_1)
     3    0.024911    0.254796    0.522081   10.441787 ^ fanout402/X (sky130_fd_sc_hd__clkdlybuf4s25_1)
                                                         net402 (net)
                      0.254796    0.000698   10.442485 ^ load_slew403/A (sky130_fd_sc_hd__buf_4)
     8    0.054245    0.154310    0.271195   10.713679 ^ load_slew403/X (sky130_fd_sc_hd__buf_4)
                                                         net403 (net)
                      0.154313    0.000914   10.714593 ^ fanout400/A (sky130_fd_sc_hd__clkdlybuf4s25_1)
     5    0.042864    0.430562    0.579774   11.294367 ^ fanout400/X (sky130_fd_sc_hd__clkdlybuf4s25_1)
                                                         net400 (net)
                      0.430564    0.001856   11.296223 ^ load_slew401/A (sky130_fd_sc_hd__clkbuf_2)
     6    0.048837    0.265893    0.369553   11.665776 ^ load_slew401/X (sky130_fd_sc_hd__clkbuf_2)
                                                         net401 (net)
                      0.265895    0.001330   11.667106 ^ _3412_/B_N (sky130_fd_sc_hd__nor2b_2)
     4    0.020264    0.235271    0.332417   11.999522 ^ _3412_/Y (sky130_fd_sc_hd__nor2b_2)
                                                         _2625_ (net)
                      0.235342    0.000376   11.999898 ^ _3555_/C1 (sky130_fd_sc_hd__a221oi_2)
     5    0.019087    0.112048    0.113663   12.113562 v _3555_/Y (sky130_fd_sc_hd__a221oi_2)
                                                         _2765_ (net)
                      0.112066    0.000664   12.114225 v _3683_/A3 (sky130_fd_sc_hd__o31a_2)
     3    0.014572    0.078841    0.362697   12.476923 v _3683_/X (sky130_fd_sc_hd__o31a_2)
                                                         _2891_ (net)
                      0.078841    0.000281   12.477203 v _3686_/B (sky130_fd_sc_hd__or4_4)
     1    0.005088    0.085280    0.545249   13.022452 v _3686_/X (sky130_fd_sc_hd__or4_4)
                                                         _2894_ (net)
                      0.085280    0.000054   13.022507 v _3687_/A (sky130_fd_sc_hd__buf_6)
     8    0.035303    0.044413    0.163532   13.186039 v _3687_/X (sky130_fd_sc_hd__buf_6)
                                                         _2895_ (net)
                      0.044426    0.000766   13.186805 v _3771_/B2 (sky130_fd_sc_hd__a221o_2)
     2    0.008430    0.068300    0.393701   13.580506 v _3771_/X (sky130_fd_sc_hd__a221o_2)
                                                         _2977_ (net)
                      0.068300    0.000083   13.580589 v _3775_/A1 (sky130_fd_sc_hd__a21o_2)
     3    0.013116    0.058074    0.235461   13.816051 v _3775_/X (sky130_fd_sc_hd__a21o_2)
                                                         _2981_ (net)
                      0.058074    0.000102   13.816154 v _3857_/A2 (sky130_fd_sc_hd__a2111o_2)
     3    0.021132    0.110988    0.560905   14.377058 v _3857_/X (sky130_fd_sc_hd__a2111o_2)
                                                         _3061_ (net)
                      0.110994    0.001037   14.378096 v _3872_/B (sky130_fd_sc_hd__or4_2)
     1    0.003271    0.100204    0.689409   15.067505 v _3872_/X (sky130_fd_sc_hd__or4_2)
                                                         _3076_ (net)
                      0.100204    0.000037   15.067542 v _3905_/A3 (sky130_fd_sc_hd__a31o_2)
     2    0.006812    0.046534    0.288992   15.356534 v _3905_/X (sky130_fd_sc_hd__a31o_2)
                                                         net139 (net)
                      0.046534    0.000096   15.356630 v output139/A (sky130_fd_sc_hd__clkdlybuf4s25_1)
     1    0.036270    0.269562    0.447050   15.803680 v output139/X (sky130_fd_sc_hd__clkdlybuf4s25_1)
                                                         result[11] (net)
                      0.269562    0.000465   15.804146 v result[11] (out)
                                             15.804146   data arrival time

                      0.000000   40.000000   40.000000   clock __VIRTUAL_CLK__ (rise edge)
                                  0.000000   40.000000   clock network delay (ideal)
                                 -0.250000   39.750000   clock uncertainty
                                  0.000000   39.750000   clock reconvergence pessimism
                                 -8.000000   31.750000   output external delay
                                             31.750000   data required time
---------------------------------------------------------------------------------------------
                                             31.750000   data required time
                                            -15.804146   data arrival time
---------------------------------------------------------------------------------------------
                                             15.945853   slack (MET)


Startpoint: operand_b[1] (input port clocked by __VIRTUAL_CLK__)
Endpoint: result[12] (output port clocked by __VIRTUAL_CLK__)
Path Group: __VIRTUAL_CLK__
Path Type: max

Fanout         Cap        Slew       Delay        Time   Description
---------------------------------------------------------------------------------------------
                      0.000000    0.000000    0.000000   clock __VIRTUAL_CLK__ (rise edge)
                                  0.000000    0.000000   clock network delay (ideal)
                                  8.000000    8.000000 ^ input external delay
     1    0.007862    0.041921    0.028532    8.028532 ^ operand_b[1] (in)
                                                         operand_b[1] (net)
                      0.041923    0.000000    8.028532 ^ input81/A (sky130_fd_sc_hd__clkdlybuf4s25_1)
     1    0.005436    0.068098    0.273489    8.302021 ^ input81/X (sky130_fd_sc_hd__clkdlybuf4s25_1)
                                                         net81 (net)
                      0.068098    0.000110    8.302131 ^ fanout406/A (sky130_fd_sc_hd__clkdlybuf4s25_1)
     7    0.084421    0.837195    0.851103    9.153234 ^ fanout406/X (sky130_fd_sc_hd__clkdlybuf4s25_1)
                                                         net406 (net)
                      0.837195    0.000408    9.153642 ^ fanout404/A (sky130_fd_sc_hd__clkdlybuf4s25_1)
     8    0.054668    0.545119    0.765837    9.919478 ^ fanout404/X (sky130_fd_sc_hd__clkdlybuf4s25_1)
                                                         net404 (net)
                      0.545119    0.000226    9.919705 ^ fanout402/A (sky130_fd_sc_hd__clkdlybuf4s25_1)
     3    0.024911    0.254796    0.522081   10.441787 ^ fanout402/X (sky130_fd_sc_hd__clkdlybuf4s25_1)
                                                         net402 (net)
                      0.254796    0.000698   10.442485 ^ load_slew403/A (sky130_fd_sc_hd__buf_4)
     8    0.054245    0.154310    0.271195   10.713679 ^ load_slew403/X (sky130_fd_sc_hd__buf_4)
                                                         net403 (net)
                      0.154313    0.000914   10.714593 ^ fanout400/A (sky130_fd_sc_hd__clkdlybuf4s25_1)
     5    0.042864    0.430562    0.579774   11.294367 ^ fanout400/X (sky130_fd_sc_hd__clkdlybuf4s25_1)
                                                         net400 (net)
                      0.430564    0.001856   11.296223 ^ load_slew401/A (sky130_fd_sc_hd__clkbuf_2)
     6    0.048837    0.265893    0.369553   11.665776 ^ load_slew401/X (sky130_fd_sc_hd__clkbuf_2)
                                                         net401 (net)
                      0.265895    0.001330   11.667106 ^ _3412_/B_N (sky130_fd_sc_hd__nor2b_2)
     4    0.020264    0.235271    0.332417   11.999522 ^ _3412_/Y (sky130_fd_sc_hd__nor2b_2)
                                                         _2625_ (net)
                      0.235342    0.000376   11.999898 ^ _3555_/C1 (sky130_fd_sc_hd__a221oi_2)
     5    0.019087    0.112048    0.113663   12.113562 v _3555_/Y (sky130_fd_sc_hd__a221oi_2)
                                                         _2765_ (net)
                      0.112066    0.000664   12.114225 v _3683_/A3 (sky130_fd_sc_hd__o31a_2)
     3    0.014572    0.078841    0.362697   12.476923 v _3683_/X (sky130_fd_sc_hd__o31a_2)
                                                         _2891_ (net)
                      0.078841    0.000281   12.477203 v _3686_/B (sky130_fd_sc_hd__or4_4)
     1    0.005088    0.085280    0.545249   13.022452 v _3686_/X (sky130_fd_sc_hd__or4_4)
                                                         _2894_ (net)
                      0.085280    0.000054   13.022507 v _3687_/A (sky130_fd_sc_hd__buf_6)
     8    0.035303    0.044413    0.163532   13.186039 v _3687_/X (sky130_fd_sc_hd__buf_6)
                                                         _2895_ (net)
                      0.044431    0.000889   13.186929 v _3814_/B (sky130_fd_sc_hd__or3_2)
     2    0.010729    0.102758    0.511354   13.698282 v _3814_/X (sky130_fd_sc_hd__or3_2)
                                                         _3019_ (net)
                      0.102758    0.000249   13.698531 v _3867_/B1 (sky130_fd_sc_hd__o2111a_2)
     1    0.001695    0.036296    0.177928   13.876458 v _3867_/X (sky130_fd_sc_hd__o2111a_2)
                                                         _3071_ (net)
                      0.036296    0.000007   13.876466 v _3870_/B (sky130_fd_sc_hd__or3b_2)
     5    0.024736    0.141916    0.557242   14.433708 v _3870_/X (sky130_fd_sc_hd__or3b_2)
                                                         _3074_ (net)
                      0.141916    0.000246   14.433954 v _3928_/D (sky130_fd_sc_hd__nand4_2)
     2    0.019622    0.147936    0.195146   14.629100 ^ _3928_/Y (sky130_fd_sc_hd__nand4_2)
                                                         _3131_ (net)
                      0.147936    0.000692   14.629792 ^ _3929_/B (sky130_fd_sc_hd__xnor2_2)
     1    0.002538    0.070445    0.070448   14.700240 v _3929_/Y (sky130_fd_sc_hd__xnor2_2)
                                                         _3132_ (net)
                      0.070445    0.000012   14.700253 v _3953_/B1 (sky130_fd_sc_hd__a221o_2)
     2    0.006227    0.062449    0.368077   15.068329 v _3953_/X (sky130_fd_sc_hd__a221o_2)
                                                         net140 (net)
                      0.062449    0.000094   15.068423 v output140/A (sky130_fd_sc_hd__clkdlybuf4s25_1)
     1    0.035526    0.264166    0.450262   15.518685 v output140/X (sky130_fd_sc_hd__clkdlybuf4s25_1)
                                                         result[12] (net)
                      0.264166    0.000352   15.519037 v result[12] (out)
                                             15.519037   data arrival time

                      0.000000   40.000000   40.000000   clock __VIRTUAL_CLK__ (rise edge)
                                  0.000000   40.000000   clock network delay (ideal)
                                 -0.250000   39.750000   clock uncertainty
                                  0.000000   39.750000   clock reconvergence pessimism
                                 -8.000000   31.750000   output external delay
                                             31.750000   data required time
---------------------------------------------------------------------------------------------
                                             31.750000   data required time
                                            -15.519037   data arrival time
---------------------------------------------------------------------------------------------
                                             16.230963   slack (MET)


Startpoint: operand_b[1] (input port clocked by __VIRTUAL_CLK__)
Endpoint: result[10] (output port clocked by __VIRTUAL_CLK__)
Path Group: __VIRTUAL_CLK__
Path Type: max

Fanout         Cap        Slew       Delay        Time   Description
---------------------------------------------------------------------------------------------
                      0.000000    0.000000    0.000000   clock __VIRTUAL_CLK__ (rise edge)
                                  0.000000    0.000000   clock network delay (ideal)
                                  8.000000    8.000000 ^ input external delay
     1    0.007862    0.041921    0.028532    8.028532 ^ operand_b[1] (in)
                                                         operand_b[1] (net)
                      0.041923    0.000000    8.028532 ^ input81/A (sky130_fd_sc_hd__clkdlybuf4s25_1)
     1    0.005436    0.068098    0.273489    8.302021 ^ input81/X (sky130_fd_sc_hd__clkdlybuf4s25_1)
                                                         net81 (net)
                      0.068098    0.000110    8.302131 ^ fanout406/A (sky130_fd_sc_hd__clkdlybuf4s25_1)
     7    0.084421    0.837195    0.851103    9.153234 ^ fanout406/X (sky130_fd_sc_hd__clkdlybuf4s25_1)
                                                         net406 (net)
                      0.837195    0.000408    9.153642 ^ fanout404/A (sky130_fd_sc_hd__clkdlybuf4s25_1)
     8    0.054668    0.545119    0.765837    9.919478 ^ fanout404/X (sky130_fd_sc_hd__clkdlybuf4s25_1)
                                                         net404 (net)
                      0.545119    0.000226    9.919705 ^ fanout402/A (sky130_fd_sc_hd__clkdlybuf4s25_1)
     3    0.024911    0.254796    0.522081   10.441787 ^ fanout402/X (sky130_fd_sc_hd__clkdlybuf4s25_1)
                                                         net402 (net)
                      0.254796    0.000698   10.442485 ^ load_slew403/A (sky130_fd_sc_hd__buf_4)
     8    0.054245    0.154310    0.271195   10.713679 ^ load_slew403/X (sky130_fd_sc_hd__buf_4)
                                                         net403 (net)
                      0.154313    0.000914   10.714593 ^ fanout400/A (sky130_fd_sc_hd__clkdlybuf4s25_1)
     5    0.042864    0.430562    0.579774   11.294367 ^ fanout400/X (sky130_fd_sc_hd__clkdlybuf4s25_1)
                                                         net400 (net)
                      0.430564    0.001856   11.296223 ^ load_slew401/A (sky130_fd_sc_hd__clkbuf_2)
     6    0.048837    0.265893    0.369553   11.665776 ^ load_slew401/X (sky130_fd_sc_hd__clkbuf_2)
                                                         net401 (net)
                      0.265895    0.001330   11.667106 ^ _3412_/B_N (sky130_fd_sc_hd__nor2b_2)
     4    0.020264    0.235271    0.332417   11.999522 ^ _3412_/Y (sky130_fd_sc_hd__nor2b_2)
                                                         _2625_ (net)
                      0.235342    0.000376   11.999898 ^ _3555_/C1 (sky130_fd_sc_hd__a221oi_2)
     5    0.019087    0.112048    0.113663   12.113562 v _3555_/Y (sky130_fd_sc_hd__a221oi_2)
                                                         _2765_ (net)
                      0.112066    0.000664   12.114225 v _3683_/A3 (sky130_fd_sc_hd__o31a_2)
     3    0.014572    0.078841    0.362697   12.476923 v _3683_/X (sky130_fd_sc_hd__o31a_2)
                                                         _2891_ (net)
                      0.078841    0.000281   12.477203 v _3686_/B (sky130_fd_sc_hd__or4_4)
     1    0.005088    0.085280    0.545249   13.022452 v _3686_/X (sky130_fd_sc_hd__or4_4)
                                                         _2894_ (net)
                      0.085280    0.000054   13.022507 v _3687_/A (sky130_fd_sc_hd__buf_6)
     8    0.035303    0.044413    0.163532   13.186039 v _3687_/X (sky130_fd_sc_hd__buf_6)
                                                         _2895_ (net)
                      0.044426    0.000766   13.186805 v _3771_/B2 (sky130_fd_sc_hd__a221o_2)
     2    0.008430    0.068300    0.393701   13.580506 v _3771_/X (sky130_fd_sc_hd__a221o_2)
                                                         _2977_ (net)
                      0.068300    0.000083   13.580589 v _3775_/A1 (sky130_fd_sc_hd__a21o_2)
     3    0.013116    0.058074    0.235461   13.816051 v _3775_/X (sky130_fd_sc_hd__a21o_2)
                                                         _2981_ (net)
                      0.058074    0.000121   13.816172 v _3822_/A2 (sky130_fd_sc_hd__a2111o_2)
     2    0.022176    0.113439    0.564363   14.380534 v _3822_/X (sky130_fd_sc_hd__a2111o_2)
                                                         _3027_ (net)
                      0.113442    0.000812   14.381347 v _3823_/A (sky130_fd_sc_hd__xnor2_2)
     1    0.005541    0.060013    0.172205   14.553552 v _3823_/Y (sky130_fd_sc_hd__xnor2_2)
                                                         _3028_ (net)
                      0.060013    0.000063   14.553615 v _3854_/B1 (sky130_fd_sc_hd__o221ai_2)
     2    0.006756    0.178428    0.186577   14.740191 ^ _3854_/Y (sky130_fd_sc_hd__o221ai_2)
                                                         net138 (net)
                      0.178428    0.000086   14.740278 ^ output138/A (sky130_fd_sc_hd__clkdlybuf4s25_1)
     1    0.035414    0.357563    0.533114   15.273392 ^ output138/X (sky130_fd_sc_hd__clkdlybuf4s25_1)
                                                         result[10] (net)
                      0.357563    0.000227   15.273620 ^ result[10] (out)
                                             15.273620   data arrival time

                      0.000000   40.000000   40.000000   clock __VIRTUAL_CLK__ (rise edge)
                                  0.000000   40.000000   clock network delay (ideal)
                                 -0.250000   39.750000   clock uncertainty
                                  0.000000   39.750000   clock reconvergence pessimism
                                 -8.000000   31.750000   output external delay
                                             31.750000   data required time
---------------------------------------------------------------------------------------------
                                             31.750000   data required time
                                            -15.273620   data arrival time
---------------------------------------------------------------------------------------------
                                             16.476379   slack (MET)


Startpoint: operand_b[1] (input port clocked by __VIRTUAL_CLK__)
Endpoint: result[8] (output port clocked by __VIRTUAL_CLK__)
Path Group: __VIRTUAL_CLK__
Path Type: max

Fanout         Cap        Slew       Delay        Time   Description
---------------------------------------------------------------------------------------------
                      0.000000    0.000000    0.000000   clock __VIRTUAL_CLK__ (rise edge)
                                  0.000000    0.000000   clock network delay (ideal)
                                  8.000000    8.000000 ^ input external delay
     1    0.007862    0.041921    0.028532    8.028532 ^ operand_b[1] (in)
                                                         operand_b[1] (net)
                      0.041923    0.000000    8.028532 ^ input81/A (sky130_fd_sc_hd__clkdlybuf4s25_1)
     1    0.005436    0.068098    0.273489    8.302021 ^ input81/X (sky130_fd_sc_hd__clkdlybuf4s25_1)
                                                         net81 (net)
                      0.068098    0.000110    8.302131 ^ fanout406/A (sky130_fd_sc_hd__clkdlybuf4s25_1)
     7    0.084421    0.837195    0.851103    9.153234 ^ fanout406/X (sky130_fd_sc_hd__clkdlybuf4s25_1)
                                                         net406 (net)
                      0.837195    0.000408    9.153642 ^ fanout404/A (sky130_fd_sc_hd__clkdlybuf4s25_1)
     8    0.054668    0.545119    0.765837    9.919478 ^ fanout404/X (sky130_fd_sc_hd__clkdlybuf4s25_1)
                                                         net404 (net)
                      0.545119    0.000226    9.919705 ^ fanout402/A (sky130_fd_sc_hd__clkdlybuf4s25_1)
     3    0.024911    0.254796    0.522081   10.441787 ^ fanout402/X (sky130_fd_sc_hd__clkdlybuf4s25_1)
                                                         net402 (net)
                      0.254796    0.000698   10.442485 ^ load_slew403/A (sky130_fd_sc_hd__buf_4)
     8    0.054245    0.154310    0.271195   10.713679 ^ load_slew403/X (sky130_fd_sc_hd__buf_4)
                                                         net403 (net)
                      0.154313    0.000914   10.714593 ^ fanout400/A (sky130_fd_sc_hd__clkdlybuf4s25_1)
     5    0.042864    0.430562    0.579774   11.294367 ^ fanout400/X (sky130_fd_sc_hd__clkdlybuf4s25_1)
                                                         net400 (net)
                      0.430564    0.001856   11.296223 ^ load_slew401/A (sky130_fd_sc_hd__clkbuf_2)
     6    0.048837    0.265893    0.369553   11.665776 ^ load_slew401/X (sky130_fd_sc_hd__clkbuf_2)
                                                         net401 (net)
                      0.265895    0.001330   11.667106 ^ _3412_/B_N (sky130_fd_sc_hd__nor2b_2)
     4    0.020264    0.235271    0.332417   11.999522 ^ _3412_/Y (sky130_fd_sc_hd__nor2b_2)
                                                         _2625_ (net)
                      0.235342    0.000376   11.999898 ^ _3555_/C1 (sky130_fd_sc_hd__a221oi_2)
     5    0.019087    0.112048    0.113663   12.113562 v _3555_/Y (sky130_fd_sc_hd__a221oi_2)
                                                         _2765_ (net)
                      0.112067    0.000713   12.114274 v _3677_/A3 (sky130_fd_sc_hd__o311a_2)
     2    0.007623    0.067351    0.387866   12.502140 v _3677_/X (sky130_fd_sc_hd__o311a_2)
                                                         _2885_ (net)
                      0.067351    0.000028   12.502169 v _3681_/B (sky130_fd_sc_hd__or4_4)
     1    0.005075    0.085260    0.540767   13.042936 v _3681_/X (sky130_fd_sc_hd__or4_4)
                                                         _2889_ (net)
                      0.085260    0.000052   13.042989 v _3682_/A (sky130_fd_sc_hd__buf_6)
     7    0.030919    0.041152    0.159956   13.202945 v _3682_/X (sky130_fd_sc_hd__buf_6)
                                                         _2890_ (net)
                      0.041156    0.000481   13.203426 v _3689_/B (sky130_fd_sc_hd__and3_2)
     3    0.013253    0.061699    0.233055   13.436481 v _3689_/X (sky130_fd_sc_hd__and3_2)
                                                         _2897_ (net)
                      0.061699    0.000167   13.436648 v _3734_/C (sky130_fd_sc_hd__or3_2)
     2    0.005496    0.085977    0.445941   13.882589 v _3734_/X (sky130_fd_sc_hd__or3_2)
                                                         _2941_ (net)
                      0.085977    0.000071   13.882661 v _3735_/D (sky130_fd_sc_hd__or4_2)
     1    0.005627    0.111302    0.592181   14.474842 v _3735_/X (sky130_fd_sc_hd__or4_2)
                                                         _2942_ (net)
                      0.111302    0.000092   14.474935 v _3765_/A3 (sky130_fd_sc_hd__a31o_2)
     2    0.018754    0.073226    0.329139   14.804074 v _3765_/X (sky130_fd_sc_hd__a31o_2)
                                                         net199 (net)
                      0.073229    0.000581   14.804655 v output199/A (sky130_fd_sc_hd__clkdlybuf4s25_1)
     1    0.035809    0.265979    0.456835   15.261490 v output199/X (sky130_fd_sc_hd__clkdlybuf4s25_1)
                                                         result[8] (net)
                      0.265979    0.000259   15.261749 v result[8] (out)
                                             15.261749   data arrival time

                      0.000000   40.000000   40.000000   clock __VIRTUAL_CLK__ (rise edge)
                                  0.000000   40.000000   clock network delay (ideal)
                                 -0.250000   39.750000   clock uncertainty
                                  0.000000   39.750000   clock reconvergence pessimism
                                 -8.000000   31.750000   output external delay
                                             31.750000   data required time
---------------------------------------------------------------------------------------------
                                             31.750000   data required time
                                            -15.261749   data arrival time
---------------------------------------------------------------------------------------------
                                             16.488249   slack (MET)


Startpoint: operand_b[1] (input port clocked by __VIRTUAL_CLK__)
Endpoint: result[9] (output port clocked by __VIRTUAL_CLK__)
Path Group: __VIRTUAL_CLK__
Path Type: max

Fanout         Cap        Slew       Delay        Time   Description
---------------------------------------------------------------------------------------------
                      0.000000    0.000000    0.000000   clock __VIRTUAL_CLK__ (rise edge)
                                  0.000000    0.000000   clock network delay (ideal)
                                  8.000000    8.000000 ^ input external delay
     1    0.007862    0.041921    0.028532    8.028532 ^ operand_b[1] (in)
                                                         operand_b[1] (net)
                      0.041923    0.000000    8.028532 ^ input81/A (sky130_fd_sc_hd__clkdlybuf4s25_1)
     1    0.005436    0.068098    0.273489    8.302021 ^ input81/X (sky130_fd_sc_hd__clkdlybuf4s25_1)
                                                         net81 (net)
                      0.068098    0.000110    8.302131 ^ fanout406/A (sky130_fd_sc_hd__clkdlybuf4s25_1)
     7    0.084421    0.837195    0.851103    9.153234 ^ fanout406/X (sky130_fd_sc_hd__clkdlybuf4s25_1)
                                                         net406 (net)
                      0.837195    0.000408    9.153642 ^ fanout404/A (sky130_fd_sc_hd__clkdlybuf4s25_1)
     8    0.054668    0.545119    0.765837    9.919478 ^ fanout404/X (sky130_fd_sc_hd__clkdlybuf4s25_1)
                                                         net404 (net)
                      0.545119    0.000226    9.919705 ^ fanout402/A (sky130_fd_sc_hd__clkdlybuf4s25_1)
     3    0.024911    0.254796    0.522081   10.441787 ^ fanout402/X (sky130_fd_sc_hd__clkdlybuf4s25_1)
                                                         net402 (net)
                      0.254796    0.000698   10.442485 ^ load_slew403/A (sky130_fd_sc_hd__buf_4)
     8    0.054245    0.154310    0.271195   10.713679 ^ load_slew403/X (sky130_fd_sc_hd__buf_4)
                                                         net403 (net)
                      0.154313    0.000914   10.714593 ^ fanout400/A (sky130_fd_sc_hd__clkdlybuf4s25_1)
     5    0.042864    0.430562    0.579774   11.294367 ^ fanout400/X (sky130_fd_sc_hd__clkdlybuf4s25_1)
                                                         net400 (net)
                      0.430564    0.001856   11.296223 ^ load_slew401/A (sky130_fd_sc_hd__clkbuf_2)
     6    0.048837    0.265893    0.369553   11.665776 ^ load_slew401/X (sky130_fd_sc_hd__clkbuf_2)
                                                         net401 (net)
                      0.265895    0.001330   11.667106 ^ _3412_/B_N (sky130_fd_sc_hd__nor2b_2)
     4    0.020264    0.235271    0.332417   11.999522 ^ _3412_/Y (sky130_fd_sc_hd__nor2b_2)
                                                         _2625_ (net)
                      0.235342    0.000376   11.999898 ^ _3555_/C1 (sky130_fd_sc_hd__a221oi_2)
     5    0.019087    0.112048    0.113663   12.113562 v _3555_/Y (sky130_fd_sc_hd__a221oi_2)
                                                         _2765_ (net)
                      0.112067    0.000713   12.114274 v _3677_/A3 (sky130_fd_sc_hd__o311a_2)
     2    0.007623    0.067351    0.387866   12.502140 v _3677_/X (sky130_fd_sc_hd__o311a_2)
                                                         _2885_ (net)
                      0.067351    0.000028   12.502169 v _3681_/B (sky130_fd_sc_hd__or4_4)
     1    0.005075    0.085260    0.540767   13.042936 v _3681_/X (sky130_fd_sc_hd__or4_4)
                                                         _2889_ (net)
                      0.085260    0.000052   13.042989 v _3682_/A (sky130_fd_sc_hd__buf_6)
     7    0.030919    0.041152    0.159956   13.202945 v _3682_/X (sky130_fd_sc_hd__buf_6)
                                                         _2890_ (net)
                      0.041156    0.000481   13.203426 v _3689_/B (sky130_fd_sc_hd__and3_2)
     3    0.013253    0.061699    0.233055   13.436481 v _3689_/X (sky130_fd_sc_hd__and3_2)
                                                         _2897_ (net)
                      0.061699    0.000144   13.436625 v _3690_/B (sky130_fd_sc_hd__nor2_2)
     3    0.017903    0.211534    0.198278   13.634903 ^ _3690_/Y (sky130_fd_sc_hd__nor2_2)
                                                         _2898_ (net)
                      0.211534    0.000226   13.635129 ^ _3777_/C (sky130_fd_sc_hd__and4b_2)
     2    0.020189    0.132039    0.343964   13.979093 ^ _3777_/X (sky130_fd_sc_hd__and4b_2)
                                                         _2983_ (net)
                      0.132041    0.000771   13.979864 ^ _3778_/B (sky130_fd_sc_hd__xnor2_2)
     1    0.003144    0.045140    0.071680   14.051544 v _3778_/Y (sky130_fd_sc_hd__xnor2_2)
                                                         _2984_ (net)
                      0.045140    0.000036   14.051580 v _3810_/B1 (sky130_fd_sc_hd__a221o_2)
     2    0.007653    0.065934    0.365964   14.417545 v _3810_/X (sky130_fd_sc_hd__a221o_2)
                                                         net200 (net)
                      0.065934    0.000155   14.417700 v output200/A (sky130_fd_sc_hd__clkdlybuf4s25_1)
     1    0.035943    0.267082    0.454156   14.871856 v output200/X (sky130_fd_sc_hd__clkdlybuf4s25_1)
                                                         result[9] (net)
                      0.267082    0.000368   14.872223 v result[9] (out)
                                             14.872223   data arrival time

                      0.000000   40.000000   40.000000   clock __VIRTUAL_CLK__ (rise edge)
                                  0.000000   40.000000   clock network delay (ideal)
                                 -0.250000   39.750000   clock uncertainty
                                  0.000000   39.750000   clock reconvergence pessimism
                                 -8.000000   31.750000   output external delay
                                             31.750000   data required time
---------------------------------------------------------------------------------------------
                                             31.750000   data required time
                                            -14.872223   data arrival time
---------------------------------------------------------------------------------------------
                                             16.877775   slack (MET)


Startpoint: operand_b[1] (input port clocked by __VIRTUAL_CLK__)
Endpoint: result[7] (output port clocked by __VIRTUAL_CLK__)
Path Group: __VIRTUAL_CLK__
Path Type: max

Fanout         Cap        Slew       Delay        Time   Description
---------------------------------------------------------------------------------------------
                      0.000000    0.000000    0.000000   clock __VIRTUAL_CLK__ (rise edge)
                                  0.000000    0.000000   clock network delay (ideal)
                                  8.000000    8.000000 ^ input external delay
     1    0.007862    0.041921    0.028532    8.028532 ^ operand_b[1] (in)
                                                         operand_b[1] (net)
                      0.041923    0.000000    8.028532 ^ input81/A (sky130_fd_sc_hd__clkdlybuf4s25_1)
     1    0.005436    0.068098    0.273489    8.302021 ^ input81/X (sky130_fd_sc_hd__clkdlybuf4s25_1)
                                                         net81 (net)
                      0.068098    0.000110    8.302131 ^ fanout406/A (sky130_fd_sc_hd__clkdlybuf4s25_1)
     7    0.084421    0.837195    0.851103    9.153234 ^ fanout406/X (sky130_fd_sc_hd__clkdlybuf4s25_1)
                                                         net406 (net)
                      0.837195    0.000408    9.153642 ^ fanout404/A (sky130_fd_sc_hd__clkdlybuf4s25_1)
     8    0.054668    0.545119    0.765837    9.919478 ^ fanout404/X (sky130_fd_sc_hd__clkdlybuf4s25_1)
                                                         net404 (net)
                      0.545119    0.000226    9.919705 ^ fanout402/A (sky130_fd_sc_hd__clkdlybuf4s25_1)
     3    0.024911    0.254796    0.522081   10.441787 ^ fanout402/X (sky130_fd_sc_hd__clkdlybuf4s25_1)
                                                         net402 (net)
                      0.254796    0.000698   10.442485 ^ load_slew403/A (sky130_fd_sc_hd__buf_4)
     8    0.054245    0.154310    0.271195   10.713679 ^ load_slew403/X (sky130_fd_sc_hd__buf_4)
                                                         net403 (net)
                      0.154313    0.000914   10.714593 ^ fanout400/A (sky130_fd_sc_hd__clkdlybuf4s25_1)
     5    0.042864    0.430562    0.579774   11.294367 ^ fanout400/X (sky130_fd_sc_hd__clkdlybuf4s25_1)
                                                         net400 (net)
                      0.430564    0.001856   11.296223 ^ load_slew401/A (sky130_fd_sc_hd__clkbuf_2)
     6    0.048837    0.265893    0.369553   11.665776 ^ load_slew401/X (sky130_fd_sc_hd__clkbuf_2)
                                                         net401 (net)
                      0.265895    0.001330   11.667106 ^ _3412_/B_N (sky130_fd_sc_hd__nor2b_2)
     4    0.020264    0.235271    0.332417   11.999522 ^ _3412_/Y (sky130_fd_sc_hd__nor2b_2)
                                                         _2625_ (net)
                      0.235342    0.000346   11.999869 ^ _3477_/C1 (sky130_fd_sc_hd__a221o_2)
     9    0.050567    0.262450    0.340637   12.340506 ^ _3477_/X (sky130_fd_sc_hd__a221o_2)
                                                         _2689_ (net)
                      0.262450    0.000457   12.340962 ^ _3511_/A3 (sky130_fd_sc_hd__a31o_2)
     4    0.017240    0.111242    0.266105   12.607068 ^ _3511_/X (sky130_fd_sc_hd__a31o_2)
                                                         _2722_ (net)
                      0.111242    0.000192   12.607260 ^ _3549_/A2 (sky130_fd_sc_hd__a211oi_2)
     1    0.002083    0.051941    0.076908   12.684168 v _3549_/Y (sky130_fd_sc_hd__a211oi_2)
                                                         _2759_ (net)
                      0.051941    0.000020   12.684188 v _3551_/B (sky130_fd_sc_hd__or3_2)
     1    0.004485    0.082967    0.476999   13.161187 v _3551_/X (sky130_fd_sc_hd__or3_2)
                                                         _2761_ (net)
                      0.082967    0.000077   13.161264 v _3552_/A (sky130_fd_sc_hd__buf_1)
     5    0.030281    0.177028    0.233038   13.394302 v _3552_/X (sky130_fd_sc_hd__buf_1)
                                                         _2762_ (net)
                      0.177028    0.000399   13.394701 v _3692_/B (sky130_fd_sc_hd__and4_2)
     2    0.012835    0.062616    0.309726   13.704428 v _3692_/X (sky130_fd_sc_hd__and4_2)
                                                         _2900_ (net)
                      0.062616    0.000150   13.704577 v _3693_/B (sky130_fd_sc_hd__xnor2_2)
     1    0.005098    0.060840    0.141930   13.846507 v _3693_/Y (sky130_fd_sc_hd__xnor2_2)
                                                         _2901_ (net)
                      0.060840    0.000058   13.846565 v _3721_/B1 (sky130_fd_sc_hd__a221oi_2)
     2    0.012405    0.314090    0.343817   14.190383 ^ _3721_/Y (sky130_fd_sc_hd__a221oi_2)
                                                         _2929_ (net)
                      0.314090    0.000177   14.190559 ^ _3722_/A (sky130_fd_sc_hd__inv_2)
     1    0.002916    0.049564    0.047962   14.238521 v _3722_/Y (sky130_fd_sc_hd__inv_2)
                                                         net198 (net)
                      0.049564    0.000032   14.238553 v output198/A (sky130_fd_sc_hd__clkdlybuf4s25_1)
     1    0.035139    0.261472    0.442322   14.680875 v output198/X (sky130_fd_sc_hd__clkdlybuf4s25_1)
                                                         result[7] (net)
                      0.261472    0.000246   14.681121 v result[7] (out)
                                             14.681121   data arrival time

                      0.000000   40.000000   40.000000   clock __VIRTUAL_CLK__ (rise edge)
                                  0.000000   40.000000   clock network delay (ideal)
                                 -0.250000   39.750000   clock uncertainty
                                  0.000000   39.750000   clock reconvergence pessimism
                                 -8.000000   31.750000   output external delay
                                             31.750000   data required time
---------------------------------------------------------------------------------------------
                                             31.750000   data required time
                                            -14.681121   data arrival time
---------------------------------------------------------------------------------------------
                                             17.068878   slack (MET)


Startpoint: operand_b[1] (input port clocked by __VIRTUAL_CLK__)
Endpoint: result[6] (output port clocked by __VIRTUAL_CLK__)
Path Group: __VIRTUAL_CLK__
Path Type: max

Fanout         Cap        Slew       Delay        Time   Description
---------------------------------------------------------------------------------------------
                      0.000000    0.000000    0.000000   clock __VIRTUAL_CLK__ (rise edge)
                                  0.000000    0.000000   clock network delay (ideal)
                                  8.000000    8.000000 ^ input external delay
     1    0.007862    0.041921    0.028532    8.028532 ^ operand_b[1] (in)
                                                         operand_b[1] (net)
                      0.041923    0.000000    8.028532 ^ input81/A (sky130_fd_sc_hd__clkdlybuf4s25_1)
     1    0.005436    0.068098    0.273489    8.302021 ^ input81/X (sky130_fd_sc_hd__clkdlybuf4s25_1)
                                                         net81 (net)
                      0.068098    0.000110    8.302131 ^ fanout406/A (sky130_fd_sc_hd__clkdlybuf4s25_1)
     7    0.084421    0.837195    0.851103    9.153234 ^ fanout406/X (sky130_fd_sc_hd__clkdlybuf4s25_1)
                                                         net406 (net)
                      0.837195    0.000408    9.153642 ^ fanout404/A (sky130_fd_sc_hd__clkdlybuf4s25_1)
     8    0.054668    0.545119    0.765837    9.919478 ^ fanout404/X (sky130_fd_sc_hd__clkdlybuf4s25_1)
                                                         net404 (net)
                      0.545119    0.000226    9.919705 ^ fanout402/A (sky130_fd_sc_hd__clkdlybuf4s25_1)
     3    0.024911    0.254796    0.522081   10.441787 ^ fanout402/X (sky130_fd_sc_hd__clkdlybuf4s25_1)
                                                         net402 (net)
                      0.254796    0.000698   10.442485 ^ load_slew403/A (sky130_fd_sc_hd__buf_4)
     8    0.054245    0.154310    0.271195   10.713679 ^ load_slew403/X (sky130_fd_sc_hd__buf_4)
                                                         net403 (net)
                      0.154313    0.000914   10.714593 ^ fanout400/A (sky130_fd_sc_hd__clkdlybuf4s25_1)
     5    0.042864    0.430562    0.579774   11.294367 ^ fanout400/X (sky130_fd_sc_hd__clkdlybuf4s25_1)
                                                         net400 (net)
                      0.430564    0.001856   11.296223 ^ load_slew401/A (sky130_fd_sc_hd__clkbuf_2)
     6    0.048837    0.265893    0.369553   11.665776 ^ load_slew401/X (sky130_fd_sc_hd__clkbuf_2)
                                                         net401 (net)
                      0.265895    0.001330   11.667106 ^ _3412_/B_N (sky130_fd_sc_hd__nor2b_2)
     4    0.020264    0.235271    0.332417   11.999522 ^ _3412_/Y (sky130_fd_sc_hd__nor2b_2)
                                                         _2625_ (net)
                      0.235342    0.000346   11.999869 ^ _3477_/C1 (sky130_fd_sc_hd__a221o_2)
     9    0.050567    0.262450    0.340637   12.340506 ^ _3477_/X (sky130_fd_sc_hd__a221o_2)
                                                         _2689_ (net)
                      0.262450    0.000457   12.340962 ^ _3511_/A3 (sky130_fd_sc_hd__a31o_2)
     4    0.017240    0.111242    0.266105   12.607068 ^ _3511_/X (sky130_fd_sc_hd__a31o_2)
                                                         _2722_ (net)
                      0.111242    0.000192   12.607260 ^ _3549_/A2 (sky130_fd_sc_hd__a211oi_2)
     1    0.002083    0.051941    0.076908   12.684168 v _3549_/Y (sky130_fd_sc_hd__a211oi_2)
                                                         _2759_ (net)
                      0.051941    0.000020   12.684188 v _3551_/B (sky130_fd_sc_hd__or3_2)
     1    0.004485    0.082967    0.476999   13.161187 v _3551_/X (sky130_fd_sc_hd__or3_2)
                                                         _2761_ (net)
                      0.082967    0.000077   13.161264 v _3552_/A (sky130_fd_sc_hd__buf_1)
     5    0.030281    0.177028    0.233038   13.394302 v _3552_/X (sky130_fd_sc_hd__buf_1)
                                                         _2762_ (net)
                      0.177028    0.000585   13.394887 v _3617_/A (sky130_fd_sc_hd__nand2_2)
     4    0.014960    0.098973    0.155265   13.550153 ^ _3617_/Y (sky130_fd_sc_hd__nand2_2)
                                                         _2826_ (net)
                      0.098973    0.000146   13.550298 ^ _3618_/B (sky130_fd_sc_hd__nor2_2)
     1    0.010307    0.117944    0.061639   13.611937 v _3618_/Y (sky130_fd_sc_hd__nor2_2)
                                                         _2827_ (net)
                      0.117944    0.000137   13.612074 v _3619_/B (sky130_fd_sc_hd__xnor2_2)
     2    0.008299    0.070887    0.178053   13.790127 v _3619_/Y (sky130_fd_sc_hd__xnor2_2)
                                                         _2828_ (net)
                      0.070887    0.000107   13.790234 v _3661_/A2 (sky130_fd_sc_hd__o21ai_2)
     1    0.004946    0.116403    0.131412   13.921645 ^ _3661_/Y (sky130_fd_sc_hd__o21ai_2)
                                                         net197 (net)
                      0.116403    0.000091   13.921737 ^ output197/A (sky130_fd_sc_hd__clkdlybuf4s25_1)
     1    0.036139    0.364773    0.521964   14.443701 ^ output197/X (sky130_fd_sc_hd__clkdlybuf4s25_1)
                                                         result[6] (net)
                      0.364773    0.000274   14.443975 ^ result[6] (out)
                                             14.443975   data arrival time

                      0.000000   40.000000   40.000000   clock __VIRTUAL_CLK__ (rise edge)
                                  0.000000   40.000000   clock network delay (ideal)
                                 -0.250000   39.750000   clock uncertainty
                                  0.000000   39.750000   clock reconvergence pessimism
                                 -8.000000   31.750000   output external delay
                                             31.750000   data required time
---------------------------------------------------------------------------------------------
                                             31.750000   data required time
                                            -14.443975   data arrival time
---------------------------------------------------------------------------------------------
                                             17.306025   slack (MET)


Startpoint: operand_b[1] (input port clocked by __VIRTUAL_CLK__)
Endpoint: result[5] (output port clocked by __VIRTUAL_CLK__)
Path Group: __VIRTUAL_CLK__
Path Type: max

Fanout         Cap        Slew       Delay        Time   Description
---------------------------------------------------------------------------------------------
                      0.000000    0.000000    0.000000   clock __VIRTUAL_CLK__ (rise edge)
                                  0.000000    0.000000   clock network delay (ideal)
                                  8.000000    8.000000 ^ input external delay
     1    0.007862    0.041921    0.028532    8.028532 ^ operand_b[1] (in)
                                                         operand_b[1] (net)
                      0.041923    0.000000    8.028532 ^ input81/A (sky130_fd_sc_hd__clkdlybuf4s25_1)
     1    0.005436    0.068098    0.273489    8.302021 ^ input81/X (sky130_fd_sc_hd__clkdlybuf4s25_1)
                                                         net81 (net)
                      0.068098    0.000110    8.302131 ^ fanout406/A (sky130_fd_sc_hd__clkdlybuf4s25_1)
     7    0.084421    0.837195    0.851103    9.153234 ^ fanout406/X (sky130_fd_sc_hd__clkdlybuf4s25_1)
                                                         net406 (net)
                      0.837195    0.000408    9.153642 ^ fanout404/A (sky130_fd_sc_hd__clkdlybuf4s25_1)
     8    0.054668    0.545119    0.765837    9.919478 ^ fanout404/X (sky130_fd_sc_hd__clkdlybuf4s25_1)
                                                         net404 (net)
                      0.545119    0.000226    9.919705 ^ fanout402/A (sky130_fd_sc_hd__clkdlybuf4s25_1)
     3    0.024911    0.254796    0.522081   10.441787 ^ fanout402/X (sky130_fd_sc_hd__clkdlybuf4s25_1)
                                                         net402 (net)
                      0.254796    0.000698   10.442485 ^ load_slew403/A (sky130_fd_sc_hd__buf_4)
     8    0.054245    0.154310    0.271195   10.713679 ^ load_slew403/X (sky130_fd_sc_hd__buf_4)
                                                         net403 (net)
                      0.154313    0.000914   10.714593 ^ fanout400/A (sky130_fd_sc_hd__clkdlybuf4s25_1)
     5    0.042864    0.430562    0.579774   11.294367 ^ fanout400/X (sky130_fd_sc_hd__clkdlybuf4s25_1)
                                                         net400 (net)
                      0.430564    0.001856   11.296223 ^ load_slew401/A (sky130_fd_sc_hd__clkbuf_2)
     6    0.048837    0.265893    0.369553   11.665776 ^ load_slew401/X (sky130_fd_sc_hd__clkbuf_2)
                                                         net401 (net)
                      0.265895    0.001330   11.667106 ^ _3412_/B_N (sky130_fd_sc_hd__nor2b_2)
     4    0.020264    0.235271    0.332417   11.999522 ^ _3412_/Y (sky130_fd_sc_hd__nor2b_2)
                                                         _2625_ (net)
                      0.235342    0.000346   11.999869 ^ _3477_/C1 (sky130_fd_sc_hd__a221o_2)
     9    0.050567    0.262450    0.340637   12.340506 ^ _3477_/X (sky130_fd_sc_hd__a221o_2)
                                                         _2689_ (net)
                      0.262450    0.000457   12.340962 ^ _3511_/A3 (sky130_fd_sc_hd__a31o_2)
     4    0.017240    0.111242    0.266105   12.607068 ^ _3511_/X (sky130_fd_sc_hd__a31o_2)
                                                         _2722_ (net)
                      0.111242    0.000192   12.607260 ^ _3549_/A2 (sky130_fd_sc_hd__a211oi_2)
     1    0.002083    0.051941    0.076908   12.684168 v _3549_/Y (sky130_fd_sc_hd__a211oi_2)
                                                         _2759_ (net)
                      0.051941    0.000020   12.684188 v _3551_/B (sky130_fd_sc_hd__or3_2)
     1    0.004485    0.082967    0.476999   13.161187 v _3551_/X (sky130_fd_sc_hd__or3_2)
                                                         _2761_ (net)
                      0.082967    0.000077   13.161264 v _3552_/A (sky130_fd_sc_hd__buf_1)
     5    0.030281    0.177028    0.233038   13.394302 v _3552_/X (sky130_fd_sc_hd__buf_1)
                                                         _2762_ (net)
                      0.177028    0.000372   13.394674 v _3561_/A (sky130_fd_sc_hd__xnor2_2)
     1    0.002623    0.068520    0.188104   13.582778 v _3561_/Y (sky130_fd_sc_hd__xnor2_2)
                                                         _2771_ (net)
                      0.068520    0.000012   13.582790 v _3605_/A2 (sky130_fd_sc_hd__a211o_2)
     2    0.007464    0.059755    0.368805   13.951596 v _3605_/X (sky130_fd_sc_hd__a211o_2)
                                                         net192 (net)
                      0.059755    0.000076   13.951673 v output192/A (sky130_fd_sc_hd__clkdlybuf4s25_1)
     1    0.036763    0.272980    0.455946   14.407619 v output192/X (sky130_fd_sc_hd__clkdlybuf4s25_1)
                                                         result[5] (net)
                      0.272980    0.000270   14.407888 v result[5] (out)
                                             14.407888   data arrival time

                      0.000000   40.000000   40.000000   clock __VIRTUAL_CLK__ (rise edge)
                                  0.000000   40.000000   clock network delay (ideal)
                                 -0.250000   39.750000   clock uncertainty
                                  0.000000   39.750000   clock reconvergence pessimism
                                 -8.000000   31.750000   output external delay
                                             31.750000   data required time
---------------------------------------------------------------------------------------------
                                             31.750000   data required time
                                            -14.407888   data arrival time
---------------------------------------------------------------------------------------------
                                             17.342110   slack (MET)


Startpoint: operand_b[1] (input port clocked by __VIRTUAL_CLK__)
Endpoint: result[1] (output port clocked by __VIRTUAL_CLK__)
Path Group: __VIRTUAL_CLK__
Path Type: max

Fanout         Cap        Slew       Delay        Time   Description
---------------------------------------------------------------------------------------------
                      0.000000    0.000000    0.000000   clock __VIRTUAL_CLK__ (rise edge)
                                  0.000000    0.000000   clock network delay (ideal)
                                  8.000000    8.000000 ^ input external delay
     1    0.007862    0.041921    0.028532    8.028532 ^ operand_b[1] (in)
                                                         operand_b[1] (net)
                      0.041923    0.000000    8.028532 ^ input81/A (sky130_fd_sc_hd__clkdlybuf4s25_1)
     1    0.005436    0.068098    0.273489    8.302021 ^ input81/X (sky130_fd_sc_hd__clkdlybuf4s25_1)
                                                         net81 (net)
                      0.068098    0.000110    8.302131 ^ fanout406/A (sky130_fd_sc_hd__clkdlybuf4s25_1)
     7    0.084421    0.837195    0.851103    9.153234 ^ fanout406/X (sky130_fd_sc_hd__clkdlybuf4s25_1)
                                                         net406 (net)
                      0.837211    0.003276    9.156510 ^ fanout379/A (sky130_fd_sc_hd__clkdlybuf4s25_1)
     6    0.037526    0.377826    0.642566    9.799076 ^ fanout379/X (sky130_fd_sc_hd__clkdlybuf4s25_1)
                                                         net379 (net)
                      0.377826    0.001168    9.800244 ^ fanout378/A (sky130_fd_sc_hd__clkdlybuf4s25_1)
     5    0.027306    0.278426    0.514425   10.314670 ^ fanout378/X (sky130_fd_sc_hd__clkdlybuf4s25_1)
                                                         net378 (net)
                      0.278426    0.000435   10.315104 ^ fanout377/A (sky130_fd_sc_hd__clkdlybuf4s25_1)
     6    0.039191    0.393983    0.585368   10.900473 ^ fanout377/X (sky130_fd_sc_hd__clkdlybuf4s25_1)
                                                         net377 (net)
                      0.393983    0.000441   10.900913 ^ fanout375/A (sky130_fd_sc_hd__clkdlybuf4s25_1)
     4    0.022394    0.230434    0.482186   11.383100 ^ fanout375/X (sky130_fd_sc_hd__clkdlybuf4s25_1)
                                                         net375 (net)
                      0.230434    0.000185   11.383284 ^ load_slew376/A (sky130_fd_sc_hd__buf_4)
     7    0.039274    0.116541    0.234278   11.617562 ^ load_slew376/X (sky130_fd_sc_hd__buf_4)
                                                         net376 (net)
                      0.116544    0.000811   11.618373 ^ _3234_/S0 (sky130_fd_sc_hd__mux4_2)
     4    0.028143    0.150863    0.642086   12.260460 v _3234_/X (sky130_fd_sc_hd__mux4_2)
                                                         _1170_ (net)
                      0.150891    0.002145   12.262605 v _3326_/A1 (sky130_fd_sc_hd__mux4_2)
     3    0.028936    0.153240    0.618971   12.881576 v _3326_/X (sky130_fd_sc_hd__mux4_2)
                                                         _2157_ (net)
                      0.153240    0.000164   12.881740 v _3336_/A2 (sky130_fd_sc_hd__a22oi_2)
     1    0.023254    0.333298    0.392745   13.274484 ^ _3336_/Y (sky130_fd_sc_hd__a22oi_2)
                                                         _2267_ (net)
                      0.333299    0.000485   13.274969 ^ _3337_/B (sky130_fd_sc_hd__nor2_2)
     2    0.012568    0.084601    0.102897   13.377867 v _3337_/Y (sky130_fd_sc_hd__nor2_2)
                                                         _2278_ (net)
                      0.084631    0.000333   13.378200 v _3375_/B1 (sky130_fd_sc_hd__a211o_2)
     1    0.006640    0.057722    0.345766   13.723966 v _3375_/X (sky130_fd_sc_hd__a211o_2)
                                                         net148 (net)
                      0.057722    0.000152   13.724117 v output148/A (sky130_fd_sc_hd__clkdlybuf4s25_1)
     1    0.035081    0.261124    0.445497   14.169615 v output148/X (sky130_fd_sc_hd__clkdlybuf4s25_1)
                                                         result[1] (net)
                      0.261124    0.000522   14.170136 v result[1] (out)
                                             14.170136   data arrival time

                      0.000000   40.000000   40.000000   clock __VIRTUAL_CLK__ (rise edge)
                                  0.000000   40.000000   clock network delay (ideal)
                                 -0.250000   39.750000   clock uncertainty
                                  0.000000   39.750000   clock reconvergence pessimism
                                 -8.000000   31.750000   output external delay
                                             31.750000   data required time
---------------------------------------------------------------------------------------------
                                             31.750000   data required time
                                            -14.170136   data arrival time
---------------------------------------------------------------------------------------------
                                             17.579861   slack (MET)


Startpoint: operand_b[2] (input port clocked by __VIRTUAL_CLK__)
Endpoint: result[0] (output port clocked by __VIRTUAL_CLK__)
Path Group: __VIRTUAL_CLK__
Path Type: max

Fanout         Cap        Slew       Delay        Time   Description
---------------------------------------------------------------------------------------------
                      0.000000    0.000000    0.000000   clock __VIRTUAL_CLK__ (rise edge)
                                  0.000000    0.000000   clock network delay (ideal)
                                  8.000000    8.000000 v input external delay
     1    0.003965    0.011332    0.006700    8.006700 v operand_b[2] (in)
                                                         operand_b[2] (net)
                      0.011332    0.000000    8.006700 v input92/A (sky130_fd_sc_hd__clkdlybuf4s25_1)
     1    0.011259    0.095095    0.291541    8.298241 v input92/X (sky130_fd_sc_hd__clkdlybuf4s25_1)
                                                         net92 (net)
                      0.095095    0.000290    8.298531 v fanout355/A (sky130_fd_sc_hd__clkdlybuf4s25_1)
     6    0.042359    0.312334    0.502237    8.800768 v fanout355/X (sky130_fd_sc_hd__clkdlybuf4s25_1)
                                                         net355 (net)
                      0.312347    0.002343    8.803111 v fanout353/A (sky130_fd_sc_hd__clkdlybuf4s25_1)
     4    0.037156    0.276157    0.549936    9.353047 v fanout353/X (sky130_fd_sc_hd__clkdlybuf4s25_1)
                                                         net353 (net)
                      0.276157    0.000941    9.353988 v load_slew354/A (sky130_fd_sc_hd__buf_2)
     6    0.052430    0.126167    0.327649    9.681637 v load_slew354/X (sky130_fd_sc_hd__buf_2)
                                                         net354 (net)
                      0.126232    0.002797    9.684434 v fanout351/A (sky130_fd_sc_hd__clkdlybuf4s25_1)
     5    0.053772    0.392040    0.579878   10.264313 v fanout351/X (sky130_fd_sc_hd__clkdlybuf4s25_1)
                                                         net351 (net)
                      0.392040    0.000484   10.264796 v load_slew352/A (sky130_fd_sc_hd__buf_4)
     6    0.055215    0.083608    0.355343   10.620140 v load_slew352/X (sky130_fd_sc_hd__buf_4)
                                                         net352 (net)
                      0.083610    0.000604   10.620744 v _3266_/B (sky130_fd_sc_hd__or3_2)
     1    0.006470    0.088995    0.499660   11.120403 v _3266_/X (sky130_fd_sc_hd__or3_2)
                                                         _1513_ (net)
                      0.089326    0.000187   11.120590 v _3267_/A (sky130_fd_sc_hd__clkbuf_1)
     3    0.018983    0.113887    0.186652   11.307241 v _3267_/X (sky130_fd_sc_hd__clkbuf_1)
                                                         _1523_ (net)
                      0.113887    0.000156   11.307398 v max_cap310/A (sky130_fd_sc_hd__buf_2)
     6    0.043509    0.106568    0.238095   11.545493 v max_cap310/X (sky130_fd_sc_hd__buf_2)
                                                         net310 (net)
                      0.106571    0.000764   11.546257 v _3268_/B (sky130_fd_sc_hd__or2_2)
     1    0.004283    0.060241    0.313585   11.859841 v _3268_/X (sky130_fd_sc_hd__or2_2)
                                                         _1534_ (net)
                      0.060241    0.000072   11.859914 v _3269_/A (sky130_fd_sc_hd__clkbuf_1)
     3    0.017383    0.105076    0.165961   12.025875 v _3269_/X (sky130_fd_sc_hd__clkbuf_1)
                                                         _1545_ (net)
                      0.105076    0.000222   12.026097 v max_cap275/A (sky130_fd_sc_hd__buf_2)
     6    0.043023    0.105607    0.232803   12.258900 v max_cap275/X (sky130_fd_sc_hd__buf_2)
                                                         net275 (net)
                      0.105631    0.001636   12.260536 v _3270_/B (sky130_fd_sc_hd__or2_2)
     4    0.025616    0.111322    0.388832   12.649368 v _3270_/X (sky130_fd_sc_hd__or2_2)
                                                         _1556_ (net)
                      0.111322    0.000293   12.649661 v _3271_/D (sky130_fd_sc_hd__or4_2)
     1    0.007779    0.118761    0.615044   13.264706 v _3271_/X (sky130_fd_sc_hd__or4_2)
                                                         _1566_ (net)
                      0.118761    0.000198   13.264903 v _3272_/C1 (sky130_fd_sc_hd__o221a_2)
     1    0.006241    0.052269    0.169426   13.434330 v _3272_/X (sky130_fd_sc_hd__o221a_2)
                                                         _1577_ (net)
                      0.052269    0.000107   13.434436 v _3297_/B1 (sky130_fd_sc_hd__o211ai_2)
     2    0.014512    0.236583    0.113510   13.547946 ^ _3297_/Y (sky130_fd_sc_hd__o211ai_2)
                                                         net137 (net)
                      0.236583    0.000320   13.548266 ^ output137/A (sky130_fd_sc_hd__clkdlybuf4s25_1)
     1    0.036305    0.366141    0.553825   14.102091 ^ output137/X (sky130_fd_sc_hd__clkdlybuf4s25_1)
                                                         result[0] (net)
                      0.366141    0.000753   14.102843 ^ result[0] (out)
                                             14.102843   data arrival time

                      0.000000   40.000000   40.000000   clock __VIRTUAL_CLK__ (rise edge)
                                  0.000000   40.000000   clock network delay (ideal)
                                 -0.250000   39.750000   clock uncertainty
                                  0.000000   39.750000   clock reconvergence pessimism
                                 -8.000000   31.750000   output external delay
                                             31.750000   data required time
---------------------------------------------------------------------------------------------
                                             31.750000   data required time
                                            -14.102843   data arrival time
---------------------------------------------------------------------------------------------
                                             17.647156   slack (MET)


Startpoint: cmd[2] (input port clocked by __VIRTUAL_CLK__)
Endpoint: result[2] (output port clocked by __VIRTUAL_CLK__)
Path Group: __VIRTUAL_CLK__
Path Type: max

Fanout         Cap        Slew       Delay        Time   Description
---------------------------------------------------------------------------------------------
                      0.000000    0.000000    0.000000   clock __VIRTUAL_CLK__ (rise edge)
                                  0.000000    0.000000   clock network delay (ideal)
                                  8.000000    8.000000 ^ input external delay
     1    0.007728    0.041323    0.028061    8.028061 ^ cmd[2] (in)
                                                         cmd[2] (net)
                      0.041325    0.000000    8.028061 ^ input4/A (sky130_fd_sc_hd__clkdlybuf4s25_1)
     4    0.070581    0.700996    0.741164    8.769225 ^ input4/X (sky130_fd_sc_hd__clkdlybuf4s25_1)
                                                         net4 (net)
                      0.700996    0.000438    8.769663 ^ fanout526/A (sky130_fd_sc_hd__clkdlybuf4s25_1)
     7    0.070496    0.699814    0.866104    9.635766 ^ fanout526/X (sky130_fd_sc_hd__clkdlybuf4s25_1)
                                                         net526 (net)
                      0.699814    0.000626    9.636393 ^ fanout525/A (sky130_fd_sc_hd__clkdlybuf4s25_1)
     6    0.033359    0.337107    0.602390   10.238783 ^ fanout525/X (sky130_fd_sc_hd__clkdlybuf4s25_1)
                                                         net525 (net)
                      0.337107    0.000097   10.238879 ^ fanout524/A (sky130_fd_sc_hd__clkdlybuf4s25_1)
    10    0.056922    0.566671    0.721582   10.960462 ^ fanout524/X (sky130_fd_sc_hd__clkdlybuf4s25_1)
                                                         net524 (net)
                      0.566671    0.000805   10.961266 ^ _3289_/A (sky130_fd_sc_hd__inv_2)
     4    0.017873    0.128824    0.145334   11.106600 v _3289_/Y (sky130_fd_sc_hd__inv_2)
                                                         _1760_ (net)
                      0.128829    0.000671   11.107270 v _3290_/C (sky130_fd_sc_hd__and4b_2)
     1    0.013046    0.066777    0.302534   11.409804 v _3290_/X (sky130_fd_sc_hd__and4b_2)
                                                         _1770_ (net)
                      0.066810    0.000753   11.410557 v _3291_/A (sky130_fd_sc_hd__buf_1)
     5    0.038868    0.225608    0.263191   11.673749 v _3291_/X (sky130_fd_sc_hd__buf_1)
                                                         _1781_ (net)
                      0.225608    0.000390   11.674138 v _3294_/A (sky130_fd_sc_hd__nor2_2)
     2    0.012096    0.157884    0.241928   11.916067 ^ _3294_/Y (sky130_fd_sc_hd__nor2_2)
                                                         _1813_ (net)
                      0.157884    0.000274   11.916341 ^ _3302_/A (sky130_fd_sc_hd__clkbuf_2)
    10    0.086978    0.466198    0.454838   12.371179 ^ _3302_/X (sky130_fd_sc_hd__clkbuf_2)
                                                         _1897_ (net)
                      0.466199    0.000712   12.371891 ^ _3303_/B (sky130_fd_sc_hd__nor2_2)
     4    0.022178    0.135316    0.156975   12.528867 v _3303_/Y (sky130_fd_sc_hd__nor2_2)
                                                         _1908_ (net)
                      0.135316    0.000274   12.529140 v max_cap243/A (sky130_fd_sc_hd__buf_2)
     6    0.039887    0.098676    0.241680   12.770821 v max_cap243/X (sky130_fd_sc_hd__buf_2)
                                                         net243 (net)
                      0.098697    0.001489   12.772310 v _3386_/B2 (sky130_fd_sc_hd__a221o_2)
     1    0.008339    0.067933    0.414789   13.187099 v _3386_/X (sky130_fd_sc_hd__a221o_2)
                                                         _2599_ (net)
                      0.067933    0.000255   13.187354 v _3436_/A1 (sky130_fd_sc_hd__a221o_2)
     2    0.011040    0.076884    0.408801   13.596155 v _3436_/X (sky130_fd_sc_hd__a221o_2)
                                                         net159 (net)
                      0.076884    0.000272   13.596427 v output159/A (sky130_fd_sc_hd__clkdlybuf4s25_1)
     1    0.035385    0.263007    0.455917   14.052343 v output159/X (sky130_fd_sc_hd__clkdlybuf4s25_1)
                                                         result[2] (net)
                      0.263007    0.000572   14.052916 v result[2] (out)
                                             14.052916   data arrival time

                      0.000000   40.000000   40.000000   clock __VIRTUAL_CLK__ (rise edge)
                                  0.000000   40.000000   clock network delay (ideal)
                                 -0.250000   39.750000   clock uncertainty
                                  0.000000   39.750000   clock reconvergence pessimism
                                 -8.000000   31.750000   output external delay
                                             31.750000   data required time
---------------------------------------------------------------------------------------------
                                             31.750000   data required time
                                            -14.052916   data arrival time
---------------------------------------------------------------------------------------------
                                             17.697083   slack (MET)


Startpoint: operand_b[1] (input port clocked by __VIRTUAL_CLK__)
Endpoint: result[4] (output port clocked by __VIRTUAL_CLK__)
Path Group: __VIRTUAL_CLK__
Path Type: max

Fanout         Cap        Slew       Delay        Time   Description
---------------------------------------------------------------------------------------------
                      0.000000    0.000000    0.000000   clock __VIRTUAL_CLK__ (rise edge)
                                  0.000000    0.000000   clock network delay (ideal)
                                  8.000000    8.000000 ^ input external delay
     1    0.007862    0.041921    0.028532    8.028532 ^ operand_b[1] (in)
                                                         operand_b[1] (net)
                      0.041923    0.000000    8.028532 ^ input81/A (sky130_fd_sc_hd__clkdlybuf4s25_1)
     1    0.005436    0.068098    0.273489    8.302021 ^ input81/X (sky130_fd_sc_hd__clkdlybuf4s25_1)
                                                         net81 (net)
                      0.068098    0.000110    8.302131 ^ fanout406/A (sky130_fd_sc_hd__clkdlybuf4s25_1)
     7    0.084421    0.837195    0.851103    9.153234 ^ fanout406/X (sky130_fd_sc_hd__clkdlybuf4s25_1)
                                                         net406 (net)
                      0.837195    0.000408    9.153642 ^ fanout404/A (sky130_fd_sc_hd__clkdlybuf4s25_1)
     8    0.054668    0.545119    0.765837    9.919478 ^ fanout404/X (sky130_fd_sc_hd__clkdlybuf4s25_1)
                                                         net404 (net)
                      0.545119    0.000226    9.919705 ^ fanout402/A (sky130_fd_sc_hd__clkdlybuf4s25_1)
     3    0.024911    0.254796    0.522081   10.441787 ^ fanout402/X (sky130_fd_sc_hd__clkdlybuf4s25_1)
                                                         net402 (net)
                      0.254796    0.000698   10.442485 ^ load_slew403/A (sky130_fd_sc_hd__buf_4)
     8    0.054245    0.154310    0.271195   10.713679 ^ load_slew403/X (sky130_fd_sc_hd__buf_4)
                                                         net403 (net)
                      0.154313    0.000914   10.714593 ^ fanout400/A (sky130_fd_sc_hd__clkdlybuf4s25_1)
     5    0.042864    0.430562    0.579774   11.294367 ^ fanout400/X (sky130_fd_sc_hd__clkdlybuf4s25_1)
                                                         net400 (net)
                      0.430564    0.001856   11.296223 ^ load_slew401/A (sky130_fd_sc_hd__clkbuf_2)
     6    0.048837    0.265893    0.369553   11.665776 ^ load_slew401/X (sky130_fd_sc_hd__clkbuf_2)
                                                         net401 (net)
                      0.265895    0.001301   11.667077 ^ _3341_/A (sky130_fd_sc_hd__xor2_2)
     4    0.030879    0.390449    0.391609   12.058686 ^ _3341_/X (sky130_fd_sc_hd__xor2_2)
                                                         _2322_ (net)
                      0.390449    0.000457   12.059143 ^ _3486_/C (sky130_fd_sc_hd__nor4_2)
     2    0.014995    0.105772    0.143772   12.202915 v _3486_/Y (sky130_fd_sc_hd__nor4_2)
                                                         _2698_ (net)
                      0.105773    0.000576   12.203492 v _3487_/B1 (sky130_fd_sc_hd__a21oi_2)
     4    0.033244    0.409234    0.368546   12.572038 ^ _3487_/Y (sky130_fd_sc_hd__a21oi_2)
                                                         _2699_ (net)
                      0.409234    0.000394   12.572433 ^ _3538_/B (sky130_fd_sc_hd__nand2_2)
     2    0.012552    0.137640    0.145904   12.718336 v _3538_/Y (sky130_fd_sc_hd__nand2_2)
                                                         _2749_ (net)
                      0.137640    0.000360   12.718696 v _3539_/C (sky130_fd_sc_hd__and3_2)
     1    0.002554    0.036332    0.254071   12.972767 v _3539_/X (sky130_fd_sc_hd__and3_2)
                                                         _2750_ (net)
                      0.036332    0.000013   12.972780 v _3544_/A2 (sky130_fd_sc_hd__o32a_2)
     1    0.005152    0.060009    0.381959   13.354740 v _3544_/X (sky130_fd_sc_hd__o32a_2)
                                                         _2755_ (net)
                      0.060009    0.000058   13.354797 v _3545_/C1 (sky130_fd_sc_hd__o211ai_2)
     2    0.010003    0.183459    0.089687   13.444485 ^ _3545_/Y (sky130_fd_sc_hd__o211ai_2)
                                                         net181 (net)
                      0.183459    0.000194   13.444678 ^ output181/A (sky130_fd_sc_hd__clkdlybuf4s25_1)
     1    0.036098    0.364278    0.539108   13.983787 ^ output181/X (sky130_fd_sc_hd__clkdlybuf4s25_1)
                                                         result[4] (net)
                      0.364278    0.000499   13.984286 ^ result[4] (out)
                                             13.984286   data arrival time

                      0.000000   40.000000   40.000000   clock __VIRTUAL_CLK__ (rise edge)
                                  0.000000   40.000000   clock network delay (ideal)
                                 -0.250000   39.750000   clock uncertainty
                                  0.000000   39.750000   clock reconvergence pessimism
                                 -8.000000   31.750000   output external delay
                                             31.750000   data required time
---------------------------------------------------------------------------------------------
                                             31.750000   data required time
                                            -13.984286   data arrival time
---------------------------------------------------------------------------------------------
                                             17.765713   slack (MET)


Startpoint: cmd[2] (input port clocked by __VIRTUAL_CLK__)
Endpoint: result[3] (output port clocked by __VIRTUAL_CLK__)
Path Group: __VIRTUAL_CLK__
Path Type: max

Fanout         Cap        Slew       Delay        Time   Description
---------------------------------------------------------------------------------------------
                      0.000000    0.000000    0.000000   clock __VIRTUAL_CLK__ (rise edge)
                                  0.000000    0.000000   clock network delay (ideal)
                                  8.000000    8.000000 ^ input external delay
     1    0.007728    0.041323    0.028061    8.028061 ^ cmd[2] (in)
                                                         cmd[2] (net)
                      0.041325    0.000000    8.028061 ^ input4/A (sky130_fd_sc_hd__clkdlybuf4s25_1)
     4    0.070581    0.700996    0.741164    8.769225 ^ input4/X (sky130_fd_sc_hd__clkdlybuf4s25_1)
                                                         net4 (net)
                      0.700996    0.000438    8.769663 ^ fanout526/A (sky130_fd_sc_hd__clkdlybuf4s25_1)
     7    0.070496    0.699814    0.866104    9.635766 ^ fanout526/X (sky130_fd_sc_hd__clkdlybuf4s25_1)
                                                         net526 (net)
                      0.699814    0.000626    9.636393 ^ fanout525/A (sky130_fd_sc_hd__clkdlybuf4s25_1)
     6    0.033359    0.337107    0.602390   10.238783 ^ fanout525/X (sky130_fd_sc_hd__clkdlybuf4s25_1)
                                                         net525 (net)
                      0.337107    0.000097   10.238879 ^ fanout524/A (sky130_fd_sc_hd__clkdlybuf4s25_1)
    10    0.056922    0.566671    0.721582   10.960462 ^ fanout524/X (sky130_fd_sc_hd__clkdlybuf4s25_1)
                                                         net524 (net)
                      0.566671    0.000805   10.961266 ^ _3289_/A (sky130_fd_sc_hd__inv_2)
     4    0.017873    0.128824    0.145334   11.106600 v _3289_/Y (sky130_fd_sc_hd__inv_2)
                                                         _1760_ (net)
                      0.128829    0.000671   11.107270 v _3290_/C (sky130_fd_sc_hd__and4b_2)
     1    0.013046    0.066777    0.302534   11.409804 v _3290_/X (sky130_fd_sc_hd__and4b_2)
                                                         _1770_ (net)
                      0.066810    0.000753   11.410557 v _3291_/A (sky130_fd_sc_hd__buf_1)
     5    0.038868    0.225608    0.263191   11.673749 v _3291_/X (sky130_fd_sc_hd__buf_1)
                                                         _1781_ (net)
                      0.225608    0.000390   11.674138 v _3294_/A (sky130_fd_sc_hd__nor2_2)
     2    0.012096    0.157884    0.241928   11.916067 ^ _3294_/Y (sky130_fd_sc_hd__nor2_2)
                                                         _1813_ (net)
                      0.157884    0.000274   11.916341 ^ _3302_/A (sky130_fd_sc_hd__clkbuf_2)
    10    0.086978    0.466198    0.454838   12.371179 ^ _3302_/X (sky130_fd_sc_hd__clkbuf_2)
                                                         _1897_ (net)
                      0.466199    0.000712   12.371891 ^ _3303_/B (sky130_fd_sc_hd__nor2_2)
     4    0.022178    0.135316    0.156975   12.528867 v _3303_/Y (sky130_fd_sc_hd__nor2_2)
                                                         _1908_ (net)
                      0.135316    0.000274   12.529140 v max_cap243/A (sky130_fd_sc_hd__buf_2)
     6    0.039887    0.098676    0.241680   12.770821 v max_cap243/X (sky130_fd_sc_hd__buf_2)
                                                         net243 (net)
                      0.098698    0.001529   12.772348 v _3447_/A1 (sky130_fd_sc_hd__a22o_2)
     1    0.005110    0.045611    0.271237   13.043586 v _3447_/X (sky130_fd_sc_hd__a22o_2)
                                                         _2659_ (net)
                      0.045611    0.000109   13.043695 v _3448_/B (sky130_fd_sc_hd__and2_2)
     2    0.004525    0.041356    0.199438   13.243134 v _3448_/X (sky130_fd_sc_hd__and2_2)
                                                         _2660_ (net)
                      0.041356    0.000020   13.243154 v _3492_/A_N (sky130_fd_sc_hd__nand3b_2)
     1    0.005996    0.072035    0.214940   13.458094 v _3492_/Y (sky130_fd_sc_hd__nand3b_2)
                                                         net170 (net)
                      0.072035    0.000145   13.458239 v output170/A (sky130_fd_sc_hd__clkdlybuf4s25_1)
     1    0.038762    0.287320    0.471735   13.929973 v output170/X (sky130_fd_sc_hd__clkdlybuf4s25_1)
                                                         result[3] (net)
                      0.287324    0.001430   13.931403 v result[3] (out)
                                             13.931403   data arrival time

                      0.000000   40.000000   40.000000   clock __VIRTUAL_CLK__ (rise edge)
                                  0.000000   40.000000   clock network delay (ideal)
                                 -0.250000   39.750000   clock uncertainty
                                  0.000000   39.750000   clock reconvergence pessimism
                                 -8.000000   31.750000   output external delay
                                             31.750000   data required time
---------------------------------------------------------------------------------------------
                                             31.750000   data required time
                                            -13.931403   data arrival time
---------------------------------------------------------------------------------------------
                                             17.818598   slack (MET)



%OL_END_REPORT
%OL_CREATE_REPORT checks.rpt

===========================================================================
report_checks -unconstrained
===========================================================================
======================= min_tt_025C_1v80 Corner ===================================

Startpoint: operand_b[1] (input port clocked by __VIRTUAL_CLK__)
Endpoint: zero_flag (output port clocked by __VIRTUAL_CLK__)
Path Group: __VIRTUAL_CLK__
Path Type: max

Fanout         Cap        Slew       Delay        Time   Description
---------------------------------------------------------------------------------------------
                      0.000000    0.000000    0.000000   clock __VIRTUAL_CLK__ (rise edge)
                                  0.000000    0.000000   clock network delay (ideal)
                                  8.000000    8.000000 ^ input external delay
     1    0.007862    0.041921    0.028532    8.028532 ^ operand_b[1] (in)
                                                         operand_b[1] (net)
                      0.041923    0.000000    8.028532 ^ input81/A (sky130_fd_sc_hd__clkdlybuf4s25_1)
     1    0.005436    0.068098    0.273489    8.302021 ^ input81/X (sky130_fd_sc_hd__clkdlybuf4s25_1)
                                                         net81 (net)
                      0.068098    0.000110    8.302131 ^ fanout406/A (sky130_fd_sc_hd__clkdlybuf4s25_1)
     7    0.084421    0.837195    0.851103    9.153234 ^ fanout406/X (sky130_fd_sc_hd__clkdlybuf4s25_1)
                                                         net406 (net)
                      0.837195    0.000408    9.153642 ^ fanout404/A (sky130_fd_sc_hd__clkdlybuf4s25_1)
     8    0.054668    0.545119    0.765837    9.919478 ^ fanout404/X (sky130_fd_sc_hd__clkdlybuf4s25_1)
                                                         net404 (net)
                      0.545119    0.000226    9.919705 ^ fanout402/A (sky130_fd_sc_hd__clkdlybuf4s25_1)
     3    0.024911    0.254796    0.522081   10.441787 ^ fanout402/X (sky130_fd_sc_hd__clkdlybuf4s25_1)
                                                         net402 (net)
                      0.254796    0.000698   10.442485 ^ load_slew403/A (sky130_fd_sc_hd__buf_4)
     8    0.054245    0.154310    0.271195   10.713679 ^ load_slew403/X (sky130_fd_sc_hd__buf_4)
                                                         net403 (net)
                      0.154313    0.000914   10.714593 ^ fanout400/A (sky130_fd_sc_hd__clkdlybuf4s25_1)
     5    0.042864    0.430562    0.579774   11.294367 ^ fanout400/X (sky130_fd_sc_hd__clkdlybuf4s25_1)
                                                         net400 (net)
                      0.430564    0.001856   11.296223 ^ load_slew401/A (sky130_fd_sc_hd__clkbuf_2)
     6    0.048837    0.265893    0.369553   11.665776 ^ load_slew401/X (sky130_fd_sc_hd__clkbuf_2)
                                                         net401 (net)
                      0.265895    0.001330   11.667106 ^ _3412_/B_N (sky130_fd_sc_hd__nor2b_2)
     4    0.020264    0.235271    0.332417   11.999522 ^ _3412_/Y (sky130_fd_sc_hd__nor2b_2)
                                                         _2625_ (net)
                      0.235342    0.000376   11.999898 ^ _3555_/C1 (sky130_fd_sc_hd__a221oi_2)
     5    0.019087    0.112048    0.113663   12.113562 v _3555_/Y (sky130_fd_sc_hd__a221oi_2)
                                                         _2765_ (net)
                      0.112066    0.000664   12.114225 v _3683_/A3 (sky130_fd_sc_hd__o31a_2)
     3    0.014572    0.078841    0.362697   12.476923 v _3683_/X (sky130_fd_sc_hd__o31a_2)
                                                         _2891_ (net)
                      0.078841    0.000461   12.477384 v _4087_/A2 (sky130_fd_sc_hd__o41a_2)
     4    0.042549    0.156858    0.635275   13.112659 v _4087_/X (sky130_fd_sc_hd__o41a_2)
                                                         _0069_ (net)
                      0.156861    0.001016   13.113675 v _4441_/A3 (sky130_fd_sc_hd__o31ai_4)
     1    0.010036    0.217225    0.254597   13.368272 ^ _4441_/Y (sky130_fd_sc_hd__o31ai_4)
                                                         _0415_ (net)
                      0.217225    0.000390   13.368662 ^ wire248/A (sky130_fd_sc_hd__buf_2)
     5    0.044078    0.216756    0.297373   13.666035 ^ wire248/X (sky130_fd_sc_hd__buf_2)
                                                         net248 (net)
                      0.216879    0.002957   13.668992 ^ _4442_/A (sky130_fd_sc_hd__clkbuf_1)
     5    0.026112    0.307995    0.315308   13.984300 ^ _4442_/X (sky130_fd_sc_hd__clkbuf_1)
                                                         _0416_ (net)
                      0.307995    0.000316   13.984615 ^ max_cap234/A (sky130_fd_sc_hd__buf_2)
     6    0.035950    0.178677    0.293347   14.277963 ^ max_cap234/X (sky130_fd_sc_hd__buf_2)
                                                         net234 (net)
                      0.178679    0.000990   14.278953 ^ _4443_/B (sky130_fd_sc_hd__nand2_2)
     9    0.043770    0.181295    0.207439   14.486392 v _4443_/Y (sky130_fd_sc_hd__nand2_2)
                                                         _0417_ (net)
                      0.181295    0.000040   14.486432 v _4585_/A1 (sky130_fd_sc_hd__a2111o_2)
     4    0.025530    0.122407    0.571420   15.057853 v _4585_/X (sky130_fd_sc_hd__a2111o_2)
                                                         _0556_ (net)
                      0.122415    0.001153   15.059005 v _4667_/B1_N (sky130_fd_sc_hd__o21bai_2)
     4    0.018393    0.101992    0.280016   15.339021 v _4667_/Y (sky130_fd_sc_hd__o21bai_2)
                                                         _0636_ (net)
                      0.101992    0.000272   15.339293 v _4742_/A (sky130_fd_sc_hd__nor3_2)
     3    0.018771    0.345979    0.376156   15.715449 ^ _4742_/Y (sky130_fd_sc_hd__nor3_2)
                                                         _0709_ (net)
                      0.345979    0.000272   15.715721 ^ _4743_/D_N (sky130_fd_sc_hd__or4b_4)
     6    0.039350    0.141957    0.630283   16.346004 v _4743_/X (sky130_fd_sc_hd__or4b_4)
                                                         _0710_ (net)
                      0.141968    0.001430   16.347435 v _5301_/A (sky130_fd_sc_hd__or3_2)
     2    0.013665    0.111887    0.585141   16.932575 v _5301_/X (sky130_fd_sc_hd__or3_2)
                                                         _1283_ (net)
                      0.111887    0.000270   16.932844 v _5499_/A (sky130_fd_sc_hd__or4_2)
     1    0.008814    0.122562    0.751218   17.684063 v _5499_/X (sky130_fd_sc_hd__or4_2)
                                                         _1495_ (net)
                      0.122562    0.000096   17.684158 v _5500_/B (sky130_fd_sc_hd__xnor2_2)
     1    0.003152    0.052128    0.161304   17.845463 v _5500_/Y (sky130_fd_sc_hd__xnor2_2)
                                                         _1496_ (net)
                      0.052128    0.000034   17.845497 v _5520_/A2 (sky130_fd_sc_hd__a221o_2)
     2    0.011523    0.077509    0.438970   18.284466 v _5520_/X (sky130_fd_sc_hd__a221o_2)
                                                         net182 (net)
                      0.077509    0.000075   18.284540 v _5981_/D (sky130_fd_sc_hd__or4_2)
     1    0.013616    0.142047    0.642842   18.927383 v _5981_/X (sky130_fd_sc_hd__or4_2)
                                                         _2010_ (net)
                      0.142047    0.000288   18.927671 v _5983_/C (sky130_fd_sc_hd__or4b_4)
     1    0.003647    0.081225    0.528553   19.456224 v _5983_/X (sky130_fd_sc_hd__or4b_4)
                                                         _2012_ (net)
                      0.081225    0.000046   19.456270 v _6003_/C (sky130_fd_sc_hd__or4_4)
     1    0.007313    0.089308    0.520352   19.976622 v _6003_/X (sky130_fd_sc_hd__or4_4)
                                                         _2034_ (net)
                      0.089308    0.000208   19.976830 v _6004_/D (sky130_fd_sc_hd__or4_4)
     1    0.009128    0.092528    0.462109   20.438938 v _6004_/X (sky130_fd_sc_hd__or4_4)
                                                         _2035_ (net)
                      0.092528    0.000126   20.439064 v _6005_/D (sky130_fd_sc_hd__nor4_4)
     1    0.005814    0.207752    0.164102   20.603167 ^ _6005_/Y (sky130_fd_sc_hd__nor4_4)
                                                         net201 (net)
                      0.207752    0.000130   20.603296 ^ output201/A (sky130_fd_sc_hd__clkdlybuf4s25_1)
     1    0.036618    0.369313    0.548738   21.152033 ^ output201/X (sky130_fd_sc_hd__clkdlybuf4s25_1)
                                                         zero_flag (net)
                      0.369313    0.000830   21.152863 ^ zero_flag (out)
                                             21.152863   data arrival time

                      0.000000   40.000000   40.000000   clock __VIRTUAL_CLK__ (rise edge)
                                  0.000000   40.000000   clock network delay (ideal)
                                 -0.250000   39.750000   clock uncertainty
                                  0.000000   39.750000   clock reconvergence pessimism
                                 -8.000000   31.750000   output external delay
                                             31.750000   data required time
---------------------------------------------------------------------------------------------
                                             31.750000   data required time
                                            -21.152863   data arrival time
---------------------------------------------------------------------------------------------
                                             10.597136   slack (MET)




===========================================================================
report_checks --slack_max -0.01
============================================================================
======================= min_tt_025C_1v80 Corner ===================================

No paths found.


===========================================================================
 report_check_types -max_slew -max_cap -max_fanout -violators
============================================================================
======================= min_tt_025C_1v80 Corner ===================================

max slew

Pin                                        Limit        Slew       Slack
------------------------------------------------------------------------
_3234_/A3                               0.750000    0.855842   -0.105842 (VIOLATED)
_3384_/A2                               0.750000    0.855842   -0.105842 (VIOLATED)
_5173_/A2                               0.750000    0.855835   -0.105835 (VIOLATED)
_5132_/A1                               0.750000    0.855835   -0.105835 (VIOLATED)
_5082_/A0                               0.750000    0.855833   -0.105833 (VIOLATED)
_5128_/A                                0.750000    0.855829   -0.105829 (VIOLATED)
_5086_/A                                0.750000    0.855828   -0.105828 (VIOLATED)
_6280_/A1                               0.750000    0.855828   -0.105828 (VIOLATED)
_5067_/A                                0.750000    0.855618   -0.105618 (VIOLATED)
_5124_/A                                0.750000    0.855618   -0.105618 (VIOLATED)
fanout530/X                             0.750000    0.855618   -0.105618 (VIOLATED)
fanout373/A                             0.750000    0.837216   -0.087216 (VIOLATED)
fanout379/A                             0.750000    0.837211   -0.087211 (VIOLATED)
fanout393/A                             0.750000    0.837204   -0.087204 (VIOLATED)
fanout387/A                             0.750000    0.837198   -0.087199 (VIOLATED)
fanout398/A                             0.750000    0.837198   -0.087199 (VIOLATED)
fanout405/A                             0.750000    0.837198   -0.087198 (VIOLATED)
fanout404/A                             0.750000    0.837195   -0.087195 (VIOLATED)
fanout406/X                             0.750000    0.837195   -0.087195 (VIOLATED)
_5112_/A1                               0.750000    0.801522   -0.051522 (VIOLATED)
_4955_/A1                               0.750000    0.801522   -0.051522 (VIOLATED)
_4871_/A1                               0.750000    0.801522   -0.051522 (VIOLATED)
_4439_/Y                                0.750000    0.801521   -0.051521 (VIOLATED)
_4440_/A                                0.750000    0.801521   -0.051521 (VIOLATED)
_4485_/A                                0.750000    0.801521   -0.051521 (VIOLATED)
_5862_/A                                0.750000    0.784963   -0.034963 (VIOLATED)
_5885_/B                                0.750000    0.784961   -0.034961 (VIOLATED)
_5872_/B                                0.750000    0.784960   -0.034960 (VIOLATED)
_5843_/B                                0.750000    0.784960   -0.034960 (VIOLATED)
_5886_/B                                0.750000    0.784957   -0.034957 (VIOLATED)
_5840_/A                                0.750000    0.784759   -0.034759 (VIOLATED)
_5860_/B                                0.750000    0.784759   -0.034759 (VIOLATED)
_5888_/B1                               0.750000    0.784759   -0.034759 (VIOLATED)
_6038_/A2                               0.750000    0.784759   -0.034759 (VIOLATED)
_6040_/A                                0.750000    0.784759   -0.034759 (VIOLATED)
fanout608/X                             0.750000    0.784759   -0.034759 (VIOLATED)
_6415_/A1                               0.750000    0.767303   -0.017303 (VIOLATED)
_5878_/A                                0.750000    0.767303   -0.017303 (VIOLATED)
_5901_/A0                               0.750000    0.767303   -0.017303 (VIOLATED)
_5963_/A2                               0.750000    0.767302   -0.017302 (VIOLATED)
_6047_/A1                               0.750000    0.767302   -0.017302 (VIOLATED)
_5931_/A                                0.750000    0.767301   -0.017301 (VIOLATED)
_5932_/A                                0.750000    0.767300   -0.017300 (VIOLATED)
_5881_/A                                0.750000    0.767295   -0.017295 (VIOLATED)
_5946_/A1                               0.750000    0.767292   -0.017292 (VIOLATED)
_3220_/A0                               0.750000    0.767278   -0.017278 (VIOLATED)
fanout462/X                             0.750000    0.767277   -0.017277 (VIOLATED)
_3286_/A1                               0.750000    0.765826   -0.015826 (VIOLATED)
_3331_/A0                               0.750000    0.765826   -0.015826 (VIOLATED)
_3341_/B                                0.750000    0.765826   -0.015826 (VIOLATED)
_3347_/A                                0.750000    0.765826   -0.015826 (VIOLATED)
_3357_/B                                0.750000    0.765826   -0.015826 (VIOLATED)
_3358_/A2                               0.750000    0.765826   -0.015826 (VIOLATED)
_3365_/A0                               0.750000    0.765826   -0.015826 (VIOLATED)
_3405_/A2                               0.750000    0.765826   -0.015826 (VIOLATED)
_3468_/A1                               0.750000    0.765826   -0.015826 (VIOLATED)
_6465_/A3                               0.750000    0.765826   -0.015826 (VIOLATED)
fanout593/X                             0.750000    0.765826   -0.015826 (VIOLATED)

max fanout

Pin                                   Limit Fanout  Slack
---------------------------------------------------------
_3248_/Y                                 10     11        (VIOLATED)
_3301_/X                                 10     11        (VIOLATED)
_4611_/X                                 10     11        (VIOLATED)



===========================================================================
report_parasitic_annotation -report_unannotated
============================================================================
Found 2 unannotated drivers.
 clk
 rst_n
Found 0 partially unannotated drivers.

===========================================================================
max slew violation count 58
%OL_METRIC_I design__max_slew_violation__count__corner:min_tt_025C_1v80 58
max fanout violation count 3
%OL_METRIC_I design__max_fanout_violation__count__corner:min_tt_025C_1v80 3
max cap violation count 0
%OL_METRIC_I design__max_cap_violation__count__corner:min_tt_025C_1v80 0
============================================================================

===========================================================================
check_setup -verbose -unconstrained_endpoints -multiple_clock -no_clock -no_input_delay -loops -generated_clocks
===========================================================================
%OL_END_REPORT
%OL_CREATE_REPORT power.rpt

===========================================================================
 report_power
============================================================================
======================= min_tt_025C_1v80 Corner ===================================

Group                    Internal    Switching      Leakage        Total
                            Power        Power        Power        Power (Watts)
------------------------------------------------------------------------
Sequential           0.000000e+00 0.000000e+00 0.000000e+00 0.000000e+00   0.0%
Combinational        2.859582e-04 3.902474e-04 1.469009e-08 6.762203e-04 100.0%
Clock                -8.678664e-11 0.000000e+00 9.921337e-09 9.834550e-09   0.0%
Macro                0.000000e+00 0.000000e+00 0.000000e+00 0.000000e+00   0.0%
Pad                  0.000000e+00 0.000000e+00 0.000000e+00 0.000000e+00   0.0%
------------------------------------------------------------------------
Total                2.859581e-04 3.902474e-04 2.461155e-08 6.762301e-04 100.0%
                            42.3%        57.7%         0.0%
%OL_METRIC_F power__internal__total 0.0002859580854419619
%OL_METRIC_F power__switching__total 0.0003902474418282509
%OL_METRIC_F power__leakage__total 2.4611553683939746e-8
%OL_METRIC_F power__total 0.0006762301200069487

%OL_END_REPORT
%OL_CREATE_REPORT skew.min.rpt

===========================================================================
Clock Skew (Hold)
============================================================================
%OL_METRIC_F clock__skew__worst_hold__corner:min_tt_025C_1v80 0.0
======================= min_tt_025C_1v80 Corner ===================================

Clock __VIRTUAL_CLK__
No launch/capture paths found.

%OL_END_REPORT
%OL_CREATE_REPORT skew.max.rpt

===========================================================================
Clock Skew (Setup)
============================================================================
%OL_METRIC_F clock__skew__worst_setup__corner:min_tt_025C_1v80 0.0
======================= min_tt_025C_1v80 Corner ===================================

Clock __VIRTUAL_CLK__
No launch/capture paths found.

%OL_END_REPORT
%OL_CREATE_REPORT ws.min.rpt

===========================================================================
Worst Slack (Hold)
============================================================================
%OL_METRIC_F timing__hold__ws__corner:min_tt_025C_1v80 16.547222727065318
min_tt_025C_1v80: 16.547222727065318
%OL_END_REPORT
%OL_CREATE_REPORT ws.max.rpt

===========================================================================
Worst Slack (Setup)
============================================================================
%OL_METRIC_F timing__setup__ws__corner:min_tt_025C_1v80 10.597135913173451
min_tt_025C_1v80: 10.597135913173451
%OL_END_REPORT
%OL_CREATE_REPORT tns.min.rpt

===========================================================================
Total Negative Slack (Hold)
============================================================================
%OL_METRIC_F timing__hold__tns__corner:min_tt_025C_1v80 0.0
min_tt_025C_1v80: 0.0
%OL_END_REPORT
%OL_CREATE_REPORT tns.max.rpt

===========================================================================
Total Negative Slack (Setup)
============================================================================
%OL_METRIC_F timing__setup__tns__corner:min_tt_025C_1v80 0.0
min_tt_025C_1v80: 0.0
%OL_END_REPORT
%OL_CREATE_REPORT wns.min.rpt

===========================================================================
Worst Negative Slack (Hold)
============================================================================
%OL_METRIC_F timing__hold__wns__corner:min_tt_025C_1v80 0
min_tt_025C_1v80: 0
%OL_END_REPORT
%OL_CREATE_REPORT wns.max.rpt

===========================================================================
Worst Negative Slack (Setup)
============================================================================
%OL_METRIC_F timing__setup__wns__corner:min_tt_025C_1v80 0.0
min_tt_025C_1v80: 0.0
%OL_END_REPORT
%OL_CREATE_REPORT violator_list.rpt

===========================================================================
Violator List
============================================================================
%OL_METRIC_I timing__hold_vio__count__corner:min_tt_025C_1v80 0
%OL_METRIC_F timing__hold_r2r__ws__corner:min_tt_025C_1v80 inf
%OL_METRIC_I timing__hold_r2r_vio__count__corner:min_tt_025C_1v80 0
%OL_METRIC_I timing__setup_vio__count__corner:min_tt_025C_1v80 0
%OL_METRIC_F timing__setup_r2r__ws__corner:min_tt_025C_1v80 inf
%OL_METRIC_I timing__setup_r2r_vio__count__corner:min_tt_025C_1v80 0
%OL_END_REPORT
%OL_CREATE_REPORT unpropagated.rpt
__VIRTUAL_CLK__
%OL_END_REPORT
%OL_CREATE_REPORT clock.rpt
Clock: __VIRTUAL_CLK__
Sources: 
Generated: no
Virtual: yes
Propagated: no
Period: 40.000000

===========================================================================
report_clock_properties
============================================================================
Clock                   Period          Waveform
----------------------------------------------------
__VIRTUAL_CLK__      40.000000    0.000000 20.000000

===========================================================================
report_clock_latency
============================================================================
Clock __VIRTUAL_CLK__


===========================================================================
report_clock_min_period
============================================================================
__VIRTUAL_CLK__ period_min = 0.00 fmax = inf
%OL_END_REPORT
Writing SDF files for all corners…
Removing Clock latencies before writing libs…
Writing timing models for all corners…
Writing timing models for the min_tt_025C_1v80 corner to /home/ubuntu/asic_projects1/alu64/runs/RUN_2026-09-02_10-53-20/55-openroad-stapostpnr/min_tt_025C_1v80/alu64_top__min_tt_025C_1v80.lib…
