
===========================================================================
report_checks -path_delay min (Hold)
============================================================================
======================= nom_ss_100C_1v60 Corner ===================================

Startpoint: operand_b[63] (input port clocked by __VIRTUAL_CLK__)
Endpoint: overflow_flag (output port clocked by __VIRTUAL_CLK__)
Path Group: __VIRTUAL_CLK__
Path Type: min

Fanout         Cap        Slew       Delay        Time   Description
---------------------------------------------------------------------------------------------
                      0.000000    0.000000    0.000000   clock __VIRTUAL_CLK__ (rise edge)
                                  0.000000    0.000000   clock network delay (ideal)
                                  8.000000    8.000000 v input external delay
     1    0.003966    0.023002    0.012275    8.012275 v operand_b[63] (in)
                                                         operand_b[63] (net)
                      0.023002    0.000000    8.012275 v input129/A (sky130_fd_sc_hd__buf_1)
     2    0.011861    0.143639    0.204723    8.216998 v input129/X (sky130_fd_sc_hd__buf_1)
                                                         net129 (net)
                      0.143639    0.000423    8.217421 v _6476_/B (sky130_fd_sc_hd__nand2_2)
     2    0.007804    0.097715    0.148037    8.365458 ^ _6476_/Y (sky130_fd_sc_hd__nand2_2)
                                                         _2554_ (net)
                      0.097715    0.000138    8.365596 ^ _6490_/A0 (sky130_fd_sc_hd__mux2_2)
     1    0.005253    0.084809    0.288355    8.653951 ^ _6490_/X (sky130_fd_sc_hd__mux2_2)
                                                         _2568_ (net)
                      0.084809    0.000148    8.654099 ^ _6500_/A2 (sky130_fd_sc_hd__o21ai_2)
     1    0.009512    0.095335    0.130549    8.784648 v _6500_/Y (sky130_fd_sc_hd__o21ai_2)
                                                         net136 (net)
                      0.095336    0.000477    8.785125 v output136/A (sky130_fd_sc_hd__clkdlybuf4s25_1)
     1    0.036277    0.489530    0.757952    9.543077 v output136/X (sky130_fd_sc_hd__clkdlybuf4s25_1)
                                                         overflow_flag (net)
                      0.489530    0.001096    9.544173 v overflow_flag (out)
                                              9.544173   data arrival time

                      0.000000    0.000000    0.000000   clock __VIRTUAL_CLK__ (rise edge)
                                  0.000000    0.000000   clock network delay (ideal)
                                  0.250000    0.250000   clock uncertainty
                                  0.000000    0.250000   clock reconvergence pessimism
                                 -8.000000   -7.750000   output external delay
                                             -7.750000   data required time
---------------------------------------------------------------------------------------------
                                             -7.750000   data required time
                                             -9.544173   data arrival time
---------------------------------------------------------------------------------------------
                                             17.294174   slack (MET)


Startpoint: operand_b[63] (input port clocked by __VIRTUAL_CLK__)
Endpoint: carry_out (output port clocked by __VIRTUAL_CLK__)
Path Group: __VIRTUAL_CLK__
Path Type: min

Fanout         Cap        Slew       Delay        Time   Description
---------------------------------------------------------------------------------------------
                      0.000000    0.000000    0.000000   clock __VIRTUAL_CLK__ (rise edge)
                                  0.000000    0.000000   clock network delay (ideal)
                                  8.000000    8.000000 ^ input external delay
     1    0.004095    0.040968    0.021508    8.021508 ^ operand_b[63] (in)
                                                         operand_b[63] (net)
                      0.040968    0.000000    8.021508 ^ input129/A (sky130_fd_sc_hd__buf_1)
     2    0.012365    0.243965    0.248638    8.270145 ^ input129/X (sky130_fd_sc_hd__buf_1)
                                                         net129 (net)
                      0.243966    0.000444    8.270590 ^ _6476_/B (sky130_fd_sc_hd__nand2_2)
     2    0.007149    0.089765    0.169691    8.440281 v _6476_/Y (sky130_fd_sc_hd__nand2_2)
                                                         _2554_ (net)
                      0.089765    0.000114    8.440394 v _6477_/B (sky130_fd_sc_hd__nor2_2)
     1    0.003087    0.105361    0.123267    8.563662 ^ _6477_/Y (sky130_fd_sc_hd__nor2_2)
                                                         _2555_ (net)
                      0.105361    0.000086    8.563747 ^ _6478_/B1 (sky130_fd_sc_hd__a41o_2)
     1    0.003581    0.054773    0.168376    8.732122 ^ _6478_/X (sky130_fd_sc_hd__a41o_2)
                                                         _2556_ (net)
                      0.054773    0.000101    8.732224 ^ _6483_/B1 (sky130_fd_sc_hd__a311o_2)
     1    0.002725    0.053154    0.159080    8.891304 ^ _6483_/X (sky130_fd_sc_hd__a311o_2)
                                                         _2561_ (net)
                      0.053154    0.000077    8.891381 ^ _6488_/B (sky130_fd_sc_hd__or3b_2)
     1    0.010353    0.109778    0.211368    9.102749 ^ _6488_/X (sky130_fd_sc_hd__or3b_2)
                                                         _2567_ (net)
                      0.109778    0.000421    9.103170 ^ _6489_/A (sky130_fd_sc_hd__buf_1)
     1    0.003229    0.080047    0.164331    9.267501 ^ _6489_/X (sky130_fd_sc_hd__buf_1)
                                                         net134 (net)
                      0.080047    0.000090    9.267591 ^ output134/A (sky130_fd_sc_hd__clkdlybuf4s25_1)
     1    0.035683    0.575039    0.789536   10.057127 ^ output134/X (sky130_fd_sc_hd__clkdlybuf4s25_1)
                                                         carry_out (net)
                      0.575039    0.000981   10.058107 ^ carry_out (out)
                                             10.058107   data arrival time

                      0.000000    0.000000    0.000000   clock __VIRTUAL_CLK__ (rise edge)
                                  0.000000    0.000000   clock network delay (ideal)
                                  0.250000    0.250000   clock uncertainty
                                  0.000000    0.250000   clock reconvergence pessimism
                                 -8.000000   -7.750000   output external delay
                                             -7.750000   data required time
---------------------------------------------------------------------------------------------
                                             -7.750000   data required time
                                            -10.058107   data arrival time
---------------------------------------------------------------------------------------------
                                             17.808107   slack (MET)


Startpoint: operand_b[62] (input port clocked by __VIRTUAL_CLK__)
Endpoint: negative_flag (output port clocked by __VIRTUAL_CLK__)
Path Group: __VIRTUAL_CLK__
Path Type: min

Fanout         Cap        Slew       Delay        Time   Description
---------------------------------------------------------------------------------------------
                      0.000000    0.000000    0.000000   clock __VIRTUAL_CLK__ (rise edge)
                                  0.000000    0.000000   clock network delay (ideal)
                                  8.000000    8.000000 v input external delay
     1    0.003775    0.022247    0.011700    8.011700 v operand_b[62] (in)
                                                         operand_b[62] (net)
                      0.022247    0.000000    8.011700 v input128/A (sky130_fd_sc_hd__buf_1)
     2    0.015478    0.182849    0.231615    8.243315 v input128/X (sky130_fd_sc_hd__buf_1)
                                                         net128 (net)
                      0.182849    0.000486    8.243800 v _5962_/B (sky130_fd_sc_hd__nand2_2)
     3    0.007725    0.100557    0.165565    8.409366 ^ _5962_/Y (sky130_fd_sc_hd__nand2_2)
                                                         _1990_ (net)
                      0.100557    0.000171    8.409536 ^ _5975_/C (sky130_fd_sc_hd__and3_2)
     1    0.003916    0.087286    0.357981    8.767518 ^ _5975_/X (sky130_fd_sc_hd__and3_2)
                                                         _2004_ (net)
                      0.087286    0.000123    8.767640 ^ _5979_/A0 (sky130_fd_sc_hd__mux2_2)
     1    0.004323    0.077258    0.275031    9.042671 ^ _5979_/X (sky130_fd_sc_hd__mux2_2)
                                                         _2009_ (net)
                      0.077258    0.000134    9.042805 ^ _5980_/C1 (sky130_fd_sc_hd__a211o_2)
     3    0.027176    0.210411    0.280507    9.323312 ^ _5980_/X (sky130_fd_sc_hd__a211o_2)
                                                         net135 (net)
                      0.210411    0.000775    9.324087 ^ output135/A (sky130_fd_sc_hd__clkdlybuf4s25_1)
     1    0.035751    0.576631    0.845787   10.169875 ^ output135/X (sky130_fd_sc_hd__clkdlybuf4s25_1)
                                                         negative_flag (net)
                      0.576631    0.000983   10.170858 ^ negative_flag (out)
                                             10.170858   data arrival time

                      0.000000    0.000000    0.000000   clock __VIRTUAL_CLK__ (rise edge)
                                  0.000000    0.000000   clock network delay (ideal)
                                  0.250000    0.250000   clock uncertainty
                                  0.000000    0.250000   clock reconvergence pessimism
                                 -8.000000   -7.750000   output external delay
                                             -7.750000   data required time
---------------------------------------------------------------------------------------------
                                             -7.750000   data required time
                                            -10.170858   data arrival time
---------------------------------------------------------------------------------------------
                                             17.920858   slack (MET)


Startpoint: operand_b[62] (input port clocked by __VIRTUAL_CLK__)
Endpoint: zero_flag (output port clocked by __VIRTUAL_CLK__)
Path Group: __VIRTUAL_CLK__
Path Type: min

Fanout         Cap        Slew       Delay        Time   Description
---------------------------------------------------------------------------------------------
                      0.000000    0.000000    0.000000   clock __VIRTUAL_CLK__ (rise edge)
                                  0.000000    0.000000   clock network delay (ideal)
                                  8.000000    8.000000 v input external delay
     1    0.003775    0.022247    0.011700    8.011700 v operand_b[62] (in)
                                                         operand_b[62] (net)
                      0.022247    0.000000    8.011700 v input128/A (sky130_fd_sc_hd__buf_1)
     2    0.015478    0.182849    0.231615    8.243315 v input128/X (sky130_fd_sc_hd__buf_1)
                                                         net128 (net)
                      0.182849    0.000486    8.243800 v _5962_/B (sky130_fd_sc_hd__nand2_2)
     3    0.007725    0.100557    0.165565    8.409366 ^ _5962_/Y (sky130_fd_sc_hd__nand2_2)
                                                         _1990_ (net)
                      0.100557    0.000171    8.409536 ^ _5975_/C (sky130_fd_sc_hd__and3_2)
     1    0.003916    0.087286    0.357981    8.767518 ^ _5975_/X (sky130_fd_sc_hd__and3_2)
                                                         _2004_ (net)
                      0.087286    0.000123    8.767640 ^ _5979_/A0 (sky130_fd_sc_hd__mux2_2)
     1    0.004323    0.077258    0.275031    9.042671 ^ _5979_/X (sky130_fd_sc_hd__mux2_2)
                                                         _2009_ (net)
                      0.077258    0.000134    9.042805 ^ _5980_/C1 (sky130_fd_sc_hd__a211o_2)
     3    0.027176    0.210411    0.280507    9.323312 ^ _5980_/X (sky130_fd_sc_hd__a211o_2)
                                                         net135 (net)
                      0.210412    0.000852    9.324164 ^ _6005_/C (sky130_fd_sc_hd__nor4_4)
     1    0.006087    0.034094    0.124366    9.448530 v _6005_/Y (sky130_fd_sc_hd__nor4_4)
                                                         net201 (net)
                      0.034094    0.000237    9.448768 v output201/A (sky130_fd_sc_hd__clkdlybuf4s25_1)
     1    0.036971    0.498213    0.737779   10.186546 v output201/X (sky130_fd_sc_hd__clkdlybuf4s25_1)
                                                         zero_flag (net)
                      0.498213    0.001224   10.187770 v zero_flag (out)
                                             10.187770   data arrival time

                      0.000000    0.000000    0.000000   clock __VIRTUAL_CLK__ (rise edge)
                                  0.000000    0.000000   clock network delay (ideal)
                                  0.250000    0.250000   clock uncertainty
                                  0.000000    0.250000   clock reconvergence pessimism
                                 -8.000000   -7.750000   output external delay
                                             -7.750000   data required time
---------------------------------------------------------------------------------------------
                                             -7.750000   data required time
                                            -10.187770   data arrival time
---------------------------------------------------------------------------------------------
                                             17.937769   slack (MET)


Startpoint: operand_b[61] (input port clocked by __VIRTUAL_CLK__)
Endpoint: result[62] (output port clocked by __VIRTUAL_CLK__)
Path Group: __VIRTUAL_CLK__
Path Type: min

Fanout         Cap        Slew       Delay        Time   Description
---------------------------------------------------------------------------------------------
                      0.000000    0.000000    0.000000   clock __VIRTUAL_CLK__ (rise edge)
                                  0.000000    0.000000   clock network delay (ideal)
                                  8.000000    8.000000 v input external delay
     1    0.005153    0.027726    0.015839    8.015839 v operand_b[61] (in)
                                                         operand_b[61] (net)
                      0.027727    0.000000    8.015839 v input127/A (sky130_fd_sc_hd__buf_1)
     4    0.026860    0.306503    0.319166    8.335005 v input127/X (sky130_fd_sc_hd__buf_1)
                                                         net127 (net)
                      0.306503    0.000902    8.335906 v _5932_/B (sky130_fd_sc_hd__nand2_2)
     2    0.010734    0.137658    0.232169    8.568075 ^ _5932_/Y (sky130_fd_sc_hd__nand2_2)
                                                         _1958_ (net)
                      0.137658    0.000390    8.568465 ^ _5933_/B1 (sky130_fd_sc_hd__o21ai_2)
     2    0.008106    0.098202    0.144301    8.712767 v _5933_/Y (sky130_fd_sc_hd__o21ai_2)
                                                         _1959_ (net)
                      0.098202    0.000243    8.713010 v _5934_/A (sky130_fd_sc_hd__inv_2)
     2    0.005804    0.057203    0.089640    8.802650 ^ _5934_/Y (sky130_fd_sc_hd__inv_2)
                                                         _1960_ (net)
                      0.057203    0.000086    8.802736 ^ _5950_/A2 (sky130_fd_sc_hd__a311o_2)
     1    0.006061    0.077593    0.356929    9.159665 ^ _5950_/X (sky130_fd_sc_hd__a311o_2)
                                                         _1978_ (net)
                      0.077593    0.000248    9.159913 ^ _5951_/C1 (sky130_fd_sc_hd__a221o_2)
     2    0.014171    0.135696    0.242597    9.402510 ^ _5951_/X (sky130_fd_sc_hd__a221o_2)
                                                         net195 (net)
                      0.135696    0.000363    9.402873 ^ output195/A (sky130_fd_sc_hd__clkdlybuf4s25_1)
     1    0.035551    0.573223    0.811891   10.214765 ^ output195/X (sky130_fd_sc_hd__clkdlybuf4s25_1)
                                                         result[62] (net)
                      0.573223    0.000937   10.215701 ^ result[62] (out)
                                             10.215701   data arrival time

                      0.000000    0.000000    0.000000   clock __VIRTUAL_CLK__ (rise edge)
                                  0.000000    0.000000   clock network delay (ideal)
                                  0.250000    0.250000   clock uncertainty
                                  0.000000    0.250000   clock reconvergence pessimism
                                 -8.000000   -7.750000   output external delay
                                             -7.750000   data required time
---------------------------------------------------------------------------------------------
                                             -7.750000   data required time
                                            -10.215701   data arrival time
---------------------------------------------------------------------------------------------
                                             17.965700   slack (MET)


Startpoint: operand_b[62] (input port clocked by __VIRTUAL_CLK__)
Endpoint: result[63] (output port clocked by __VIRTUAL_CLK__)
Path Group: __VIRTUAL_CLK__
Path Type: min

Fanout         Cap        Slew       Delay        Time   Description
---------------------------------------------------------------------------------------------
                      0.000000    0.000000    0.000000   clock __VIRTUAL_CLK__ (rise edge)
                                  0.000000    0.000000   clock network delay (ideal)
                                  8.000000    8.000000 v input external delay
     1    0.003775    0.022247    0.011700    8.011700 v operand_b[62] (in)
                                                         operand_b[62] (net)
                      0.022247    0.000000    8.011700 v input128/A (sky130_fd_sc_hd__buf_1)
     2    0.015478    0.182849    0.231615    8.243315 v input128/X (sky130_fd_sc_hd__buf_1)
                                                         net128 (net)
                      0.182849    0.000486    8.243800 v _5962_/B (sky130_fd_sc_hd__nand2_2)
     3    0.007725    0.100557    0.165565    8.409366 ^ _5962_/Y (sky130_fd_sc_hd__nand2_2)
                                                         _1990_ (net)
                      0.100557    0.000171    8.409536 ^ _5975_/C (sky130_fd_sc_hd__and3_2)
     1    0.003916    0.087286    0.357981    8.767518 ^ _5975_/X (sky130_fd_sc_hd__and3_2)
                                                         _2004_ (net)
                      0.087286    0.000123    8.767640 ^ _5979_/A0 (sky130_fd_sc_hd__mux2_2)
     1    0.004323    0.077258    0.275031    9.042671 ^ _5979_/X (sky130_fd_sc_hd__mux2_2)
                                                         _2009_ (net)
                      0.077258    0.000134    9.042805 ^ _5980_/C1 (sky130_fd_sc_hd__a211o_2)
     3    0.027176    0.210411    0.280507    9.323312 ^ _5980_/X (sky130_fd_sc_hd__a211o_2)
                                                         net135 (net)
                      0.210411    0.000751    9.324062 ^ _6501_/A (sky130_fd_sc_hd__buf_2)
     1    0.002498    0.044607    0.220076    9.544138 ^ _6501_/X (sky130_fd_sc_hd__buf_2)
                                                         net196 (net)
                      0.044607    0.000047    9.544186 ^ output196/A (sky130_fd_sc_hd__clkdlybuf4s25_1)
     1    0.036012    0.580112    0.778454   10.322639 ^ output196/X (sky130_fd_sc_hd__clkdlybuf4s25_1)
                                                         result[63] (net)
                      0.580112    0.001064   10.323703 ^ result[63] (out)
                                             10.323703   data arrival time

                      0.000000    0.000000    0.000000   clock __VIRTUAL_CLK__ (rise edge)
                                  0.000000    0.000000   clock network delay (ideal)
                                  0.250000    0.250000   clock uncertainty
                                  0.000000    0.250000   clock reconvergence pessimism
                                 -8.000000   -7.750000   output external delay
                                             -7.750000   data required time
---------------------------------------------------------------------------------------------
                                             -7.750000   data required time
                                            -10.323703   data arrival time
---------------------------------------------------------------------------------------------
                                             18.073704   slack (MET)


Startpoint: operand_b[49] (input port clocked by __VIRTUAL_CLK__)
Endpoint: result[50] (output port clocked by __VIRTUAL_CLK__)
Path Group: __VIRTUAL_CLK__
Path Type: min

Fanout         Cap        Slew       Delay        Time   Description
---------------------------------------------------------------------------------------------
                      0.000000    0.000000    0.000000   clock __VIRTUAL_CLK__ (rise edge)
                                  0.000000    0.000000   clock network delay (ideal)
                                  8.000000    8.000000 ^ input external delay
     1    0.005072    0.047678    0.026423    8.026423 ^ operand_b[49] (in)
                                                         operand_b[49] (net)
                      0.047679    0.000000    8.026423 ^ input113/A (sky130_fd_sc_hd__clkdlybuf4s25_1)
     3    0.013413    0.231259    0.543008    8.569431 ^ input113/X (sky130_fd_sc_hd__clkdlybuf4s25_1)
                                                         net113 (net)
                      0.231259    0.000554    8.569985 ^ _5503_/A2 (sky130_fd_sc_hd__o21a_2)
     3    0.013640    0.135064    0.334087    8.904074 ^ _5503_/X (sky130_fd_sc_hd__o21a_2)
                                                         _1499_ (net)
                      0.135064    0.000330    8.904403 ^ _5504_/B1 (sky130_fd_sc_hd__a21oi_2)
     2    0.016864    0.088612    0.120347    9.024750 v _5504_/Y (sky130_fd_sc_hd__a21oi_2)
                                                         _1500_ (net)
                      0.088618    0.000772    9.025522 v _5505_/B (sky130_fd_sc_hd__xnor2_2)
     1    0.004118    0.069868    0.191870    9.217392 ^ _5505_/Y (sky130_fd_sc_hd__xnor2_2)
                                                         _1501_ (net)
                      0.069868    0.000124    9.217516 ^ _5520_/B1 (sky130_fd_sc_hd__a221o_2)
     2    0.013030    0.127101    0.328040    9.545556 ^ _5520_/X (sky130_fd_sc_hd__a221o_2)
                                                         net182 (net)
                      0.127101    0.000474    9.546030 ^ output182/A (sky130_fd_sc_hd__clkdlybuf4s25_1)
     1    0.036766    0.592105    0.821155   10.367185 ^ output182/X (sky130_fd_sc_hd__clkdlybuf4s25_1)
                                                         result[50] (net)
                      0.592105    0.000691   10.367876 ^ result[50] (out)
                                             10.367876   data arrival time

                      0.000000    0.000000    0.000000   clock __VIRTUAL_CLK__ (rise edge)
                                  0.000000    0.000000   clock network delay (ideal)
                                  0.250000    0.250000   clock uncertainty
                                  0.000000    0.250000   clock reconvergence pessimism
                                 -8.000000   -7.750000   output external delay
                                             -7.750000   data required time
---------------------------------------------------------------------------------------------
                                             -7.750000   data required time
                                            -10.367876   data arrival time
---------------------------------------------------------------------------------------------
                                             18.117876   slack (MET)


Startpoint: operand_b[60] (input port clocked by __VIRTUAL_CLK__)
Endpoint: result[61] (output port clocked by __VIRTUAL_CLK__)
Path Group: __VIRTUAL_CLK__
Path Type: min

Fanout         Cap        Slew       Delay        Time   Description
---------------------------------------------------------------------------------------------
                      0.000000    0.000000    0.000000   clock __VIRTUAL_CLK__ (rise edge)
                                  0.000000    0.000000   clock network delay (ideal)
                                  8.000000    8.000000 v input external delay
     1    0.007573    0.037474    0.022897    8.022897 v operand_b[60] (in)
                                                         operand_b[60] (net)
                      0.037478    0.000000    8.022897 v input126/A (sky130_fd_sc_hd__clkdlybuf4s25_1)
     4    0.025637    0.354841    0.636852    8.659750 v input126/X (sky130_fd_sc_hd__clkdlybuf4s25_1)
                                                         net126 (net)
                      0.354841    0.001105    8.660854 v _5897_/B (sky130_fd_sc_hd__nand2_2)
     3    0.025252    0.243253    0.335215    8.996069 ^ _5897_/Y (sky130_fd_sc_hd__nand2_2)
                                                         _1921_ (net)
                      0.243253    0.000887    8.996956 ^ _5913_/A2 (sky130_fd_sc_hd__a31o_2)
     1    0.004523    0.067963    0.368730    9.365686 ^ _5913_/X (sky130_fd_sc_hd__a31o_2)
                                                         _1938_ (net)
                      0.067963    0.000137    9.365823 ^ _5915_/B1 (sky130_fd_sc_hd__a211o_2)
     2    0.014677    0.124109    0.219013    9.584836 ^ _5915_/X (sky130_fd_sc_hd__a211o_2)
                                                         net194 (net)
                      0.124109    0.000357    9.585194 ^ output194/A (sky130_fd_sc_hd__clkdlybuf4s25_1)
     1    0.035978    0.579778    0.811404   10.396598 ^ output194/X (sky130_fd_sc_hd__clkdlybuf4s25_1)
                                                         result[61] (net)
                      0.579778    0.000977   10.397574 ^ result[61] (out)
                                             10.397574   data arrival time

                      0.000000    0.000000    0.000000   clock __VIRTUAL_CLK__ (rise edge)
                                  0.000000    0.000000   clock network delay (ideal)
                                  0.250000    0.250000   clock uncertainty
                                  0.000000    0.250000   clock reconvergence pessimism
                                 -8.000000   -7.750000   output external delay
                                             -7.750000   data required time
---------------------------------------------------------------------------------------------
                                             -7.750000   data required time
                                            -10.397574   data arrival time
---------------------------------------------------------------------------------------------
                                             18.147575   slack (MET)


Startpoint: operand_b[57] (input port clocked by __VIRTUAL_CLK__)
Endpoint: result[57] (output port clocked by __VIRTUAL_CLK__)
Path Group: __VIRTUAL_CLK__
Path Type: min

Fanout         Cap        Slew       Delay        Time   Description
---------------------------------------------------------------------------------------------
                      0.000000    0.000000    0.000000   clock __VIRTUAL_CLK__ (rise edge)
                                  0.000000    0.000000   clock network delay (ideal)
                                  8.000000    8.000000 ^ input external delay
     1    0.007902    0.066834    0.039999    8.039999 ^ operand_b[57] (in)
                                                         operand_b[57] (net)
                      0.066836    0.000000    8.039999 ^ input122/A (sky130_fd_sc_hd__clkdlybuf4s25_1)
     2    0.017951    0.301214    0.598396    8.638395 ^ input122/X (sky130_fd_sc_hd__clkdlybuf4s25_1)
                                                         net122 (net)
                      0.301214    0.000639    8.639033 ^ _5773_/A1 (sky130_fd_sc_hd__a22o_2)
     1    0.006088    0.084927    0.377552    9.016586 ^ _5773_/X (sky130_fd_sc_hd__a22o_2)
                                                         _1789_ (net)
                      0.084927    0.000182    9.016768 ^ _5774_/A2 (sky130_fd_sc_hd__o21ai_2)
     1    0.004693    0.058887    0.103539    9.120307 v _5774_/Y (sky130_fd_sc_hd__o21ai_2)
                                                         _1790_ (net)
                      0.058887    0.000155    9.120462 v _5775_/B1 (sky130_fd_sc_hd__o211a_2)
     1    0.006978    0.066207    0.242692    9.363154 v _5775_/X (sky130_fd_sc_hd__o211a_2)
                                                         _1791_ (net)
                      0.066208    0.000295    9.363449 v _5776_/B1 (sky130_fd_sc_hd__o21ai_2)
     1    0.003719    0.064591    0.079115    9.442564 ^ _5776_/Y (sky130_fd_sc_hd__o21ai_2)
                                                         _1793_ (net)
                      0.064591    0.000111    9.442676 ^ _5777_/C1 (sky130_fd_sc_hd__a221o_2)
     2    0.012764    0.125116    0.228271    9.670946 ^ _5777_/X (sky130_fd_sc_hd__a221o_2)
                                                         net189 (net)
                      0.125118    0.000607    9.671553 ^ output189/A (sky130_fd_sc_hd__clkdlybuf4s25_1)
     1    0.036875    0.593977    0.821053   10.492606 ^ output189/X (sky130_fd_sc_hd__clkdlybuf4s25_1)
                                                         result[57] (net)
                      0.593977    0.001243   10.493849 ^ result[57] (out)
                                             10.493849   data arrival time

                      0.000000    0.000000    0.000000   clock __VIRTUAL_CLK__ (rise edge)
                                  0.000000    0.000000   clock network delay (ideal)
                                  0.250000    0.250000   clock uncertainty
                                  0.000000    0.250000   clock reconvergence pessimism
                                 -8.000000   -7.750000   output external delay
                                             -7.750000   data required time
---------------------------------------------------------------------------------------------
                                             -7.750000   data required time
                                            -10.493849   data arrival time
---------------------------------------------------------------------------------------------
                                             18.243849   slack (MET)


Startpoint: operand_b[36] (input port clocked by __VIRTUAL_CLK__)
Endpoint: result[37] (output port clocked by __VIRTUAL_CLK__)
Path Group: __VIRTUAL_CLK__
Path Type: min

Fanout         Cap        Slew       Delay        Time   Description
---------------------------------------------------------------------------------------------
                      0.000000    0.000000    0.000000   clock __VIRTUAL_CLK__ (rise edge)
                                  0.000000    0.000000   clock network delay (ideal)
                                  8.000000    8.000000 v input external delay
     1    0.004099    0.023534    0.012673    8.012672 v operand_b[36] (in)
                                                         operand_b[36] (net)
                      0.023534    0.000000    8.012672 v input99/A (sky130_fd_sc_hd__clkdlybuf4s25_1)
     3    0.015576    0.227473    0.540433    8.553106 v input99/X (sky130_fd_sc_hd__clkdlybuf4s25_1)
                                                         net99 (net)
                      0.227473    0.000551    8.553657 v _5002_/A (sky130_fd_sc_hd__inv_2)
     2    0.007412    0.092105    0.149677    8.703334 ^ _5002_/Y (sky130_fd_sc_hd__inv_2)
                                                         _0963_ (net)
                      0.092105    0.000235    8.703568 ^ _5003_/B1 (sky130_fd_sc_hd__a21o_2)
     1    0.009079    0.087320    0.184206    8.887774 ^ _5003_/X (sky130_fd_sc_hd__a21o_2)
                                                         _0964_ (net)
                      0.087320    0.000350    8.888124 ^ _5005_/A2 (sky130_fd_sc_hd__a21oi_2)
     1    0.009235    0.057554    0.138129    9.026253 v _5005_/Y (sky130_fd_sc_hd__a21oi_2)
                                                         _0966_ (net)
                      0.057555    0.000276    9.026529 v _5006_/B (sky130_fd_sc_hd__xnor2_2)
     1    0.012483    0.139974    0.265466    9.291995 v _5006_/Y (sky130_fd_sc_hd__xnor2_2)
                                                         _0967_ (net)
                      0.139974    0.000557    9.292552 v _5007_/B (sky130_fd_sc_hd__nor2_2)
     1    0.004617    0.131786    0.161493    9.454045 ^ _5007_/Y (sky130_fd_sc_hd__nor2_2)
                                                         _0968_ (net)
                      0.131786    0.000114    9.454159 ^ _5025_/B1 (sky130_fd_sc_hd__a211o_2)
     2    0.015051    0.126752    0.248800    9.702959 ^ _5025_/X (sky130_fd_sc_hd__a211o_2)
                                                         net167 (net)
                      0.126754    0.000600    9.703558 ^ output167/A (sky130_fd_sc_hd__clkdlybuf4s25_1)
     1    0.036568    0.589094    0.818589   10.522147 ^ output167/X (sky130_fd_sc_hd__clkdlybuf4s25_1)
                                                         result[37] (net)
                      0.589094    0.001161   10.523308 ^ result[37] (out)
                                             10.523308   data arrival time

                      0.000000    0.000000    0.000000   clock __VIRTUAL_CLK__ (rise edge)
                                  0.000000    0.000000   clock network delay (ideal)
                                  0.250000    0.250000   clock uncertainty
                                  0.000000    0.250000   clock reconvergence pessimism
                                 -8.000000   -7.750000   output external delay
                                             -7.750000   data required time
---------------------------------------------------------------------------------------------
                                             -7.750000   data required time
                                            -10.523308   data arrival time
---------------------------------------------------------------------------------------------
                                             18.273308   slack (MET)


Startpoint: operand_a[1] (input port clocked by __VIRTUAL_CLK__)
Endpoint: result[2] (output port clocked by __VIRTUAL_CLK__)
Path Group: __VIRTUAL_CLK__
Path Type: min

Fanout         Cap        Slew       Delay        Time   Description
---------------------------------------------------------------------------------------------
                      0.000000    0.000000    0.000000   clock __VIRTUAL_CLK__ (rise edge)
                                  0.000000    0.000000   clock network delay (ideal)
                                  8.000000    8.000000 v input external delay
     1    0.007635    0.037722    0.023084    8.023084 v operand_a[1] (in)
                                                         operand_a[1] (net)
                      0.037726    0.000000    8.023084 v input17/A (sky130_fd_sc_hd__clkdlybuf4s25_1)
     4    0.021632    0.303986    0.600981    8.624064 v input17/X (sky130_fd_sc_hd__clkdlybuf4s25_1)
                                                         net17 (net)
                      0.303986    0.000786    8.624850 v _3408_/B (sky130_fd_sc_hd__nand2b_2)
     4    0.016916    0.158705    0.265176    8.890027 ^ _3408_/Y (sky130_fd_sc_hd__nand2b_2)
                                                         _2621_ (net)
                      0.158705    0.000720    8.890747 ^ _3422_/A1 (sky130_fd_sc_hd__a21o_2)
     1    0.010904    0.104638    0.295852    9.186600 ^ _3422_/X (sky130_fd_sc_hd__a21o_2)
                                                         _2635_ (net)
                      0.104638    0.000307    9.186907 ^ _3423_/B (sky130_fd_sc_hd__xnor2_2)
     1    0.009679    0.115701    0.157397    9.344303 v _3423_/Y (sky130_fd_sc_hd__xnor2_2)
                                                         _2636_ (net)
                      0.115701    0.000436    9.344740 v _3435_/A2 (sky130_fd_sc_hd__o221ai_2)
     1    0.003399    0.088133    0.255862    9.600601 ^ _3435_/Y (sky130_fd_sc_hd__o221ai_2)
                                                         _2648_ (net)
                      0.088133    0.000096    9.600698 ^ _3436_/C1 (sky130_fd_sc_hd__a221o_2)
     2    0.012297    0.121636    0.236178    9.836876 ^ _3436_/X (sky130_fd_sc_hd__a221o_2)
                                                         net159 (net)
                      0.121636    0.000488    9.837364 ^ output159/A (sky130_fd_sc_hd__clkdlybuf4s25_1)
     1    0.035628    0.574342    0.806715   10.644079 ^ output159/X (sky130_fd_sc_hd__clkdlybuf4s25_1)
                                                         result[2] (net)
                      0.574342    0.000932   10.645011 ^ result[2] (out)
                                             10.645011   data arrival time

                      0.000000    0.000000    0.000000   clock __VIRTUAL_CLK__ (rise edge)
                                  0.000000    0.000000   clock network delay (ideal)
                                  0.250000    0.250000   clock uncertainty
                                  0.000000    0.250000   clock reconvergence pessimism
                                 -8.000000   -7.750000   output external delay
                                             -7.750000   data required time
---------------------------------------------------------------------------------------------
                                             -7.750000   data required time
                                            -10.645011   data arrival time
---------------------------------------------------------------------------------------------
                                             18.395010   slack (MET)


Startpoint: operand_b[16] (input port clocked by __VIRTUAL_CLK__)
Endpoint: result[17] (output port clocked by __VIRTUAL_CLK__)
Path Group: __VIRTUAL_CLK__
Path Type: min

Fanout         Cap        Slew       Delay        Time   Description
---------------------------------------------------------------------------------------------
                      0.000000    0.000000    0.000000   clock __VIRTUAL_CLK__ (rise edge)
                                  0.000000    0.000000   clock network delay (ideal)
                                  8.000000    8.000000 v input external delay
     1    0.007704    0.038005    0.023283    8.023283 v operand_b[16] (in)
                                                         operand_b[16] (net)
                      0.038009    0.000000    8.023283 v input77/A (sky130_fd_sc_hd__clkdlybuf4s25_1)
     5    0.030530    0.416981    0.681239    8.704522 v input77/X (sky130_fd_sc_hd__clkdlybuf4s25_1)
                                                         net77 (net)
                      0.416982    0.001550    8.706072 v _4129_/A1 (sky130_fd_sc_hd__o211ai_2)
     1    0.004386    0.081040    0.378939    9.085011 ^ _4129_/Y (sky130_fd_sc_hd__o211ai_2)
                                                         _0110_ (net)
                      0.081040    0.000131    9.085142 ^ _4166_/A2 (sky130_fd_sc_hd__a31o_2)
     1    0.005584    0.076495    0.322392    9.407534 ^ _4166_/X (sky130_fd_sc_hd__a31o_2)
                                                         _0147_ (net)
                      0.076495    0.000207    9.407741 ^ _4167_/B1 (sky130_fd_sc_hd__a31o_2)
     2    0.035505    0.317598    0.354913    9.762653 ^ _4167_/X (sky130_fd_sc_hd__a31o_2)
                                                         net145 (net)
                      0.317700    0.001452    9.764106 ^ output145/A (sky130_fd_sc_hd__clkdlybuf4s25_1)
     1    0.037702    0.608031    0.903431   10.667537 ^ output145/X (sky130_fd_sc_hd__clkdlybuf4s25_1)
                                                         result[17] (net)
                      0.608031    0.001352   10.668888 ^ result[17] (out)
                                             10.668888   data arrival time

                      0.000000    0.000000    0.000000   clock __VIRTUAL_CLK__ (rise edge)
                                  0.000000    0.000000   clock network delay (ideal)
                                  0.250000    0.250000   clock uncertainty
                                  0.000000    0.250000   clock reconvergence pessimism
                                 -8.000000   -7.750000   output external delay
                                             -7.750000   data required time
---------------------------------------------------------------------------------------------
                                             -7.750000   data required time
                                            -10.668888   data arrival time
---------------------------------------------------------------------------------------------
                                             18.418888   slack (MET)


Startpoint: operand_b[32] (input port clocked by __VIRTUAL_CLK__)
Endpoint: result[33] (output port clocked by __VIRTUAL_CLK__)
Path Group: __VIRTUAL_CLK__
Path Type: min

Fanout         Cap        Slew       Delay        Time   Description
---------------------------------------------------------------------------------------------
                      0.000000    0.000000    0.000000   clock __VIRTUAL_CLK__ (rise edge)
                                  0.000000    0.000000   clock network delay (ideal)
                                  8.000000    8.000000 v input external delay
     1    0.005519    0.029169    0.016938    8.016937 v operand_b[32] (in)
                                                         operand_b[32] (net)
                      0.029171    0.000000    8.016937 v input95/A (sky130_fd_sc_hd__clkdlybuf4s25_1)
     4    0.028859    0.395681    0.662647    8.679585 v input95/X (sky130_fd_sc_hd__clkdlybuf4s25_1)
                                                         net95 (net)
                      0.395681    0.000810    8.680394 v _4827_/A1 (sky130_fd_sc_hd__a21oi_2)
     1    0.009288    0.234016    0.382602    9.062997 ^ _4827_/Y (sky130_fd_sc_hd__a21oi_2)
                                                         _0792_ (net)
                      0.234016    0.000276    9.063273 ^ _4828_/B (sky130_fd_sc_hd__xnor2_2)
     2    0.012248    0.137974    0.216637    9.279910 v _4828_/Y (sky130_fd_sc_hd__xnor2_2)
                                                         _0793_ (net)
                      0.137974    0.000481    9.280392 v _4852_/A1 (sky130_fd_sc_hd__o221ai_2)
     1    0.005581    0.112070    0.327193    9.607585 ^ _4852_/Y (sky130_fd_sc_hd__o221ai_2)
                                                         _0817_ (net)
                      0.112070    0.000203    9.607788 ^ _4859_/B1 (sky130_fd_sc_hd__a311o_2)
     2    0.013675    0.133939    0.255776    9.863564 ^ _4859_/X (sky130_fd_sc_hd__a311o_2)
                                                         net163 (net)
                      0.133939    0.000473    9.864037 ^ output163/A (sky130_fd_sc_hd__clkdlybuf4s25_1)
     1    0.038397    0.617914    0.840647   10.704682 ^ output163/X (sky130_fd_sc_hd__clkdlybuf4s25_1)
                                                         result[33] (net)
                      0.617914    0.001489   10.706171 ^ result[33] (out)
                                             10.706171   data arrival time

                      0.000000    0.000000    0.000000   clock __VIRTUAL_CLK__ (rise edge)
                                  0.000000    0.000000   clock network delay (ideal)
                                  0.250000    0.250000   clock uncertainty
                                  0.000000    0.250000   clock reconvergence pessimism
                                 -8.000000   -7.750000   output external delay
                                             -7.750000   data required time
---------------------------------------------------------------------------------------------
                                             -7.750000   data required time
                                            -10.706171   data arrival time
---------------------------------------------------------------------------------------------
                                             18.456171   slack (MET)


Startpoint: operand_b[40] (input port clocked by __VIRTUAL_CLK__)
Endpoint: result[41] (output port clocked by __VIRTUAL_CLK__)
Path Group: __VIRTUAL_CLK__
Path Type: min

Fanout         Cap        Slew       Delay        Time   Description
---------------------------------------------------------------------------------------------
                      0.000000    0.000000    0.000000   clock __VIRTUAL_CLK__ (rise edge)
                                  0.000000    0.000000   clock network delay (ideal)
                                  8.000000    8.000000 ^ input external delay
     1    0.005899    0.053285    0.030456    8.030456 ^ operand_b[40] (in)
                                                         operand_b[40] (net)
                      0.053285    0.000000    8.030456 ^ input104/A (sky130_fd_sc_hd__clkdlybuf4s25_1)
     2    0.017902    0.300427    0.592320    8.622776 ^ input104/X (sky130_fd_sc_hd__clkdlybuf4s25_1)
                                                         net104 (net)
                      0.300427    0.000719    8.623494 ^ _5196_/A2 (sky130_fd_sc_hd__a2111o_2)
     1    0.005329    0.061225    0.351672    8.975165 ^ _5196_/X (sky130_fd_sc_hd__a2111o_2)
                                                         _1171_ (net)
                      0.061225    0.000109    8.975275 ^ _5197_/C1 (sky130_fd_sc_hd__o211ai_2)
     1    0.003342    0.091473    0.134589    9.109864 v _5197_/Y (sky130_fd_sc_hd__o211ai_2)
                                                         _1172_ (net)
                      0.091473    0.000098    9.109962 v _5198_/B1 (sky130_fd_sc_hd__a41o_2)
     1    0.002442    0.056791    0.392939    9.502901 v _5198_/X (sky130_fd_sc_hd__a41o_2)
                                                         _1173_ (net)
                      0.056791    0.000044    9.502945 v _5199_/B1 (sky130_fd_sc_hd__a31o_2)
     2    0.015464    0.116772    0.433274    9.936219 v _5199_/X (sky130_fd_sc_hd__a31o_2)
                                                         net172 (net)
                      0.116778    0.000846    9.937066 v output172/A (sky130_fd_sc_hd__clkdlybuf4s25_1)
     1    0.036461    0.491770    0.768961   10.706027 v output172/X (sky130_fd_sc_hd__clkdlybuf4s25_1)
                                                         result[41] (net)
                      0.491770    0.001112   10.707139 v result[41] (out)
                                             10.707139   data arrival time

                      0.000000    0.000000    0.000000   clock __VIRTUAL_CLK__ (rise edge)
                                  0.000000    0.000000   clock network delay (ideal)
                                  0.250000    0.250000   clock uncertainty
                                  0.000000    0.250000   clock reconvergence pessimism
                                 -8.000000   -7.750000   output external delay
                                             -7.750000   data required time
---------------------------------------------------------------------------------------------
                                             -7.750000   data required time
                                            -10.707139   data arrival time
---------------------------------------------------------------------------------------------
                                             18.457138   slack (MET)


Startpoint: operand_b[49] (input port clocked by __VIRTUAL_CLK__)
Endpoint: result[51] (output port clocked by __VIRTUAL_CLK__)
Path Group: __VIRTUAL_CLK__
Path Type: min

Fanout         Cap        Slew       Delay        Time   Description
---------------------------------------------------------------------------------------------
                      0.000000    0.000000    0.000000   clock __VIRTUAL_CLK__ (rise edge)
                                  0.000000    0.000000   clock network delay (ideal)
                                  8.000000    8.000000 ^ input external delay
     1    0.005072    0.047678    0.026423    8.026423 ^ operand_b[49] (in)
                                                         operand_b[49] (net)
                      0.047679    0.000000    8.026423 ^ input113/A (sky130_fd_sc_hd__clkdlybuf4s25_1)
     3    0.013413    0.231259    0.543008    8.569431 ^ input113/X (sky130_fd_sc_hd__clkdlybuf4s25_1)
                                                         net113 (net)
                      0.231259    0.000554    8.569985 ^ _5503_/A2 (sky130_fd_sc_hd__o21a_2)
     3    0.013640    0.135064    0.334087    8.904074 ^ _5503_/X (sky130_fd_sc_hd__o21a_2)
                                                         _1499_ (net)
                      0.135064    0.000330    8.904403 ^ _5504_/B1 (sky130_fd_sc_hd__a21oi_2)
     2    0.016864    0.088612    0.120347    9.024750 v _5504_/Y (sky130_fd_sc_hd__a21oi_2)
                                                         _1500_ (net)
                      0.088615    0.000608    9.025358 v _5543_/S (sky130_fd_sc_hd__mux2_2)
     1    0.004804    0.081731    0.424920    9.450278 ^ _5543_/X (sky130_fd_sc_hd__mux2_2)
                                                         _1542_ (net)
                      0.081731    0.000161    9.450438 ^ _5561_/A2 (sky130_fd_sc_hd__a211o_2)
     1    0.003005    0.046369    0.237025    9.687464 ^ _5561_/X (sky130_fd_sc_hd__a211o_2)
                                                         _1562_ (net)
                      0.046369    0.000058    9.687521 ^ _5562_/B1 (sky130_fd_sc_hd__a21o_2)
     2    0.016286    0.138811    0.202496    9.890018 ^ _5562_/X (sky130_fd_sc_hd__a21o_2)
                                                         net183 (net)
                      0.138812    0.000556    9.890574 ^ output183/A (sky130_fd_sc_hd__clkdlybuf4s25_1)
     1    0.037861    0.609563    0.837274   10.727847 ^ output183/X (sky130_fd_sc_hd__clkdlybuf4s25_1)
                                                         result[51] (net)
                      0.609563    0.001233   10.729080 ^ result[51] (out)
                                             10.729080   data arrival time

                      0.000000    0.000000    0.000000   clock __VIRTUAL_CLK__ (rise edge)
                                  0.000000    0.000000   clock network delay (ideal)
                                  0.250000    0.250000   clock uncertainty
                                  0.000000    0.250000   clock reconvergence pessimism
                                 -8.000000   -7.750000   output external delay
                                             -7.750000   data required time
---------------------------------------------------------------------------------------------
                                             -7.750000   data required time
                                            -10.729080   data arrival time
---------------------------------------------------------------------------------------------
                                             18.479080   slack (MET)


Startpoint: operand_b[44] (input port clocked by __VIRTUAL_CLK__)
Endpoint: result[47] (output port clocked by __VIRTUAL_CLK__)
Path Group: __VIRTUAL_CLK__
Path Type: min

Fanout         Cap        Slew       Delay        Time   Description
---------------------------------------------------------------------------------------------
                      0.000000    0.000000    0.000000   clock __VIRTUAL_CLK__ (rise edge)
                                  0.000000    0.000000   clock network delay (ideal)
                                  8.000000    8.000000 ^ input external delay
     1    0.004977    0.047031    0.025927    8.025927 ^ operand_b[44] (in)
                                                         operand_b[44] (net)
                      0.047031    0.000000    8.025927 ^ input108/A (sky130_fd_sc_hd__clkdlybuf4s25_1)
     4    0.026845    0.438434    0.683495    8.709422 ^ input108/X (sky130_fd_sc_hd__clkdlybuf4s25_1)
                                                         net108 (net)
                      0.438434    0.000703    8.710125 ^ _5321_/A1 (sky130_fd_sc_hd__a21boi_2)
     6    0.031333    0.174478    0.380429    9.090554 v _5321_/Y (sky130_fd_sc_hd__a21boi_2)
                                                         _1304_ (net)
                      0.174485    0.001236    9.091791 v _5397_/C1 (sky130_fd_sc_hd__o211ai_2)
     1    0.003138    0.088053    0.126469    9.218259 ^ _5397_/Y (sky130_fd_sc_hd__o211ai_2)
                                                         _1386_ (net)
                      0.088053    0.000063    9.218323 ^ _5398_/D1 (sky130_fd_sc_hd__o2111a_2)
     1    0.004418    0.094156    0.391098    9.609420 ^ _5398_/X (sky130_fd_sc_hd__o2111a_2)
                                                         _1387_ (net)
                      0.094156    0.000108    9.609529 ^ _5399_/C1 (sky130_fd_sc_hd__a211o_2)
     1    0.003683    0.050762    0.165988    9.775517 ^ _5399_/X (sky130_fd_sc_hd__a211o_2)
                                                         _1388_ (net)
                      0.050762    0.000105    9.775621 ^ _5400_/B1 (sky130_fd_sc_hd__a21o_2)
     2    0.013440    0.118333    0.189357    9.964978 ^ _5400_/X (sky130_fd_sc_hd__a21o_2)
                                                         net178 (net)
                      0.118335    0.000655    9.965634 ^ output178/A (sky130_fd_sc_hd__clkdlybuf4s25_1)
     1    0.037073    0.596921    0.820565   10.786199 ^ output178/X (sky130_fd_sc_hd__clkdlybuf4s25_1)
                                                         result[47] (net)
                      0.596921    0.000807   10.787006 ^ result[47] (out)
                                             10.787006   data arrival time

                      0.000000    0.000000    0.000000   clock __VIRTUAL_CLK__ (rise edge)
                                  0.000000    0.000000   clock network delay (ideal)
                                  0.250000    0.250000   clock uncertainty
                                  0.000000    0.250000   clock reconvergence pessimism
                                 -8.000000   -7.750000   output external delay
                                             -7.750000   data required time
---------------------------------------------------------------------------------------------
                                             -7.750000   data required time
                                            -10.787006   data arrival time
---------------------------------------------------------------------------------------------
                                             18.537004   slack (MET)


Startpoint: operand_b[9] (input port clocked by __VIRTUAL_CLK__)
Endpoint: result[9] (output port clocked by __VIRTUAL_CLK__)
Path Group: __VIRTUAL_CLK__
Path Type: min

Fanout         Cap        Slew       Delay        Time   Description
---------------------------------------------------------------------------------------------
                      0.000000    0.000000    0.000000   clock __VIRTUAL_CLK__ (rise edge)
                                  0.000000    0.000000   clock network delay (ideal)
                                  8.000000    8.000000 ^ input external delay
     1    0.005590    0.051211    0.029006    8.029006 ^ operand_b[9] (in)
                                                         operand_b[9] (net)
                      0.051212    0.000000    8.029006 ^ input133/A (sky130_fd_sc_hd__clkdlybuf4s25_1)
     5    0.031230    0.506249    0.730961    8.759967 ^ input133/X (sky130_fd_sc_hd__clkdlybuf4s25_1)
                                                         net133 (net)
                      0.506249    0.001505    8.761472 ^ _3789_/A1 (sky130_fd_sc_hd__a221o_2)
     1    0.010426    0.107643    0.502629    9.264101 ^ _3789_/X (sky130_fd_sc_hd__a221o_2)
                                                         _2995_ (net)
                      0.107643    0.000444    9.264544 ^ _3796_/A2 (sky130_fd_sc_hd__a22oi_2)
     1    0.002851    0.091491    0.150777    9.415322 v _3796_/Y (sky130_fd_sc_hd__a22oi_2)
                                                         _3002_ (net)
                      0.091491    0.000079    9.415401 v _3808_/B1 (sky130_fd_sc_hd__o211a_2)
     1    0.010331    0.077872    0.272965    9.688366 v _3808_/X (sky130_fd_sc_hd__o211a_2)
                                                         _3014_ (net)
                      0.077876    0.000614    9.688980 v _3809_/B1 (sky130_fd_sc_hd__o21ai_2)
     1    0.005501    0.079313    0.094403    9.783382 ^ _3809_/Y (sky130_fd_sc_hd__o21ai_2)
                                                         _3015_ (net)
                      0.079313    0.000200    9.783583 ^ _3810_/C1 (sky130_fd_sc_hd__a221o_2)
     2    0.008465    0.093284    0.209576    9.993158 ^ _3810_/X (sky130_fd_sc_hd__a221o_2)
                                                         net200 (net)
                      0.093284    0.000330    9.993489 ^ output200/A (sky130_fd_sc_hd__clkdlybuf4s25_1)
     1    0.036241    0.583676    0.801150   10.794640 ^ output200/X (sky130_fd_sc_hd__clkdlybuf4s25_1)
                                                         result[9] (net)
                      0.583676    0.000817   10.795456 ^ result[9] (out)
                                             10.795456   data arrival time

                      0.000000    0.000000    0.000000   clock __VIRTUAL_CLK__ (rise edge)
                                  0.000000    0.000000   clock network delay (ideal)
                                  0.250000    0.250000   clock uncertainty
                                  0.000000    0.250000   clock reconvergence pessimism
                                 -8.000000   -7.750000   output external delay
                                             -7.750000   data required time
---------------------------------------------------------------------------------------------
                                             -7.750000   data required time
                                            -10.795456   data arrival time
---------------------------------------------------------------------------------------------
                                             18.545458   slack (MET)


Startpoint: operand_b[30] (input port clocked by __VIRTUAL_CLK__)
Endpoint: result[31] (output port clocked by __VIRTUAL_CLK__)
Path Group: __VIRTUAL_CLK__
Path Type: min

Fanout         Cap        Slew       Delay        Time   Description
---------------------------------------------------------------------------------------------
                      0.000000    0.000000    0.000000   clock __VIRTUAL_CLK__ (rise edge)
                                  0.000000    0.000000   clock network delay (ideal)
                                  8.000000    8.000000 ^ input external delay
     1    0.006432    0.056873    0.033016    8.033016 ^ operand_b[30] (in)
                                                         operand_b[30] (net)
                      0.056875    0.000000    8.033016 ^ input93/A (sky130_fd_sc_hd__clkdlybuf4s25_1)
     4    0.015481    0.263107    0.568516    8.601532 ^ input93/X (sky130_fd_sc_hd__clkdlybuf4s25_1)
                                                         net93 (net)
                      0.263107    0.000466    8.601998 ^ _4738_/B1 (sky130_fd_sc_hd__a21o_2)
     1    0.002941    0.048469    0.215501    8.817499 ^ _4738_/X (sky130_fd_sc_hd__a21o_2)
                                                         _0705_ (net)
                      0.048469    0.000081    8.817580 ^ _4740_/B1 (sky130_fd_sc_hd__a32o_2)
     1    0.009465    0.124060    0.247732    9.065311 ^ _4740_/X (sky130_fd_sc_hd__a32o_2)
                                                         _0707_ (net)
                      0.124060    0.000285    9.065597 ^ _4741_/B (sky130_fd_sc_hd__xnor2_2)
     4    0.029306    0.282882    0.284999    9.350595 v _4741_/Y (sky130_fd_sc_hd__xnor2_2)
                                                         _0708_ (net)
                      0.282883    0.001190    9.351786 v _4745_/A (sky130_fd_sc_hd__xnor2_2)
     1    0.002885    0.058873    0.289332    9.641117 ^ _4745_/Y (sky130_fd_sc_hd__xnor2_2)
                                                         _0712_ (net)
                      0.058873    0.000078    9.641195 ^ _4764_/B1 (sky130_fd_sc_hd__a221o_2)
     2    0.014703    0.139752    0.334652    9.975848 ^ _4764_/X (sky130_fd_sc_hd__a221o_2)
                                                         net161 (net)
                      0.139754    0.000786    9.976634 ^ output161/A (sky130_fd_sc_hd__clkdlybuf4s25_1)
     1    0.037437    0.603081    0.832919   10.809553 ^ output161/X (sky130_fd_sc_hd__clkdlybuf4s25_1)
                                                         result[31] (net)
                      0.603081    0.001613   10.811166 ^ result[31] (out)
                                             10.811166   data arrival time

                      0.000000    0.000000    0.000000   clock __VIRTUAL_CLK__ (rise edge)
                                  0.000000    0.000000   clock network delay (ideal)
                                  0.250000    0.250000   clock uncertainty
                                  0.000000    0.250000   clock reconvergence pessimism
                                 -8.000000   -7.750000   output external delay
                                             -7.750000   data required time
---------------------------------------------------------------------------------------------
                                             -7.750000   data required time
                                            -10.811166   data arrival time
---------------------------------------------------------------------------------------------
                                             18.561165   slack (MET)


Startpoint: operand_a[11] (input port clocked by __VIRTUAL_CLK__)
Endpoint: result[13] (output port clocked by __VIRTUAL_CLK__)
Path Group: __VIRTUAL_CLK__
Path Type: min

Fanout         Cap        Slew       Delay        Time   Description
---------------------------------------------------------------------------------------------
                      0.000000    0.000000    0.000000   clock __VIRTUAL_CLK__ (rise edge)
                                  0.000000    0.000000   clock network delay (ideal)
                                  8.000000    8.000000 ^ input external delay
     1    0.006191    0.055249    0.031846    8.031846 ^ operand_a[11] (in)
                                                         operand_a[11] (net)
                      0.055249    0.000000    8.031846 ^ input8/A (sky130_fd_sc_hd__clkdlybuf4s25_1)
     5    0.025416    0.416291    0.672125    8.703970 ^ input8/X (sky130_fd_sc_hd__clkdlybuf4s25_1)
                                                         net8 (net)
                      0.416291    0.000464    8.704433 ^ _3909_/A (sky130_fd_sc_hd__nand2_2)
     1    0.007906    0.134451    0.210670    8.915104 v _3909_/Y (sky130_fd_sc_hd__nand2_2)
                                                         _3112_ (net)
                      0.134451    0.000296    8.915400 v _3910_/B1 (sky130_fd_sc_hd__o31a_2)
     2    0.012815    0.089716    0.265079    9.180478 v _3910_/X (sky130_fd_sc_hd__o31a_2)
                                                         _3113_ (net)
                      0.089717    0.000404    9.180882 v _3911_/B1 (sky130_fd_sc_hd__o21ai_2)
     6    0.039219    0.361254    0.287914    9.468796 ^ _3911_/Y (sky130_fd_sc_hd__o21ai_2)
                                                         _3114_ (net)
                      0.361259    0.001054    9.469850 ^ _3958_/A2 (sky130_fd_sc_hd__o21ai_2)
     1    0.010247    0.113284    0.220059    9.689909 v _3958_/Y (sky130_fd_sc_hd__o21ai_2)
                                                         _3160_ (net)
                      0.113284    0.000335    9.690244 v _3959_/B (sky130_fd_sc_hd__xnor2_2)
     1    0.007272    0.087404    0.242481    9.932724 ^ _3959_/Y (sky130_fd_sc_hd__xnor2_2)
                                                         _3161_ (net)
                      0.087404    0.000203    9.932928 ^ _3992_/A2 (sky130_fd_sc_hd__o21ai_2)
     2    0.010001    0.099195    0.134274   10.067202 v _3992_/Y (sky130_fd_sc_hd__o21ai_2)
                                                         net141 (net)
                      0.099195    0.000297   10.067498 v output141/A (sky130_fd_sc_hd__clkdlybuf4s25_1)
     1    0.035284    0.476819    0.750944   10.818442 v output141/X (sky130_fd_sc_hd__clkdlybuf4s25_1)
                                                         result[13] (net)
                      0.476819    0.000719   10.819161 v result[13] (out)
                                             10.819161   data arrival time

                      0.000000    0.000000    0.000000   clock __VIRTUAL_CLK__ (rise edge)
                                  0.000000    0.000000   clock network delay (ideal)
                                  0.250000    0.250000   clock uncertainty
                                  0.000000    0.250000   clock reconvergence pessimism
                                 -8.000000   -7.750000   output external delay
                                             -7.750000   data required time
---------------------------------------------------------------------------------------------
                                             -7.750000   data required time
                                            -10.819161   data arrival time
---------------------------------------------------------------------------------------------
                                             18.569160   slack (MET)


Startpoint: operand_b[44] (input port clocked by __VIRTUAL_CLK__)
Endpoint: result[45] (output port clocked by __VIRTUAL_CLK__)
Path Group: __VIRTUAL_CLK__
Path Type: min

Fanout         Cap        Slew       Delay        Time   Description
---------------------------------------------------------------------------------------------
                      0.000000    0.000000    0.000000   clock __VIRTUAL_CLK__ (rise edge)
                                  0.000000    0.000000   clock network delay (ideal)
                                  8.000000    8.000000 ^ input external delay
     1    0.004977    0.047031    0.025927    8.025927 ^ operand_b[44] (in)
                                                         operand_b[44] (net)
                      0.047031    0.000000    8.025927 ^ input108/A (sky130_fd_sc_hd__clkdlybuf4s25_1)
     4    0.026845    0.438434    0.683495    8.709422 ^ input108/X (sky130_fd_sc_hd__clkdlybuf4s25_1)
                                                         net108 (net)
                      0.438434    0.000703    8.710125 ^ _5321_/A1 (sky130_fd_sc_hd__a21boi_2)
     6    0.031333    0.174478    0.380429    9.090554 v _5321_/Y (sky130_fd_sc_hd__a21boi_2)
                                                         _1304_ (net)
                      0.174478    0.000506    9.091061 v _5322_/B (sky130_fd_sc_hd__xnor2_2)
     1    0.007720    0.090877    0.271960    9.363021 ^ _5322_/Y (sky130_fd_sc_hd__xnor2_2)
                                                         _1305_ (net)
                      0.090877    0.000248    9.363269 ^ _5332_/A2 (sky130_fd_sc_hd__a221o_2)
     1    0.006582    0.079733    0.316108    9.679377 ^ _5332_/X (sky130_fd_sc_hd__a221o_2)
                                                         _1316_ (net)
                      0.079733    0.000247    9.679624 ^ _5333_/C1 (sky130_fd_sc_hd__a221o_2)
     2    0.024407    0.211705    0.300328    9.979951 ^ _5333_/X (sky130_fd_sc_hd__a221o_2)
                                                         net176 (net)
                      0.211706    0.000850    9.980802 ^ output176/A (sky130_fd_sc_hd__clkdlybuf4s25_1)
     1    0.035827    0.577769    0.847234   10.828035 ^ output176/X (sky130_fd_sc_hd__clkdlybuf4s25_1)
                                                         result[45] (net)
                      0.577769    0.000842   10.828877 ^ result[45] (out)
                                             10.828877   data arrival time

                      0.000000    0.000000    0.000000   clock __VIRTUAL_CLK__ (rise edge)
                                  0.000000    0.000000   clock network delay (ideal)
                                  0.250000    0.250000   clock uncertainty
                                  0.000000    0.250000   clock reconvergence pessimism
                                 -8.000000   -7.750000   output external delay
                                             -7.750000   data required time
---------------------------------------------------------------------------------------------
                                             -7.750000   data required time
                                            -10.828877   data arrival time
---------------------------------------------------------------------------------------------
                                             18.578878   slack (MET)


Startpoint: operand_b[23] (input port clocked by __VIRTUAL_CLK__)
Endpoint: result[23] (output port clocked by __VIRTUAL_CLK__)
Path Group: __VIRTUAL_CLK__
Path Type: min

Fanout         Cap        Slew       Delay        Time   Description
---------------------------------------------------------------------------------------------
                      0.000000    0.000000    0.000000   clock __VIRTUAL_CLK__ (rise edge)
                                  0.000000    0.000000   clock network delay (ideal)
                                  8.000000    8.000000 v input external delay
     1    0.007469    0.037047    0.022585    8.022586 v operand_b[23] (in)
                                                         operand_b[23] (net)
                      0.037050    0.000000    8.022586 v input85/A (sky130_fd_sc_hd__buf_1)
     5    0.030931    0.350735    0.354040    8.376626 v input85/X (sky130_fd_sc_hd__buf_1)
                                                         net85 (net)
                      0.350735    0.000542    8.377168 v _4397_/B (sky130_fd_sc_hd__xor2_2)
     3    0.015907    0.111364    0.406096    8.783263 v _4397_/X (sky130_fd_sc_hd__xor2_2)
                                                         _0372_ (net)
                      0.111364    0.000498    8.783762 v max_cap321/A (sky130_fd_sc_hd__buf_2)
     6    0.036544    0.175208    0.352339    9.136100 v max_cap321/X (sky130_fd_sc_hd__buf_2)
                                                         net321 (net)
                      0.175233    0.002020    9.138120 v _4407_/A (sky130_fd_sc_hd__xor2_2)
     1    0.008275    0.198772    0.317534    9.455654 ^ _4407_/X (sky130_fd_sc_hd__xor2_2)
                                                         _0382_ (net)
                      0.198772    0.000353    9.456007 ^ _4427_/B1 (sky130_fd_sc_hd__a221o_2)
     1    0.003651    0.059276    0.313573    9.769580 ^ _4427_/X (sky130_fd_sc_hd__a221o_2)
                                                         _0402_ (net)
                      0.059276    0.000107    9.769687 ^ _4428_/B1 (sky130_fd_sc_hd__a31o_2)
     2    0.017570    0.168747    0.245958   10.015645 ^ _4428_/X (sky130_fd_sc_hd__a31o_2)
                                                         net152 (net)
                      0.168748    0.000831   10.016476 ^ output152/A (sky130_fd_sc_hd__clkdlybuf4s25_1)
     1    0.035618    0.574376    0.826701   10.843177 ^ output152/X (sky130_fd_sc_hd__clkdlybuf4s25_1)
                                                         result[23] (net)
                      0.574376    0.000896   10.844072 ^ result[23] (out)
                                             10.844072   data arrival time

                      0.000000    0.000000    0.000000   clock __VIRTUAL_CLK__ (rise edge)
                                  0.000000    0.000000   clock network delay (ideal)
                                  0.250000    0.250000   clock uncertainty
                                  0.000000    0.250000   clock reconvergence pessimism
                                 -8.000000   -7.750000   output external delay
                                             -7.750000   data required time
---------------------------------------------------------------------------------------------
                                             -7.750000   data required time
                                            -10.844072   data arrival time
---------------------------------------------------------------------------------------------
                                             18.594072   slack (MET)


Startpoint: operand_b[14] (input port clocked by __VIRTUAL_CLK__)
Endpoint: result[15] (output port clocked by __VIRTUAL_CLK__)
Path Group: __VIRTUAL_CLK__
Path Type: min

Fanout         Cap        Slew       Delay        Time   Description
---------------------------------------------------------------------------------------------
                      0.000000    0.000000    0.000000   clock __VIRTUAL_CLK__ (rise edge)
                                  0.000000    0.000000   clock network delay (ideal)
                                  8.000000    8.000000 ^ input external delay
     1    0.006748    0.059008    0.034510    8.034511 ^ operand_b[14] (in)
                                                         operand_b[14] (net)
                      0.059010    0.000000    8.034511 ^ input75/A (sky130_fd_sc_hd__clkdlybuf4s25_1)
     4    0.027483    0.448438    0.694665    8.729175 ^ input75/X (sky130_fd_sc_hd__clkdlybuf4s25_1)
                                                         net75 (net)
                      0.448439    0.001634    8.730809 ^ _4040_/A2 (sky130_fd_sc_hd__o2111a_2)
     1    0.005618    0.105559    0.513812    9.244621 ^ _4040_/X (sky130_fd_sc_hd__o2111a_2)
                                                         _0023_ (net)
                      0.105559    0.000179    9.244801 ^ _4046_/A (sky130_fd_sc_hd__or3_2)
     3    0.014522    0.131345    0.258288    9.503088 ^ _4046_/X (sky130_fd_sc_hd__or3_2)
                                                         _0029_ (net)
                      0.131345    0.000471    9.503559 ^ _4048_/A (sky130_fd_sc_hd__xor2_2)
     1    0.003907    0.127199    0.216018    9.719578 ^ _4048_/X (sky130_fd_sc_hd__xor2_2)
                                                         _0031_ (net)
                      0.127199    0.000114    9.719691 ^ _4065_/B1 (sky130_fd_sc_hd__a221o_2)
     2    0.010445    0.107758    0.334185   10.053876 ^ _4065_/X (sky130_fd_sc_hd__a221o_2)
                                                         net143 (net)
                      0.107758    0.000356   10.054233 ^ output143/A (sky130_fd_sc_hd__clkdlybuf4s25_1)
     1    0.035090    0.565933    0.795266   10.849499 ^ output143/X (sky130_fd_sc_hd__clkdlybuf4s25_1)
                                                         result[15] (net)
                      0.565933    0.000769   10.850267 ^ result[15] (out)
                                             10.850267   data arrival time

                      0.000000    0.000000    0.000000   clock __VIRTUAL_CLK__ (rise edge)
                                  0.000000    0.000000   clock network delay (ideal)
                                  0.250000    0.250000   clock uncertainty
                                  0.000000    0.250000   clock reconvergence pessimism
                                 -8.000000   -7.750000   output external delay
                                             -7.750000   data required time
---------------------------------------------------------------------------------------------
                                             -7.750000   data required time
                                            -10.850267   data arrival time
---------------------------------------------------------------------------------------------
                                             18.600269   slack (MET)


Startpoint: operand_b[44] (input port clocked by __VIRTUAL_CLK__)
Endpoint: result[46] (output port clocked by __VIRTUAL_CLK__)
Path Group: __VIRTUAL_CLK__
Path Type: min

Fanout         Cap        Slew       Delay        Time   Description
---------------------------------------------------------------------------------------------
                      0.000000    0.000000    0.000000   clock __VIRTUAL_CLK__ (rise edge)
                                  0.000000    0.000000   clock network delay (ideal)
                                  8.000000    8.000000 ^ input external delay
     1    0.004977    0.047031    0.025927    8.025927 ^ operand_b[44] (in)
                                                         operand_b[44] (net)
                      0.047031    0.000000    8.025927 ^ input108/A (sky130_fd_sc_hd__clkdlybuf4s25_1)
     4    0.026845    0.438434    0.683495    8.709422 ^ input108/X (sky130_fd_sc_hd__clkdlybuf4s25_1)
                                                         net108 (net)
                      0.438434    0.000703    8.710125 ^ _5321_/A1 (sky130_fd_sc_hd__a21boi_2)
     6    0.031333    0.174478    0.380429    9.090554 v _5321_/Y (sky130_fd_sc_hd__a21boi_2)
                                                         _1304_ (net)
                      0.174479    0.000770    9.091325 v _5336_/A2 (sky130_fd_sc_hd__o21a_2)
     1    0.009968    0.078318    0.419127    9.510451 v _5336_/X (sky130_fd_sc_hd__o21a_2)
                                                         _1320_ (net)
                      0.078318    0.000329    9.510780 v _5337_/B (sky130_fd_sc_hd__xnor2_2)
     1    0.003783    0.064296    0.183464    9.694243 ^ _5337_/Y (sky130_fd_sc_hd__xnor2_2)
                                                         _1321_ (net)
                      0.064296    0.000112    9.694356 ^ _5362_/A2 (sky130_fd_sc_hd__a211o_2)
     2    0.019560    0.156333    0.329599   10.023954 ^ _5362_/X (sky130_fd_sc_hd__a211o_2)
                                                         net177 (net)
                      0.156340    0.001157   10.025112 ^ output177/A (sky130_fd_sc_hd__clkdlybuf4s25_1)
     1    0.036079    0.581402    0.826397   10.851508 ^ output177/X (sky130_fd_sc_hd__clkdlybuf4s25_1)
                                                         result[46] (net)
                      0.581402    0.000703   10.852211 ^ result[46] (out)
                                             10.852211   data arrival time

                      0.000000    0.000000    0.000000   clock __VIRTUAL_CLK__ (rise edge)
                                  0.000000    0.000000   clock network delay (ideal)
                                  0.250000    0.250000   clock uncertainty
                                  0.000000    0.250000   clock reconvergence pessimism
                                 -8.000000   -7.750000   output external delay
                                             -7.750000   data required time
---------------------------------------------------------------------------------------------
                                             -7.750000   data required time
                                            -10.852211   data arrival time
---------------------------------------------------------------------------------------------
                                             18.602211   slack (MET)


Startpoint: operand_b[27] (input port clocked by __VIRTUAL_CLK__)
Endpoint: result[29] (output port clocked by __VIRTUAL_CLK__)
Path Group: __VIRTUAL_CLK__
Path Type: min

Fanout         Cap        Slew       Delay        Time   Description
---------------------------------------------------------------------------------------------
                      0.000000    0.000000    0.000000   clock __VIRTUAL_CLK__ (rise edge)
                                  0.000000    0.000000   clock network delay (ideal)
                                  8.000000    8.000000 ^ input external delay
     1    0.004069    0.040793    0.021376    8.021376 ^ operand_b[27] (in)
                                                         operand_b[27] (net)
                      0.040793    0.000000    8.021376 ^ input89/A (sky130_fd_sc_hd__clkdlybuf4s25_1)
     4    0.018105    0.303514    0.589385    8.610762 ^ input89/X (sky130_fd_sc_hd__clkdlybuf4s25_1)
                                                         net89 (net)
                      0.303514    0.000719    8.611480 ^ _4626_/A2 (sky130_fd_sc_hd__a22o_2)
     3    0.013476    0.138518    0.421851    9.033331 ^ _4626_/X (sky130_fd_sc_hd__a22o_2)
                                                         _0596_ (net)
                      0.138518    0.000364    9.033695 ^ _4687_/C (sky130_fd_sc_hd__and4b_2)
     1    0.006316    0.127191    0.491461    9.525156 ^ _4687_/X (sky130_fd_sc_hd__and4b_2)
                                                         _0656_ (net)
                      0.127191    0.000246    9.525402 ^ _4688_/C1 (sky130_fd_sc_hd__a211o_2)
     1    0.005747    0.063751    0.194205    9.719606 ^ _4688_/X (sky130_fd_sc_hd__a211o_2)
                                                         _0657_ (net)
                      0.063751    0.000171    9.719777 ^ _4689_/C1 (sky130_fd_sc_hd__a221oi_2)
     1    0.008652    0.063684    0.070726    9.790503 v _4689_/Y (sky130_fd_sc_hd__a221oi_2)
                                                         _0658_ (net)
                      0.063684    0.000380    9.790883 v _4690_/B1 (sky130_fd_sc_hd__o21ai_2)
     1    0.003137    0.059958    0.074563    9.865446 ^ _4690_/Y (sky130_fd_sc_hd__o21ai_2)
                                                         _0659_ (net)
                      0.059958    0.000089    9.865535 ^ _4691_/C1 (sky130_fd_sc_hd__a221o_2)
     2    0.010723    0.109802    0.214211   10.079745 ^ _4691_/X (sky130_fd_sc_hd__a221o_2)
                                                         net158 (net)
                      0.109802    0.000279   10.080024 ^ output158/A (sky130_fd_sc_hd__clkdlybuf4s25_1)
     1    0.037110    0.597550    0.816975   10.896999 ^ output158/X (sky130_fd_sc_hd__clkdlybuf4s25_1)
                                                         result[29] (net)
                      0.597550    0.001273   10.898272 ^ result[29] (out)
                                             10.898272   data arrival time

                      0.000000    0.000000    0.000000   clock __VIRTUAL_CLK__ (rise edge)
                                  0.000000    0.000000   clock network delay (ideal)
                                  0.250000    0.250000   clock uncertainty
                                  0.000000    0.250000   clock reconvergence pessimism
                                 -8.000000   -7.750000   output external delay
                                             -7.750000   data required time
---------------------------------------------------------------------------------------------
                                             -7.750000   data required time
                                            -10.898272   data arrival time
---------------------------------------------------------------------------------------------
                                             18.648273   slack (MET)


Startpoint: operand_b[5] (input port clocked by __VIRTUAL_CLK__)
Endpoint: result[18] (output port clocked by __VIRTUAL_CLK__)
Path Group: __VIRTUAL_CLK__
Path Type: min

Fanout         Cap        Slew       Delay        Time   Description
---------------------------------------------------------------------------------------------
                      0.000000    0.000000    0.000000   clock __VIRTUAL_CLK__ (rise edge)
                                  0.000000    0.000000   clock network delay (ideal)
                                  8.000000    8.000000 v input external delay
     1    0.004038    0.023290    0.012485    8.012486 v operand_b[5] (in)
                                                         operand_b[5] (net)
                      0.023290    0.000000    8.012486 v input125/A (sky130_fd_sc_hd__clkdlybuf4s25_1)
     2    0.026329    0.363711    0.637333    8.649818 v input125/X (sky130_fd_sc_hd__clkdlybuf4s25_1)
                                                         net125 (net)
                      0.363711    0.000862    8.650681 v fanout622/A (sky130_fd_sc_hd__clkdlybuf4s25_1)
     4    0.023403    0.326425    0.743421    9.394102 v fanout622/X (sky130_fd_sc_hd__clkdlybuf4s25_1)
                                                         net622 (net)
                      0.326425    0.000915    9.395017 v _4209_/B2 (sky130_fd_sc_hd__o221ai_2)
     1    0.005805    0.108899    0.332385    9.727402 ^ _4209_/Y (sky130_fd_sc_hd__o221ai_2)
                                                         _0189_ (net)
                      0.108899    0.000176    9.727577 ^ _4210_/C1 (sky130_fd_sc_hd__a221o_2)
     2    0.024576    0.213146    0.313962   10.041539 ^ _4210_/X (sky130_fd_sc_hd__a221o_2)
                                                         net146 (net)
                      0.213149    0.001071   10.042610 ^ output146/A (sky130_fd_sc_hd__clkdlybuf4s25_1)
     1    0.036624    0.590564    0.856019   10.898630 ^ output146/X (sky130_fd_sc_hd__clkdlybuf4s25_1)
                                                         result[18] (net)
                      0.590564    0.001107   10.899736 ^ result[18] (out)
                                             10.899736   data arrival time

                      0.000000    0.000000    0.000000   clock __VIRTUAL_CLK__ (rise edge)
                                  0.000000    0.000000   clock network delay (ideal)
                                  0.250000    0.250000   clock uncertainty
                                  0.000000    0.250000   clock reconvergence pessimism
                                 -8.000000   -7.750000   output external delay
                                             -7.750000   data required time
---------------------------------------------------------------------------------------------
                                             -7.750000   data required time
                                            -10.899736   data arrival time
---------------------------------------------------------------------------------------------
                                             18.649736   slack (MET)


Startpoint: operand_a[11] (input port clocked by __VIRTUAL_CLK__)
Endpoint: result[12] (output port clocked by __VIRTUAL_CLK__)
Path Group: __VIRTUAL_CLK__
Path Type: min

Fanout         Cap        Slew       Delay        Time   Description
---------------------------------------------------------------------------------------------
                      0.000000    0.000000    0.000000   clock __VIRTUAL_CLK__ (rise edge)
                                  0.000000    0.000000   clock network delay (ideal)
                                  8.000000    8.000000 ^ input external delay
     1    0.006191    0.055249    0.031846    8.031846 ^ operand_a[11] (in)
                                                         operand_a[11] (net)
                      0.055249    0.000000    8.031846 ^ input8/A (sky130_fd_sc_hd__clkdlybuf4s25_1)
     5    0.025416    0.416291    0.672125    8.703970 ^ input8/X (sky130_fd_sc_hd__clkdlybuf4s25_1)
                                                         net8 (net)
                      0.416291    0.000464    8.704433 ^ _3909_/A (sky130_fd_sc_hd__nand2_2)
     1    0.007906    0.134451    0.210670    8.915104 v _3909_/Y (sky130_fd_sc_hd__nand2_2)
                                                         _3112_ (net)
                      0.134451    0.000296    8.915400 v _3910_/B1 (sky130_fd_sc_hd__o31a_2)
     2    0.012815    0.089716    0.265079    9.180478 v _3910_/X (sky130_fd_sc_hd__o31a_2)
                                                         _3113_ (net)
                      0.089717    0.000404    9.180882 v _3911_/B1 (sky130_fd_sc_hd__o21ai_2)
     6    0.039219    0.361254    0.287914    9.468796 ^ _3911_/Y (sky130_fd_sc_hd__o21ai_2)
                                                         _3114_ (net)
                      0.361258    0.000897    9.469693 ^ _3912_/B (sky130_fd_sc_hd__xor2_2)
     1    0.005075    0.145787    0.308297    9.777989 ^ _3912_/X (sky130_fd_sc_hd__xor2_2)
                                                         _3115_ (net)
                      0.145787    0.000130    9.778119 ^ _3953_/A2 (sky130_fd_sc_hd__a221o_2)
     2    0.006880    0.081853    0.337923   10.116042 ^ _3953_/X (sky130_fd_sc_hd__a221o_2)
                                                         net140 (net)
                      0.081853    0.000217   10.116260 ^ output140/A (sky130_fd_sc_hd__clkdlybuf4s25_1)
     1    0.035771    0.576355    0.791364   10.907623 ^ output140/X (sky130_fd_sc_hd__clkdlybuf4s25_1)
                                                         result[12] (net)
                      0.576355    0.000793   10.908417 ^ result[12] (out)
                                             10.908417   data arrival time

                      0.000000    0.000000    0.000000   clock __VIRTUAL_CLK__ (rise edge)
                                  0.000000    0.000000   clock network delay (ideal)
                                  0.250000    0.250000   clock uncertainty
                                  0.000000    0.250000   clock reconvergence pessimism
                                 -8.000000   -7.750000   output external delay
                                             -7.750000   data required time
---------------------------------------------------------------------------------------------
                                             -7.750000   data required time
                                            -10.908417   data arrival time
---------------------------------------------------------------------------------------------
                                             18.658415   slack (MET)


Startpoint: operand_b[27] (input port clocked by __VIRTUAL_CLK__)
Endpoint: result[28] (output port clocked by __VIRTUAL_CLK__)
Path Group: __VIRTUAL_CLK__
Path Type: min

Fanout         Cap        Slew       Delay        Time   Description
---------------------------------------------------------------------------------------------
                      0.000000    0.000000    0.000000   clock __VIRTUAL_CLK__ (rise edge)
                                  0.000000    0.000000   clock network delay (ideal)
                                  8.000000    8.000000 ^ input external delay
     1    0.004069    0.040793    0.021376    8.021376 ^ operand_b[27] (in)
                                                         operand_b[27] (net)
                      0.040793    0.000000    8.021376 ^ input89/A (sky130_fd_sc_hd__clkdlybuf4s25_1)
     4    0.018105    0.303514    0.589385    8.610762 ^ input89/X (sky130_fd_sc_hd__clkdlybuf4s25_1)
                                                         net89 (net)
                      0.303514    0.000719    8.611480 ^ _4626_/A2 (sky130_fd_sc_hd__a22o_2)
     3    0.013476    0.138518    0.421851    9.033331 ^ _4626_/X (sky130_fd_sc_hd__a22o_2)
                                                         _0596_ (net)
                      0.138518    0.000405    9.033736 ^ _4629_/A_N (sky130_fd_sc_hd__nand2b_2)
     4    0.024527    0.213461    0.320256    9.353992 ^ _4629_/Y (sky130_fd_sc_hd__nand2b_2)
                                                         _0599_ (net)
                      0.213461    0.000203    9.354194 ^ _4630_/B (sky130_fd_sc_hd__xnor2_2)
     1    0.004634    0.069975    0.237395    9.591589 ^ _4630_/Y (sky130_fd_sc_hd__xnor2_2)
                                                         _0600_ (net)
                      0.069975    0.000157    9.591746 ^ _4652_/A2 (sky130_fd_sc_hd__o221a_2)
     1    0.005436    0.100000    0.393592    9.985338 ^ _4652_/X (sky130_fd_sc_hd__o221a_2)
                                                         _0622_ (net)
                      0.100000    0.000114    9.985452 ^ _4653_/B1 (sky130_fd_sc_hd__o21ai_2)
     2    0.012211    0.115803    0.152892   10.138344 v _4653_/Y (sky130_fd_sc_hd__o21ai_2)
                                                         net157 (net)
                      0.115804    0.000532   10.138876 v output157/A (sky130_fd_sc_hd__clkdlybuf4s25_1)
     1    0.036618    0.493712    0.769939   10.908814 v output157/X (sky130_fd_sc_hd__clkdlybuf4s25_1)
                                                         result[28] (net)
                      0.493712    0.001126   10.909941 v result[28] (out)
                                             10.909941   data arrival time

                      0.000000    0.000000    0.000000   clock __VIRTUAL_CLK__ (rise edge)
                                  0.000000    0.000000   clock network delay (ideal)
                                  0.250000    0.250000   clock uncertainty
                                  0.000000    0.250000   clock reconvergence pessimism
                                 -8.000000   -7.750000   output external delay
                                             -7.750000   data required time
---------------------------------------------------------------------------------------------
                                             -7.750000   data required time
                                            -10.909941   data arrival time
---------------------------------------------------------------------------------------------
                                             18.659941   slack (MET)


Startpoint: operand_b[13] (input port clocked by __VIRTUAL_CLK__)
Endpoint: result[14] (output port clocked by __VIRTUAL_CLK__)
Path Group: __VIRTUAL_CLK__
Path Type: min

Fanout         Cap        Slew       Delay        Time   Description
---------------------------------------------------------------------------------------------
                      0.000000    0.000000    0.000000   clock __VIRTUAL_CLK__ (rise edge)
                                  0.000000    0.000000   clock network delay (ideal)
                                  8.000000    8.000000 ^ input external delay
     1    0.006061    0.054378    0.031260    8.031260 ^ operand_b[13] (in)
                                                         operand_b[13] (net)
                      0.054379    0.000000    8.031260 ^ input74/A (sky130_fd_sc_hd__clkdlybuf4s25_1)
     4    0.038154    0.613688    0.803758    8.835018 ^ input74/X (sky130_fd_sc_hd__clkdlybuf4s25_1)
                                                         net74 (net)
                      0.613688    0.001311    8.836329 ^ _3996_/A2 (sky130_fd_sc_hd__o21a_2)
     1    0.003393    0.061332    0.386548    9.222877 ^ _3996_/X (sky130_fd_sc_hd__o21a_2)
                                                         _3197_ (net)
                      0.061332    0.000095    9.222972 ^ _3997_/B1 (sky130_fd_sc_hd__a31o_2)
     1    0.015333    0.152906    0.233168    9.456141 ^ _3997_/X (sky130_fd_sc_hd__a31o_2)
                                                         _3198_ (net)
                      0.152907    0.000681    9.456821 ^ _3998_/B (sky130_fd_sc_hd__xor2_2)
     1    0.009032    0.211585    0.300679    9.757501 ^ _3998_/X (sky130_fd_sc_hd__xor2_2)
                                                         _3199_ (net)
                      0.211585    0.000326    9.757827 ^ _4031_/A2 (sky130_fd_sc_hd__a221o_2)
     2    0.009809    0.103100    0.381254   10.139081 ^ _4031_/X (sky130_fd_sc_hd__a221o_2)
                                                         net142 (net)
                      0.103101    0.000523   10.139605 ^ output142/A (sky130_fd_sc_hd__clkdlybuf4s25_1)
     1    0.035338    0.569758    0.795876   10.935480 ^ output142/X (sky130_fd_sc_hd__clkdlybuf4s25_1)
                                                         result[14] (net)
                      0.569758    0.000786   10.936267 ^ result[14] (out)
                                             10.936267   data arrival time

                      0.000000    0.000000    0.000000   clock __VIRTUAL_CLK__ (rise edge)
                                  0.000000    0.000000   clock network delay (ideal)
                                  0.250000    0.250000   clock uncertainty
                                  0.000000    0.250000   clock reconvergence pessimism
                                 -8.000000   -7.750000   output external delay
                                             -7.750000   data required time
---------------------------------------------------------------------------------------------
                                             -7.750000   data required time
                                            -10.936267   data arrival time
---------------------------------------------------------------------------------------------
                                             18.686266   slack (MET)


Startpoint: operand_b[32] (input port clocked by __VIRTUAL_CLK__)
Endpoint: result[36] (output port clocked by __VIRTUAL_CLK__)
Path Group: __VIRTUAL_CLK__
Path Type: min

Fanout         Cap        Slew       Delay        Time   Description
---------------------------------------------------------------------------------------------
                      0.000000    0.000000    0.000000   clock __VIRTUAL_CLK__ (rise edge)
                                  0.000000    0.000000   clock network delay (ideal)
                                  8.000000    8.000000 v input external delay
     1    0.005519    0.029169    0.016938    8.016937 v operand_b[32] (in)
                                                         operand_b[32] (net)
                      0.029171    0.000000    8.016937 v input95/A (sky130_fd_sc_hd__clkdlybuf4s25_1)
     4    0.028859    0.395681    0.662647    8.679585 v input95/X (sky130_fd_sc_hd__clkdlybuf4s25_1)
                                                         net95 (net)
                      0.395681    0.000944    8.680529 v _4854_/A (sky130_fd_sc_hd__xnor2_2)
     1    0.003633    0.067679    0.338542    9.019071 ^ _4854_/Y (sky130_fd_sc_hd__xnor2_2)
                                                         _0819_ (net)
                      0.067679    0.000106    9.019176 ^ _4855_/A2 (sky130_fd_sc_hd__a211o_2)
     1    0.003629    0.050482    0.236653    9.255829 ^ _4855_/X (sky130_fd_sc_hd__a211o_2)
                                                         _0820_ (net)
                      0.050508    0.000106    9.255935 ^ _4856_/B1 (sky130_fd_sc_hd__o31a_2)
     2    0.010070    0.114562    0.284454    9.540389 ^ _4856_/X (sky130_fd_sc_hd__o31a_2)
                                                         _0821_ (net)
                      0.114562    0.000465    9.540854 ^ _4953_/A (sky130_fd_sc_hd__or2b_2)
     1    0.003245    0.048921    0.182262    9.723117 ^ _4953_/X (sky130_fd_sc_hd__or2b_2)
                                                         _0915_ (net)
                      0.048921    0.000090    9.723207 ^ _4992_/A2 (sky130_fd_sc_hd__a31o_2)
     2    0.015922    0.157637    0.382387   10.105594 ^ _4992_/X (sky130_fd_sc_hd__a31o_2)
                                                         net166 (net)
                      0.157637    0.000604   10.106198 ^ output166/A (sky130_fd_sc_hd__clkdlybuf4s25_1)
     1    0.037251    0.600317    0.838778   10.944976 ^ output166/X (sky130_fd_sc_hd__clkdlybuf4s25_1)
                                                         result[36] (net)
                      0.600317    0.001345   10.946321 ^ result[36] (out)
                                             10.946321   data arrival time

                      0.000000    0.000000    0.000000   clock __VIRTUAL_CLK__ (rise edge)
                                  0.000000    0.000000   clock network delay (ideal)
                                  0.250000    0.250000   clock uncertainty
                                  0.000000    0.250000   clock reconvergence pessimism
                                 -8.000000   -7.750000   output external delay
                                             -7.750000   data required time
---------------------------------------------------------------------------------------------
                                             -7.750000   data required time
                                            -10.946321   data arrival time
---------------------------------------------------------------------------------------------
                                             18.696320   slack (MET)


Startpoint: operand_b[18] (input port clocked by __VIRTUAL_CLK__)
Endpoint: result[19] (output port clocked by __VIRTUAL_CLK__)
Path Group: __VIRTUAL_CLK__
Path Type: min

Fanout         Cap        Slew       Delay        Time   Description
---------------------------------------------------------------------------------------------
                      0.000000    0.000000    0.000000   clock __VIRTUAL_CLK__ (rise edge)
                                  0.000000    0.000000   clock network delay (ideal)
                                  8.000000    8.000000 v input external delay
     1    0.007922    0.038895    0.023902    8.023902 v operand_b[18] (in)
                                                         operand_b[18] (net)
                      0.038898    0.000000    8.023902 v input79/A (sky130_fd_sc_hd__clkdlybuf4s25_1)
     5    0.038762    0.521116    0.755824    8.779726 v input79/X (sky130_fd_sc_hd__clkdlybuf4s25_1)
                                                         net79 (net)
                      0.521118    0.001936    8.781662 v _4227_/B (sky130_fd_sc_hd__nand2_2)
     2    0.022399    0.247214    0.393761    9.175424 ^ _4227_/Y (sky130_fd_sc_hd__nand2_2)
                                                         _0206_ (net)
                      0.247215    0.000974    9.176397 ^ _4228_/A (sky130_fd_sc_hd__nand2_2)
     1    0.008711    0.111346    0.171380    9.347778 v _4228_/Y (sky130_fd_sc_hd__nand2_2)
                                                         _0207_ (net)
                      0.111346    0.000330    9.348107 v _4232_/A2 (sky130_fd_sc_hd__o21ai_2)
     1    0.011199    0.138011    0.278844    9.626951 ^ _4232_/Y (sky130_fd_sc_hd__o21ai_2)
                                                         _0211_ (net)
                      0.138011    0.000565    9.627516 ^ _4245_/B1 (sky130_fd_sc_hd__a221o_2)
     1    0.003349    0.057560    0.285961    9.913478 ^ _4245_/X (sky130_fd_sc_hd__a221o_2)
                                                         _0224_ (net)
                      0.057560    0.000093    9.913570 ^ _4246_/B1 (sky130_fd_sc_hd__a31o_2)
     2    0.014592    0.146970    0.226829   10.140400 ^ _4246_/X (sky130_fd_sc_hd__a31o_2)
                                                         net147 (net)
                      0.146973    0.000899   10.141298 ^ output147/A (sky130_fd_sc_hd__clkdlybuf4s25_1)
     1    0.036227    0.583814    0.823485   10.964784 ^ output147/X (sky130_fd_sc_hd__clkdlybuf4s25_1)
                                                         result[19] (net)
                      0.583814    0.001346   10.966129 ^ result[19] (out)
                                             10.966129   data arrival time

                      0.000000    0.000000    0.000000   clock __VIRTUAL_CLK__ (rise edge)
                                  0.000000    0.000000   clock network delay (ideal)
                                  0.250000    0.250000   clock uncertainty
                                  0.000000    0.250000   clock reconvergence pessimism
                                 -8.000000   -7.750000   output external delay
                                             -7.750000   data required time
---------------------------------------------------------------------------------------------
                                             -7.750000   data required time
                                            -10.966129   data arrival time
---------------------------------------------------------------------------------------------
                                             18.716129   slack (MET)


Startpoint: operand_b[55] (input port clocked by __VIRTUAL_CLK__)
Endpoint: result[56] (output port clocked by __VIRTUAL_CLK__)
Path Group: __VIRTUAL_CLK__
Path Type: min

Fanout         Cap        Slew       Delay        Time   Description
---------------------------------------------------------------------------------------------
                      0.000000    0.000000    0.000000   clock __VIRTUAL_CLK__ (rise edge)
                                  0.000000    0.000000   clock network delay (ideal)
                                  8.000000    8.000000 ^ input external delay
     1    0.008041    0.067776    0.040652    8.040652 ^ operand_b[55] (in)
                                                         operand_b[55] (net)
                      0.067778    0.000000    8.040652 ^ input120/A (sky130_fd_sc_hd__clkdlybuf4s25_1)
     3    0.015266    0.259874    0.570561    8.611213 ^ input120/X (sky130_fd_sc_hd__clkdlybuf4s25_1)
                                                         net120 (net)
                      0.259874    0.000650    8.611862 ^ _5709_/C1 (sky130_fd_sc_hd__a211o_2)
     6    0.026696    0.207040    0.355806    8.967669 ^ _5709_/X (sky130_fd_sc_hd__a211o_2)
                                                         _1720_ (net)
                      0.207040    0.000501    8.968169 ^ _5722_/A1 (sky130_fd_sc_hd__a21o_2)
     2    0.007554    0.077130    0.295787    9.263957 ^ _5722_/X (sky130_fd_sc_hd__a21o_2)
                                                         _1734_ (net)
                      0.077130    0.000131    9.264089 ^ _5724_/A (sky130_fd_sc_hd__and2_2)
     2    0.015699    0.159574    0.324492    9.588580 ^ _5724_/X (sky130_fd_sc_hd__and2_2)
                                                         _1736_ (net)
                      0.159574    0.000509    9.589088 ^ _5726_/A (sky130_fd_sc_hd__xnor2_2)
     1    0.003928    0.068023    0.157931    9.747020 v _5726_/Y (sky130_fd_sc_hd__xnor2_2)
                                                         _1739_ (net)
                      0.068023    0.000113    9.747132 v _5746_/A2 (sky130_fd_sc_hd__a21o_2)
     2    0.017585    0.120959    0.431666   10.178799 v _5746_/X (sky130_fd_sc_hd__a21o_2)
                                                         net188 (net)
                      0.120959    0.000527   10.179325 v output188/A (sky130_fd_sc_hd__clkdlybuf4s25_1)
     1    0.039034    0.524804    0.793411   10.972736 v output188/X (sky130_fd_sc_hd__clkdlybuf4s25_1)
                                                         result[56] (net)
                      0.524807    0.001922   10.974658 v result[56] (out)
                                             10.974658   data arrival time

                      0.000000    0.000000    0.000000   clock __VIRTUAL_CLK__ (rise edge)
                                  0.000000    0.000000   clock network delay (ideal)
                                  0.250000    0.250000   clock uncertainty
                                  0.000000    0.250000   clock reconvergence pessimism
                                 -8.000000   -7.750000   output external delay
                                             -7.750000   data required time
---------------------------------------------------------------------------------------------
                                             -7.750000   data required time
                                            -10.974658   data arrival time
---------------------------------------------------------------------------------------------
                                             18.724657   slack (MET)


Startpoint: operand_b[33] (input port clocked by __VIRTUAL_CLK__)
Endpoint: result[34] (output port clocked by __VIRTUAL_CLK__)
Path Group: __VIRTUAL_CLK__
Path Type: min

Fanout         Cap        Slew       Delay        Time   Description
---------------------------------------------------------------------------------------------
                      0.000000    0.000000    0.000000   clock __VIRTUAL_CLK__ (rise edge)
                                  0.000000    0.000000   clock network delay (ideal)
                                  8.000000    8.000000 v input external delay
     1    0.005295    0.028286    0.016266    8.016266 v operand_b[33] (in)
                                                         operand_b[33] (net)
                      0.028288    0.000000    8.016266 v input96/A (sky130_fd_sc_hd__clkdlybuf4s25_1)
     7    0.028726    0.393965    0.661160    8.677426 v input96/X (sky130_fd_sc_hd__clkdlybuf4s25_1)
                                                         net96 (net)
                      0.393965    0.000504    8.677931 v _4815_/B (sky130_fd_sc_hd__nand2_2)
     7    0.032362    0.298655    0.390312    9.068242 ^ _4815_/Y (sky130_fd_sc_hd__nand2_2)
                                                         _0780_ (net)
                      0.298655    0.000900    9.069142 ^ _4865_/A1 (sky130_fd_sc_hd__a21bo_2)
     3    0.022212    0.196287    0.429185    9.498327 ^ _4865_/X (sky130_fd_sc_hd__a21bo_2)
                                                         _0829_ (net)
                      0.196287    0.000437    9.498764 ^ _4866_/B (sky130_fd_sc_hd__xnor2_2)
     1    0.010974    0.112688    0.266610    9.765373 ^ _4866_/Y (sky130_fd_sc_hd__xnor2_2)
                                                         _0830_ (net)
                      0.112688    0.000452    9.765826 ^ _4893_/A2 (sky130_fd_sc_hd__a221o_2)
     2    0.015319    0.144537    0.382784   10.148609 ^ _4893_/X (sky130_fd_sc_hd__a221o_2)
                                                         net164 (net)
                      0.144537    0.000507   10.149117 ^ output164/A (sky130_fd_sc_hd__clkdlybuf4s25_1)
     1    0.036962    0.595521    0.830244   10.979361 ^ output164/X (sky130_fd_sc_hd__clkdlybuf4s25_1)
                                                         result[34] (net)
                      0.595521    0.001227   10.980588 ^ result[34] (out)
                                             10.980588   data arrival time

                      0.000000    0.000000    0.000000   clock __VIRTUAL_CLK__ (rise edge)
                                  0.000000    0.000000   clock network delay (ideal)
                                  0.250000    0.250000   clock uncertainty
                                  0.000000    0.250000   clock reconvergence pessimism
                                 -8.000000   -7.750000   output external delay
                                             -7.750000   data required time
---------------------------------------------------------------------------------------------
                                             -7.750000   data required time
                                            -10.980588   data arrival time
---------------------------------------------------------------------------------------------
                                             18.730589   slack (MET)


Startpoint: operand_b[47] (input port clocked by __VIRTUAL_CLK__)
Endpoint: result[48] (output port clocked by __VIRTUAL_CLK__)
Path Group: __VIRTUAL_CLK__
Path Type: min

Fanout         Cap        Slew       Delay        Time   Description
---------------------------------------------------------------------------------------------
                      0.000000    0.000000    0.000000   clock __VIRTUAL_CLK__ (rise edge)
                                  0.000000    0.000000   clock network delay (ideal)
                                  8.000000    8.000000 ^ input external delay
     1    0.004825    0.045997    0.025161    8.025161 ^ operand_b[47] (in)
                                                         operand_b[47] (net)
                      0.045997    0.000000    8.025161 ^ input111/A (sky130_fd_sc_hd__clkdlybuf4s25_1)
     3    0.014239    0.243965    0.550996    8.576157 ^ input111/X (sky130_fd_sc_hd__clkdlybuf4s25_1)
                                                         net111 (net)
                      0.243965    0.000553    8.576711 ^ _5409_/A (sky130_fd_sc_hd__nor2_2)
     1    0.002051    0.035802    0.119442    8.696153 v _5409_/Y (sky130_fd_sc_hd__nor2_2)
                                                         _1398_ (net)
                      0.035802    0.000055    8.696208 v _5410_/A2_N (sky130_fd_sc_hd__a2bb2o_2)
     3    0.014451    0.136909    0.455651    9.151858 ^ _5410_/X (sky130_fd_sc_hd__a2bb2o_2)
                                                         _1399_ (net)
                      0.136909    0.000466    9.152325 ^ _5411_/B1 (sky130_fd_sc_hd__a31o_2)
     4    0.022329    0.208206    0.306875    9.459199 ^ _5411_/X (sky130_fd_sc_hd__a31o_2)
                                                         _1400_ (net)
                      0.208206    0.000533    9.459732 ^ _5412_/B (sky130_fd_sc_hd__xor2_2)
     1    0.007771    0.190282    0.304595    9.764326 ^ _5412_/X (sky130_fd_sc_hd__xor2_2)
                                                         _1401_ (net)
                      0.190282    0.000300    9.764627 ^ _5453_/A2 (sky130_fd_sc_hd__a221o_2)
     2    0.015674    0.147057    0.413081   10.177708 ^ _5453_/X (sky130_fd_sc_hd__a221o_2)
                                                         net179 (net)
                      0.147058    0.000607   10.178314 ^ output179/A (sky130_fd_sc_hd__clkdlybuf4s25_1)
     1    0.035582    0.573698    0.817204   10.995519 ^ output179/X (sky130_fd_sc_hd__clkdlybuf4s25_1)
                                                         result[48] (net)
                      0.573698    0.000737   10.996256 ^ result[48] (out)
                                             10.996256   data arrival time

                      0.000000    0.000000    0.000000   clock __VIRTUAL_CLK__ (rise edge)
                                  0.000000    0.000000   clock network delay (ideal)
                                  0.250000    0.250000   clock uncertainty
                                  0.000000    0.250000   clock reconvergence pessimism
                                 -8.000000   -7.750000   output external delay
                                             -7.750000   data required time
---------------------------------------------------------------------------------------------
                                             -7.750000   data required time
                                            -10.996256   data arrival time
---------------------------------------------------------------------------------------------
                                             18.746256   slack (MET)


Startpoint: operand_b[58] (input port clocked by __VIRTUAL_CLK__)
Endpoint: result[59] (output port clocked by __VIRTUAL_CLK__)
Path Group: __VIRTUAL_CLK__
Path Type: min

Fanout         Cap        Slew       Delay        Time   Description
---------------------------------------------------------------------------------------------
                      0.000000    0.000000    0.000000   clock __VIRTUAL_CLK__ (rise edge)
                                  0.000000    0.000000   clock network delay (ideal)
                                  8.000000    8.000000 v input external delay
     1    0.004222    0.024022    0.013043    8.013042 v operand_b[58] (in)
                                                         operand_b[58] (net)
                      0.024031    0.000000    8.013042 v input123/A (sky130_fd_sc_hd__buf_1)
     4    0.038403    0.432999    0.404420    8.417463 v input123/X (sky130_fd_sc_hd__buf_1)
                                                         net123 (net)
                      0.433098    0.000929    8.418392 v max_cap625/A (sky130_fd_sc_hd__buf_2)
     6    0.065911    0.289464    0.585883    9.004276 v max_cap625/X (sky130_fd_sc_hd__buf_2)
                                                         net625 (net)
                      0.289475    0.001990    9.006266 v _5819_/B1 (sky130_fd_sc_hd__o21ai_2)
     2    0.008646    0.136050    0.199188    9.205454 ^ _5819_/Y (sky130_fd_sc_hd__o21ai_2)
                                                         _1838_ (net)
                      0.136050    0.000189    9.205643 ^ _5820_/B1 (sky130_fd_sc_hd__o21a_2)
     1    0.009240    0.102358    0.293650    9.499292 ^ _5820_/X (sky130_fd_sc_hd__o21a_2)
                                                         _1839_ (net)
                      0.102358    0.000266    9.499558 ^ _5821_/B (sky130_fd_sc_hd__xnor2_2)
     1    0.007373    0.096204    0.141659    9.641218 v _5821_/Y (sky130_fd_sc_hd__xnor2_2)
                                                         _1840_ (net)
                      0.096204    0.000271    9.641489 v _5827_/A2 (sky130_fd_sc_hd__o21a_2)
     1    0.006595    0.063485    0.370406   10.011895 v _5827_/X (sky130_fd_sc_hd__o21a_2)
                                                         _1846_ (net)
                      0.063485    0.000171   10.012065 v _5839_/B1 (sky130_fd_sc_hd__o211ai_2)
     2    0.013013    0.153251    0.149860   10.161925 ^ _5839_/Y (sky130_fd_sc_hd__o211ai_2)
                                                         net191 (net)
                      0.153302    0.000859   10.162784 ^ output191/A (sky130_fd_sc_hd__clkdlybuf4s25_1)
     1    0.037305    0.601166    0.837334   11.000117 ^ output191/X (sky130_fd_sc_hd__clkdlybuf4s25_1)
                                                         result[59] (net)
                      0.601166    0.001563   11.001680 ^ result[59] (out)
                                             11.001680   data arrival time

                      0.000000    0.000000    0.000000   clock __VIRTUAL_CLK__ (rise edge)
                                  0.000000    0.000000   clock network delay (ideal)
                                  0.250000    0.250000   clock uncertainty
                                  0.000000    0.250000   clock reconvergence pessimism
                                 -8.000000   -7.750000   output external delay
                                             -7.750000   data required time
---------------------------------------------------------------------------------------------
                                             -7.750000   data required time
                                            -11.001680   data arrival time
---------------------------------------------------------------------------------------------
                                             18.751682   slack (MET)


Startpoint: operand_b[41] (input port clocked by __VIRTUAL_CLK__)
Endpoint: result[42] (output port clocked by __VIRTUAL_CLK__)
Path Group: __VIRTUAL_CLK__
Path Type: min

Fanout         Cap        Slew       Delay        Time   Description
---------------------------------------------------------------------------------------------
                      0.000000    0.000000    0.000000   clock __VIRTUAL_CLK__ (rise edge)
                                  0.000000    0.000000   clock network delay (ideal)
                                  8.000000    8.000000 ^ input external delay
     1    0.006275    0.055816    0.032239    8.032239 ^ operand_b[41] (in)
                                                         operand_b[41] (net)
                      0.055816    0.000000    8.032239 ^ input105/A (sky130_fd_sc_hd__clkdlybuf4s25_1)
     4    0.031233    0.506267    0.732964    8.765203 ^ input105/X (sky130_fd_sc_hd__clkdlybuf4s25_1)
                                                         net105 (net)
                      0.506267    0.000987    8.766190 ^ _5158_/A (sky130_fd_sc_hd__nor2b_2)
     4    0.019381    0.131682    0.275028    9.041218 v _5158_/Y (sky130_fd_sc_hd__nor2b_2)
                                                         _1129_ (net)
                      0.131809    0.000449    9.041667 v _5201_/A1 (sky130_fd_sc_hd__o31ai_2)
     1    0.009952    0.135099    0.518933    9.560600 ^ _5201_/Y (sky130_fd_sc_hd__o31ai_2)
                                                         _1175_ (net)
                      0.135099    0.000235    9.560836 ^ _5202_/B (sky130_fd_sc_hd__xor2_2)
     4    0.021029    0.130994    0.233472    9.794308 v _5202_/X (sky130_fd_sc_hd__xor2_2)
                                                         _1176_ (net)
                      0.130996    0.000714    9.795022 v _5209_/A (sky130_fd_sc_hd__xor2_2)
     1    0.004936    0.143745    0.258417   10.053439 ^ _5209_/X (sky130_fd_sc_hd__xor2_2)
                                                         _1184_ (net)
                      0.143745    0.000092   10.053532 ^ _5232_/A2 (sky130_fd_sc_hd__o21ai_2)
     2    0.013041    0.123760    0.171064   10.224596 v _5232_/Y (sky130_fd_sc_hd__o21ai_2)
                                                         net173 (net)
                      0.123760    0.000545   10.225141 v output173/A (sky130_fd_sc_hd__clkdlybuf4s25_1)
     1    0.037396    0.503228    0.780769   11.005910 v output173/X (sky130_fd_sc_hd__clkdlybuf4s25_1)
                                                         result[42] (net)
                      0.503228    0.000715   11.006625 v result[42] (out)
                                             11.006625   data arrival time

                      0.000000    0.000000    0.000000   clock __VIRTUAL_CLK__ (rise edge)
                                  0.000000    0.000000   clock network delay (ideal)
                                  0.250000    0.250000   clock uncertainty
                                  0.000000    0.250000   clock reconvergence pessimism
                                 -8.000000   -7.750000   output external delay
                                             -7.750000   data required time
---------------------------------------------------------------------------------------------
                                             -7.750000   data required time
                                            -11.006625   data arrival time
---------------------------------------------------------------------------------------------
                                             18.756626   slack (MET)


Startpoint: operand_b[43] (input port clocked by __VIRTUAL_CLK__)
Endpoint: result[44] (output port clocked by __VIRTUAL_CLK__)
Path Group: __VIRTUAL_CLK__
Path Type: min

Fanout         Cap        Slew       Delay        Time   Description
---------------------------------------------------------------------------------------------
                      0.000000    0.000000    0.000000   clock __VIRTUAL_CLK__ (rise edge)
                                  0.000000    0.000000   clock network delay (ideal)
                                  8.000000    8.000000 ^ input external delay
     1    0.005128    0.048064    0.026692    8.026692 ^ operand_b[43] (in)
                                                         operand_b[43] (net)
                      0.048064    0.000000    8.026692 ^ input107/A (sky130_fd_sc_hd__clkdlybuf4s25_1)
     2    0.008544    0.157881    0.491326    8.518019 ^ input107/X (sky130_fd_sc_hd__clkdlybuf4s25_1)
                                                         net107 (net)
                      0.157881    0.000293    8.518312 ^ fanout672/A (sky130_fd_sc_hd__clkdlybuf4s25_1)
     5    0.013455    0.232088    0.589965    9.108276 ^ fanout672/X (sky130_fd_sc_hd__clkdlybuf4s25_1)
                                                         net672 (net)
                      0.232088    0.000386    9.108663 ^ _5270_/A2 (sky130_fd_sc_hd__a21o_2)
     2    0.013206    0.116684    0.344422    9.453085 ^ _5270_/X (sky130_fd_sc_hd__a21o_2)
                                                         _1249_ (net)
                      0.116685    0.000514    9.453599 ^ _5271_/B1 (sky130_fd_sc_hd__a21o_2)
     3    0.020807    0.170693    0.255877    9.709476 ^ _5271_/X (sky130_fd_sc_hd__a21o_2)
                                                         _1250_ (net)
                      0.170693    0.000537    9.710013 ^ _5272_/B (sky130_fd_sc_hd__xnor2_2)
     1    0.005724    0.077496    0.227287    9.937300 ^ _5272_/Y (sky130_fd_sc_hd__xnor2_2)
                                                         _1251_ (net)
                      0.077496    0.000213    9.937513 ^ _5304_/A2 (sky130_fd_sc_hd__a211o_2)
     2    0.011777    0.104171    0.290959   10.228473 ^ _5304_/X (sky130_fd_sc_hd__a211o_2)
                                                         net175 (net)
                      0.104173    0.000647   10.229119 ^ output175/A (sky130_fd_sc_hd__clkdlybuf4s25_1)
     1    0.037608    0.605149    0.820091   11.049210 ^ output175/X (sky130_fd_sc_hd__clkdlybuf4s25_1)
                                                         result[44] (net)
                      0.605149    0.000898   11.050108 ^ result[44] (out)
                                             11.050108   data arrival time

                      0.000000    0.000000    0.000000   clock __VIRTUAL_CLK__ (rise edge)
                                  0.000000    0.000000   clock network delay (ideal)
                                  0.250000    0.250000   clock uncertainty
                                  0.000000    0.250000   clock reconvergence pessimism
                                 -8.000000   -7.750000   output external delay
                                             -7.750000   data required time
---------------------------------------------------------------------------------------------
                                             -7.750000   data required time
                                            -11.050108   data arrival time
---------------------------------------------------------------------------------------------
                                             18.800108   slack (MET)


Startpoint: operand_b[15] (input port clocked by __VIRTUAL_CLK__)
Endpoint: result[16] (output port clocked by __VIRTUAL_CLK__)
Path Group: __VIRTUAL_CLK__
Path Type: min

Fanout         Cap        Slew       Delay        Time   Description
---------------------------------------------------------------------------------------------
                      0.000000    0.000000    0.000000   clock __VIRTUAL_CLK__ (rise edge)
                                  0.000000    0.000000   clock network delay (ideal)
                                  8.000000    8.000000 ^ input external delay
     1    0.005108    0.047927    0.026627    8.026627 ^ operand_b[15] (in)
                                                         operand_b[15] (net)
                      0.047928    0.000000    8.026627 ^ input76/A (sky130_fd_sc_hd__clkdlybuf4s25_1)
     3    0.017846    0.299549    0.589566    8.616193 ^ input76/X (sky130_fd_sc_hd__clkdlybuf4s25_1)
                                                         net76 (net)
                      0.299549    0.000745    8.616938 ^ _4072_/A2 (sky130_fd_sc_hd__o22a_2)
     2    0.011352    0.119122    0.382355    8.999293 ^ _4072_/X (sky130_fd_sc_hd__o22a_2)
                                                         _0054_ (net)
                      0.119122    0.000322    8.999615 ^ _4073_/B1 (sky130_fd_sc_hd__a21o_2)
     3    0.016331    0.139198    0.233895    9.233509 ^ _4073_/X (sky130_fd_sc_hd__a21o_2)
                                                         _0055_ (net)
                      0.139198    0.000480    9.233989 ^ _4074_/B1 (sky130_fd_sc_hd__a31o_2)
     4    0.022752    0.211822    0.309893    9.543882 ^ _4074_/X (sky130_fd_sc_hd__a31o_2)
                                                         _0056_ (net)
                      0.211824    0.000960    9.544843 ^ _4075_/B (sky130_fd_sc_hd__xnor2_2)
     1    0.010036    0.106654    0.267256    9.812099 ^ _4075_/Y (sky130_fd_sc_hd__xnor2_2)
                                                         _0057_ (net)
                      0.106654    0.000414    9.812512 ^ _4117_/A2 (sky130_fd_sc_hd__a221o_2)
     2    0.016366    0.152319    0.387598   10.200109 ^ _4117_/X (sky130_fd_sc_hd__a221o_2)
                                                         net144 (net)
                      0.152320    0.000666   10.200776 ^ output144/A (sky130_fd_sc_hd__clkdlybuf4s25_1)
     1    0.038433    0.618602    0.849084   11.049860 ^ output144/X (sky130_fd_sc_hd__clkdlybuf4s25_1)
                                                         result[16] (net)
                      0.618602    0.001188   11.051048 ^ result[16] (out)
                                             11.051048   data arrival time

                      0.000000    0.000000    0.000000   clock __VIRTUAL_CLK__ (rise edge)
                                  0.000000    0.000000   clock network delay (ideal)
                                  0.250000    0.250000   clock uncertainty
                                  0.000000    0.250000   clock reconvergence pessimism
                                 -8.000000   -7.750000   output external delay
                                             -7.750000   data required time
---------------------------------------------------------------------------------------------
                                             -7.750000   data required time
                                            -11.051048   data arrival time
---------------------------------------------------------------------------------------------
                                             18.801048   slack (MET)


Startpoint: operand_b[5] (input port clocked by __VIRTUAL_CLK__)
Endpoint: result[20] (output port clocked by __VIRTUAL_CLK__)
Path Group: __VIRTUAL_CLK__
Path Type: min

Fanout         Cap        Slew       Delay        Time   Description
---------------------------------------------------------------------------------------------
                      0.000000    0.000000    0.000000   clock __VIRTUAL_CLK__ (rise edge)
                                  0.000000    0.000000   clock network delay (ideal)
                                  8.000000    8.000000 v input external delay
     1    0.004038    0.023290    0.012485    8.012486 v operand_b[5] (in)
                                                         operand_b[5] (net)
                      0.023290    0.000000    8.012486 v input125/A (sky130_fd_sc_hd__clkdlybuf4s25_1)
     2    0.026329    0.363711    0.637333    8.649818 v input125/X (sky130_fd_sc_hd__clkdlybuf4s25_1)
                                                         net125 (net)
                      0.363711    0.000862    8.650681 v fanout622/A (sky130_fd_sc_hd__clkdlybuf4s25_1)
     4    0.023403    0.326425    0.743421    9.394102 v fanout622/X (sky130_fd_sc_hd__clkdlybuf4s25_1)
                                                         net622 (net)
                      0.326425    0.000859    9.394960 v _4295_/A1 (sky130_fd_sc_hd__o21ai_2)
     1    0.009839    0.115725    0.378487    9.773447 ^ _4295_/Y (sky130_fd_sc_hd__o21ai_2)
                                                         _0273_ (net)
                      0.115726    0.000522    9.773970 ^ _4296_/C1 (sky130_fd_sc_hd__a221o_2)
     1    0.003671    0.059581    0.194077    9.968046 ^ _4296_/X (sky130_fd_sc_hd__a221o_2)
                                                         _0274_ (net)
                      0.059581    0.000103    9.968149 ^ _4297_/B1 (sky130_fd_sc_hd__a21o_2)
     2    0.020384    0.167475    0.229462   10.197611 ^ _4297_/X (sky130_fd_sc_hd__a21o_2)
                                                         net149 (net)
                      0.167475    0.000291   10.197903 ^ output149/A (sky130_fd_sc_hd__clkdlybuf4s25_1)
     1    0.038411    0.618515    0.855102   11.053004 ^ output149/X (sky130_fd_sc_hd__clkdlybuf4s25_1)
                                                         result[20] (net)
                      0.618515    0.001486   11.054490 ^ result[20] (out)
                                             11.054490   data arrival time

                      0.000000    0.000000    0.000000   clock __VIRTUAL_CLK__ (rise edge)
                                  0.000000    0.000000   clock network delay (ideal)
                                  0.250000    0.250000   clock uncertainty
                                  0.000000    0.250000   clock reconvergence pessimism
                                 -8.000000   -7.750000   output external delay
                                             -7.750000   data required time
---------------------------------------------------------------------------------------------
                                             -7.750000   data required time
                                            -11.054490   data arrival time
---------------------------------------------------------------------------------------------
                                             18.804489   slack (MET)


Startpoint: operand_b[37] (input port clocked by __VIRTUAL_CLK__)
Endpoint: result[38] (output port clocked by __VIRTUAL_CLK__)
Path Group: __VIRTUAL_CLK__
Path Type: min

Fanout         Cap        Slew       Delay        Time   Description
---------------------------------------------------------------------------------------------
                      0.000000    0.000000    0.000000   clock __VIRTUAL_CLK__ (rise edge)
                                  0.000000    0.000000   clock network delay (ideal)
                                  8.000000    8.000000 v input external delay
     1    0.003626    0.021662    0.011251    8.011251 v operand_b[37] (in)
                                                         operand_b[37] (net)
                      0.021662    0.000000    8.011251 v input100/A (sky130_fd_sc_hd__clkdlybuf4s25_1)
     3    0.021285    0.299720    0.591250    8.602501 v input100/X (sky130_fd_sc_hd__clkdlybuf4s25_1)
                                                         net100 (net)
                      0.299720    0.000631    8.603132 v _5031_/B_N (sky130_fd_sc_hd__nor2b_2)
     6    0.022521    0.136694    0.478177    9.081308 v _5031_/Y (sky130_fd_sc_hd__nor2b_2)
                                                         _0992_ (net)
                      0.136695    0.000541    9.081849 v _5034_/S (sky130_fd_sc_hd__mux2_2)
     1    0.003585    0.072260    0.435604    9.517453 ^ _5034_/X (sky130_fd_sc_hd__mux2_2)
                                                         _0995_ (net)
                      0.072260    0.000102    9.517555 ^ _5035_/C1 (sky130_fd_sc_hd__a211o_2)
     4    0.029259    0.225354    0.287868    9.805424 ^ _5035_/X (sky130_fd_sc_hd__a211o_2)
                                                         _0996_ (net)
                      0.225370    0.001936    9.807360 ^ _5037_/A (sky130_fd_sc_hd__xnor2_2)
     1    0.006157    0.079935    0.257672   10.065032 ^ _5037_/Y (sky130_fd_sc_hd__xnor2_2)
                                                         _0999_ (net)
                      0.079935    0.000194   10.065226 ^ _5064_/A2 (sky130_fd_sc_hd__o21ai_2)
     2    0.020067    0.177207    0.186809   10.252034 v _5064_/Y (sky130_fd_sc_hd__o21ai_2)
                                                         net168 (net)
                      0.177216    0.001003   10.253036 v output168/A (sky130_fd_sc_hd__clkdlybuf4s25_1)
     1    0.037400    0.503343    0.803620   11.056657 v output168/X (sky130_fd_sc_hd__clkdlybuf4s25_1)
                                                         result[38] (net)
                      0.503343    0.001354   11.058011 v result[38] (out)
                                             11.058011   data arrival time

                      0.000000    0.000000    0.000000   clock __VIRTUAL_CLK__ (rise edge)
                                  0.000000    0.000000   clock network delay (ideal)
                                  0.250000    0.250000   clock uncertainty
                                  0.000000    0.250000   clock reconvergence pessimism
                                 -8.000000   -7.750000   output external delay
                                             -7.750000   data required time
---------------------------------------------------------------------------------------------
                                             -7.750000   data required time
                                            -11.058011   data arrival time
---------------------------------------------------------------------------------------------
                                             18.808010   slack (MET)


Startpoint: operand_a[1] (input port clocked by __VIRTUAL_CLK__)
Endpoint: result[4] (output port clocked by __VIRTUAL_CLK__)
Path Group: __VIRTUAL_CLK__
Path Type: min

Fanout         Cap        Slew       Delay        Time   Description
---------------------------------------------------------------------------------------------
                      0.000000    0.000000    0.000000   clock __VIRTUAL_CLK__ (rise edge)
                                  0.000000    0.000000   clock network delay (ideal)
                                  8.000000    8.000000 ^ input external delay
     1    0.007812    0.066222    0.039571    8.039571 ^ operand_a[1] (in)
                                                         operand_a[1] (net)
                      0.066224    0.000000    8.039571 ^ input17/A (sky130_fd_sc_hd__clkdlybuf4s25_1)
     4    0.022670    0.374030    0.647503    8.687074 ^ input17/X (sky130_fd_sc_hd__clkdlybuf4s25_1)
                                                         net17 (net)
                      0.374030    0.000884    8.687957 ^ _3465_/A2 (sky130_fd_sc_hd__a31o_2)
     2    0.012460    0.146429    0.469274    9.157231 ^ _3465_/X (sky130_fd_sc_hd__a31o_2)
                                                         _2677_ (net)
                      0.146429    0.000425    9.157657 ^ _3466_/B2 (sky130_fd_sc_hd__o22a_2)
     4    0.021542    0.193392    0.368198    9.525855 ^ _3466_/X (sky130_fd_sc_hd__o22a_2)
                                                         _2678_ (net)
                      0.193392    0.000388    9.526243 ^ _3497_/A1 (sky130_fd_sc_hd__o21a_2)
     1    0.009952    0.110051    0.330918    9.857161 ^ _3497_/X (sky130_fd_sc_hd__o21a_2)
                                                         _2708_ (net)
                      0.110051    0.000310    9.857471 ^ _3498_/B (sky130_fd_sc_hd__xnor2_2)
     1    0.006290    0.080830    0.207395   10.064866 ^ _3498_/Y (sky130_fd_sc_hd__xnor2_2)
                                                         _2709_ (net)
                      0.080830    0.000199   10.065064 ^ _3545_/A2 (sky130_fd_sc_hd__o211ai_2)
     2    0.010434    0.173150    0.211086   10.276151 v _3545_/Y (sky130_fd_sc_hd__o211ai_2)
                                                         net181 (net)
                      0.173150    0.000356   10.276507 v output181/A (sky130_fd_sc_hd__clkdlybuf4s25_1)
     1    0.036393    0.490771    0.793028   11.069535 v output181/X (sky130_fd_sc_hd__clkdlybuf4s25_1)
                                                         result[4] (net)
                      0.490771    0.000959   11.070494 v result[4] (out)
                                             11.070494   data arrival time

                      0.000000    0.000000    0.000000   clock __VIRTUAL_CLK__ (rise edge)
                                  0.000000    0.000000   clock network delay (ideal)
                                  0.250000    0.250000   clock uncertainty
                                  0.000000    0.250000   clock reconvergence pessimism
                                 -8.000000   -7.750000   output external delay
                                             -7.750000   data required time
---------------------------------------------------------------------------------------------
                                             -7.750000   data required time
                                            -11.070494   data arrival time
---------------------------------------------------------------------------------------------
                                             18.820494   slack (MET)


Startpoint: operand_b[53] (input port clocked by __VIRTUAL_CLK__)
Endpoint: result[53] (output port clocked by __VIRTUAL_CLK__)
Path Group: __VIRTUAL_CLK__
Path Type: min

Fanout         Cap        Slew       Delay        Time   Description
---------------------------------------------------------------------------------------------
                      0.000000    0.000000    0.000000   clock __VIRTUAL_CLK__ (rise edge)
                                  0.000000    0.000000   clock network delay (ideal)
                                  8.000000    8.000000 ^ input external delay
     1    0.004667    0.044916    0.024383    8.024384 ^ operand_b[53] (in)
                                                         operand_b[53] (net)
                      0.044916    0.000000    8.024384 ^ input118/A (sky130_fd_sc_hd__clkdlybuf4s25_1)
     6    0.036784    0.592071    0.786595    8.810978 ^ input118/X (sky130_fd_sc_hd__clkdlybuf4s25_1)
                                                         net118 (net)
                      0.592071    0.001332    8.812310 ^ _5612_/A1 (sky130_fd_sc_hd__a221o_2)
     1    0.005778    0.074335    0.506379    9.318689 ^ _5612_/X (sky130_fd_sc_hd__a221o_2)
                                                         _1616_ (net)
                      0.074335    0.000161    9.318850 ^ _5621_/A2 (sky130_fd_sc_hd__a221o_2)
     1    0.003041    0.059369    0.279442    9.598292 ^ _5621_/X (sky130_fd_sc_hd__a221o_2)
                                                         _1626_ (net)
                      0.059369    0.000083    9.598375 ^ _5622_/C1 (sky130_fd_sc_hd__a211o_2)
     1    0.003307    0.048236    0.148125    9.746501 ^ _5622_/X (sky130_fd_sc_hd__a211o_2)
                                                         _1627_ (net)
                      0.048236    0.000105    9.746606 ^ _5629_/A (sky130_fd_sc_hd__or3b_2)
     1    0.002715    0.050400    0.163167    9.909773 ^ _5629_/X (sky130_fd_sc_hd__or3b_2)
                                                         _1635_ (net)
                      0.050400    0.000053    9.909826 ^ _5630_/A (sky130_fd_sc_hd__buf_1)
     2    0.016920    0.327306    0.308768   10.218595 ^ _5630_/X (sky130_fd_sc_hd__buf_1)
                                                         net185 (net)
                      0.327308    0.000732   10.219326 ^ output185/A (sky130_fd_sc_hd__clkdlybuf4s25_1)
     1    0.036035    0.581067    0.889392   11.108718 ^ output185/X (sky130_fd_sc_hd__clkdlybuf4s25_1)
                                                         result[53] (net)
                      0.581067    0.001043   11.109760 ^ result[53] (out)
                                             11.109760   data arrival time

                      0.000000    0.000000    0.000000   clock __VIRTUAL_CLK__ (rise edge)
                                  0.000000    0.000000   clock network delay (ideal)
                                  0.250000    0.250000   clock uncertainty
                                  0.000000    0.250000   clock reconvergence pessimism
                                 -8.000000   -7.750000   output external delay
                                             -7.750000   data required time
---------------------------------------------------------------------------------------------
                                             -7.750000   data required time
                                            -11.109760   data arrival time
---------------------------------------------------------------------------------------------
                                             18.859760   slack (MET)


Startpoint: operand_a[1] (input port clocked by __VIRTUAL_CLK__)
Endpoint: result[3] (output port clocked by __VIRTUAL_CLK__)
Path Group: __VIRTUAL_CLK__
Path Type: min

Fanout         Cap        Slew       Delay        Time   Description
---------------------------------------------------------------------------------------------
                      0.000000    0.000000    0.000000   clock __VIRTUAL_CLK__ (rise edge)
                                  0.000000    0.000000   clock network delay (ideal)
                                  8.000000    8.000000 ^ input external delay
     1    0.007812    0.066222    0.039571    8.039571 ^ operand_a[1] (in)
                                                         operand_a[1] (net)
                      0.066224    0.000000    8.039571 ^ input17/A (sky130_fd_sc_hd__clkdlybuf4s25_1)
     4    0.022670    0.374030    0.647503    8.687074 ^ input17/X (sky130_fd_sc_hd__clkdlybuf4s25_1)
                                                         net17 (net)
                      0.374030    0.000884    8.687957 ^ _3465_/A2 (sky130_fd_sc_hd__a31o_2)
     2    0.012460    0.146429    0.469274    9.157231 ^ _3465_/X (sky130_fd_sc_hd__a31o_2)
                                                         _2677_ (net)
                      0.146429    0.000425    9.157657 ^ _3466_/B2 (sky130_fd_sc_hd__o22a_2)
     4    0.021542    0.193392    0.368198    9.525855 ^ _3466_/X (sky130_fd_sc_hd__o22a_2)
                                                         _2678_ (net)
                      0.193392    0.000484    9.526340 ^ _3467_/B (sky130_fd_sc_hd__xnor2_2)
     1    0.005536    0.084561    0.158957    9.685296 v _3467_/Y (sky130_fd_sc_hd__xnor2_2)
                                                         _2679_ (net)
                      0.084561    0.000163    9.685460 v _3491_/A2 (sky130_fd_sc_hd__o2111a_2)
     2    0.007646    0.072115    0.462836   10.148295 v _3491_/X (sky130_fd_sc_hd__o2111a_2)
                                                         _2703_ (net)
                      0.072115    0.000210   10.148505 v _3492_/C (sky130_fd_sc_hd__nand3b_2)
     1    0.006723    0.090898    0.134199   10.282704 ^ _3492_/Y (sky130_fd_sc_hd__nand3b_2)
                                                         net170 (net)
                      0.090899    0.000274   10.282978 ^ output170/A (sky130_fd_sc_hd__clkdlybuf4s25_1)
     1    0.039362    0.632516    0.832067   11.115046 ^ output170/X (sky130_fd_sc_hd__clkdlybuf4s25_1)
                                                         result[3] (net)
                      0.632516    0.002021   11.117065 ^ result[3] (out)
                                             11.117065   data arrival time

                      0.000000    0.000000    0.000000   clock __VIRTUAL_CLK__ (rise edge)
                                  0.000000    0.000000   clock network delay (ideal)
                                  0.250000    0.250000   clock uncertainty
                                  0.000000    0.250000   clock reconvergence pessimism
                                 -8.000000   -7.750000   output external delay
                                             -7.750000   data required time
---------------------------------------------------------------------------------------------
                                             -7.750000   data required time
                                            -11.117065   data arrival time
---------------------------------------------------------------------------------------------
                                             18.867067   slack (MET)


Startpoint: operand_b[35] (input port clocked by __VIRTUAL_CLK__)
Endpoint: result[35] (output port clocked by __VIRTUAL_CLK__)
Path Group: __VIRTUAL_CLK__
Path Type: min

Fanout         Cap        Slew       Delay        Time   Description
---------------------------------------------------------------------------------------------
                      0.000000    0.000000    0.000000   clock __VIRTUAL_CLK__ (rise edge)
                                  0.000000    0.000000   clock network delay (ideal)
                                  8.000000    8.000000 v input external delay
     1    0.005421    0.028782    0.016644    8.016644 v operand_b[35] (in)
                                                         operand_b[35] (net)
                      0.028783    0.000000    8.016644 v input98/A (sky130_fd_sc_hd__clkdlybuf4s25_1)
     9    0.035076    0.474675    0.718657    8.735302 v input98/X (sky130_fd_sc_hd__clkdlybuf4s25_1)
                                                         net98 (net)
                      0.474675    0.000695    8.735996 v _4894_/A_N (sky130_fd_sc_hd__and2b_2)
     3    0.013642    0.139113    0.639007    9.375003 ^ _4894_/X (sky130_fd_sc_hd__and2b_2)
                                                         _0857_ (net)
                      0.139113    0.000377    9.375381 ^ _4896_/A (sky130_fd_sc_hd__nor2_2)
     6    0.024987    0.121572    0.157142    9.532522 v _4896_/Y (sky130_fd_sc_hd__nor2_2)
                                                         _0859_ (net)
                      0.121638    0.001243    9.533766 v _4902_/A1 (sky130_fd_sc_hd__o21ai_2)
     1    0.017076    0.180599    0.387841    9.921607 ^ _4902_/Y (sky130_fd_sc_hd__o21ai_2)
                                                         _0865_ (net)
                      0.180599    0.000555    9.922162 ^ _4952_/A2 (sky130_fd_sc_hd__a221o_2)
     2    0.013096    0.127803    0.392297   10.314459 ^ _4952_/X (sky130_fd_sc_hd__a221o_2)
                                                         net165 (net)
                      0.127803    0.000457   10.314917 ^ output165/A (sky130_fd_sc_hd__clkdlybuf4s25_1)
     1    0.037548    0.604587    0.829199   11.144115 ^ output165/X (sky130_fd_sc_hd__clkdlybuf4s25_1)
                                                         result[35] (net)
                      0.604587    0.001322   11.145438 ^ result[35] (out)
                                             11.145438   data arrival time

                      0.000000    0.000000    0.000000   clock __VIRTUAL_CLK__ (rise edge)
                                  0.000000    0.000000   clock network delay (ideal)
                                  0.250000    0.250000   clock uncertainty
                                  0.000000    0.250000   clock reconvergence pessimism
                                 -8.000000   -7.750000   output external delay
                                             -7.750000   data required time
---------------------------------------------------------------------------------------------
                                             -7.750000   data required time
                                            -11.145438   data arrival time
---------------------------------------------------------------------------------------------
                                             18.895439   slack (MET)


Startpoint: operand_b[42] (input port clocked by __VIRTUAL_CLK__)
Endpoint: result[43] (output port clocked by __VIRTUAL_CLK__)
Path Group: __VIRTUAL_CLK__
Path Type: min

Fanout         Cap        Slew       Delay        Time   Description
---------------------------------------------------------------------------------------------
                      0.000000    0.000000    0.000000   clock __VIRTUAL_CLK__ (rise edge)
                                  0.000000    0.000000   clock network delay (ideal)
                                  8.000000    8.000000 v input external delay
     1    0.005649    0.029679    0.017311    8.017311 v operand_b[42] (in)
                                                         operand_b[42] (net)
                      0.029680    0.000000    8.017311 v input106/A (sky130_fd_sc_hd__clkdlybuf4s25_1)
     1    0.007337    0.128111    0.463539    8.480851 v input106/X (sky130_fd_sc_hd__clkdlybuf4s25_1)
                                                         net106 (net)
                      0.128111    0.000279    8.481130 v fanout674/A (sky130_fd_sc_hd__clkdlybuf4s25_1)
     9    0.037548    0.505683    0.782749    9.263879 v fanout674/X (sky130_fd_sc_hd__clkdlybuf4s25_1)
                                                         net674 (net)
                      0.505696    0.002950    9.266829 v _5235_/A1 (sky130_fd_sc_hd__o21a_2)
     1    0.009044    0.074103    0.559229    9.826057 v _5235_/X (sky130_fd_sc_hd__o21a_2)
                                                         _1211_ (net)
                      0.074103    0.000271    9.826328 v _5236_/B (sky130_fd_sc_hd__xnor2_2)
     1    0.004425    0.068548    0.190608   10.016936 ^ _5236_/Y (sky130_fd_sc_hd__xnor2_2)
                                                         _1213_ (net)
                      0.068548    0.000136   10.017072 ^ _5265_/A2 (sky130_fd_sc_hd__a211o_2)
     2    0.015511    0.129871    0.308967   10.326039 ^ _5265_/X (sky130_fd_sc_hd__a211o_2)
                                                         net174 (net)
                      0.129873    0.000650   10.326689 ^ output174/A (sky130_fd_sc_hd__clkdlybuf4s25_1)
     1    0.036514    0.588210    0.819457   11.146146 ^ output174/X (sky130_fd_sc_hd__clkdlybuf4s25_1)
                                                         result[43] (net)
                      0.588210    0.001007   11.147153 ^ result[43] (out)
                                             11.147153   data arrival time

                      0.000000    0.000000    0.000000   clock __VIRTUAL_CLK__ (rise edge)
                                  0.000000    0.000000   clock network delay (ideal)
                                  0.250000    0.250000   clock uncertainty
                                  0.000000    0.250000   clock reconvergence pessimism
                                 -8.000000   -7.750000   output external delay
                                             -7.750000   data required time
---------------------------------------------------------------------------------------------
                                             -7.750000   data required time
                                            -11.147153   data arrival time
---------------------------------------------------------------------------------------------
                                             18.897152   slack (MET)


Startpoint: operand_b[5] (input port clocked by __VIRTUAL_CLK__)
Endpoint: result[26] (output port clocked by __VIRTUAL_CLK__)
Path Group: __VIRTUAL_CLK__
Path Type: min

Fanout         Cap        Slew       Delay        Time   Description
---------------------------------------------------------------------------------------------
                      0.000000    0.000000    0.000000   clock __VIRTUAL_CLK__ (rise edge)
                                  0.000000    0.000000   clock network delay (ideal)
                                  8.000000    8.000000 v input external delay
     1    0.004038    0.023290    0.012485    8.012486 v operand_b[5] (in)
                                                         operand_b[5] (net)
                      0.023290    0.000000    8.012486 v input125/A (sky130_fd_sc_hd__clkdlybuf4s25_1)
     2    0.026329    0.363711    0.637333    8.649818 v input125/X (sky130_fd_sc_hd__clkdlybuf4s25_1)
                                                         net125 (net)
                      0.363712    0.001226    8.651044 v fanout617/A (sky130_fd_sc_hd__clkdlybuf4s25_1)
     3    0.016565    0.239935    0.681657    9.332701 v fanout617/X (sky130_fd_sc_hd__clkdlybuf4s25_1)
                                                         net617 (net)
                      0.239935    0.000692    9.333393 v _4568_/A1 (sky130_fd_sc_hd__o221a_2)
     1    0.006028    0.067737    0.587263    9.920655 v _4568_/X (sky130_fd_sc_hd__o221a_2)
                                                         _0540_ (net)
                      0.067737    0.000195    9.920851 v _4569_/B1 (sky130_fd_sc_hd__o21ai_2)
     1    0.003581    0.063531    0.078956    9.999806 ^ _4569_/Y (sky130_fd_sc_hd__o21ai_2)
                                                         _0541_ (net)
                      0.063531    0.000106    9.999912 ^ _4570_/B1 (sky130_fd_sc_hd__a21o_2)
     2    0.007477    0.076023    0.163559   10.163471 ^ _4570_/X (sky130_fd_sc_hd__a21o_2)
                                                         _0542_ (net)
                      0.076023    0.000172   10.163644 ^ _4571_/B1 (sky130_fd_sc_hd__a21o_2)
     1    0.008372    0.082282    0.173676   10.337319 ^ _4571_/X (sky130_fd_sc_hd__a21o_2)
                                                         net155 (net)
                      0.082282    0.000330   10.337650 ^ output155/A (sky130_fd_sc_hd__clkdlybuf4s25_1)
     1    0.037482    0.603045    0.809136   11.146786 ^ output155/X (sky130_fd_sc_hd__clkdlybuf4s25_1)
                                                         result[26] (net)
                      0.603045    0.001293   11.148079 ^ result[26] (out)
                                             11.148079   data arrival time

                      0.000000    0.000000    0.000000   clock __VIRTUAL_CLK__ (rise edge)
                                  0.000000    0.000000   clock network delay (ideal)
                                  0.250000    0.250000   clock uncertainty
                                  0.000000    0.250000   clock reconvergence pessimism
                                 -8.000000   -7.750000   output external delay
                                             -7.750000   data required time
---------------------------------------------------------------------------------------------
                                             -7.750000   data required time
                                            -11.148079   data arrival time
---------------------------------------------------------------------------------------------
                                             18.898079   slack (MET)


Startpoint: operand_a[1] (input port clocked by __VIRTUAL_CLK__)
Endpoint: result[7] (output port clocked by __VIRTUAL_CLK__)
Path Group: __VIRTUAL_CLK__
Path Type: min

Fanout         Cap        Slew       Delay        Time   Description
---------------------------------------------------------------------------------------------
                      0.000000    0.000000    0.000000   clock __VIRTUAL_CLK__ (rise edge)
                                  0.000000    0.000000   clock network delay (ideal)
                                  8.000000    8.000000 ^ input external delay
     1    0.007812    0.066222    0.039571    8.039571 ^ operand_a[1] (in)
                                                         operand_a[1] (net)
                      0.066224    0.000000    8.039571 ^ input17/A (sky130_fd_sc_hd__clkdlybuf4s25_1)
     4    0.022670    0.374030    0.647503    8.687074 ^ input17/X (sky130_fd_sc_hd__clkdlybuf4s25_1)
                                                         net17 (net)
                      0.374030    0.000884    8.687957 ^ _3465_/A2 (sky130_fd_sc_hd__a31o_2)
     2    0.012460    0.146429    0.469274    9.157231 ^ _3465_/X (sky130_fd_sc_hd__a31o_2)
                                                         _2677_ (net)
                      0.146429    0.000349    9.157580 ^ _3666_/B (sky130_fd_sc_hd__or3_2)
     2    0.014711    0.132422    0.273408    9.430988 ^ _3666_/X (sky130_fd_sc_hd__or3_2)
                                                         _2874_ (net)
                      0.132422    0.000522    9.431511 ^ _3675_/A1 (sky130_fd_sc_hd__a31o_2)
     1    0.016697    0.162688    0.401498    9.833009 ^ _3675_/X (sky130_fd_sc_hd__a31o_2)
                                                         _2883_ (net)
                      0.162689    0.000746    9.833755 ^ _3676_/B (sky130_fd_sc_hd__xor2_2)
     1    0.007928    0.192978    0.290733   10.124487 ^ _3676_/X (sky130_fd_sc_hd__xor2_2)
                                                         _2884_ (net)
                      0.192978    0.000292   10.124780 ^ _3721_/A2 (sky130_fd_sc_hd__a221oi_2)
     2    0.012624    0.079355    0.220442   10.345222 v _3721_/Y (sky130_fd_sc_hd__a221oi_2)
                                                         _2929_ (net)
                      0.079355    0.000325   10.345547 v _3722_/A (sky130_fd_sc_hd__inv_2)
     1    0.003227    0.038835    0.069302   10.414849 ^ _3722_/Y (sky130_fd_sc_hd__inv_2)
                                                         net198 (net)
                      0.038835    0.000093   10.414942 ^ output198/A (sky130_fd_sc_hd__clkdlybuf4s25_1)
     1    0.035331    0.569487    0.769224   11.184166 ^ output198/X (sky130_fd_sc_hd__clkdlybuf4s25_1)
                                                         result[7] (net)
                      0.569487    0.000679   11.184844 ^ result[7] (out)
                                             11.184844   data arrival time

                      0.000000    0.000000    0.000000   clock __VIRTUAL_CLK__ (rise edge)
                                  0.000000    0.000000   clock network delay (ideal)
                                  0.250000    0.250000   clock uncertainty
                                  0.000000    0.250000   clock reconvergence pessimism
                                 -8.000000   -7.750000   output external delay
                                             -7.750000   data required time
---------------------------------------------------------------------------------------------
                                             -7.750000   data required time
                                            -11.184844   data arrival time
---------------------------------------------------------------------------------------------
                                             18.934845   slack (MET)


Startpoint: operand_b[55] (input port clocked by __VIRTUAL_CLK__)
Endpoint: result[58] (output port clocked by __VIRTUAL_CLK__)
Path Group: __VIRTUAL_CLK__
Path Type: min

Fanout         Cap        Slew       Delay        Time   Description
---------------------------------------------------------------------------------------------
                      0.000000    0.000000    0.000000   clock __VIRTUAL_CLK__ (rise edge)
                                  0.000000    0.000000   clock network delay (ideal)
                                  8.000000    8.000000 ^ input external delay
     1    0.008041    0.067776    0.040652    8.040652 ^ operand_b[55] (in)
                                                         operand_b[55] (net)
                      0.067778    0.000000    8.040652 ^ input120/A (sky130_fd_sc_hd__clkdlybuf4s25_1)
     3    0.015266    0.259874    0.570561    8.611213 ^ input120/X (sky130_fd_sc_hd__clkdlybuf4s25_1)
                                                         net120 (net)
                      0.259874    0.000650    8.611862 ^ _5709_/C1 (sky130_fd_sc_hd__a211o_2)
     6    0.026696    0.207040    0.355806    8.967669 ^ _5709_/X (sky130_fd_sc_hd__a211o_2)
                                                         _1720_ (net)
                      0.207040    0.000501    8.968169 ^ _5722_/A1 (sky130_fd_sc_hd__a21o_2)
     2    0.007554    0.077130    0.295787    9.263957 ^ _5722_/X (sky130_fd_sc_hd__a21o_2)
                                                         _1734_ (net)
                      0.077130    0.000141    9.264098 ^ _5761_/A1 (sky130_fd_sc_hd__a21oi_2)
     4    0.014664    0.082302    0.152844    9.416943 v _5761_/Y (sky130_fd_sc_hd__a21oi_2)
                                                         _1776_ (net)
                      0.082303    0.000424    9.417366 v _5788_/A2 (sky130_fd_sc_hd__a31oi_2)
     1    0.002851    0.121069    0.238026    9.655392 ^ _5788_/Y (sky130_fd_sc_hd__a31oi_2)
                                                         _1805_ (net)
                      0.121069    0.000109    9.655500 ^ _5790_/A (sky130_fd_sc_hd__or2_2)
     1    0.004581    0.060919    0.199498    9.854999 ^ _5790_/X (sky130_fd_sc_hd__or2_2)
                                                         _1807_ (net)
                      0.060919    0.000146    9.855145 ^ _5807_/A2 (sky130_fd_sc_hd__a21bo_2)
     1    0.002457    0.050293    0.222014   10.077158 ^ _5807_/X (sky130_fd_sc_hd__a21bo_2)
                                                         _1826_ (net)
                      0.050293    0.000045   10.077204 ^ _5808_/A (sky130_fd_sc_hd__buf_1)
     2    0.012894    0.253782    0.259175   10.336378 ^ _5808_/X (sky130_fd_sc_hd__buf_1)
                                                         net190 (net)
                      0.253783    0.000500   10.336879 ^ output190/A (sky130_fd_sc_hd__clkdlybuf4s25_1)
     1    0.036300    0.585253    0.867318   11.204196 ^ output190/X (sky130_fd_sc_hd__clkdlybuf4s25_1)
                                                         result[58] (net)
                      0.585253    0.001041   11.205237 ^ result[58] (out)
                                             11.205237   data arrival time

                      0.000000    0.000000    0.000000   clock __VIRTUAL_CLK__ (rise edge)
                                  0.000000    0.000000   clock network delay (ideal)
                                  0.250000    0.250000   clock uncertainty
                                  0.000000    0.250000   clock reconvergence pessimism
                                 -8.000000   -7.750000   output external delay
                                             -7.750000   data required time
---------------------------------------------------------------------------------------------
                                             -7.750000   data required time
                                            -11.205237   data arrival time
---------------------------------------------------------------------------------------------
                                             18.955238   slack (MET)


Startpoint: operand_b[47] (input port clocked by __VIRTUAL_CLK__)
Endpoint: result[49] (output port clocked by __VIRTUAL_CLK__)
Path Group: __VIRTUAL_CLK__
Path Type: min

Fanout         Cap        Slew       Delay        Time   Description
---------------------------------------------------------------------------------------------
                      0.000000    0.000000    0.000000   clock __VIRTUAL_CLK__ (rise edge)
                                  0.000000    0.000000   clock network delay (ideal)
                                  8.000000    8.000000 ^ input external delay
     1    0.004825    0.045997    0.025161    8.025161 ^ operand_b[47] (in)
                                                         operand_b[47] (net)
                      0.045997    0.000000    8.025161 ^ input111/A (sky130_fd_sc_hd__clkdlybuf4s25_1)
     3    0.014239    0.243965    0.550996    8.576157 ^ input111/X (sky130_fd_sc_hd__clkdlybuf4s25_1)
                                                         net111 (net)
                      0.243965    0.000553    8.576711 ^ _5409_/A (sky130_fd_sc_hd__nor2_2)
     1    0.002051    0.035802    0.119442    8.696153 v _5409_/Y (sky130_fd_sc_hd__nor2_2)
                                                         _1398_ (net)
                      0.035802    0.000055    8.696208 v _5410_/A2_N (sky130_fd_sc_hd__a2bb2o_2)
     3    0.014451    0.136909    0.455651    9.151858 ^ _5410_/X (sky130_fd_sc_hd__a2bb2o_2)
                                                         _1399_ (net)
                      0.136909    0.000466    9.152325 ^ _5411_/B1 (sky130_fd_sc_hd__a31o_2)
     4    0.022329    0.208206    0.306875    9.459199 ^ _5411_/X (sky130_fd_sc_hd__a31o_2)
                                                         _1400_ (net)
                      0.208206    0.000304    9.459503 ^ _5472_/A2 (sky130_fd_sc_hd__o21a_2)
     1    0.008822    0.098131    0.296944    9.756447 ^ _5472_/X (sky130_fd_sc_hd__o21a_2)
                                                         _1466_ (net)
                      0.098131    0.000243    9.756690 ^ _5473_/B (sky130_fd_sc_hd__xnor2_2)
     1    0.011377    0.129653    0.166314    9.923004 v _5473_/Y (sky130_fd_sc_hd__xnor2_2)
                                                         _1467_ (net)
                      0.129653    0.000481    9.923486 v _5488_/A2 (sky130_fd_sc_hd__o21ai_2)
     1    0.003820    0.073069    0.195612   10.119097 ^ _5488_/Y (sky130_fd_sc_hd__o21ai_2)
                                                         _1484_ (net)
                      0.073070    0.000122   10.119219 ^ _5489_/C1 (sky130_fd_sc_hd__a221o_2)
     2    0.017676    0.159889    0.261263   10.380482 ^ _5489_/X (sky130_fd_sc_hd__a221o_2)
                                                         net180 (net)
                      0.159889    0.000642   10.381124 ^ output180/A (sky130_fd_sc_hd__clkdlybuf4s25_1)
     1    0.037915    0.610656    0.846800   11.227923 ^ output180/X (sky130_fd_sc_hd__clkdlybuf4s25_1)
                                                         result[49] (net)
                      0.610656    0.001264   11.229188 ^ result[49] (out)
                                             11.229188   data arrival time

                      0.000000    0.000000    0.000000   clock __VIRTUAL_CLK__ (rise edge)
                                  0.000000    0.000000   clock network delay (ideal)
                                  0.250000    0.250000   clock uncertainty
                                  0.000000    0.250000   clock reconvergence pessimism
                                 -8.000000   -7.750000   output external delay
                                             -7.750000   data required time
---------------------------------------------------------------------------------------------
                                             -7.750000   data required time
                                            -11.229188   data arrival time
---------------------------------------------------------------------------------------------
                                             18.979187   slack (MET)


Startpoint: operand_b[6] (input port clocked by __VIRTUAL_CLK__)
Endpoint: result[10] (output port clocked by __VIRTUAL_CLK__)
Path Group: __VIRTUAL_CLK__
Path Type: min

Fanout         Cap        Slew       Delay        Time   Description
---------------------------------------------------------------------------------------------
                      0.000000    0.000000    0.000000   clock __VIRTUAL_CLK__ (rise edge)
                                  0.000000    0.000000   clock network delay (ideal)
                                  8.000000    8.000000 v input external delay
     1    0.004894    0.026699    0.015048    8.015047 v operand_b[6] (in)
                                                         operand_b[6] (net)
                      0.026700    0.000000    8.015047 v input130/A (sky130_fd_sc_hd__clkdlybuf4s25_1)
     4    0.021921    0.307632    0.599076    8.614124 v input130/X (sky130_fd_sc_hd__clkdlybuf4s25_1)
                                                         net130 (net)
                      0.307632    0.000555    8.614679 v _3678_/B1 (sky130_fd_sc_hd__a21oi_2)
     2    0.009311    0.225020    0.320669    8.935348 ^ _3678_/Y (sky130_fd_sc_hd__a21oi_2)
                                                         _2886_ (net)
                      0.225020    0.000295    8.935642 ^ _3818_/B (sky130_fd_sc_hd__or3_2)
     1    0.016263    0.143631    0.317039    9.252682 ^ _3818_/X (sky130_fd_sc_hd__or3_2)
                                                         _3023_ (net)
                      0.143631    0.000642    9.253324 ^ _3819_/B2 (sky130_fd_sc_hd__o22a_2)
     2    0.011907    0.123124    0.310336    9.563660 ^ _3819_/X (sky130_fd_sc_hd__o22a_2)
                                                         _3024_ (net)
                      0.123124    0.000452    9.564112 ^ _3820_/B (sky130_fd_sc_hd__nand2_2)
     2    0.021318    0.191427    0.210526    9.774637 v _3820_/Y (sky130_fd_sc_hd__nand2_2)
                                                         _3025_ (net)
                      0.191485    0.000455    9.775092 v _3821_/B (sky130_fd_sc_hd__xor2_2)
     3    0.019051    0.122630    0.356956   10.132049 v _3821_/X (sky130_fd_sc_hd__xor2_2)
                                                         _3026_ (net)
                      0.122630    0.000533   10.132582 v _3854_/A2 (sky130_fd_sc_hd__o221ai_2)
     2    0.007074    0.119808    0.307431   10.440012 ^ _3854_/Y (sky130_fd_sc_hd__o221ai_2)
                                                         net138 (net)
                      0.119808    0.000213   10.440225 ^ output138/A (sky130_fd_sc_hd__clkdlybuf4s25_1)
     1    0.035598    0.573810    0.805831   11.246056 ^ output138/X (sky130_fd_sc_hd__clkdlybuf4s25_1)
                                                         result[10] (net)
                      0.573810    0.000655   11.246711 ^ result[10] (out)
                                             11.246711   data arrival time

                      0.000000    0.000000    0.000000   clock __VIRTUAL_CLK__ (rise edge)
                                  0.000000    0.000000   clock network delay (ideal)
                                  0.250000    0.250000   clock uncertainty
                                  0.000000    0.250000   clock reconvergence pessimism
                                 -8.000000   -7.750000   output external delay
                                             -7.750000   data required time
---------------------------------------------------------------------------------------------
                                             -7.750000   data required time
                                            -11.246711   data arrival time
---------------------------------------------------------------------------------------------
                                             18.996710   slack (MET)


Startpoint: operand_b[55] (input port clocked by __VIRTUAL_CLK__)
Endpoint: result[60] (output port clocked by __VIRTUAL_CLK__)
Path Group: __VIRTUAL_CLK__
Path Type: min

Fanout         Cap        Slew       Delay        Time   Description
---------------------------------------------------------------------------------------------
                      0.000000    0.000000    0.000000   clock __VIRTUAL_CLK__ (rise edge)
                                  0.000000    0.000000   clock network delay (ideal)
                                  8.000000    8.000000 ^ input external delay
     1    0.008041    0.067776    0.040652    8.040652 ^ operand_b[55] (in)
                                                         operand_b[55] (net)
                      0.067778    0.000000    8.040652 ^ input120/A (sky130_fd_sc_hd__clkdlybuf4s25_1)
     3    0.015266    0.259874    0.570561    8.611213 ^ input120/X (sky130_fd_sc_hd__clkdlybuf4s25_1)
                                                         net120 (net)
                      0.259874    0.000650    8.611862 ^ _5709_/C1 (sky130_fd_sc_hd__a211o_2)
     6    0.026696    0.207040    0.355806    8.967669 ^ _5709_/X (sky130_fd_sc_hd__a211o_2)
                                                         _1720_ (net)
                      0.207040    0.000501    8.968169 ^ _5722_/A1 (sky130_fd_sc_hd__a21o_2)
     2    0.007554    0.077130    0.295787    9.263957 ^ _5722_/X (sky130_fd_sc_hd__a21o_2)
                                                         _1734_ (net)
                      0.077130    0.000141    9.264098 ^ _5761_/A1 (sky130_fd_sc_hd__a21oi_2)
     4    0.014664    0.082302    0.152844    9.416943 v _5761_/Y (sky130_fd_sc_hd__a21oi_2)
                                                         _1776_ (net)
                      0.082304    0.000493    9.417435 v _5789_/C1 (sky130_fd_sc_hd__o2111a_2)
     3    0.013385    0.099471    0.305617    9.723052 v _5789_/X (sky130_fd_sc_hd__o2111a_2)
                                                         _1806_ (net)
                      0.099472    0.000463    9.723515 v _5825_/A (sky130_fd_sc_hd__nand3_2)
     4    0.018885    0.171940    0.177558    9.901073 ^ _5825_/Y (sky130_fd_sc_hd__nand3_2)
                                                         _1844_ (net)
                      0.171943    0.000514    9.901587 ^ _5853_/B (sky130_fd_sc_hd__nor2_2)
     1    0.012076    0.072582    0.125723   10.027310 v _5853_/Y (sky130_fd_sc_hd__nor2_2)
                                                         _1873_ (net)
                      0.072584    0.000477   10.027787 v _5854_/B (sky130_fd_sc_hd__xnor2_2)
     1    0.002905    0.058698    0.169803   10.197590 ^ _5854_/Y (sky130_fd_sc_hd__xnor2_2)
                                                         _1874_ (net)
                      0.058698    0.000078   10.197668 ^ _5871_/A2 (sky130_fd_sc_hd__a211o_2)
     2    0.009936    0.091612    0.273404   10.471071 ^ _5871_/X (sky130_fd_sc_hd__a211o_2)
                                                         net193 (net)
                      0.091613    0.000453   10.471524 ^ output193/A (sky130_fd_sc_hd__clkdlybuf4s25_1)
     1    0.037539    0.604132    0.813405   11.284930 ^ output193/X (sky130_fd_sc_hd__clkdlybuf4s25_1)
                                                         result[60] (net)
                      0.604132    0.001738   11.286668 ^ result[60] (out)
                                             11.286668   data arrival time

                      0.000000    0.000000    0.000000   clock __VIRTUAL_CLK__ (rise edge)
                                  0.000000    0.000000   clock network delay (ideal)
                                  0.250000    0.250000   clock uncertainty
                                  0.000000    0.250000   clock reconvergence pessimism
                                 -8.000000   -7.750000   output external delay
                                             -7.750000   data required time
---------------------------------------------------------------------------------------------
                                             -7.750000   data required time
                                            -11.286668   data arrival time
---------------------------------------------------------------------------------------------
                                             19.036669   slack (MET)


Startpoint: operand_b[7] (input port clocked by __VIRTUAL_CLK__)
Endpoint: result[8] (output port clocked by __VIRTUAL_CLK__)
Path Group: __VIRTUAL_CLK__
Path Type: min

Fanout         Cap        Slew       Delay        Time   Description
---------------------------------------------------------------------------------------------
                      0.000000    0.000000    0.000000   clock __VIRTUAL_CLK__ (rise edge)
                                  0.000000    0.000000   clock network delay (ideal)
                                  8.000000    8.000000 ^ input external delay
     1    0.005176    0.048390    0.026915    8.026916 ^ operand_b[7] (in)
                                                         operand_b[7] (net)
                      0.048390    0.000000    8.026916 ^ input131/A (sky130_fd_sc_hd__clkdlybuf4s25_1)
     3    0.017322    0.291521    0.584042    8.610957 ^ input131/X (sky130_fd_sc_hd__clkdlybuf4s25_1)
                                                         net131 (net)
                      0.291521    0.001029    8.611987 ^ _3740_/A1 (sky130_fd_sc_hd__o21a_2)
     1    0.007845    0.090922    0.351854    8.963840 ^ _3740_/X (sky130_fd_sc_hd__o21a_2)
                                                         _2947_ (net)
                      0.090922    0.000259    8.964100 ^ _3741_/B1 (sky130_fd_sc_hd__a41oi_2)
     3    0.044165    0.214005    0.188021    9.152122 v _3741_/Y (sky130_fd_sc_hd__a41oi_2)
                                                         _2948_ (net)
                      0.214221    0.005258    9.157379 v _3744_/A (sky130_fd_sc_hd__nand2_2)
     4    0.058400    0.474798    0.431862    9.589241 ^ _3744_/Y (sky130_fd_sc_hd__nand2_2)
                                                         _2951_ (net)
                      0.474818    0.002511    9.591752 ^ _3745_/B (sky130_fd_sc_hd__xnor2_2)
     1    0.010254    0.107971    0.344763    9.936515 ^ _3745_/Y (sky130_fd_sc_hd__xnor2_2)
                                                         _2952_ (net)
                      0.107971    0.000373    9.936888 ^ _3764_/B1 (sky130_fd_sc_hd__a221o_2)
     1    0.006586    0.080394    0.300767   10.237655 ^ _3764_/X (sky130_fd_sc_hd__a221o_2)
                                                         _2971_ (net)
                      0.080394    0.000273   10.237927 ^ _3765_/B1 (sky130_fd_sc_hd__a31o_2)
     2    0.020959    0.196735    0.274327   10.512255 ^ _3765_/X (sky130_fd_sc_hd__a31o_2)
                                                         net199 (net)
                      0.196740    0.001230   10.513485 ^ output199/A (sky130_fd_sc_hd__clkdlybuf4s25_1)
     1    0.036167    0.582931    0.844525   11.358010 ^ output199/X (sky130_fd_sc_hd__clkdlybuf4s25_1)
                                                         result[8] (net)
                      0.582931    0.000703   11.358713 ^ result[8] (out)
                                             11.358713   data arrival time

                      0.000000    0.000000    0.000000   clock __VIRTUAL_CLK__ (rise edge)
                                  0.000000    0.000000   clock network delay (ideal)
                                  0.250000    0.250000   clock uncertainty
                                  0.000000    0.250000   clock reconvergence pessimism
                                 -8.000000   -7.750000   output external delay
                                             -7.750000   data required time
---------------------------------------------------------------------------------------------
                                             -7.750000   data required time
                                            -11.358713   data arrival time
---------------------------------------------------------------------------------------------
                                             19.108713   slack (MET)


Startpoint: operand_b[5] (input port clocked by __VIRTUAL_CLK__)
Endpoint: result[25] (output port clocked by __VIRTUAL_CLK__)
Path Group: __VIRTUAL_CLK__
Path Type: min

Fanout         Cap        Slew       Delay        Time   Description
---------------------------------------------------------------------------------------------
                      0.000000    0.000000    0.000000   clock __VIRTUAL_CLK__ (rise edge)
                                  0.000000    0.000000   clock network delay (ideal)
                                  8.000000    8.000000 v input external delay
     1    0.004038    0.023290    0.012485    8.012486 v operand_b[5] (in)
                                                         operand_b[5] (net)
                      0.023290    0.000000    8.012486 v input125/A (sky130_fd_sc_hd__clkdlybuf4s25_1)
     2    0.026329    0.363711    0.637333    8.649818 v input125/X (sky130_fd_sc_hd__clkdlybuf4s25_1)
                                                         net125 (net)
                      0.363712    0.001226    8.651044 v fanout617/A (sky130_fd_sc_hd__clkdlybuf4s25_1)
     3    0.016565    0.239935    0.681657    9.332701 v fanout617/X (sky130_fd_sc_hd__clkdlybuf4s25_1)
                                                         net617 (net)
                      0.239935    0.000205    9.332907 v _4521_/A1 (sky130_fd_sc_hd__o2111a_2)
     1    0.006380    0.066689    0.543708    9.876615 v _4521_/X (sky130_fd_sc_hd__o2111a_2)
                                                         _0494_ (net)
                      0.066690    0.000210    9.876825 v _4522_/B1 (sky130_fd_sc_hd__o21ai_2)
     1    0.003594    0.063614    0.078579    9.955404 ^ _4522_/Y (sky130_fd_sc_hd__o21ai_2)
                                                         _0495_ (net)
                      0.063614    0.000105    9.955508 ^ _4523_/B1 (sky130_fd_sc_hd__a21o_2)
     1    0.003272    0.047710    0.138574   10.094082 ^ _4523_/X (sky130_fd_sc_hd__a21o_2)
                                                         _0496_ (net)
                      0.047710    0.000093   10.094175 ^ _4524_/C1 (sky130_fd_sc_hd__a311o_2)
     1    0.003130    0.056069    0.154607   10.248782 ^ _4524_/X (sky130_fd_sc_hd__a311o_2)
                                                         _0497_ (net)
                      0.056069    0.000087   10.248870 ^ _4525_/B1 (sky130_fd_sc_hd__a31o_2)
     2    0.019601    0.185543    0.256160   10.505030 ^ _4525_/X (sky130_fd_sc_hd__a31o_2)
                                                         net154 (net)
                      0.185543    0.000578   10.505609 ^ output154/A (sky130_fd_sc_hd__clkdlybuf4s25_1)
     1    0.037396    0.602927    0.852106   11.357715 ^ output154/X (sky130_fd_sc_hd__clkdlybuf4s25_1)
                                                         result[25] (net)
                      0.602927    0.001455   11.359169 ^ result[25] (out)
                                             11.359169   data arrival time

                      0.000000    0.000000    0.000000   clock __VIRTUAL_CLK__ (rise edge)
                                  0.000000    0.000000   clock network delay (ideal)
                                  0.250000    0.250000   clock uncertainty
                                  0.000000    0.250000   clock reconvergence pessimism
                                 -8.000000   -7.750000   output external delay
                                             -7.750000   data required time
---------------------------------------------------------------------------------------------
                                             -7.750000   data required time
                                            -11.359169   data arrival time
---------------------------------------------------------------------------------------------
                                             19.109169   slack (MET)


Startpoint: operand_b[53] (input port clocked by __VIRTUAL_CLK__)
Endpoint: result[54] (output port clocked by __VIRTUAL_CLK__)
Path Group: __VIRTUAL_CLK__
Path Type: min

Fanout         Cap        Slew       Delay        Time   Description
---------------------------------------------------------------------------------------------
                      0.000000    0.000000    0.000000   clock __VIRTUAL_CLK__ (rise edge)
                                  0.000000    0.000000   clock network delay (ideal)
                                  8.000000    8.000000 ^ input external delay
     1    0.004667    0.044916    0.024383    8.024384 ^ operand_b[53] (in)
                                                         operand_b[53] (net)
                      0.044916    0.000000    8.024384 ^ input118/A (sky130_fd_sc_hd__clkdlybuf4s25_1)
     6    0.036784    0.592071    0.786595    8.810978 ^ input118/X (sky130_fd_sc_hd__clkdlybuf4s25_1)
                                                         net118 (net)
                      0.592071    0.001350    8.812328 ^ _5637_/B (sky130_fd_sc_hd__or2_2)
     2    0.012041    0.121012    0.421175    9.233503 ^ _5637_/X (sky130_fd_sc_hd__or2_2)
                                                         _1643_ (net)
                      0.121013    0.000555    9.234058 ^ _5638_/B1 (sky130_fd_sc_hd__o31a_2)
     2    0.006015    0.083822    0.286174    9.520232 ^ _5638_/X (sky130_fd_sc_hd__o31a_2)
                                                         _1644_ (net)
                      0.083822    0.000140    9.520372 ^ _5639_/C (sky130_fd_sc_hd__and3_2)
     1    0.012684    0.151022    0.419436    9.939809 ^ _5639_/X (sky130_fd_sc_hd__and3_2)
                                                         _1645_ (net)
                      0.151022    0.000518    9.940326 ^ _5640_/B (sky130_fd_sc_hd__xnor2_2)
     1    0.004920    0.072125    0.215296   10.155622 ^ _5640_/Y (sky130_fd_sc_hd__xnor2_2)
                                                         _1646_ (net)
                      0.072125    0.000167   10.155789 ^ _5669_/A2 (sky130_fd_sc_hd__a221o_2)
     2    0.014157    0.135602    0.360195   10.515985 ^ _5669_/X (sky130_fd_sc_hd__a221o_2)
                                                         net186 (net)
                      0.135602    0.000537   10.516522 ^ output186/A (sky130_fd_sc_hd__clkdlybuf4s25_1)
     1    0.038835    0.624677    0.846156   11.362679 ^ output186/X (sky130_fd_sc_hd__clkdlybuf4s25_1)
                                                         result[54] (net)
                      0.624677    0.001256   11.363935 ^ result[54] (out)
                                             11.363935   data arrival time

                      0.000000    0.000000    0.000000   clock __VIRTUAL_CLK__ (rise edge)
                                  0.000000    0.000000   clock network delay (ideal)
                                  0.250000    0.250000   clock uncertainty
                                  0.000000    0.250000   clock reconvergence pessimism
                                 -8.000000   -7.750000   output external delay
                                             -7.750000   data required time
---------------------------------------------------------------------------------------------
                                             -7.750000   data required time
                                            -11.363935   data arrival time
---------------------------------------------------------------------------------------------
                                             19.113934   slack (MET)


Startpoint: operand_b[20] (input port clocked by __VIRTUAL_CLK__)
Endpoint: result[21] (output port clocked by __VIRTUAL_CLK__)
Path Group: __VIRTUAL_CLK__
Path Type: min

Fanout         Cap        Slew       Delay        Time   Description
---------------------------------------------------------------------------------------------
                      0.000000    0.000000    0.000000   clock __VIRTUAL_CLK__ (rise edge)
                                  0.000000    0.000000   clock network delay (ideal)
                                  8.000000    8.000000 ^ input external delay
     1    0.004544    0.044071    0.023759    8.023759 ^ operand_b[20] (in)
                                                         operand_b[20] (net)
                      0.044071    0.000000    8.023759 ^ input82/A (sky130_fd_sc_hd__clkdlybuf4s25_1)
     1    0.004002    0.090401    0.440877    8.464636 ^ input82/X (sky130_fd_sc_hd__clkdlybuf4s25_1)
                                                         net82 (net)
                      0.090401    0.000119    8.464754 ^ fanout370/A (sky130_fd_sc_hd__clkdlybuf4s25_1)
    10    0.054201    0.862845    0.988407    9.453161 ^ fanout370/X (sky130_fd_sc_hd__clkdlybuf4s25_1)
                                                         net370 (net)
                      0.862845    0.001265    9.454426 ^ _4317_/A1 (sky130_fd_sc_hd__a21oi_2)
     1    0.013088    0.067092    0.388844    9.843269 v _4317_/Y (sky130_fd_sc_hd__a21oi_2)
                                                         _0294_ (net)
                      0.067125    0.000546    9.843816 v _4318_/B (sky130_fd_sc_hd__xnor2_2)
     1    0.007898    0.103039    0.240987   10.084803 v _4318_/Y (sky130_fd_sc_hd__xnor2_2)
                                                         _0295_ (net)
                      0.103039    0.000300   10.085103 v _4319_/B (sky130_fd_sc_hd__nor2_2)
     1    0.002862    0.103263    0.125706   10.210809 ^ _4319_/Y (sky130_fd_sc_hd__nor2_2)
                                                         _0296_ (net)
                      0.103263    0.000078   10.210887 ^ _4345_/B1 (sky130_fd_sc_hd__a211o_2)
     2    0.029281    0.225518    0.305592   10.516479 ^ _4345_/X (sky130_fd_sc_hd__a211o_2)
                                                         net150 (net)
                      0.225633    0.002407   10.518886 ^ output150/A (sky130_fd_sc_hd__clkdlybuf4s25_1)
     1    0.036720    0.592237    0.862143   11.381029 ^ output150/X (sky130_fd_sc_hd__clkdlybuf4s25_1)
                                                         result[21] (net)
                      0.592237    0.001140   11.382170 ^ result[21] (out)
                                             11.382170   data arrival time

                      0.000000    0.000000    0.000000   clock __VIRTUAL_CLK__ (rise edge)
                                  0.000000    0.000000   clock network delay (ideal)
                                  0.250000    0.250000   clock uncertainty
                                  0.000000    0.250000   clock reconvergence pessimism
                                 -8.000000   -7.750000   output external delay
                                             -7.750000   data required time
---------------------------------------------------------------------------------------------
                                             -7.750000   data required time
                                            -11.382170   data arrival time
---------------------------------------------------------------------------------------------
                                             19.132170   slack (MET)


Startpoint: cmd[3] (input port clocked by __VIRTUAL_CLK__)
Endpoint: result[11] (output port clocked by __VIRTUAL_CLK__)
Path Group: __VIRTUAL_CLK__
Path Type: min

Fanout         Cap        Slew       Delay        Time   Description
---------------------------------------------------------------------------------------------
                      0.000000    0.000000    0.000000   clock __VIRTUAL_CLK__ (rise edge)
                                  0.000000    0.000000   clock network delay (ideal)
                                  8.000000    8.000000 v input external delay
     1    0.012360    0.057035    0.036689    8.036689 v cmd[3] (in)
                                                         cmd[3] (net)
                      0.057041    0.000000    8.036689 v input5/A (sky130_fd_sc_hd__clkdlybuf4s25_1)
     1    0.007358    0.128210    0.475512    8.512201 v input5/X (sky130_fd_sc_hd__clkdlybuf4s25_1)
                                                         net5 (net)
                      0.128210    0.000361    8.512562 v fanout501/A (sky130_fd_sc_hd__clkdlybuf4s25_1)
     6    0.074921    0.990276    1.118638    9.631199 v fanout501/X (sky130_fd_sc_hd__clkdlybuf4s25_1)
                                                         net501 (net)
                      0.990283    0.003816    9.635015 v _3893_/B1 (sky130_fd_sc_hd__a21oi_2)
     1    0.003352    0.120926    0.443939   10.078954 ^ _3893_/Y (sky130_fd_sc_hd__a21oi_2)
                                                         _3097_ (net)
                      0.120926    0.000092   10.079046 ^ _3894_/D1 (sky130_fd_sc_hd__a2111o_2)
     1    0.006130    0.066540    0.186441   10.265488 ^ _3894_/X (sky130_fd_sc_hd__a2111o_2)
                                                         _3098_ (net)
                      0.066540    0.000246   10.265734 ^ _3904_/B1 (sky130_fd_sc_hd__a211o_2)
     1    0.003357    0.048475    0.156401   10.422134 ^ _3904_/X (sky130_fd_sc_hd__a211o_2)
                                                         _3108_ (net)
                      0.048475    0.000095   10.422230 ^ _3905_/B1 (sky130_fd_sc_hd__a31o_2)
     2    0.007547    0.091133    0.179279   10.601508 ^ _3905_/X (sky130_fd_sc_hd__a31o_2)
                                                         net139 (net)
                      0.091133    0.000243   10.601751 ^ output139/A (sky130_fd_sc_hd__clkdlybuf4s25_1)
     1    0.036649    0.590060    0.804426   11.406178 ^ output139/X (sky130_fd_sc_hd__clkdlybuf4s25_1)
                                                         result[11] (net)
                      0.590060    0.000930   11.407107 ^ result[11] (out)
                                             11.407107   data arrival time

                      0.000000    0.000000    0.000000   clock __VIRTUAL_CLK__ (rise edge)
                                  0.000000    0.000000   clock network delay (ideal)
                                  0.250000    0.250000   clock uncertainty
                                  0.000000    0.250000   clock reconvergence pessimism
                                 -8.000000   -7.750000   output external delay
                                             -7.750000   data required time
---------------------------------------------------------------------------------------------
                                             -7.750000   data required time
                                            -11.407107   data arrival time
---------------------------------------------------------------------------------------------
                                             19.157106   slack (MET)


Startpoint: operand_a[1] (input port clocked by __VIRTUAL_CLK__)
Endpoint: result[5] (output port clocked by __VIRTUAL_CLK__)
Path Group: __VIRTUAL_CLK__
Path Type: min

Fanout         Cap        Slew       Delay        Time   Description
---------------------------------------------------------------------------------------------
                      0.000000    0.000000    0.000000   clock __VIRTUAL_CLK__ (rise edge)
                                  0.000000    0.000000   clock network delay (ideal)
                                  8.000000    8.000000 ^ input external delay
     1    0.007812    0.066222    0.039571    8.039571 ^ operand_a[1] (in)
                                                         operand_a[1] (net)
                      0.066224    0.000000    8.039571 ^ input17/A (sky130_fd_sc_hd__clkdlybuf4s25_1)
     4    0.022670    0.374030    0.647503    8.687074 ^ input17/X (sky130_fd_sc_hd__clkdlybuf4s25_1)
                                                         net17 (net)
                      0.374030    0.000884    8.687957 ^ _3465_/A2 (sky130_fd_sc_hd__a31o_2)
     2    0.012460    0.146429    0.469274    9.157231 ^ _3465_/X (sky130_fd_sc_hd__a31o_2)
                                                         _2677_ (net)
                      0.146429    0.000425    9.157657 ^ _3466_/B2 (sky130_fd_sc_hd__o22a_2)
     4    0.021542    0.193392    0.368198    9.525855 ^ _3466_/X (sky130_fd_sc_hd__o22a_2)
                                                         _2678_ (net)
                      0.193392    0.000405    9.526260 ^ _3567_/A1 (sky130_fd_sc_hd__o31a_2)
     3    0.020139    0.192536    0.415660    9.941919 ^ _3567_/X (sky130_fd_sc_hd__o31a_2)
                                                         _2777_ (net)
                      0.192537    0.000854    9.942774 ^ _3568_/B (sky130_fd_sc_hd__xor2_2)
     1    0.003056    0.112998    0.241524   10.184299 ^ _3568_/X (sky130_fd_sc_hd__xor2_2)
                                                         _2778_ (net)
                      0.112998    0.000085   10.184383 ^ _3604_/A2 (sky130_fd_sc_hd__a211o_2)
     1    0.003824    0.051541    0.254783   10.439166 ^ _3604_/X (sky130_fd_sc_hd__a211o_2)
                                                         _2814_ (net)
                      0.051541    0.000110   10.439277 ^ _3605_/C1 (sky130_fd_sc_hd__a211o_2)
     2    0.008198    0.079978    0.173698   10.612975 ^ _3605_/X (sky130_fd_sc_hd__a211o_2)
                                                         net192 (net)
                      0.079978    0.000200   10.613174 ^ output192/A (sky130_fd_sc_hd__clkdlybuf4s25_1)
     1    0.037250    0.599264    0.806144   11.419318 ^ output192/X (sky130_fd_sc_hd__clkdlybuf4s25_1)
                                                         result[5] (net)
                      0.599264    0.000722   11.420040 ^ result[5] (out)
                                             11.420040   data arrival time

                      0.000000    0.000000    0.000000   clock __VIRTUAL_CLK__ (rise edge)
                                  0.000000    0.000000   clock network delay (ideal)
                                  0.250000    0.250000   clock uncertainty
                                  0.000000    0.250000   clock reconvergence pessimism
                                 -8.000000   -7.750000   output external delay
                                             -7.750000   data required time
---------------------------------------------------------------------------------------------
                                             -7.750000   data required time
                                            -11.420040   data arrival time
---------------------------------------------------------------------------------------------
                                             19.170040   slack (MET)


Startpoint: operand_b[36] (input port clocked by __VIRTUAL_CLK__)
Endpoint: result[39] (output port clocked by __VIRTUAL_CLK__)
Path Group: __VIRTUAL_CLK__
Path Type: min

Fanout         Cap        Slew       Delay        Time   Description
---------------------------------------------------------------------------------------------
                      0.000000    0.000000    0.000000   clock __VIRTUAL_CLK__ (rise edge)
                                  0.000000    0.000000   clock network delay (ideal)
                                  8.000000    8.000000 ^ input external delay
     1    0.004276    0.042215    0.022418    8.022418 ^ operand_b[36] (in)
                                                         operand_b[36] (net)
                      0.042228    0.000000    8.022418 ^ input99/A (sky130_fd_sc_hd__clkdlybuf4s25_1)
     3    0.016291    0.275548    0.570974    8.593391 ^ input99/X (sky130_fd_sc_hd__clkdlybuf4s25_1)
                                                         net99 (net)
                      0.275548    0.000492    8.593884 ^ _5040_/A2 (sky130_fd_sc_hd__a22o_2)
     1    0.007381    0.093817    0.374732    8.968616 ^ _5040_/X (sky130_fd_sc_hd__a22o_2)
                                                         _1002_ (net)
                      0.093817    0.000272    8.968887 ^ _5041_/B1 (sky130_fd_sc_hd__o21ai_2)
     4    0.021328    0.196376    0.200068    9.168955 v _5041_/Y (sky130_fd_sc_hd__o21ai_2)
                                                         _1003_ (net)
                      0.196378    0.000488    9.169442 v _5080_/B1 (sky130_fd_sc_hd__o21a_2)
     1    0.005213    0.057676    0.268815    9.438257 v _5080_/X (sky130_fd_sc_hd__o21a_2)
                                                         _1045_ (net)
                      0.057676    0.000170    9.438427 v _5081_/S (sky130_fd_sc_hd__mux2_2)
     1    0.017620    0.172498    0.496853    9.935281 ^ _5081_/X (sky130_fd_sc_hd__mux2_2)
                                                         _1046_ (net)
                      0.172498    0.000652    9.935932 ^ _5105_/A2 (sky130_fd_sc_hd__a21o_2)
     1    0.004945    0.058876    0.273807   10.209739 ^ _5105_/X (sky130_fd_sc_hd__a21o_2)
                                                         _1072_ (net)
                      0.058876    0.000171   10.209909 ^ _5106_/B1 (sky130_fd_sc_hd__a31o_2)
     2    0.032396    0.291976    0.329188   10.539098 ^ _5106_/X (sky130_fd_sc_hd__a31o_2)
                                                         net169 (net)
                      0.292072    0.001358   10.540456 ^ output169/A (sky130_fd_sc_hd__clkdlybuf4s25_1)
     1    0.036409    0.587064    0.881335   11.421791 ^ output169/X (sky130_fd_sc_hd__clkdlybuf4s25_1)
                                                         result[39] (net)
                      0.587064    0.001135   11.422926 ^ result[39] (out)
                                             11.422926   data arrival time

                      0.000000    0.000000    0.000000   clock __VIRTUAL_CLK__ (rise edge)
                                  0.000000    0.000000   clock network delay (ideal)
                                  0.250000    0.250000   clock uncertainty
                                  0.000000    0.250000   clock reconvergence pessimism
                                 -8.000000   -7.750000   output external delay
                                             -7.750000   data required time
---------------------------------------------------------------------------------------------
                                             -7.750000   data required time
                                            -11.422926   data arrival time
---------------------------------------------------------------------------------------------
                                             19.172926   slack (MET)


Startpoint: operand_b[27] (input port clocked by __VIRTUAL_CLK__)
Endpoint: result[32] (output port clocked by __VIRTUAL_CLK__)
Path Group: __VIRTUAL_CLK__
Path Type: min

Fanout         Cap        Slew       Delay        Time   Description
---------------------------------------------------------------------------------------------
                      0.000000    0.000000    0.000000   clock __VIRTUAL_CLK__ (rise edge)
                                  0.000000    0.000000   clock network delay (ideal)
                                  8.000000    8.000000 ^ input external delay
     1    0.004069    0.040793    0.021376    8.021376 ^ operand_b[27] (in)
                                                         operand_b[27] (net)
                      0.040793    0.000000    8.021376 ^ input89/A (sky130_fd_sc_hd__clkdlybuf4s25_1)
     4    0.018105    0.303514    0.589385    8.610762 ^ input89/X (sky130_fd_sc_hd__clkdlybuf4s25_1)
                                                         net89 (net)
                      0.303514    0.000719    8.611480 ^ _4626_/A2 (sky130_fd_sc_hd__a22o_2)
     3    0.013476    0.138518    0.421851    9.033331 ^ _4626_/X (sky130_fd_sc_hd__a22o_2)
                                                         _0596_ (net)
                      0.138520    0.000716    9.034047 ^ _4773_/A1_N (sky130_fd_sc_hd__o2bb2a_2)
     3    0.014841    0.117348    0.488575    9.522621 v _4773_/X (sky130_fd_sc_hd__o2bb2a_2)
                                                         _0739_ (net)
                      0.117350    0.000599    9.523220 v _4776_/A (sky130_fd_sc_hd__and2_2)
     4    0.021871    0.142006    0.443605    9.966825 v _4776_/X (sky130_fd_sc_hd__and2_2)
                                                         _0742_ (net)
                      0.142007    0.000600    9.967424 v _4777_/B (sky130_fd_sc_hd__xnor2_2)
     1    0.007563    0.089466    0.257341   10.224766 ^ _4777_/Y (sky130_fd_sc_hd__xnor2_2)
                                                         _0743_ (net)
                      0.089466    0.000296   10.225061 ^ _4812_/A2 (sky130_fd_sc_hd__a221o_2)
     2    0.013853    0.133337    0.364460   10.589521 ^ _4812_/X (sky130_fd_sc_hd__a221o_2)
                                                         net162 (net)
                      0.133338    0.000626   10.590148 ^ output162/A (sky130_fd_sc_hd__clkdlybuf4s25_1)
     1    0.037607    0.605572    0.832162   11.422310 ^ output162/X (sky130_fd_sc_hd__clkdlybuf4s25_1)
                                                         result[32] (net)
                      0.605572    0.001349   11.423658 ^ result[32] (out)
                                             11.423658   data arrival time

                      0.000000    0.000000    0.000000   clock __VIRTUAL_CLK__ (rise edge)
                                  0.000000    0.000000   clock network delay (ideal)
                                  0.250000    0.250000   clock uncertainty
                                  0.000000    0.250000   clock reconvergence pessimism
                                 -8.000000   -7.750000   output external delay
                                             -7.750000   data required time
---------------------------------------------------------------------------------------------
                                             -7.750000   data required time
                                            -11.423658   data arrival time
---------------------------------------------------------------------------------------------
                                             19.173658   slack (MET)


Startpoint: operand_b[47] (input port clocked by __VIRTUAL_CLK__)
Endpoint: result[55] (output port clocked by __VIRTUAL_CLK__)
Path Group: __VIRTUAL_CLK__
Path Type: min

Fanout         Cap        Slew       Delay        Time   Description
---------------------------------------------------------------------------------------------
                      0.000000    0.000000    0.000000   clock __VIRTUAL_CLK__ (rise edge)
                                  0.000000    0.000000   clock network delay (ideal)
                                  8.000000    8.000000 ^ input external delay
     1    0.004825    0.045997    0.025161    8.025161 ^ operand_b[47] (in)
                                                         operand_b[47] (net)
                      0.045997    0.000000    8.025161 ^ input111/A (sky130_fd_sc_hd__clkdlybuf4s25_1)
     3    0.014239    0.243965    0.550996    8.576157 ^ input111/X (sky130_fd_sc_hd__clkdlybuf4s25_1)
                                                         net111 (net)
                      0.243965    0.000553    8.576711 ^ _5409_/A (sky130_fd_sc_hd__nor2_2)
     1    0.002051    0.035802    0.119442    8.696153 v _5409_/Y (sky130_fd_sc_hd__nor2_2)
                                                         _1398_ (net)
                      0.035802    0.000055    8.696208 v _5410_/A2_N (sky130_fd_sc_hd__a2bb2o_2)
     3    0.014451    0.136909    0.455651    9.151858 ^ _5410_/X (sky130_fd_sc_hd__a2bb2o_2)
                                                         _1399_ (net)
                      0.136910    0.000548    9.152406 ^ _5687_/A1 (sky130_fd_sc_hd__a211o_2)
     1    0.003191    0.047771    0.251348    9.403754 ^ _5687_/X (sky130_fd_sc_hd__a211o_2)
                                                         _1697_ (net)
                      0.047771    0.000088    9.403842 ^ _5688_/B1 (sky130_fd_sc_hd__a41o_2)
     3    0.019055    0.162990    0.237748    9.641590 ^ _5688_/X (sky130_fd_sc_hd__a41o_2)
                                                         _1698_ (net)
                      0.162990    0.000618    9.642208 ^ _5694_/A1 (sky130_fd_sc_hd__a22oi_2)
     1    0.009051    0.129365    0.198745    9.840953 v _5694_/Y (sky130_fd_sc_hd__a22oi_2)
                                                         _1704_ (net)
                      0.129365    0.000191    9.841145 v _5695_/B (sky130_fd_sc_hd__xnor2_2)
     1    0.006778    0.094118    0.260349   10.101493 v _5695_/Y (sky130_fd_sc_hd__xnor2_2)
                                                         _1705_ (net)
                      0.094118    0.000243   10.101737 v _5696_/B (sky130_fd_sc_hd__nor2_2)
     1    0.004451    0.126687    0.141519   10.243256 ^ _5696_/Y (sky130_fd_sc_hd__nor2_2)
                                                         _1707_ (net)
                      0.126687    0.000108   10.243363 ^ _5707_/B (sky130_fd_sc_hd__or4b_4)
     1    0.006277    0.060231    0.231176   10.474540 ^ _5707_/X (sky130_fd_sc_hd__or4b_4)
                                                         _1719_ (net)
                      0.060231    0.000196   10.474736 ^ _5708_/A (sky130_fd_sc_hd__buf_6)
     2    0.014959    0.068390    0.164593   10.639329 ^ _5708_/X (sky130_fd_sc_hd__buf_6)
                                                         net187 (net)
                      0.068391    0.000418   10.639748 ^ output187/A (sky130_fd_sc_hd__clkdlybuf4s25_1)
     1    0.036055    0.580770    0.788655   11.428402 ^ output187/X (sky130_fd_sc_hd__clkdlybuf4s25_1)
                                                         result[55] (net)
                      0.580770    0.000992   11.429394 ^ result[55] (out)
                                             11.429394   data arrival time

                      0.000000    0.000000    0.000000   clock __VIRTUAL_CLK__ (rise edge)
                                  0.000000    0.000000   clock network delay (ideal)
                                  0.250000    0.250000   clock uncertainty
                                  0.000000    0.250000   clock reconvergence pessimism
                                 -8.000000   -7.750000   output external delay
                                             -7.750000   data required time
---------------------------------------------------------------------------------------------
                                             -7.750000   data required time
                                            -11.429394   data arrival time
---------------------------------------------------------------------------------------------
                                             19.179394   slack (MET)


Startpoint: operand_b[52] (input port clocked by __VIRTUAL_CLK__)
Endpoint: result[52] (output port clocked by __VIRTUAL_CLK__)
Path Group: __VIRTUAL_CLK__
Path Type: min

Fanout         Cap        Slew       Delay        Time   Description
---------------------------------------------------------------------------------------------
                      0.000000    0.000000    0.000000   clock __VIRTUAL_CLK__ (rise edge)
                                  0.000000    0.000000   clock network delay (ideal)
                                  8.000000    8.000000 ^ input external delay
     1    0.005490    0.050529    0.028494    8.028494 ^ operand_b[52] (in)
                                                         operand_b[52] (net)
                      0.050530    0.000000    8.028494 ^ input117/A (sky130_fd_sc_hd__clkdlybuf4s25_1)
     2    0.012410    0.216023    0.533749    8.562243 ^ input117/X (sky130_fd_sc_hd__clkdlybuf4s25_1)
                                                         net117 (net)
                      0.216023    0.000363    8.562606 ^ fanout635/A (sky130_fd_sc_hd__clkdlybuf4s25_1)
     5    0.022353    0.369447    0.707985    9.270591 ^ fanout635/X (sky130_fd_sc_hd__clkdlybuf4s25_1)
                                                         net635 (net)
                      0.369447    0.000493    9.271084 ^ _5593_/A1 (sky130_fd_sc_hd__a221o_2)
     1    0.007804    0.088653    0.429528    9.700612 ^ _5593_/X (sky130_fd_sc_hd__a221o_2)
                                                         _1596_ (net)
                      0.088653    0.000324    9.700936 ^ _5594_/B1 (sky130_fd_sc_hd__a221o_2)
     1    0.003344    0.058941    0.265780    9.966717 ^ _5594_/X (sky130_fd_sc_hd__a221o_2)
                                                         _1597_ (net)
                      0.058941    0.000073    9.966789 ^ _5595_/C1 (sky130_fd_sc_hd__a211o_2)
     1    0.003009    0.046847    0.145930   10.112720 ^ _5595_/X (sky130_fd_sc_hd__a211o_2)
                                                         _1598_ (net)
                      0.046847    0.000083   10.112803 ^ _5596_/C1 (sky130_fd_sc_hd__a221o_2)
     2    0.047239    0.389422    0.406898   10.519701 ^ _5596_/X (sky130_fd_sc_hd__a221o_2)
                                                         net184 (net)
                      0.389535    0.001684   10.521385 ^ output184/A (sky130_fd_sc_hd__clkdlybuf4s25_1)
     1    0.038194    0.615657    0.932898   11.454283 ^ output184/X (sky130_fd_sc_hd__clkdlybuf4s25_1)
                                                         result[52] (net)
                      0.615657    0.001390   11.455673 ^ result[52] (out)
                                             11.455673   data arrival time

                      0.000000    0.000000    0.000000   clock __VIRTUAL_CLK__ (rise edge)
                                  0.000000    0.000000   clock network delay (ideal)
                                  0.250000    0.250000   clock uncertainty
                                  0.000000    0.250000   clock reconvergence pessimism
                                 -8.000000   -7.750000   output external delay
                                             -7.750000   data required time
---------------------------------------------------------------------------------------------
                                             -7.750000   data required time
                                            -11.455673   data arrival time
---------------------------------------------------------------------------------------------
                                             19.205671   slack (MET)


Startpoint: operand_b[23] (input port clocked by __VIRTUAL_CLK__)
Endpoint: result[24] (output port clocked by __VIRTUAL_CLK__)
Path Group: __VIRTUAL_CLK__
Path Type: min

Fanout         Cap        Slew       Delay        Time   Description
---------------------------------------------------------------------------------------------
                      0.000000    0.000000    0.000000   clock __VIRTUAL_CLK__ (rise edge)
                                  0.000000    0.000000   clock network delay (ideal)
                                  8.000000    8.000000 ^ input external delay
     1    0.007598    0.064767    0.038538    8.038538 ^ operand_b[23] (in)
                                                         operand_b[23] (net)
                      0.064769    0.000000    8.038538 ^ input85/A (sky130_fd_sc_hd__buf_1)
     5    0.032285    0.609076    0.505750    8.544289 ^ input85/X (sky130_fd_sc_hd__buf_1)
                                                         net85 (net)
                      0.609076    0.000475    8.544764 ^ _4451_/A1 (sky130_fd_sc_hd__a21oi_2)
     1    0.005429    0.082496    0.268767    8.813531 v _4451_/Y (sky130_fd_sc_hd__a21oi_2)
                                                         _0425_ (net)
                      0.082496    0.000163    8.813694 v _4452_/B2 (sky130_fd_sc_hd__o22ai_2)
     1    0.012797    0.274671    0.251017    9.064711 ^ _4452_/Y (sky130_fd_sc_hd__o22ai_2)
                                                         _0426_ (net)
                      0.274674    0.000750    9.065460 ^ _4453_/B1 (sky130_fd_sc_hd__a31oi_2)
     2    0.029723    0.164400    0.227047    9.292507 v _4453_/Y (sky130_fd_sc_hd__a31oi_2)
                                                         _0427_ (net)
                      0.164404    0.001037    9.293545 v _4454_/B (sky130_fd_sc_hd__nand2_2)
     5    0.023780    0.206503    0.242508    9.536053 ^ _4454_/Y (sky130_fd_sc_hd__nand2_2)
                                                         _0428_ (net)
                      0.206503    0.000411    9.536465 ^ _4455_/B (sky130_fd_sc_hd__xor2_2)
     1    0.004593    0.138454    0.265327    9.801791 ^ _4455_/X (sky130_fd_sc_hd__xor2_2)
                                                         _0429_ (net)
                      0.138454    0.000147    9.801938 ^ _4477_/A2 (sky130_fd_sc_hd__a221o_2)
     1    0.004564    0.068118    0.317248   10.119186 ^ _4477_/X (sky130_fd_sc_hd__a221o_2)
                                                         _0451_ (net)
                      0.068118    0.000150   10.119337 ^ _4479_/B (sky130_fd_sc_hd__or3b_2)
     1    0.003826    0.058448    0.176862   10.296199 ^ _4479_/X (sky130_fd_sc_hd__or3b_2)
                                                         _0453_ (net)
                      0.058448    0.000120   10.296319 ^ _4480_/A (sky130_fd_sc_hd__buf_1)
     2    0.015222    0.296461    0.291534   10.587852 ^ _4480_/X (sky130_fd_sc_hd__buf_1)
                                                         net153 (net)
                      0.296463    0.000661   10.588513 ^ output153/A (sky130_fd_sc_hd__clkdlybuf4s25_1)
     1    0.035130    0.567032    0.869578   11.458092 ^ output153/X (sky130_fd_sc_hd__clkdlybuf4s25_1)
                                                         result[24] (net)
                      0.567032    0.000892   11.458983 ^ result[24] (out)
                                             11.458983   data arrival time

                      0.000000    0.000000    0.000000   clock __VIRTUAL_CLK__ (rise edge)
                                  0.000000    0.000000   clock network delay (ideal)
                                  0.250000    0.250000   clock uncertainty
                                  0.000000    0.250000   clock reconvergence pessimism
                                 -8.000000   -7.750000   output external delay
                                             -7.750000   data required time
---------------------------------------------------------------------------------------------
                                             -7.750000   data required time
                                            -11.458983   data arrival time
---------------------------------------------------------------------------------------------
                                             19.208982   slack (MET)


Startpoint: cmd[2] (input port clocked by __VIRTUAL_CLK__)
Endpoint: result[6] (output port clocked by __VIRTUAL_CLK__)
Path Group: __VIRTUAL_CLK__
Path Type: min

Fanout         Cap        Slew       Delay        Time   Description
---------------------------------------------------------------------------------------------
                      0.000000    0.000000    0.000000   clock __VIRTUAL_CLK__ (rise edge)
                                  0.000000    0.000000   clock network delay (ideal)
                                  8.000000    8.000000 ^ input external delay
     1    0.008392    0.070170    0.042310    8.042310 ^ cmd[2] (in)
                                                         cmd[2] (net)
                      0.070172    0.000000    8.042310 ^ input4/A (sky130_fd_sc_hd__clkdlybuf4s25_1)
     4    0.079050    1.249707    1.238033    9.280343 ^ input4/X (sky130_fd_sc_hd__clkdlybuf4s25_1)
                                                         net4 (net)
                      1.250028    0.004390    9.284733 ^ _3606_/A (sky130_fd_sc_hd__or2_2)
     6    0.119328    0.940182    1.140917   10.425650 ^ _3606_/X (sky130_fd_sc_hd__or2_2)
                                                         _2815_ (net)
                      0.940216    0.004572   10.430223 ^ _3661_/A1 (sky130_fd_sc_hd__o21ai_2)
     1    0.005071    0.062769    0.339778   10.770000 v _3661_/Y (sky130_fd_sc_hd__o21ai_2)
                                                         net197 (net)
                      0.062769    0.000177   10.770177 v output197/A (sky130_fd_sc_hd__clkdlybuf4s25_1)
     1    0.036427    0.491389    0.745543   11.515720 v output197/X (sky130_fd_sc_hd__clkdlybuf4s25_1)
                                                         result[6] (net)
                      0.491389    0.000713   11.516434 v result[6] (out)
                                             11.516434   data arrival time

                      0.000000    0.000000    0.000000   clock __VIRTUAL_CLK__ (rise edge)
                                  0.000000    0.000000   clock network delay (ideal)
                                  0.250000    0.250000   clock uncertainty
                                  0.000000    0.250000   clock reconvergence pessimism
                                 -8.000000   -7.750000   output external delay
                                             -7.750000   data required time
---------------------------------------------------------------------------------------------
                                             -7.750000   data required time
                                            -11.516434   data arrival time
---------------------------------------------------------------------------------------------
                                             19.266434   slack (MET)


Startpoint: operand_b[23] (input port clocked by __VIRTUAL_CLK__)
Endpoint: result[27] (output port clocked by __VIRTUAL_CLK__)
Path Group: __VIRTUAL_CLK__
Path Type: min

Fanout         Cap        Slew       Delay        Time   Description
---------------------------------------------------------------------------------------------
                      0.000000    0.000000    0.000000   clock __VIRTUAL_CLK__ (rise edge)
                                  0.000000    0.000000   clock network delay (ideal)
                                  8.000000    8.000000 v input external delay
     1    0.007469    0.037047    0.022585    8.022586 v operand_b[23] (in)
                                                         operand_b[23] (net)
                      0.037050    0.000000    8.022586 v input85/A (sky130_fd_sc_hd__buf_1)
     5    0.030931    0.350735    0.354040    8.376626 v input85/X (sky130_fd_sc_hd__buf_1)
                                                         net85 (net)
                      0.350735    0.000542    8.377168 v _4397_/B (sky130_fd_sc_hd__xor2_2)
     3    0.015907    0.111364    0.406096    8.783263 v _4397_/X (sky130_fd_sc_hd__xor2_2)
                                                         _0372_ (net)
                      0.111364    0.000498    8.783762 v max_cap321/A (sky130_fd_sc_hd__buf_2)
     6    0.036544    0.175208    0.352339    9.136100 v max_cap321/X (sky130_fd_sc_hd__buf_2)
                                                         net321 (net)
                      0.175231    0.001950    9.138051 v _4398_/B1 (sky130_fd_sc_hd__a21oi_2)
     4    0.011236    0.259592    0.291913    9.429964 ^ _4398_/Y (sky130_fd_sc_hd__a21oi_2)
                                                         _0373_ (net)
                      0.259676    0.000384    9.430347 ^ _4586_/A (sky130_fd_sc_hd__or4b_2)
     4    0.027962    0.257610    0.417477    9.847824 ^ _4586_/X (sky130_fd_sc_hd__or4b_2)
                                                         _0557_ (net)
                      0.257617    0.001608    9.849432 ^ _4587_/C (sky130_fd_sc_hd__nor3_2)
     2    0.017210    0.107055    0.182535   10.031966 v _4587_/Y (sky130_fd_sc_hd__nor3_2)
                                                         _0558_ (net)
                      0.107055    0.000361   10.032329 v _4588_/B (sky130_fd_sc_hd__xor2_2)
     1    0.003725    0.123801    0.196745   10.229073 ^ _4588_/X (sky130_fd_sc_hd__xor2_2)
                                                         _0559_ (net)
                      0.123801    0.000113   10.229186 ^ _4610_/B1 (sky130_fd_sc_hd__a221o_2)
     2    0.028430    0.243044    0.439450   10.668636 ^ _4610_/X (sky130_fd_sc_hd__a221o_2)
                                                         net156 (net)
                      0.243044    0.000882   10.669518 ^ output156/A (sky130_fd_sc_hd__clkdlybuf4s25_1)
     1    0.034654    0.559673    0.846600   11.516118 ^ output156/X (sky130_fd_sc_hd__clkdlybuf4s25_1)
                                                         result[27] (net)
                      0.559673    0.000805   11.516923 ^ result[27] (out)
                                             11.516923   data arrival time

                      0.000000    0.000000    0.000000   clock __VIRTUAL_CLK__ (rise edge)
                                  0.000000    0.000000   clock network delay (ideal)
                                  0.250000    0.250000   clock uncertainty
                                  0.000000    0.250000   clock reconvergence pessimism
                                 -8.000000   -7.750000   output external delay
                                             -7.750000   data required time
---------------------------------------------------------------------------------------------
                                             -7.750000   data required time
                                            -11.516923   data arrival time
---------------------------------------------------------------------------------------------
                                             19.266922   slack (MET)


Startpoint: operand_b[22] (input port clocked by __VIRTUAL_CLK__)
Endpoint: result[22] (output port clocked by __VIRTUAL_CLK__)
Path Group: __VIRTUAL_CLK__
Path Type: min

Fanout         Cap        Slew       Delay        Time   Description
---------------------------------------------------------------------------------------------
                      0.000000    0.000000    0.000000   clock __VIRTUAL_CLK__ (rise edge)
                                  0.000000    0.000000   clock network delay (ideal)
                                  8.000000    8.000000 ^ input external delay
     1    0.004701    0.045151    0.024549    8.024549 ^ operand_b[22] (in)
                                                         operand_b[22] (net)
                      0.045151    0.000000    8.024549 ^ input84/A (sky130_fd_sc_hd__clkdlybuf4s25_1)
     2    0.010226    0.183297    0.508171    8.532721 ^ input84/X (sky130_fd_sc_hd__clkdlybuf4s25_1)
                                                         net84 (net)
                      0.183297    0.000197    8.532918 ^ fanout367/A (sky130_fd_sc_hd__clkdlybuf4s25_1)
    10    0.049468    0.791082    0.978160    9.511078 ^ fanout367/X (sky130_fd_sc_hd__clkdlybuf4s25_1)
                                                         net367 (net)
                      0.791083    0.002467    9.513545 ^ _4371_/A1 (sky130_fd_sc_hd__a221o_2)
     1    0.011226    0.113774    0.604986   10.118531 ^ _4371_/X (sky130_fd_sc_hd__a221o_2)
                                                         _0347_ (net)
                      0.113777    0.000712   10.119244 ^ _4391_/A2 (sky130_fd_sc_hd__a221o_2)
     1    0.005561    0.072863    0.317487   10.436731 ^ _4391_/X (sky130_fd_sc_hd__a221o_2)
                                                         _0367_ (net)
                      0.072863    0.000207   10.436938 ^ _4392_/C1 (sky130_fd_sc_hd__a221o_2)
     2    0.018711    0.167565    0.266783   10.703721 ^ _4392_/X (sky130_fd_sc_hd__a221o_2)
                                                         net151 (net)
                      0.167565    0.000765   10.704486 ^ output151/A (sky130_fd_sc_hd__clkdlybuf4s25_1)
     1    0.037178    0.599222    0.842395   11.546881 ^ output151/X (sky130_fd_sc_hd__clkdlybuf4s25_1)
                                                         result[22] (net)
                      0.599222    0.001143   11.548024 ^ result[22] (out)
                                             11.548024   data arrival time

                      0.000000    0.000000    0.000000   clock __VIRTUAL_CLK__ (rise edge)
                                  0.000000    0.000000   clock network delay (ideal)
                                  0.250000    0.250000   clock uncertainty
                                  0.000000    0.250000   clock reconvergence pessimism
                                 -8.000000   -7.750000   output external delay
                                             -7.750000   data required time
---------------------------------------------------------------------------------------------
                                             -7.750000   data required time
                                            -11.548024   data arrival time
---------------------------------------------------------------------------------------------
                                             19.298025   slack (MET)


Startpoint: cmd[1] (input port clocked by __VIRTUAL_CLK__)
Endpoint: result[0] (output port clocked by __VIRTUAL_CLK__)
Path Group: __VIRTUAL_CLK__
Path Type: min

Fanout         Cap        Slew       Delay        Time   Description
---------------------------------------------------------------------------------------------
                      0.000000    0.000000    0.000000   clock __VIRTUAL_CLK__ (rise edge)
                                  0.000000    0.000000   clock network delay (ideal)
                                  8.000000    8.000000 v input external delay
     1    0.006074    0.031397    0.018564    8.018564 v cmd[1] (in)
                                                         cmd[1] (net)
                      0.031399    0.000000    8.018564 v input3/A (sky130_fd_sc_hd__clkdlybuf4s25_1)
     1    0.003073    0.077826    0.419101    8.437665 v input3/X (sky130_fd_sc_hd__clkdlybuf4s25_1)
                                                         net3 (net)
                      0.077826    0.000061    8.437726 v fanout552/A (sky130_fd_sc_hd__clkdlybuf4s25_1)
     7    0.044093    0.590432    0.819558    9.257284 v fanout552/X (sky130_fd_sc_hd__clkdlybuf4s25_1)
                                                         net552 (net)
                      0.590435    0.002134    9.259418 v _3265_/C_N (sky130_fd_sc_hd__or3b_2)
     2    0.006140    0.078890    0.597207    9.856626 ^ _3265_/X (sky130_fd_sc_hd__or3b_2)
                                                         _1502_ (net)
                      0.078890    0.000147    9.856772 ^ _3271_/C (sky130_fd_sc_hd__or4_2)
     1    0.008702    0.089687    0.214754   10.071527 ^ _3271_/X (sky130_fd_sc_hd__or4_2)
                                                         _1566_ (net)
                      0.089687    0.000343   10.071869 ^ _3272_/C1 (sky130_fd_sc_hd__o221a_2)
     1    0.006800    0.109609    0.383780   10.455649 ^ _3272_/X (sky130_fd_sc_hd__o221a_2)
                                                         _1577_ (net)
                      0.109609    0.000237   10.455886 ^ _3297_/B1 (sky130_fd_sc_hd__o211ai_2)
     2    0.014804    0.250808    0.282008   10.737894 v _3297_/Y (sky130_fd_sc_hd__o211ai_2)
                                                         net137 (net)
                      0.250889    0.000635   10.738529 v output137/A (sky130_fd_sc_hd__clkdlybuf4s25_1)
     1    0.036638    0.493840    0.826009   11.564538 v output137/X (sky130_fd_sc_hd__clkdlybuf4s25_1)
                                                         result[0] (net)
                      0.493840    0.001139   11.565677 v result[0] (out)
                                             11.565677   data arrival time

                      0.000000    0.000000    0.000000   clock __VIRTUAL_CLK__ (rise edge)
                                  0.000000    0.000000   clock network delay (ideal)
                                  0.250000    0.250000   clock uncertainty
                                  0.000000    0.250000   clock reconvergence pessimism
                                 -8.000000   -7.750000   output external delay
                                             -7.750000   data required time
---------------------------------------------------------------------------------------------
                                             -7.750000   data required time
                                            -11.565677   data arrival time
---------------------------------------------------------------------------------------------
                                             19.315678   slack (MET)


Startpoint: operand_a[0] (input port clocked by __VIRTUAL_CLK__)
Endpoint: result[1] (output port clocked by __VIRTUAL_CLK__)
Path Group: __VIRTUAL_CLK__
Path Type: min

Fanout         Cap        Slew       Delay        Time   Description
---------------------------------------------------------------------------------------------
                      0.000000    0.000000    0.000000   clock __VIRTUAL_CLK__ (rise edge)
                                  0.000000    0.000000   clock network delay (ideal)
                                  8.000000    8.000000 ^ input external delay
     1    0.007676    0.065297    0.038903    8.038903 ^ operand_a[0] (in)
                                                         operand_a[0] (net)
                      0.065298    0.000000    8.038903 ^ input6/A (sky130_fd_sc_hd__clkdlybuf4s25_1)
     2    0.010664    0.190039    0.520956    8.559859 ^ input6/X (sky130_fd_sc_hd__clkdlybuf4s25_1)
                                                         net6 (net)
                      0.190039    0.000495    8.560353 ^ fanout472/A (sky130_fd_sc_hd__clkdlybuf4s25_1)
     6    0.051869    0.828262    1.007366    9.567719 ^ fanout472/X (sky130_fd_sc_hd__clkdlybuf4s25_1)
                                                         net472 (net)
                      0.828262    0.000687    9.568407 ^ _3371_/A (sky130_fd_sc_hd__nor2b_4)
     4    0.021477    0.083174    0.298970    9.867376 v _3371_/Y (sky130_fd_sc_hd__nor2b_4)
                                                         _2585_ (net)
                      0.083174    0.000459    9.867836 v _3372_/A (sky130_fd_sc_hd__xor2_2)
     1    0.006715    0.172593    0.260995   10.128831 ^ _3372_/X (sky130_fd_sc_hd__xor2_2)
                                                         _2586_ (net)
                      0.172593    0.000241   10.129071 ^ _3373_/B2 (sky130_fd_sc_hd__a2bb2o_2)
     1    0.006509    0.079953    0.336670   10.465741 ^ _3373_/X (sky130_fd_sc_hd__a2bb2o_2)
                                                         _2587_ (net)
                      0.079953    0.000259   10.466001 ^ _3374_/B1 (sky130_fd_sc_hd__a31o_2)
     2    0.012475    0.129840    0.223841   10.689842 ^ _3374_/X (sky130_fd_sc_hd__a31o_2)
                                                         _2588_ (net)
                      0.129840    0.000492   10.690334 ^ _3375_/C1 (sky130_fd_sc_hd__a211o_2)
     1    0.007552    0.076228    0.204770   10.895104 ^ _3375_/X (sky130_fd_sc_hd__a211o_2)
                                                         net148 (net)
                      0.076229    0.000326   10.895431 ^ output148/A (sky130_fd_sc_hd__clkdlybuf4s25_1)
     1    0.035253    0.568362    0.783526   11.678957 ^ output148/X (sky130_fd_sc_hd__clkdlybuf4s25_1)
                                                         result[1] (net)
                      0.568362    0.000877   11.679833 ^ result[1] (out)
                                             11.679833   data arrival time

                      0.000000    0.000000    0.000000   clock __VIRTUAL_CLK__ (rise edge)
                                  0.000000    0.000000   clock network delay (ideal)
                                  0.250000    0.250000   clock uncertainty
                                  0.000000    0.250000   clock reconvergence pessimism
                                 -8.000000   -7.750000   output external delay
                                             -7.750000   data required time
---------------------------------------------------------------------------------------------
                                             -7.750000   data required time
                                            -11.679833   data arrival time
---------------------------------------------------------------------------------------------
                                             19.429834   slack (MET)


Startpoint: operand_b[29] (input port clocked by __VIRTUAL_CLK__)
Endpoint: result[30] (output port clocked by __VIRTUAL_CLK__)
Path Group: __VIRTUAL_CLK__
Path Type: min

Fanout         Cap        Slew       Delay        Time   Description
---------------------------------------------------------------------------------------------
                      0.000000    0.000000    0.000000   clock __VIRTUAL_CLK__ (rise edge)
                                  0.000000    0.000000   clock network delay (ideal)
                                  8.000000    8.000000 v input external delay
     1    0.005820    0.030375    0.017822    8.017822 v operand_b[29] (in)
                                                         operand_b[29] (net)
                      0.030376    0.000000    8.017822 v input91/A (sky130_fd_sc_hd__clkdlybuf4s25_1)
     3    0.019059    0.271383    0.574710    8.592532 v input91/X (sky130_fd_sc_hd__clkdlybuf4s25_1)
                                                         net91 (net)
                      0.271383    0.000534    8.593066 v fanout356/A (sky130_fd_sc_hd__clkdlybuf4s25_1)
    10    0.047003    0.628294    0.926304    9.519369 v fanout356/X (sky130_fd_sc_hd__clkdlybuf4s25_1)
                                                         net356 (net)
                      0.628294    0.000851    9.520221 v _4695_/B (sky130_fd_sc_hd__nor2_2)
     3    0.015925    0.345723    0.490031   10.010252 ^ _4695_/Y (sky130_fd_sc_hd__nor2_2)
                                                         _0663_ (net)
                      0.345723    0.000401   10.010653 ^ _4698_/A (sky130_fd_sc_hd__or2b_2)
     2    0.017413    0.149546    0.353510   10.364163 ^ _4698_/X (sky130_fd_sc_hd__or2b_2)
                                                         _0666_ (net)
                      0.149546    0.000390   10.364553 ^ _4699_/B (sky130_fd_sc_hd__xnor2_2)
     1    0.004743    0.070966    0.213742   10.578295 ^ _4699_/Y (sky130_fd_sc_hd__xnor2_2)
                                                         _0667_ (net)
                      0.070966    0.000158   10.578453 ^ _4729_/A2 (sky130_fd_sc_hd__a221o_2)
     2    0.009411    0.100133    0.327812   10.906264 ^ _4729_/X (sky130_fd_sc_hd__a221o_2)
                                                         net160 (net)
                      0.100133    0.000369   10.906634 ^ output160/A (sky130_fd_sc_hd__clkdlybuf4s25_1)
     1    0.037306    0.600498    0.814897   11.721531 ^ output160/X (sky130_fd_sc_hd__clkdlybuf4s25_1)
                                                         result[30] (net)
                      0.600498    0.001286   11.722816 ^ result[30] (out)
                                             11.722816   data arrival time

                      0.000000    0.000000    0.000000   clock __VIRTUAL_CLK__ (rise edge)
                                  0.000000    0.000000   clock network delay (ideal)
                                  0.250000    0.250000   clock uncertainty
                                  0.000000    0.250000   clock reconvergence pessimism
                                 -8.000000   -7.750000   output external delay
                                             -7.750000   data required time
---------------------------------------------------------------------------------------------
                                             -7.750000   data required time
                                            -11.722816   data arrival time
---------------------------------------------------------------------------------------------
                                             19.472816   slack (MET)


Startpoint: operand_b[36] (input port clocked by __VIRTUAL_CLK__)
Endpoint: result[40] (output port clocked by __VIRTUAL_CLK__)
Path Group: __VIRTUAL_CLK__
Path Type: min

Fanout         Cap        Slew       Delay        Time   Description
---------------------------------------------------------------------------------------------
                      0.000000    0.000000    0.000000   clock __VIRTUAL_CLK__ (rise edge)
                                  0.000000    0.000000   clock network delay (ideal)
                                  8.000000    8.000000 ^ input external delay
     1    0.004276    0.042215    0.022418    8.022418 ^ operand_b[36] (in)
                                                         operand_b[36] (net)
                      0.042228    0.000000    8.022418 ^ input99/A (sky130_fd_sc_hd__clkdlybuf4s25_1)
     3    0.016291    0.275548    0.570974    8.593391 ^ input99/X (sky130_fd_sc_hd__clkdlybuf4s25_1)
                                                         net99 (net)
                      0.275548    0.000492    8.593884 ^ _5040_/A2 (sky130_fd_sc_hd__a22o_2)
     1    0.007381    0.093817    0.374732    8.968616 ^ _5040_/X (sky130_fd_sc_hd__a22o_2)
                                                         _1002_ (net)
                      0.093817    0.000272    8.968887 ^ _5041_/B1 (sky130_fd_sc_hd__o21ai_2)
     4    0.021328    0.196376    0.200068    9.168955 v _5041_/Y (sky130_fd_sc_hd__o21ai_2)
                                                         _1003_ (net)
                      0.196378    0.000505    9.169460 v _5126_/B1 (sky130_fd_sc_hd__o31ai_2)
     1    0.003909    0.097153    0.141165    9.310625 ^ _5126_/Y (sky130_fd_sc_hd__o31ai_2)
                                                         _1095_ (net)
                      0.097153    0.000119    9.310744 ^ _5127_/D1 (sky130_fd_sc_hd__a2111o_2)
     1    0.005145    0.060071    0.170515    9.481259 ^ _5127_/X (sky130_fd_sc_hd__a2111o_2)
                                                         _1096_ (net)
                      0.060071    0.000144    9.481403 ^ _5129_/B1 (sky130_fd_sc_hd__o211ai_2)
     2    0.015554    0.234128    0.270775    9.752179 v _5129_/Y (sky130_fd_sc_hd__o211ai_2)
                                                         _1098_ (net)
                      0.234128    0.000540    9.752719 v _5130_/B1 (sky130_fd_sc_hd__o21a_2)
     2    0.020624    0.121640    0.352745   10.105464 v _5130_/X (sky130_fd_sc_hd__o21a_2)
                                                         _1099_ (net)
                      0.121653    0.001284   10.106749 v _5131_/B (sky130_fd_sc_hd__xnor2_2)
     1    0.006149    0.089169    0.253111   10.359859 v _5131_/Y (sky130_fd_sc_hd__xnor2_2)
                                                         _1100_ (net)
                      0.089169    0.000154   10.360014 v _5151_/A2 (sky130_fd_sc_hd__o2111ai_2)
     1    0.003486    0.078162    0.245432   10.605446 ^ _5151_/Y (sky130_fd_sc_hd__o2111ai_2)
                                                         _1122_ (net)
                      0.078162    0.000102   10.605548 ^ _5152_/C1 (sky130_fd_sc_hd__a221o_2)
     2    0.024206    0.210233    0.298246   10.903793 ^ _5152_/X (sky130_fd_sc_hd__a221o_2)
                                                         net171 (net)
                      0.210238    0.001311   10.905105 ^ output171/A (sky130_fd_sc_hd__clkdlybuf4s25_1)
     1    0.037472    0.604355    0.863519   11.768623 ^ output171/X (sky130_fd_sc_hd__clkdlybuf4s25_1)
                                                         result[40] (net)
                      0.604355    0.001339   11.769963 ^ result[40] (out)
                                             11.769963   data arrival time

                      0.000000    0.000000    0.000000   clock __VIRTUAL_CLK__ (rise edge)
                                  0.000000    0.000000   clock network delay (ideal)
                                  0.250000    0.250000   clock uncertainty
                                  0.000000    0.250000   clock reconvergence pessimism
                                 -8.000000   -7.750000   output external delay
                                             -7.750000   data required time
---------------------------------------------------------------------------------------------
                                             -7.750000   data required time
                                            -11.769963   data arrival time
---------------------------------------------------------------------------------------------
                                             19.519962   slack (MET)



