
===========================================================================
report_checks -path_delay max (Setup)
============================================================================
======================= max_tt_025C_1v80 Corner ===================================

Startpoint: operand_b[1] (input port clocked by __VIRTUAL_CLK__)
Endpoint: zero_flag (output port clocked by __VIRTUAL_CLK__)
Path Group: __VIRTUAL_CLK__
Path Type: max

Fanout         Cap        Slew       Delay        Time   Description
---------------------------------------------------------------------------------------------
                      0.000000    0.000000    0.000000   clock __VIRTUAL_CLK__ (rise edge)
                                  0.000000    0.000000   clock network delay (ideal)
                                  8.000000    8.000000 ^ input external delay
     1    0.009144    0.047534    0.033130    8.033130 ^ operand_b[1] (in)
                                                         operand_b[1] (net)
                      0.047549    0.000000    8.033130 ^ input81/A (sky130_fd_sc_hd__clkdlybuf4s25_1)
     1    0.006236    0.075597    0.281335    8.314465 ^ input81/X (sky130_fd_sc_hd__clkdlybuf4s25_1)
                                                         net81 (net)
                      0.075598    0.000409    8.314874 ^ fanout406/A (sky130_fd_sc_hd__clkdlybuf4s25_1)
     7    0.101761    1.009030    0.973063    9.287937 ^ fanout406/X (sky130_fd_sc_hd__clkdlybuf4s25_1)
                                                         net406 (net)
                      1.009044    0.003321    9.291258 ^ fanout404/A (sky130_fd_sc_hd__clkdlybuf4s25_1)
     8    0.063200    0.628611    0.836630   10.127888 ^ fanout404/X (sky130_fd_sc_hd__clkdlybuf4s25_1)
                                                         net404 (net)
                      0.628611    0.001861   10.129749 ^ fanout402/A (sky130_fd_sc_hd__clkdlybuf4s25_1)
     3    0.028626    0.291253    0.559948   10.689696 ^ fanout402/X (sky130_fd_sc_hd__clkdlybuf4s25_1)
                                                         net402 (net)
                      0.291270    0.002610   10.692307 ^ load_slew403/A (sky130_fd_sc_hd__buf_4)
     8    0.060777    0.172050    0.290256   10.982563 ^ load_slew403/X (sky130_fd_sc_hd__buf_4)
                                                         net403 (net)
                      0.172352    0.005465   10.988028 ^ fanout400/A (sky130_fd_sc_hd__clkdlybuf4s25_1)
     5    0.049851    0.498841    0.632431   11.620459 ^ fanout400/X (sky130_fd_sc_hd__clkdlybuf4s25_1)
                                                         net400 (net)
                      0.499066    0.005632   11.626091 ^ load_slew401/A (sky130_fd_sc_hd__clkbuf_2)
     6    0.056358    0.305807    0.405150   12.031240 ^ load_slew401/X (sky130_fd_sc_hd__clkbuf_2)
                                                         net401 (net)
                      0.306048    0.007440   12.038681 ^ _3412_/B_N (sky130_fd_sc_hd__nor2b_2)
     4    0.022652    0.259363    0.358341   12.397021 ^ _3412_/Y (sky130_fd_sc_hd__nor2b_2)
                                                         _2625_ (net)
                      0.259394    0.002488   12.399509 ^ _3555_/C1 (sky130_fd_sc_hd__a221oi_2)
     5    0.021700    0.121956    0.124849   12.524358 v _3555_/Y (sky130_fd_sc_hd__a221oi_2)
                                                         _2765_ (net)
                      0.122084    0.002412   12.526771 v _3683_/A3 (sky130_fd_sc_hd__o31a_2)
     3    0.016882    0.083538    0.372344   12.899115 v _3683_/X (sky130_fd_sc_hd__o31a_2)
                                                         _2891_ (net)
                      0.083628    0.001696   12.900809 v _4087_/A2 (sky130_fd_sc_hd__o41a_2)
     4    0.047214    0.167139    0.645345   13.546155 v _4087_/X (sky130_fd_sc_hd__o41a_2)
                                                         _0069_ (net)
                      0.167332    0.005288   13.551443 v _4441_/A3 (sky130_fd_sc_hd__o31ai_4)
     1    0.012076    0.235258    0.273910   13.825353 ^ _4441_/Y (sky130_fd_sc_hd__o31ai_4)
                                                         _0415_ (net)
                      0.235259    0.001141   13.826494 ^ wire248/A (sky130_fd_sc_hd__buf_2)
     5    0.052312    0.256495    0.326108   14.152602 ^ wire248/X (sky130_fd_sc_hd__buf_2)
                                                         net248 (net)
                      0.257064    0.010429   14.163032 ^ _4442_/A (sky130_fd_sc_hd__clkbuf_1)
     5    0.028953    0.340195    0.343526   14.506557 ^ _4442_/X (sky130_fd_sc_hd__clkbuf_1)
                                                         _0416_ (net)
                      0.340203    0.001535   14.508092 ^ max_cap234/A (sky130_fd_sc_hd__buf_2)
     6    0.040376    0.198838    0.311628   14.819720 ^ max_cap234/X (sky130_fd_sc_hd__buf_2)
                                                         net234 (net)
                      0.199073    0.004983   14.824703 ^ _4443_/B (sky130_fd_sc_hd__nand2_2)
     9    0.047385    0.197244    0.222133   15.046835 v _4443_/Y (sky130_fd_sc_hd__nand2_2)
                                                         _0417_ (net)
                      0.197244    0.000252   15.047088 v _4585_/A1 (sky130_fd_sc_hd__a2111o_2)
     4    0.028997    0.132885    0.586280   15.633367 v _4585_/X (sky130_fd_sc_hd__a2111o_2)
                                                         _0556_ (net)
                      0.133103    0.004976   15.638343 v _4667_/B1_N (sky130_fd_sc_hd__o21bai_2)
     4    0.019682    0.106803    0.289019   15.927361 v _4667_/Y (sky130_fd_sc_hd__o21bai_2)
                                                         _0636_ (net)
                      0.106818    0.001346   15.928708 v _4742_/A (sky130_fd_sc_hd__nor3_2)
     3    0.021354    0.385227    0.406859   16.335566 ^ _4742_/Y (sky130_fd_sc_hd__nor3_2)
                                                         _0709_ (net)
                      0.385234    0.001435   16.337002 ^ _4743_/D_N (sky130_fd_sc_hd__or4b_4)
     6    0.044580    0.152398    0.644514   16.981516 v _4743_/X (sky130_fd_sc_hd__or4b_4)
                                                         _0710_ (net)
                      0.152569    0.004810   16.986326 v _5076_/A (sky130_fd_sc_hd__or3_2)
     1    0.004580    0.083777    0.538243   17.524569 v _5076_/X (sky130_fd_sc_hd__or3_2)
                                                         _1041_ (net)
                      0.083777    0.000300   17.524870 v _5106_/A3 (sky130_fd_sc_hd__a31o_2)
     2    0.034614    0.106034    0.353957   17.878826 v _5106_/X (sky130_fd_sc_hd__a31o_2)
                                                         net169 (net)
                      0.106209    0.003945   17.882771 v _5996_/D (sky130_fd_sc_hd__or4_4)
     1    0.011750    0.097430    0.476987   18.359758 v _5996_/X (sky130_fd_sc_hd__or4_4)
                                                         _2027_ (net)
                      0.097430    0.001339   18.361097 v _5998_/C (sky130_fd_sc_hd__or4_4)
     1    0.009197    0.092805    0.533076   18.894175 v _5998_/X (sky130_fd_sc_hd__or4_4)
                                                         _2029_ (net)
                      0.092805    0.000894   18.895067 v _6001_/B (sky130_fd_sc_hd__or4bb_2)
     2    0.024146    0.164900    0.757733   19.652802 v _6001_/X (sky130_fd_sc_hd__or4bb_2)
                                                         _2032_ (net)
                      0.164949    0.002851   19.655651 v _6002_/C (sky130_fd_sc_hd__or3_2)
     1    0.019490    0.126098    0.548965   20.204617 v _6002_/X (sky130_fd_sc_hd__or3_2)
                                                         _2033_ (net)
                      0.126156    0.002585   20.207201 v _6003_/D (sky130_fd_sc_hd__or4_4)
     1    0.009050    0.092493    0.473596   20.680798 v _6003_/X (sky130_fd_sc_hd__or4_4)
                                                         _2034_ (net)
                      0.092493    0.000718   20.681517 v _6004_/D (sky130_fd_sc_hd__or4_4)
     1    0.009526    0.093340    0.464437   21.145952 v _6004_/X (sky130_fd_sc_hd__or4_4)
                                                         _2035_ (net)
                      0.093340    0.000780   21.146732 v _6005_/D (sky130_fd_sc_hd__nor4_4)
     1    0.006783    0.218482    0.173333   21.320066 ^ _6005_/Y (sky130_fd_sc_hd__nor4_4)
                                                         net201 (net)
                      0.218482    0.000510   21.320576 ^ output201/A (sky130_fd_sc_hd__clkdlybuf4s25_1)
     1    0.037518    0.378352    0.556719   21.877295 ^ output201/X (sky130_fd_sc_hd__clkdlybuf4s25_1)
                                                         zero_flag (net)
                      0.378361    0.002469   21.879765 ^ zero_flag (out)
                                             21.879765   data arrival time

                      0.000000   40.000000   40.000000   clock __VIRTUAL_CLK__ (rise edge)
                                  0.000000   40.000000   clock network delay (ideal)
                                 -0.250000   39.750000   clock uncertainty
                                  0.000000   39.750000   clock reconvergence pessimism
                                 -8.000000   31.750000   output external delay
                                             31.750000   data required time
---------------------------------------------------------------------------------------------
                                             31.750000   data required time
                                            -21.879765   data arrival time
---------------------------------------------------------------------------------------------
                                              9.870234   slack (MET)


Startpoint: operand_b[3] (input port clocked by __VIRTUAL_CLK__)
Endpoint: carry_out (output port clocked by __VIRTUAL_CLK__)
Path Group: __VIRTUAL_CLK__
Path Type: max

Fanout         Cap        Slew       Delay        Time   Description
---------------------------------------------------------------------------------------------
                      0.000000    0.000000    0.000000   clock __VIRTUAL_CLK__ (rise edge)
                                  0.000000    0.000000   clock network delay (ideal)
                                  8.000000    8.000000 v input external delay
     1    0.007394    0.018830    0.012768    8.012769 v operand_b[3] (in)
                                                         operand_b[3] (net)
                      0.018841    0.000000    8.012769 v input103/A (sky130_fd_sc_hd__clkdlybuf4s25_1)
     1    0.010377    0.089120    0.289454    8.302222 v input103/X (sky130_fd_sc_hd__clkdlybuf4s25_1)
                                                         net103 (net)
                      0.089126    0.000863    8.303085 v fanout688/A (sky130_fd_sc_hd__clkdlybuf4s25_1)
     7    0.065167    0.474874    0.624667    8.927752 v fanout688/X (sky130_fd_sc_hd__clkdlybuf4s25_1)
                                                         net688 (net)
                      0.474897    0.003725    8.931478 v fanout687/A (sky130_fd_sc_hd__clkdlybuf4s25_1)
     8    0.060930    0.445760    0.718479    9.649956 v fanout687/X (sky130_fd_sc_hd__clkdlybuf4s25_1)
                                                         net687 (net)
                      0.445794    0.004178    9.654134 v _3229_/A (sky130_fd_sc_hd__inv_2)
     9    0.085074    0.407716    0.487844   10.141978 ^ _3229_/Y (sky130_fd_sc_hd__inv_2)
                                                         _1116_ (net)
                      0.407959    0.008727   10.150705 ^ _3230_/A (sky130_fd_sc_hd__clkbuf_2)
    10    0.094902    0.508107    0.529892   10.680597 ^ _3230_/X (sky130_fd_sc_hd__clkbuf_2)
                                                         _1126_ (net)
                      0.508549    0.013079   10.693676 ^ _3318_/A (sky130_fd_sc_hd__clkbuf_2)
    10    0.106560    0.566158    0.593795   11.287472 ^ _3318_/X (sky130_fd_sc_hd__clkbuf_2)
                                                         _2069_ (net)
                      0.566375    0.009687   11.297159 ^ _3633_/A (sky130_fd_sc_hd__clkbuf_2)
    10    0.094186    0.504070    0.552576   11.849735 ^ _3633_/X (sky130_fd_sc_hd__clkbuf_2)
                                                         _2842_ (net)
                      0.504182    0.006628   11.856362 ^ _3643_/A (sky130_fd_sc_hd__clkbuf_2)
    10    0.094013    0.503332    0.541466   12.397828 ^ _3643_/X (sky130_fd_sc_hd__clkbuf_2)
                                                         _2852_ (net)
                      0.503874    0.014372   12.412200 ^ _3900_/A (sky130_fd_sc_hd__clkbuf_1)
     4    0.027399    0.322498    0.350523   12.762723 ^ _3900_/X (sky130_fd_sc_hd__clkbuf_1)
                                                         _3104_ (net)
                      0.322518    0.002191   12.764914 ^ max_cap241/A (sky130_fd_sc_hd__buf_2)
     7    0.042734    0.210708    0.318069   13.082983 ^ max_cap241/X (sky130_fd_sc_hd__buf_2)
                                                         net241 (net)
                      0.210865    0.003704   13.086687 ^ _4140_/A (sky130_fd_sc_hd__clkbuf_2)
    10    0.111225    0.591548    0.554389   13.641076 ^ _4140_/X (sky130_fd_sc_hd__clkbuf_2)
                                                         _0121_ (net)
                      0.592351    0.018862   13.659939 ^ _4141_/A (sky130_fd_sc_hd__clkbuf_2)
    10    0.159363    0.847787    0.793312   14.453251 ^ _4141_/X (sky130_fd_sc_hd__clkbuf_2)
                                                         _0122_ (net)
                      0.850361    0.040100   14.493351 ^ _6103_/A1 (sky130_fd_sc_hd__o21ai_2)
     1    0.015759    0.163545    0.215935   14.709286 v _6103_/Y (sky130_fd_sc_hd__o21ai_2)
                                                         _2143_ (net)
                      0.163572    0.001751   14.711038 v _6104_/A2 (sky130_fd_sc_hd__a22o_2)
     1    0.019674    0.079336    0.367719   15.078756 v _6104_/X (sky130_fd_sc_hd__a22o_2)
                                                         _2144_ (net)
                      0.079401    0.002151   15.080908 v _6112_/A2 (sky130_fd_sc_hd__o21ai_2)
     1    0.016118    0.214078    0.222929   15.303837 ^ _6112_/Y (sky130_fd_sc_hd__o21ai_2)
                                                         _2153_ (net)
                      0.214094    0.001570   15.305408 ^ _6124_/A1 (sky130_fd_sc_hd__a21oi_2)
     1    0.021509    0.131619    0.148727   15.454134 v _6124_/Y (sky130_fd_sc_hd__a21oi_2)
                                                         _2166_ (net)
                      0.131727    0.002185   15.456319 v _6125_/C1 (sky130_fd_sc_hd__a211o_2)
     1    0.006493    0.057358    0.320442   15.776762 v _6125_/X (sky130_fd_sc_hd__a211o_2)
                                                         _2167_ (net)
                      0.057358    0.000419   15.777181 v _6147_/A1 (sky130_fd_sc_hd__a21o_2)
     3    0.033920    0.106741    0.276319   16.053501 v _6147_/X (sky130_fd_sc_hd__a21o_2)
                                                         _2192_ (net)
                      0.106914    0.003959   16.057459 v _6148_/B (sky130_fd_sc_hd__or2_2)
     2    0.023074    0.105601    0.380709   16.438169 v _6148_/X (sky130_fd_sc_hd__or2_2)
                                                         _2193_ (net)
                      0.105653    0.002304   16.440472 v _6155_/C (sky130_fd_sc_hd__and3b_2)
     1    0.003845    0.040582    0.245672   16.686144 v _6155_/X (sky130_fd_sc_hd__and3b_2)
                                                         _2200_ (net)
                      0.040582    0.000258   16.686401 v _6160_/B1 (sky130_fd_sc_hd__a211o_2)
     1    0.013774    0.076047    0.358849   17.045252 v _6160_/X (sky130_fd_sc_hd__a211o_2)
                                                         _2206_ (net)
                      0.076059    0.000909   17.046160 v _6198_/A (sky130_fd_sc_hd__and3_2)
     1    0.013164    0.061589    0.225660   17.271820 v _6198_/X (sky130_fd_sc_hd__and3_2)
                                                         _2248_ (net)
                      0.061655    0.001393   17.273212 v _6239_/A (sky130_fd_sc_hd__or3b_2)
     1    0.028168    0.154012    0.601608   17.874821 v _6239_/X (sky130_fd_sc_hd__or3b_2)
                                                         _2293_ (net)
                      0.154180    0.004777   17.879597 v _6282_/A2 (sky130_fd_sc_hd__a31o_2)
     1    0.018559    0.073010    0.332326   18.211924 v _6282_/X (sky130_fd_sc_hd__a31o_2)
                                                         _2340_ (net)
                      0.073094    0.002320   18.214243 v _6398_/A1 (sky130_fd_sc_hd__a21o_2)
     1    0.033861    0.106265    0.283448   18.497690 v _6398_/X (sky130_fd_sc_hd__a21o_2)
                                                         _2468_ (net)
                      0.106414    0.003689   18.501381 v _6399_/B1 (sky130_fd_sc_hd__a211o_2)
     1    0.003514    0.048439    0.338577   18.839958 v _6399_/X (sky130_fd_sc_hd__a211o_2)
                                                         _2469_ (net)
                      0.048736    0.000242   18.840199 v _6406_/B1 (sky130_fd_sc_hd__o311a_2)
     1    0.012989    0.081400    0.164572   19.004772 v _6406_/X (sky130_fd_sc_hd__o311a_2)
                                                         _2477_ (net)
                      0.081400    0.001046   19.005817 v _6421_/A2 (sky130_fd_sc_hd__o2111a_2)
     1    0.010525    0.059387    0.296245   19.302063 v _6421_/X (sky130_fd_sc_hd__o2111a_2)
                                                         _2493_ (net)
                      0.059405    0.001025   19.303087 v _6488_/A (sky130_fd_sc_hd__or3b_2)
     1    0.010677    0.104159    0.533401   19.836489 v _6488_/X (sky130_fd_sc_hd__or3b_2)
                                                         _2567_ (net)
                      0.104163    0.000835   19.837324 v _6489_/A (sky130_fd_sc_hd__buf_1)
     1    0.003136    0.028809    0.121080   19.958403 v _6489_/X (sky130_fd_sc_hd__buf_1)
                                                         net134 (net)
                      0.028810    0.000211   19.958614 v output134/A (sky130_fd_sc_hd__clkdlybuf4s25_1)
     1    0.035862    0.266894    0.435524   20.394138 v output134/X (sky130_fd_sc_hd__clkdlybuf4s25_1)
                                                         carry_out (net)
                      0.266906    0.002084   20.396223 v carry_out (out)
                                             20.396223   data arrival time

                      0.000000   40.000000   40.000000   clock __VIRTUAL_CLK__ (rise edge)
                                  0.000000   40.000000   clock network delay (ideal)
                                 -0.250000   39.750000   clock uncertainty
                                  0.000000   39.750000   clock reconvergence pessimism
                                 -8.000000   31.750000   output external delay
                                             31.750000   data required time
---------------------------------------------------------------------------------------------
                                             31.750000   data required time
                                            -20.396223   data arrival time
---------------------------------------------------------------------------------------------
                                             11.353777   slack (MET)


Startpoint: operand_b[1] (input port clocked by __VIRTUAL_CLK__)
Endpoint: result[63] (output port clocked by __VIRTUAL_CLK__)
Path Group: __VIRTUAL_CLK__
Path Type: max

Fanout         Cap        Slew       Delay        Time   Description
---------------------------------------------------------------------------------------------
                      0.000000    0.000000    0.000000   clock __VIRTUAL_CLK__ (rise edge)
                                  0.000000    0.000000   clock network delay (ideal)
                                  8.000000    8.000000 ^ input external delay
     1    0.009144    0.047534    0.033130    8.033130 ^ operand_b[1] (in)
                                                         operand_b[1] (net)
                      0.047549    0.000000    8.033130 ^ input81/A (sky130_fd_sc_hd__clkdlybuf4s25_1)
     1    0.006236    0.075597    0.281335    8.314465 ^ input81/X (sky130_fd_sc_hd__clkdlybuf4s25_1)
                                                         net81 (net)
                      0.075598    0.000409    8.314874 ^ fanout406/A (sky130_fd_sc_hd__clkdlybuf4s25_1)
     7    0.101761    1.009030    0.973063    9.287937 ^ fanout406/X (sky130_fd_sc_hd__clkdlybuf4s25_1)
                                                         net406 (net)
                      1.009044    0.003321    9.291258 ^ fanout404/A (sky130_fd_sc_hd__clkdlybuf4s25_1)
     8    0.063200    0.628611    0.836630   10.127888 ^ fanout404/X (sky130_fd_sc_hd__clkdlybuf4s25_1)
                                                         net404 (net)
                      0.628611    0.001861   10.129749 ^ fanout402/A (sky130_fd_sc_hd__clkdlybuf4s25_1)
     3    0.028626    0.291253    0.559948   10.689696 ^ fanout402/X (sky130_fd_sc_hd__clkdlybuf4s25_1)
                                                         net402 (net)
                      0.291270    0.002610   10.692307 ^ load_slew403/A (sky130_fd_sc_hd__buf_4)
     8    0.060777    0.172050    0.290256   10.982563 ^ load_slew403/X (sky130_fd_sc_hd__buf_4)
                                                         net403 (net)
                      0.172352    0.005465   10.988028 ^ fanout400/A (sky130_fd_sc_hd__clkdlybuf4s25_1)
     5    0.049851    0.498841    0.632431   11.620459 ^ fanout400/X (sky130_fd_sc_hd__clkdlybuf4s25_1)
                                                         net400 (net)
                      0.499066    0.005632   11.626091 ^ load_slew401/A (sky130_fd_sc_hd__clkbuf_2)
     6    0.056358    0.305807    0.405150   12.031240 ^ load_slew401/X (sky130_fd_sc_hd__clkbuf_2)
                                                         net401 (net)
                      0.306048    0.007440   12.038681 ^ _3412_/B_N (sky130_fd_sc_hd__nor2b_2)
     4    0.022652    0.259363    0.358341   12.397021 ^ _3412_/Y (sky130_fd_sc_hd__nor2b_2)
                                                         _2625_ (net)
                      0.259394    0.002488   12.399509 ^ _3555_/C1 (sky130_fd_sc_hd__a221oi_2)
     5    0.021700    0.121956    0.124849   12.524358 v _3555_/Y (sky130_fd_sc_hd__a221oi_2)
                                                         _2765_ (net)
                      0.122084    0.002412   12.526771 v _3683_/A3 (sky130_fd_sc_hd__o31a_2)
     3    0.016882    0.083538    0.372344   12.899115 v _3683_/X (sky130_fd_sc_hd__o31a_2)
                                                         _2891_ (net)
                      0.083628    0.001696   12.900809 v _4087_/A2 (sky130_fd_sc_hd__o41a_2)
     4    0.047214    0.167139    0.645345   13.546155 v _4087_/X (sky130_fd_sc_hd__o41a_2)
                                                         _0069_ (net)
                      0.167332    0.005288   13.551443 v _4441_/A3 (sky130_fd_sc_hd__o31ai_4)
     1    0.012076    0.235258    0.273910   13.825353 ^ _4441_/Y (sky130_fd_sc_hd__o31ai_4)
                                                         _0415_ (net)
                      0.235259    0.001141   13.826494 ^ wire248/A (sky130_fd_sc_hd__buf_2)
     5    0.052312    0.256495    0.326108   14.152602 ^ wire248/X (sky130_fd_sc_hd__buf_2)
                                                         net248 (net)
                      0.257064    0.010429   14.163032 ^ _4442_/A (sky130_fd_sc_hd__clkbuf_1)
     5    0.028953    0.340195    0.343526   14.506557 ^ _4442_/X (sky130_fd_sc_hd__clkbuf_1)
                                                         _0416_ (net)
                      0.340203    0.001535   14.508092 ^ max_cap234/A (sky130_fd_sc_hd__buf_2)
     6    0.040376    0.198838    0.311628   14.819720 ^ max_cap234/X (sky130_fd_sc_hd__buf_2)
                                                         net234 (net)
                      0.199073    0.004983   14.824703 ^ _4443_/B (sky130_fd_sc_hd__nand2_2)
     9    0.047385    0.197244    0.222133   15.046835 v _4443_/Y (sky130_fd_sc_hd__nand2_2)
                                                         _0417_ (net)
                      0.197244    0.000252   15.047088 v _4585_/A1 (sky130_fd_sc_hd__a2111o_2)
     4    0.028997    0.132885    0.586280   15.633367 v _4585_/X (sky130_fd_sc_hd__a2111o_2)
                                                         _0556_ (net)
                      0.133103    0.004976   15.638343 v _4667_/B1_N (sky130_fd_sc_hd__o21bai_2)
     4    0.019682    0.106803    0.289019   15.927361 v _4667_/Y (sky130_fd_sc_hd__o21bai_2)
                                                         _0636_ (net)
                      0.106818    0.001346   15.928708 v _4742_/A (sky130_fd_sc_hd__nor3_2)
     3    0.021354    0.385227    0.406859   16.335566 ^ _4742_/Y (sky130_fd_sc_hd__nor3_2)
                                                         _0709_ (net)
                      0.385234    0.001435   16.337002 ^ _4743_/D_N (sky130_fd_sc_hd__or4b_4)
     6    0.044580    0.152398    0.644514   16.981516 v _4743_/X (sky130_fd_sc_hd__or4b_4)
                                                         _0710_ (net)
                      0.152616    0.005361   16.986876 v _5624_/A (sky130_fd_sc_hd__or4b_4)
     2    0.021327    0.114888    0.650582   17.637459 v _5624_/X (sky130_fd_sc_hd__or4b_4)
                                                         _1629_ (net)
                      0.114888    0.002206   17.639664 v _5652_/B_N (sky130_fd_sc_hd__and4bb_4)
     7    0.033269    0.140222    0.456621   18.096287 ^ _5652_/X (sky130_fd_sc_hd__and4bb_4)
                                                         _1659_ (net)
                      0.140316    0.003478   18.099764 ^ _5789_/B1 (sky130_fd_sc_hd__o2111a_2)
     3    0.014852    0.100241    0.278046   18.377810 ^ _5789_/X (sky130_fd_sc_hd__o2111a_2)
                                                         _1806_ (net)
                      0.100254    0.001222   18.379032 ^ _5825_/A (sky130_fd_sc_hd__nand3_2)
     4    0.019225    0.150860    0.138439   18.517471 v _5825_/Y (sky130_fd_sc_hd__nand3_2)
                                                         _1844_ (net)
                      0.150862    0.000920   18.518391 v _5895_/A_N (sky130_fd_sc_hd__and3b_2)
     3    0.026760    0.149574    0.376382   18.894772 ^ _5895_/X (sky130_fd_sc_hd__and3b_2)
                                                         _1918_ (net)
                      0.149603    0.002139   18.896912 ^ _5960_/A (sky130_fd_sc_hd__nand2_2)
     1    0.023754    0.110055    0.134744   19.031654 v _5960_/Y (sky130_fd_sc_hd__nand2_2)
                                                         _1988_ (net)
                      0.110106    0.002034   19.033689 v _5961_/B (sky130_fd_sc_hd__xor2_2)
     1    0.004231    0.063747    0.171818   19.205507 v _5961_/X (sky130_fd_sc_hd__xor2_2)
                                                         _1989_ (net)
                      0.063747    0.000382   19.205889 v _5980_/A2 (sky130_fd_sc_hd__a211o_2)
     3    0.026479    0.105842    0.427763   19.633652 v _5980_/X (sky130_fd_sc_hd__a211o_2)
                                                         net135 (net)
                      0.105868    0.001679   19.635330 v _6501_/A (sky130_fd_sc_hd__buf_2)
     1    0.002314    0.022366    0.146128   19.781458 v _6501_/X (sky130_fd_sc_hd__buf_2)
                                                         net196 (net)
                      0.022366    0.000112   19.781570 v output196/A (sky130_fd_sc_hd__clkdlybuf4s25_1)
     1    0.036283    0.269886    0.434873   20.216444 v output196/X (sky130_fd_sc_hd__clkdlybuf4s25_1)
                                                         result[63] (net)
                      0.269900    0.002210   20.218655 v result[63] (out)
                                             20.218655   data arrival time

                      0.000000   40.000000   40.000000   clock __VIRTUAL_CLK__ (rise edge)
                                  0.000000   40.000000   clock network delay (ideal)
                                 -0.250000   39.750000   clock uncertainty
                                  0.000000   39.750000   clock reconvergence pessimism
                                 -8.000000   31.750000   output external delay
                                             31.750000   data required time
---------------------------------------------------------------------------------------------
                                             31.750000   data required time
                                            -20.218655   data arrival time
---------------------------------------------------------------------------------------------
                                             11.531345   slack (MET)


Startpoint: operand_b[1] (input port clocked by __VIRTUAL_CLK__)
Endpoint: negative_flag (output port clocked by __VIRTUAL_CLK__)
Path Group: __VIRTUAL_CLK__
Path Type: max

Fanout         Cap        Slew       Delay        Time   Description
---------------------------------------------------------------------------------------------
                      0.000000    0.000000    0.000000   clock __VIRTUAL_CLK__ (rise edge)
                                  0.000000    0.000000   clock network delay (ideal)
                                  8.000000    8.000000 ^ input external delay
     1    0.009144    0.047534    0.033130    8.033130 ^ operand_b[1] (in)
                                                         operand_b[1] (net)
                      0.047549    0.000000    8.033130 ^ input81/A (sky130_fd_sc_hd__clkdlybuf4s25_1)
     1    0.006236    0.075597    0.281335    8.314465 ^ input81/X (sky130_fd_sc_hd__clkdlybuf4s25_1)
                                                         net81 (net)
                      0.075598    0.000409    8.314874 ^ fanout406/A (sky130_fd_sc_hd__clkdlybuf4s25_1)
     7    0.101761    1.009030    0.973063    9.287937 ^ fanout406/X (sky130_fd_sc_hd__clkdlybuf4s25_1)
                                                         net406 (net)
                      1.009044    0.003321    9.291258 ^ fanout404/A (sky130_fd_sc_hd__clkdlybuf4s25_1)
     8    0.063200    0.628611    0.836630   10.127888 ^ fanout404/X (sky130_fd_sc_hd__clkdlybuf4s25_1)
                                                         net404 (net)
                      0.628611    0.001861   10.129749 ^ fanout402/A (sky130_fd_sc_hd__clkdlybuf4s25_1)
     3    0.028626    0.291253    0.559948   10.689696 ^ fanout402/X (sky130_fd_sc_hd__clkdlybuf4s25_1)
                                                         net402 (net)
                      0.291270    0.002610   10.692307 ^ load_slew403/A (sky130_fd_sc_hd__buf_4)
     8    0.060777    0.172050    0.290256   10.982563 ^ load_slew403/X (sky130_fd_sc_hd__buf_4)
                                                         net403 (net)
                      0.172352    0.005465   10.988028 ^ fanout400/A (sky130_fd_sc_hd__clkdlybuf4s25_1)
     5    0.049851    0.498841    0.632431   11.620459 ^ fanout400/X (sky130_fd_sc_hd__clkdlybuf4s25_1)
                                                         net400 (net)
                      0.499066    0.005632   11.626091 ^ load_slew401/A (sky130_fd_sc_hd__clkbuf_2)
     6    0.056358    0.305807    0.405150   12.031240 ^ load_slew401/X (sky130_fd_sc_hd__clkbuf_2)
                                                         net401 (net)
                      0.306048    0.007440   12.038681 ^ _3412_/B_N (sky130_fd_sc_hd__nor2b_2)
     4    0.022652    0.259363    0.358341   12.397021 ^ _3412_/Y (sky130_fd_sc_hd__nor2b_2)
                                                         _2625_ (net)
                      0.259394    0.002488   12.399509 ^ _3555_/C1 (sky130_fd_sc_hd__a221oi_2)
     5    0.021700    0.121956    0.124849   12.524358 v _3555_/Y (sky130_fd_sc_hd__a221oi_2)
                                                         _2765_ (net)
                      0.122084    0.002412   12.526771 v _3683_/A3 (sky130_fd_sc_hd__o31a_2)
     3    0.016882    0.083538    0.372344   12.899115 v _3683_/X (sky130_fd_sc_hd__o31a_2)
                                                         _2891_ (net)
                      0.083628    0.001696   12.900809 v _4087_/A2 (sky130_fd_sc_hd__o41a_2)
     4    0.047214    0.167139    0.645345   13.546155 v _4087_/X (sky130_fd_sc_hd__o41a_2)
                                                         _0069_ (net)
                      0.167332    0.005288   13.551443 v _4441_/A3 (sky130_fd_sc_hd__o31ai_4)
     1    0.012076    0.235258    0.273910   13.825353 ^ _4441_/Y (sky130_fd_sc_hd__o31ai_4)
                                                         _0415_ (net)
                      0.235259    0.001141   13.826494 ^ wire248/A (sky130_fd_sc_hd__buf_2)
     5    0.052312    0.256495    0.326108   14.152602 ^ wire248/X (sky130_fd_sc_hd__buf_2)
                                                         net248 (net)
                      0.257064    0.010429   14.163032 ^ _4442_/A (sky130_fd_sc_hd__clkbuf_1)
     5    0.028953    0.340195    0.343526   14.506557 ^ _4442_/X (sky130_fd_sc_hd__clkbuf_1)
                                                         _0416_ (net)
                      0.340203    0.001535   14.508092 ^ max_cap234/A (sky130_fd_sc_hd__buf_2)
     6    0.040376    0.198838    0.311628   14.819720 ^ max_cap234/X (sky130_fd_sc_hd__buf_2)
                                                         net234 (net)
                      0.199073    0.004983   14.824703 ^ _4443_/B (sky130_fd_sc_hd__nand2_2)
     9    0.047385    0.197244    0.222133   15.046835 v _4443_/Y (sky130_fd_sc_hd__nand2_2)
                                                         _0417_ (net)
                      0.197244    0.000252   15.047088 v _4585_/A1 (sky130_fd_sc_hd__a2111o_2)
     4    0.028997    0.132885    0.586280   15.633367 v _4585_/X (sky130_fd_sc_hd__a2111o_2)
                                                         _0556_ (net)
                      0.133103    0.004976   15.638343 v _4667_/B1_N (sky130_fd_sc_hd__o21bai_2)
     4    0.019682    0.106803    0.289019   15.927361 v _4667_/Y (sky130_fd_sc_hd__o21bai_2)
                                                         _0636_ (net)
                      0.106818    0.001346   15.928708 v _4742_/A (sky130_fd_sc_hd__nor3_2)
     3    0.021354    0.385227    0.406859   16.335566 ^ _4742_/Y (sky130_fd_sc_hd__nor3_2)
                                                         _0709_ (net)
                      0.385234    0.001435   16.337002 ^ _4743_/D_N (sky130_fd_sc_hd__or4b_4)
     6    0.044580    0.152398    0.644514   16.981516 v _4743_/X (sky130_fd_sc_hd__or4b_4)
                                                         _0710_ (net)
                      0.152616    0.005361   16.986876 v _5624_/A (sky130_fd_sc_hd__or4b_4)
     2    0.021327    0.114888    0.650582   17.637459 v _5624_/X (sky130_fd_sc_hd__or4b_4)
                                                         _1629_ (net)
                      0.114888    0.002206   17.639664 v _5652_/B_N (sky130_fd_sc_hd__and4bb_4)
     7    0.033269    0.140222    0.456621   18.096287 ^ _5652_/X (sky130_fd_sc_hd__and4bb_4)
                                                         _1659_ (net)
                      0.140316    0.003478   18.099764 ^ _5789_/B1 (sky130_fd_sc_hd__o2111a_2)
     3    0.014852    0.100241    0.278046   18.377810 ^ _5789_/X (sky130_fd_sc_hd__o2111a_2)
                                                         _1806_ (net)
                      0.100254    0.001222   18.379032 ^ _5825_/A (sky130_fd_sc_hd__nand3_2)
     4    0.019225    0.150860    0.138439   18.517471 v _5825_/Y (sky130_fd_sc_hd__nand3_2)
                                                         _1844_ (net)
                      0.150862    0.000920   18.518391 v _5895_/A_N (sky130_fd_sc_hd__and3b_2)
     3    0.026760    0.149574    0.376382   18.894772 ^ _5895_/X (sky130_fd_sc_hd__and3b_2)
                                                         _1918_ (net)
                      0.149603    0.002139   18.896912 ^ _5960_/A (sky130_fd_sc_hd__nand2_2)
     1    0.023754    0.110055    0.134744   19.031654 v _5960_/Y (sky130_fd_sc_hd__nand2_2)
                                                         _1988_ (net)
                      0.110106    0.002034   19.033689 v _5961_/B (sky130_fd_sc_hd__xor2_2)
     1    0.004231    0.063747    0.171818   19.205507 v _5961_/X (sky130_fd_sc_hd__xor2_2)
                                                         _1989_ (net)
                      0.063747    0.000382   19.205889 v _5980_/A2 (sky130_fd_sc_hd__a211o_2)
     3    0.026479    0.105842    0.427763   19.633652 v _5980_/X (sky130_fd_sc_hd__a211o_2)
                                                         net135 (net)
                      0.105870    0.001737   19.635389 v output135/A (sky130_fd_sc_hd__clkdlybuf4s25_1)
     1    0.035899    0.266648    0.470843   20.106232 v output135/X (sky130_fd_sc_hd__clkdlybuf4s25_1)
                                                         negative_flag (net)
                      0.266660    0.002087   20.108318 v negative_flag (out)
                                             20.108318   data arrival time

                      0.000000   40.000000   40.000000   clock __VIRTUAL_CLK__ (rise edge)
                                  0.000000   40.000000   clock network delay (ideal)
                                 -0.250000   39.750000   clock uncertainty
                                  0.000000   39.750000   clock reconvergence pessimism
                                 -8.000000   31.750000   output external delay
                                             31.750000   data required time
---------------------------------------------------------------------------------------------
                                             31.750000   data required time
                                            -20.108318   data arrival time
---------------------------------------------------------------------------------------------
                                             11.641680   slack (MET)


Startpoint: operand_b[1] (input port clocked by __VIRTUAL_CLK__)
Endpoint: result[61] (output port clocked by __VIRTUAL_CLK__)
Path Group: __VIRTUAL_CLK__
Path Type: max

Fanout         Cap        Slew       Delay        Time   Description
---------------------------------------------------------------------------------------------
                      0.000000    0.000000    0.000000   clock __VIRTUAL_CLK__ (rise edge)
                                  0.000000    0.000000   clock network delay (ideal)
                                  8.000000    8.000000 ^ input external delay
     1    0.009144    0.047534    0.033130    8.033130 ^ operand_b[1] (in)
                                                         operand_b[1] (net)
                      0.047549    0.000000    8.033130 ^ input81/A (sky130_fd_sc_hd__clkdlybuf4s25_1)
     1    0.006236    0.075597    0.281335    8.314465 ^ input81/X (sky130_fd_sc_hd__clkdlybuf4s25_1)
                                                         net81 (net)
                      0.075598    0.000409    8.314874 ^ fanout406/A (sky130_fd_sc_hd__clkdlybuf4s25_1)
     7    0.101761    1.009030    0.973063    9.287937 ^ fanout406/X (sky130_fd_sc_hd__clkdlybuf4s25_1)
                                                         net406 (net)
                      1.009044    0.003321    9.291258 ^ fanout404/A (sky130_fd_sc_hd__clkdlybuf4s25_1)
     8    0.063200    0.628611    0.836630   10.127888 ^ fanout404/X (sky130_fd_sc_hd__clkdlybuf4s25_1)
                                                         net404 (net)
                      0.628611    0.001861   10.129749 ^ fanout402/A (sky130_fd_sc_hd__clkdlybuf4s25_1)
     3    0.028626    0.291253    0.559948   10.689696 ^ fanout402/X (sky130_fd_sc_hd__clkdlybuf4s25_1)
                                                         net402 (net)
                      0.291270    0.002610   10.692307 ^ load_slew403/A (sky130_fd_sc_hd__buf_4)
     8    0.060777    0.172050    0.290256   10.982563 ^ load_slew403/X (sky130_fd_sc_hd__buf_4)
                                                         net403 (net)
                      0.172352    0.005465   10.988028 ^ fanout400/A (sky130_fd_sc_hd__clkdlybuf4s25_1)
     5    0.049851    0.498841    0.632431   11.620459 ^ fanout400/X (sky130_fd_sc_hd__clkdlybuf4s25_1)
                                                         net400 (net)
                      0.499066    0.005632   11.626091 ^ load_slew401/A (sky130_fd_sc_hd__clkbuf_2)
     6    0.056358    0.305807    0.405150   12.031240 ^ load_slew401/X (sky130_fd_sc_hd__clkbuf_2)
                                                         net401 (net)
                      0.306048    0.007440   12.038681 ^ _3412_/B_N (sky130_fd_sc_hd__nor2b_2)
     4    0.022652    0.259363    0.358341   12.397021 ^ _3412_/Y (sky130_fd_sc_hd__nor2b_2)
                                                         _2625_ (net)
                      0.259394    0.002488   12.399509 ^ _3555_/C1 (sky130_fd_sc_hd__a221oi_2)
     5    0.021700    0.121956    0.124849   12.524358 v _3555_/Y (sky130_fd_sc_hd__a221oi_2)
                                                         _2765_ (net)
                      0.122084    0.002412   12.526771 v _3683_/A3 (sky130_fd_sc_hd__o31a_2)
     3    0.016882    0.083538    0.372344   12.899115 v _3683_/X (sky130_fd_sc_hd__o31a_2)
                                                         _2891_ (net)
                      0.083628    0.001696   12.900809 v _4087_/A2 (sky130_fd_sc_hd__o41a_2)
     4    0.047214    0.167139    0.645345   13.546155 v _4087_/X (sky130_fd_sc_hd__o41a_2)
                                                         _0069_ (net)
                      0.167332    0.005288   13.551443 v _4441_/A3 (sky130_fd_sc_hd__o31ai_4)
     1    0.012076    0.235258    0.273910   13.825353 ^ _4441_/Y (sky130_fd_sc_hd__o31ai_4)
                                                         _0415_ (net)
                      0.235259    0.001141   13.826494 ^ wire248/A (sky130_fd_sc_hd__buf_2)
     5    0.052312    0.256495    0.326108   14.152602 ^ wire248/X (sky130_fd_sc_hd__buf_2)
                                                         net248 (net)
                      0.257064    0.010429   14.163032 ^ _4442_/A (sky130_fd_sc_hd__clkbuf_1)
     5    0.028953    0.340195    0.343526   14.506557 ^ _4442_/X (sky130_fd_sc_hd__clkbuf_1)
                                                         _0416_ (net)
                      0.340203    0.001535   14.508092 ^ max_cap234/A (sky130_fd_sc_hd__buf_2)
     6    0.040376    0.198838    0.311628   14.819720 ^ max_cap234/X (sky130_fd_sc_hd__buf_2)
                                                         net234 (net)
                      0.199073    0.004983   14.824703 ^ _4443_/B (sky130_fd_sc_hd__nand2_2)
     9    0.047385    0.197244    0.222133   15.046835 v _4443_/Y (sky130_fd_sc_hd__nand2_2)
                                                         _0417_ (net)
                      0.197244    0.000252   15.047088 v _4585_/A1 (sky130_fd_sc_hd__a2111o_2)
     4    0.028997    0.132885    0.586280   15.633367 v _4585_/X (sky130_fd_sc_hd__a2111o_2)
                                                         _0556_ (net)
                      0.133103    0.004976   15.638343 v _4667_/B1_N (sky130_fd_sc_hd__o21bai_2)
     4    0.019682    0.106803    0.289019   15.927361 v _4667_/Y (sky130_fd_sc_hd__o21bai_2)
                                                         _0636_ (net)
                      0.106818    0.001346   15.928708 v _4742_/A (sky130_fd_sc_hd__nor3_2)
     3    0.021354    0.385227    0.406859   16.335566 ^ _4742_/Y (sky130_fd_sc_hd__nor3_2)
                                                         _0709_ (net)
                      0.385234    0.001435   16.337002 ^ _4743_/D_N (sky130_fd_sc_hd__or4b_4)
     6    0.044580    0.152398    0.644514   16.981516 v _4743_/X (sky130_fd_sc_hd__or4b_4)
                                                         _0710_ (net)
                      0.152616    0.005361   16.986876 v _5624_/A (sky130_fd_sc_hd__or4b_4)
     2    0.021327    0.114888    0.650582   17.637459 v _5624_/X (sky130_fd_sc_hd__or4b_4)
                                                         _1629_ (net)
                      0.114888    0.002206   17.639664 v _5652_/B_N (sky130_fd_sc_hd__and4bb_4)
     7    0.033269    0.140222    0.456621   18.096287 ^ _5652_/X (sky130_fd_sc_hd__and4bb_4)
                                                         _1659_ (net)
                      0.140316    0.003478   18.099764 ^ _5789_/B1 (sky130_fd_sc_hd__o2111a_2)
     3    0.014852    0.100241    0.278046   18.377810 ^ _5789_/X (sky130_fd_sc_hd__o2111a_2)
                                                         _1806_ (net)
                      0.100254    0.001222   18.379032 ^ _5825_/A (sky130_fd_sc_hd__nand3_2)
     4    0.019225    0.150860    0.138439   18.517471 v _5825_/Y (sky130_fd_sc_hd__nand3_2)
                                                         _1844_ (net)
                      0.150863    0.001025   18.518496 v _5893_/A_N (sky130_fd_sc_hd__and2b_2)
     1    0.012040    0.074942    0.297733   18.816229 ^ _5893_/X (sky130_fd_sc_hd__and2b_2)
                                                         _1916_ (net)
                      0.074973    0.001492   18.817720 ^ _5894_/B (sky130_fd_sc_hd__nor2_2)
     1    0.005695    0.044010    0.044102   18.861822 v _5894_/Y (sky130_fd_sc_hd__nor2_2)
                                                         _1917_ (net)
                      0.044011    0.000417   18.862240 v _5896_/A (sky130_fd_sc_hd__or2_2)
     1    0.012254    0.081549    0.346036   19.208277 v _5896_/X (sky130_fd_sc_hd__or2_2)
                                                         _1920_ (net)
                      0.081549    0.001224   19.209499 v _5915_/A2 (sky130_fd_sc_hd__a211o_2)
     2    0.014063    0.076690    0.400266   19.609766 v _5915_/X (sky130_fd_sc_hd__a211o_2)
                                                         net194 (net)
                      0.076731    0.000798   19.610565 v output194/A (sky130_fd_sc_hd__clkdlybuf4s25_1)
     1    0.036264    0.269693    0.459520   20.070086 v output194/X (sky130_fd_sc_hd__clkdlybuf4s25_1)
                                                         result[61] (net)
                      0.269705    0.002093   20.072178 v result[61] (out)
                                             20.072178   data arrival time

                      0.000000   40.000000   40.000000   clock __VIRTUAL_CLK__ (rise edge)
                                  0.000000   40.000000   clock network delay (ideal)
                                 -0.250000   39.750000   clock uncertainty
                                  0.000000   39.750000   clock reconvergence pessimism
                                 -8.000000   31.750000   output external delay
                                             31.750000   data required time
---------------------------------------------------------------------------------------------
                                             31.750000   data required time
                                            -20.072178   data arrival time
---------------------------------------------------------------------------------------------
                                             11.677822   slack (MET)


Startpoint: operand_b[1] (input port clocked by __VIRTUAL_CLK__)
Endpoint: result[62] (output port clocked by __VIRTUAL_CLK__)
Path Group: __VIRTUAL_CLK__
Path Type: max

Fanout         Cap        Slew       Delay        Time   Description
---------------------------------------------------------------------------------------------
                      0.000000    0.000000    0.000000   clock __VIRTUAL_CLK__ (rise edge)
                                  0.000000    0.000000   clock network delay (ideal)
                                  8.000000    8.000000 ^ input external delay
     1    0.009144    0.047534    0.033130    8.033130 ^ operand_b[1] (in)
                                                         operand_b[1] (net)
                      0.047549    0.000000    8.033130 ^ input81/A (sky130_fd_sc_hd__clkdlybuf4s25_1)
     1    0.006236    0.075597    0.281335    8.314465 ^ input81/X (sky130_fd_sc_hd__clkdlybuf4s25_1)
                                                         net81 (net)
                      0.075598    0.000409    8.314874 ^ fanout406/A (sky130_fd_sc_hd__clkdlybuf4s25_1)
     7    0.101761    1.009030    0.973063    9.287937 ^ fanout406/X (sky130_fd_sc_hd__clkdlybuf4s25_1)
                                                         net406 (net)
                      1.009044    0.003321    9.291258 ^ fanout404/A (sky130_fd_sc_hd__clkdlybuf4s25_1)
     8    0.063200    0.628611    0.836630   10.127888 ^ fanout404/X (sky130_fd_sc_hd__clkdlybuf4s25_1)
                                                         net404 (net)
                      0.628611    0.001861   10.129749 ^ fanout402/A (sky130_fd_sc_hd__clkdlybuf4s25_1)
     3    0.028626    0.291253    0.559948   10.689696 ^ fanout402/X (sky130_fd_sc_hd__clkdlybuf4s25_1)
                                                         net402 (net)
                      0.291270    0.002610   10.692307 ^ load_slew403/A (sky130_fd_sc_hd__buf_4)
     8    0.060777    0.172050    0.290256   10.982563 ^ load_slew403/X (sky130_fd_sc_hd__buf_4)
                                                         net403 (net)
                      0.172352    0.005465   10.988028 ^ fanout400/A (sky130_fd_sc_hd__clkdlybuf4s25_1)
     5    0.049851    0.498841    0.632431   11.620459 ^ fanout400/X (sky130_fd_sc_hd__clkdlybuf4s25_1)
                                                         net400 (net)
                      0.499066    0.005632   11.626091 ^ load_slew401/A (sky130_fd_sc_hd__clkbuf_2)
     6    0.056358    0.305807    0.405150   12.031240 ^ load_slew401/X (sky130_fd_sc_hd__clkbuf_2)
                                                         net401 (net)
                      0.306048    0.007440   12.038681 ^ _3412_/B_N (sky130_fd_sc_hd__nor2b_2)
     4    0.022652    0.259363    0.358341   12.397021 ^ _3412_/Y (sky130_fd_sc_hd__nor2b_2)
                                                         _2625_ (net)
                      0.259394    0.002488   12.399509 ^ _3555_/C1 (sky130_fd_sc_hd__a221oi_2)
     5    0.021700    0.121956    0.124849   12.524358 v _3555_/Y (sky130_fd_sc_hd__a221oi_2)
                                                         _2765_ (net)
                      0.122084    0.002412   12.526771 v _3683_/A3 (sky130_fd_sc_hd__o31a_2)
     3    0.016882    0.083538    0.372344   12.899115 v _3683_/X (sky130_fd_sc_hd__o31a_2)
                                                         _2891_ (net)
                      0.083628    0.001696   12.900809 v _4087_/A2 (sky130_fd_sc_hd__o41a_2)
     4    0.047214    0.167139    0.645345   13.546155 v _4087_/X (sky130_fd_sc_hd__o41a_2)
                                                         _0069_ (net)
                      0.167332    0.005288   13.551443 v _4441_/A3 (sky130_fd_sc_hd__o31ai_4)
     1    0.012076    0.235258    0.273910   13.825353 ^ _4441_/Y (sky130_fd_sc_hd__o31ai_4)
                                                         _0415_ (net)
                      0.235259    0.001141   13.826494 ^ wire248/A (sky130_fd_sc_hd__buf_2)
     5    0.052312    0.256495    0.326108   14.152602 ^ wire248/X (sky130_fd_sc_hd__buf_2)
                                                         net248 (net)
                      0.257064    0.010429   14.163032 ^ _4442_/A (sky130_fd_sc_hd__clkbuf_1)
     5    0.028953    0.340195    0.343526   14.506557 ^ _4442_/X (sky130_fd_sc_hd__clkbuf_1)
                                                         _0416_ (net)
                      0.340203    0.001535   14.508092 ^ max_cap234/A (sky130_fd_sc_hd__buf_2)
     6    0.040376    0.198838    0.311628   14.819720 ^ max_cap234/X (sky130_fd_sc_hd__buf_2)
                                                         net234 (net)
                      0.199073    0.004983   14.824703 ^ _4443_/B (sky130_fd_sc_hd__nand2_2)
     9    0.047385    0.197244    0.222133   15.046835 v _4443_/Y (sky130_fd_sc_hd__nand2_2)
                                                         _0417_ (net)
                      0.197244    0.000252   15.047088 v _4585_/A1 (sky130_fd_sc_hd__a2111o_2)
     4    0.028997    0.132885    0.586280   15.633367 v _4585_/X (sky130_fd_sc_hd__a2111o_2)
                                                         _0556_ (net)
                      0.133103    0.004976   15.638343 v _4667_/B1_N (sky130_fd_sc_hd__o21bai_2)
     4    0.019682    0.106803    0.289019   15.927361 v _4667_/Y (sky130_fd_sc_hd__o21bai_2)
                                                         _0636_ (net)
                      0.106818    0.001346   15.928708 v _4742_/A (sky130_fd_sc_hd__nor3_2)
     3    0.021354    0.385227    0.406859   16.335566 ^ _4742_/Y (sky130_fd_sc_hd__nor3_2)
                                                         _0709_ (net)
                      0.385234    0.001435   16.337002 ^ _4743_/D_N (sky130_fd_sc_hd__or4b_4)
     6    0.044580    0.152398    0.644514   16.981516 v _4743_/X (sky130_fd_sc_hd__or4b_4)
                                                         _0710_ (net)
                      0.152616    0.005361   16.986876 v _5624_/A (sky130_fd_sc_hd__or4b_4)
     2    0.021327    0.114888    0.650582   17.637459 v _5624_/X (sky130_fd_sc_hd__or4b_4)
                                                         _1629_ (net)
                      0.114888    0.002206   17.639664 v _5652_/B_N (sky130_fd_sc_hd__and4bb_4)
     7    0.033269    0.140222    0.456621   18.096287 ^ _5652_/X (sky130_fd_sc_hd__and4bb_4)
                                                         _1659_ (net)
                      0.140316    0.003478   18.099764 ^ _5789_/B1 (sky130_fd_sc_hd__o2111a_2)
     3    0.014852    0.100241    0.278046   18.377810 ^ _5789_/X (sky130_fd_sc_hd__o2111a_2)
                                                         _1806_ (net)
                      0.100254    0.001222   18.379032 ^ _5825_/A (sky130_fd_sc_hd__nand3_2)
     4    0.019225    0.150860    0.138439   18.517471 v _5825_/Y (sky130_fd_sc_hd__nand3_2)
                                                         _1844_ (net)
                      0.150862    0.000920   18.518391 v _5895_/A_N (sky130_fd_sc_hd__and3b_2)
     3    0.026760    0.149574    0.376382   18.894772 ^ _5895_/X (sky130_fd_sc_hd__and3b_2)
                                                         _1918_ (net)
                      0.149581    0.001235   18.896008 ^ _5930_/A (sky130_fd_sc_hd__xnor2_2)
     1    0.002817    0.046543    0.084977   18.980984 v _5930_/Y (sky130_fd_sc_hd__xnor2_2)
                                                         _1956_ (net)
                      0.046543    0.000203   18.981188 v _5951_/B1 (sky130_fd_sc_hd__a221o_2)
     2    0.013276    0.081598    0.390600   19.371786 v _5951_/X (sky130_fd_sc_hd__a221o_2)
                                                         net195 (net)
                      0.081598    0.000812   19.372599 v output195/A (sky130_fd_sc_hd__clkdlybuf4s25_1)
     1    0.035833    0.266546    0.459398   19.831997 v output195/X (sky130_fd_sc_hd__clkdlybuf4s25_1)
                                                         result[62] (net)
                      0.266558    0.002037   19.834034 v result[62] (out)
                                             19.834034   data arrival time

                      0.000000   40.000000   40.000000   clock __VIRTUAL_CLK__ (rise edge)
                                  0.000000   40.000000   clock network delay (ideal)
                                 -0.250000   39.750000   clock uncertainty
                                  0.000000   39.750000   clock reconvergence pessimism
                                 -8.000000   31.750000   output external delay
                                             31.750000   data required time
---------------------------------------------------------------------------------------------
                                             31.750000   data required time
                                            -19.834034   data arrival time
---------------------------------------------------------------------------------------------
                                             11.915965   slack (MET)


Startpoint: operand_b[1] (input port clocked by __VIRTUAL_CLK__)
Endpoint: result[55] (output port clocked by __VIRTUAL_CLK__)
Path Group: __VIRTUAL_CLK__
Path Type: max

Fanout         Cap        Slew       Delay        Time   Description
---------------------------------------------------------------------------------------------
                      0.000000    0.000000    0.000000   clock __VIRTUAL_CLK__ (rise edge)
                                  0.000000    0.000000   clock network delay (ideal)
                                  8.000000    8.000000 ^ input external delay
     1    0.009144    0.047534    0.033130    8.033130 ^ operand_b[1] (in)
                                                         operand_b[1] (net)
                      0.047549    0.000000    8.033130 ^ input81/A (sky130_fd_sc_hd__clkdlybuf4s25_1)
     1    0.006236    0.075597    0.281335    8.314465 ^ input81/X (sky130_fd_sc_hd__clkdlybuf4s25_1)
                                                         net81 (net)
                      0.075598    0.000409    8.314874 ^ fanout406/A (sky130_fd_sc_hd__clkdlybuf4s25_1)
     7    0.101761    1.009030    0.973063    9.287937 ^ fanout406/X (sky130_fd_sc_hd__clkdlybuf4s25_1)
                                                         net406 (net)
                      1.009044    0.003321    9.291258 ^ fanout404/A (sky130_fd_sc_hd__clkdlybuf4s25_1)
     8    0.063200    0.628611    0.836630   10.127888 ^ fanout404/X (sky130_fd_sc_hd__clkdlybuf4s25_1)
                                                         net404 (net)
                      0.628611    0.001861   10.129749 ^ fanout402/A (sky130_fd_sc_hd__clkdlybuf4s25_1)
     3    0.028626    0.291253    0.559948   10.689696 ^ fanout402/X (sky130_fd_sc_hd__clkdlybuf4s25_1)
                                                         net402 (net)
                      0.291270    0.002610   10.692307 ^ load_slew403/A (sky130_fd_sc_hd__buf_4)
     8    0.060777    0.172050    0.290256   10.982563 ^ load_slew403/X (sky130_fd_sc_hd__buf_4)
                                                         net403 (net)
                      0.172352    0.005465   10.988028 ^ fanout400/A (sky130_fd_sc_hd__clkdlybuf4s25_1)
     5    0.049851    0.498841    0.632431   11.620459 ^ fanout400/X (sky130_fd_sc_hd__clkdlybuf4s25_1)
                                                         net400 (net)
                      0.499066    0.005632   11.626091 ^ load_slew401/A (sky130_fd_sc_hd__clkbuf_2)
     6    0.056358    0.305807    0.405150   12.031240 ^ load_slew401/X (sky130_fd_sc_hd__clkbuf_2)
                                                         net401 (net)
                      0.306048    0.007440   12.038681 ^ _3412_/B_N (sky130_fd_sc_hd__nor2b_2)
     4    0.022652    0.259363    0.358341   12.397021 ^ _3412_/Y (sky130_fd_sc_hd__nor2b_2)
                                                         _2625_ (net)
                      0.259394    0.002488   12.399509 ^ _3555_/C1 (sky130_fd_sc_hd__a221oi_2)
     5    0.021700    0.121956    0.124849   12.524358 v _3555_/Y (sky130_fd_sc_hd__a221oi_2)
                                                         _2765_ (net)
                      0.122084    0.002412   12.526771 v _3683_/A3 (sky130_fd_sc_hd__o31a_2)
     3    0.016882    0.083538    0.372344   12.899115 v _3683_/X (sky130_fd_sc_hd__o31a_2)
                                                         _2891_ (net)
                      0.083628    0.001696   12.900809 v _4087_/A2 (sky130_fd_sc_hd__o41a_2)
     4    0.047214    0.167139    0.645345   13.546155 v _4087_/X (sky130_fd_sc_hd__o41a_2)
                                                         _0069_ (net)
                      0.167332    0.005288   13.551443 v _4441_/A3 (sky130_fd_sc_hd__o31ai_4)
     1    0.012076    0.235258    0.273910   13.825353 ^ _4441_/Y (sky130_fd_sc_hd__o31ai_4)
                                                         _0415_ (net)
                      0.235259    0.001141   13.826494 ^ wire248/A (sky130_fd_sc_hd__buf_2)
     5    0.052312    0.256495    0.326108   14.152602 ^ wire248/X (sky130_fd_sc_hd__buf_2)
                                                         net248 (net)
                      0.257064    0.010429   14.163032 ^ _4442_/A (sky130_fd_sc_hd__clkbuf_1)
     5    0.028953    0.340195    0.343526   14.506557 ^ _4442_/X (sky130_fd_sc_hd__clkbuf_1)
                                                         _0416_ (net)
                      0.340203    0.001535   14.508092 ^ max_cap234/A (sky130_fd_sc_hd__buf_2)
     6    0.040376    0.198838    0.311628   14.819720 ^ max_cap234/X (sky130_fd_sc_hd__buf_2)
                                                         net234 (net)
                      0.199073    0.004983   14.824703 ^ _4443_/B (sky130_fd_sc_hd__nand2_2)
     9    0.047385    0.197244    0.222133   15.046835 v _4443_/Y (sky130_fd_sc_hd__nand2_2)
                                                         _0417_ (net)
                      0.197244    0.000252   15.047088 v _4585_/A1 (sky130_fd_sc_hd__a2111o_2)
     4    0.028997    0.132885    0.586280   15.633367 v _4585_/X (sky130_fd_sc_hd__a2111o_2)
                                                         _0556_ (net)
                      0.133103    0.004976   15.638343 v _4667_/B1_N (sky130_fd_sc_hd__o21bai_2)
     4    0.019682    0.106803    0.289019   15.927361 v _4667_/Y (sky130_fd_sc_hd__o21bai_2)
                                                         _0636_ (net)
                      0.106818    0.001346   15.928708 v _4742_/A (sky130_fd_sc_hd__nor3_2)
     3    0.021354    0.385227    0.406859   16.335566 ^ _4742_/Y (sky130_fd_sc_hd__nor3_2)
                                                         _0709_ (net)
                      0.385234    0.001435   16.337002 ^ _4743_/D_N (sky130_fd_sc_hd__or4b_4)
     6    0.044580    0.152398    0.644514   16.981516 v _4743_/X (sky130_fd_sc_hd__or4b_4)
                                                         _0710_ (net)
                      0.152616    0.005361   16.986876 v _5624_/A (sky130_fd_sc_hd__or4b_4)
     2    0.021327    0.114888    0.650582   17.637459 v _5624_/X (sky130_fd_sc_hd__or4b_4)
                                                         _1629_ (net)
                      0.114888    0.002206   17.639664 v _5652_/B_N (sky130_fd_sc_hd__and4bb_4)
     7    0.033269    0.140222    0.456621   18.096287 ^ _5652_/X (sky130_fd_sc_hd__and4bb_4)
                                                         _1659_ (net)
                      0.140270    0.002618   18.098904 ^ _5683_/C_N (sky130_fd_sc_hd__or3b_4)
     1    0.003787    0.064329    0.407558   18.506462 v _5683_/X (sky130_fd_sc_hd__or3b_4)
                                                         _1692_ (net)
                      0.064329    0.000272   18.506735 v _5685_/B (sky130_fd_sc_hd__and3_4)
     1    0.002774    0.037077    0.175064   18.681797 v _5685_/X (sky130_fd_sc_hd__and3_4)
                                                         _1694_ (net)
                      0.037078    0.000201   18.681999 v _5707_/A (sky130_fd_sc_hd__or4b_4)
     1    0.005993    0.087223    0.557135   19.239134 v _5707_/X (sky130_fd_sc_hd__or4b_4)
                                                         _1719_ (net)
                      0.087224    0.000455   19.239588 v _5708_/A (sky130_fd_sc_hd__buf_6)
     2    0.015893    0.030313    0.147498   19.387087 v _5708_/X (sky130_fd_sc_hd__buf_6)
                                                         net187 (net)
                      0.030367    0.001197   19.388283 v output187/A (sky130_fd_sc_hd__clkdlybuf4s25_1)
     1    0.036327    0.270239    0.438780   19.827063 v output187/X (sky130_fd_sc_hd__clkdlybuf4s25_1)
                                                         result[55] (net)
                      0.270251    0.002110   19.829174 v result[55] (out)
                                             19.829174   data arrival time

                      0.000000   40.000000   40.000000   clock __VIRTUAL_CLK__ (rise edge)
                                  0.000000   40.000000   clock network delay (ideal)
                                 -0.250000   39.750000   clock uncertainty
                                  0.000000   39.750000   clock reconvergence pessimism
                                 -8.000000   31.750000   output external delay
                                             31.750000   data required time
---------------------------------------------------------------------------------------------
                                             31.750000   data required time
                                            -19.829174   data arrival time
---------------------------------------------------------------------------------------------
                                             11.920826   slack (MET)


Startpoint: operand_b[1] (input port clocked by __VIRTUAL_CLK__)
Endpoint: overflow_flag (output port clocked by __VIRTUAL_CLK__)
Path Group: __VIRTUAL_CLK__
Path Type: max

Fanout         Cap        Slew       Delay        Time   Description
---------------------------------------------------------------------------------------------
                      0.000000    0.000000    0.000000   clock __VIRTUAL_CLK__ (rise edge)
                                  0.000000    0.000000   clock network delay (ideal)
                                  8.000000    8.000000 ^ input external delay
     1    0.009144    0.047534    0.033130    8.033130 ^ operand_b[1] (in)
                                                         operand_b[1] (net)
                      0.047549    0.000000    8.033130 ^ input81/A (sky130_fd_sc_hd__clkdlybuf4s25_1)
     1    0.006236    0.075597    0.281335    8.314465 ^ input81/X (sky130_fd_sc_hd__clkdlybuf4s25_1)
                                                         net81 (net)
                      0.075598    0.000409    8.314874 ^ fanout406/A (sky130_fd_sc_hd__clkdlybuf4s25_1)
     7    0.101761    1.009030    0.973063    9.287937 ^ fanout406/X (sky130_fd_sc_hd__clkdlybuf4s25_1)
                                                         net406 (net)
                      1.009044    0.003321    9.291258 ^ fanout404/A (sky130_fd_sc_hd__clkdlybuf4s25_1)
     8    0.063200    0.628611    0.836630   10.127888 ^ fanout404/X (sky130_fd_sc_hd__clkdlybuf4s25_1)
                                                         net404 (net)
                      0.628611    0.001861   10.129749 ^ fanout402/A (sky130_fd_sc_hd__clkdlybuf4s25_1)
     3    0.028626    0.291253    0.559948   10.689696 ^ fanout402/X (sky130_fd_sc_hd__clkdlybuf4s25_1)
                                                         net402 (net)
                      0.291270    0.002610   10.692307 ^ load_slew403/A (sky130_fd_sc_hd__buf_4)
     8    0.060777    0.172050    0.290256   10.982563 ^ load_slew403/X (sky130_fd_sc_hd__buf_4)
                                                         net403 (net)
                      0.172352    0.005465   10.988028 ^ fanout400/A (sky130_fd_sc_hd__clkdlybuf4s25_1)
     5    0.049851    0.498841    0.632431   11.620459 ^ fanout400/X (sky130_fd_sc_hd__clkdlybuf4s25_1)
                                                         net400 (net)
                      0.499066    0.005632   11.626091 ^ load_slew401/A (sky130_fd_sc_hd__clkbuf_2)
     6    0.056358    0.305807    0.405150   12.031240 ^ load_slew401/X (sky130_fd_sc_hd__clkbuf_2)
                                                         net401 (net)
                      0.306048    0.007440   12.038681 ^ _3412_/B_N (sky130_fd_sc_hd__nor2b_2)
     4    0.022652    0.259363    0.358341   12.397021 ^ _3412_/Y (sky130_fd_sc_hd__nor2b_2)
                                                         _2625_ (net)
                      0.259394    0.002488   12.399509 ^ _3555_/C1 (sky130_fd_sc_hd__a221oi_2)
     5    0.021700    0.121956    0.124849   12.524358 v _3555_/Y (sky130_fd_sc_hd__a221oi_2)
                                                         _2765_ (net)
                      0.122084    0.002412   12.526771 v _3683_/A3 (sky130_fd_sc_hd__o31a_2)
     3    0.016882    0.083538    0.372344   12.899115 v _3683_/X (sky130_fd_sc_hd__o31a_2)
                                                         _2891_ (net)
                      0.083628    0.001696   12.900809 v _4087_/A2 (sky130_fd_sc_hd__o41a_2)
     4    0.047214    0.167139    0.645345   13.546155 v _4087_/X (sky130_fd_sc_hd__o41a_2)
                                                         _0069_ (net)
                      0.167332    0.005288   13.551443 v _4441_/A3 (sky130_fd_sc_hd__o31ai_4)
     1    0.012076    0.235258    0.273910   13.825353 ^ _4441_/Y (sky130_fd_sc_hd__o31ai_4)
                                                         _0415_ (net)
                      0.235259    0.001141   13.826494 ^ wire248/A (sky130_fd_sc_hd__buf_2)
     5    0.052312    0.256495    0.326108   14.152602 ^ wire248/X (sky130_fd_sc_hd__buf_2)
                                                         net248 (net)
                      0.257064    0.010429   14.163032 ^ _4442_/A (sky130_fd_sc_hd__clkbuf_1)
     5    0.028953    0.340195    0.343526   14.506557 ^ _4442_/X (sky130_fd_sc_hd__clkbuf_1)
                                                         _0416_ (net)
                      0.340203    0.001535   14.508092 ^ max_cap234/A (sky130_fd_sc_hd__buf_2)
     6    0.040376    0.198838    0.311628   14.819720 ^ max_cap234/X (sky130_fd_sc_hd__buf_2)
                                                         net234 (net)
                      0.199073    0.004983   14.824703 ^ _4443_/B (sky130_fd_sc_hd__nand2_2)
     9    0.047385    0.197244    0.222133   15.046835 v _4443_/Y (sky130_fd_sc_hd__nand2_2)
                                                         _0417_ (net)
                      0.197277    0.002267   15.049102 v _4541_/S (sky130_fd_sc_hd__mux2_2)
     1    0.006056    0.057420    0.354436   15.403539 v _4541_/X (sky130_fd_sc_hd__mux2_2)
                                                         _0513_ (net)
                      0.057420    0.000453   15.403992 v _4542_/B1 (sky130_fd_sc_hd__o31ai_2)
     3    0.008048    0.248137    0.081670   15.485662 ^ _4542_/Y (sky130_fd_sc_hd__o31ai_2)
                                                         _0514_ (net)
                      0.248137    0.000433   15.486094 ^ _4543_/C_N (sky130_fd_sc_hd__or3b_2)
     2    0.008199    0.094574    0.524080   16.010176 v _4543_/X (sky130_fd_sc_hd__or3b_2)
                                                         _0515_ (net)
                      0.094574    0.000739   16.010914 v _5534_/D (sky130_fd_sc_hd__or4_2)
     1    0.031516    0.195806    0.725102   16.736015 v _5534_/X (sky130_fd_sc_hd__or4_2)
                                                         _1532_ (net)
                      0.195857    0.003176   16.739191 v _5536_/A_N (sky130_fd_sc_hd__nand4b_2)
     1    0.019077    0.201205    0.356717   17.095909 v _5536_/Y (sky130_fd_sc_hd__nand4b_2)
                                                         _1535_ (net)
                      0.201245    0.002396   17.098305 v _5539_/B (sky130_fd_sc_hd__nor4b_2)
     2    0.019952    0.525035    0.581126   17.679432 ^ _5539_/Y (sky130_fd_sc_hd__nor4b_2)
                                                         _1538_ (net)
                      0.525054    0.002681   17.682112 ^ _6494_/A (sky130_fd_sc_hd__and3_2)
     1    0.010605    0.084191    0.333770   18.015882 ^ _6494_/X (sky130_fd_sc_hd__and3_2)
                                                         _2572_ (net)
                      0.084199    0.000941   18.016825 ^ _6495_/A (sky130_fd_sc_hd__and4_2)
     1    0.003785    0.055495    0.214984   18.231808 ^ _6495_/X (sky130_fd_sc_hd__and4_2)
                                                         _2573_ (net)
                      0.055495    0.000227   18.232035 ^ _6496_/B (sky130_fd_sc_hd__and4b_2)
     1    0.003251    0.052994    0.215032   18.447067 ^ _6496_/X (sky130_fd_sc_hd__and4b_2)
                                                         _2575_ (net)
                      0.052994    0.000199   18.447266 ^ _6497_/B (sky130_fd_sc_hd__and3_2)
     1    0.015964    0.105457    0.231669   18.678934 ^ _6497_/X (sky130_fd_sc_hd__and3_2)
                                                         _2576_ (net)
                      0.105476    0.001453   18.680387 ^ _6498_/B (sky130_fd_sc_hd__xnor2_2)
     1    0.004387    0.118621    0.122066   18.802454 ^ _6498_/Y (sky130_fd_sc_hd__xnor2_2)
                                                         _2577_ (net)
                      0.118621    0.000348   18.802801 ^ _6499_/S (sky130_fd_sc_hd__mux2_2)
     1    0.006909    0.059450    0.378702   19.181503 v _6499_/X (sky130_fd_sc_hd__mux2_2)
                                                         _2578_ (net)
                      0.059450    0.000568   19.182072 v _6500_/B1 (sky130_fd_sc_hd__o21ai_2)
     1    0.010168    0.154822    0.086194   19.268267 ^ _6500_/Y (sky130_fd_sc_hd__o21ai_2)
                                                         net136 (net)
                      0.154827    0.001032   19.269299 ^ output136/A (sky130_fd_sc_hd__clkdlybuf4s25_1)
     1    0.036565    0.369280    0.533962   19.803261 ^ output136/X (sky130_fd_sc_hd__clkdlybuf4s25_1)
                                                         overflow_flag (net)
                      0.369287    0.002252   19.805513 ^ overflow_flag (out)
                                             19.805513   data arrival time

                      0.000000   40.000000   40.000000   clock __VIRTUAL_CLK__ (rise edge)
                                  0.000000   40.000000   clock network delay (ideal)
                                 -0.250000   39.750000   clock uncertainty
                                  0.000000   39.750000   clock reconvergence pessimism
                                 -8.000000   31.750000   output external delay
                                             31.750000   data required time
---------------------------------------------------------------------------------------------
                                             31.750000   data required time
                                            -19.805513   data arrival time
---------------------------------------------------------------------------------------------
                                             11.944487   slack (MET)


Startpoint: operand_b[1] (input port clocked by __VIRTUAL_CLK__)
Endpoint: result[60] (output port clocked by __VIRTUAL_CLK__)
Path Group: __VIRTUAL_CLK__
Path Type: max

Fanout         Cap        Slew       Delay        Time   Description
---------------------------------------------------------------------------------------------
                      0.000000    0.000000    0.000000   clock __VIRTUAL_CLK__ (rise edge)
                                  0.000000    0.000000   clock network delay (ideal)
                                  8.000000    8.000000 ^ input external delay
     1    0.009144    0.047534    0.033130    8.033130 ^ operand_b[1] (in)
                                                         operand_b[1] (net)
                      0.047549    0.000000    8.033130 ^ input81/A (sky130_fd_sc_hd__clkdlybuf4s25_1)
     1    0.006236    0.075597    0.281335    8.314465 ^ input81/X (sky130_fd_sc_hd__clkdlybuf4s25_1)
                                                         net81 (net)
                      0.075598    0.000409    8.314874 ^ fanout406/A (sky130_fd_sc_hd__clkdlybuf4s25_1)
     7    0.101761    1.009030    0.973063    9.287937 ^ fanout406/X (sky130_fd_sc_hd__clkdlybuf4s25_1)
                                                         net406 (net)
                      1.009044    0.003321    9.291258 ^ fanout404/A (sky130_fd_sc_hd__clkdlybuf4s25_1)
     8    0.063200    0.628611    0.836630   10.127888 ^ fanout404/X (sky130_fd_sc_hd__clkdlybuf4s25_1)
                                                         net404 (net)
                      0.628611    0.001861   10.129749 ^ fanout402/A (sky130_fd_sc_hd__clkdlybuf4s25_1)
     3    0.028626    0.291253    0.559948   10.689696 ^ fanout402/X (sky130_fd_sc_hd__clkdlybuf4s25_1)
                                                         net402 (net)
                      0.291270    0.002610   10.692307 ^ load_slew403/A (sky130_fd_sc_hd__buf_4)
     8    0.060777    0.172050    0.290256   10.982563 ^ load_slew403/X (sky130_fd_sc_hd__buf_4)
                                                         net403 (net)
                      0.172352    0.005465   10.988028 ^ fanout400/A (sky130_fd_sc_hd__clkdlybuf4s25_1)
     5    0.049851    0.498841    0.632431   11.620459 ^ fanout400/X (sky130_fd_sc_hd__clkdlybuf4s25_1)
                                                         net400 (net)
                      0.499066    0.005632   11.626091 ^ load_slew401/A (sky130_fd_sc_hd__clkbuf_2)
     6    0.056358    0.305807    0.405150   12.031240 ^ load_slew401/X (sky130_fd_sc_hd__clkbuf_2)
                                                         net401 (net)
                      0.306048    0.007440   12.038681 ^ _3412_/B_N (sky130_fd_sc_hd__nor2b_2)
     4    0.022652    0.259363    0.358341   12.397021 ^ _3412_/Y (sky130_fd_sc_hd__nor2b_2)
                                                         _2625_ (net)
                      0.259394    0.002488   12.399509 ^ _3555_/C1 (sky130_fd_sc_hd__a221oi_2)
     5    0.021700    0.121956    0.124849   12.524358 v _3555_/Y (sky130_fd_sc_hd__a221oi_2)
                                                         _2765_ (net)
                      0.122084    0.002412   12.526771 v _3683_/A3 (sky130_fd_sc_hd__o31a_2)
     3    0.016882    0.083538    0.372344   12.899115 v _3683_/X (sky130_fd_sc_hd__o31a_2)
                                                         _2891_ (net)
                      0.083628    0.001696   12.900809 v _4087_/A2 (sky130_fd_sc_hd__o41a_2)
     4    0.047214    0.167139    0.645345   13.546155 v _4087_/X (sky130_fd_sc_hd__o41a_2)
                                                         _0069_ (net)
                      0.167332    0.005288   13.551443 v _4441_/A3 (sky130_fd_sc_hd__o31ai_4)
     1    0.012076    0.235258    0.273910   13.825353 ^ _4441_/Y (sky130_fd_sc_hd__o31ai_4)
                                                         _0415_ (net)
                      0.235259    0.001141   13.826494 ^ wire248/A (sky130_fd_sc_hd__buf_2)
     5    0.052312    0.256495    0.326108   14.152602 ^ wire248/X (sky130_fd_sc_hd__buf_2)
                                                         net248 (net)
                      0.257064    0.010429   14.163032 ^ _4442_/A (sky130_fd_sc_hd__clkbuf_1)
     5    0.028953    0.340195    0.343526   14.506557 ^ _4442_/X (sky130_fd_sc_hd__clkbuf_1)
                                                         _0416_ (net)
                      0.340203    0.001535   14.508092 ^ max_cap234/A (sky130_fd_sc_hd__buf_2)
     6    0.040376    0.198838    0.311628   14.819720 ^ max_cap234/X (sky130_fd_sc_hd__buf_2)
                                                         net234 (net)
                      0.199073    0.004983   14.824703 ^ _4443_/B (sky130_fd_sc_hd__nand2_2)
     9    0.047385    0.197244    0.222133   15.046835 v _4443_/Y (sky130_fd_sc_hd__nand2_2)
                                                         _0417_ (net)
                      0.197244    0.000252   15.047088 v _4585_/A1 (sky130_fd_sc_hd__a2111o_2)
     4    0.028997    0.132885    0.586280   15.633367 v _4585_/X (sky130_fd_sc_hd__a2111o_2)
                                                         _0556_ (net)
                      0.133103    0.004976   15.638343 v _4667_/B1_N (sky130_fd_sc_hd__o21bai_2)
     4    0.019682    0.106803    0.289019   15.927361 v _4667_/Y (sky130_fd_sc_hd__o21bai_2)
                                                         _0636_ (net)
                      0.106818    0.001346   15.928708 v _4742_/A (sky130_fd_sc_hd__nor3_2)
     3    0.021354    0.385227    0.406859   16.335566 ^ _4742_/Y (sky130_fd_sc_hd__nor3_2)
                                                         _0709_ (net)
                      0.385234    0.001435   16.337002 ^ _4743_/D_N (sky130_fd_sc_hd__or4b_4)
     6    0.044580    0.152398    0.644514   16.981516 v _4743_/X (sky130_fd_sc_hd__or4b_4)
                                                         _0710_ (net)
                      0.152616    0.005361   16.986876 v _5624_/A (sky130_fd_sc_hd__or4b_4)
     2    0.021327    0.114888    0.650582   17.637459 v _5624_/X (sky130_fd_sc_hd__or4b_4)
                                                         _1629_ (net)
                      0.114888    0.002206   17.639664 v _5652_/B_N (sky130_fd_sc_hd__and4bb_4)
     7    0.033269    0.140222    0.456621   18.096287 ^ _5652_/X (sky130_fd_sc_hd__and4bb_4)
                                                         _1659_ (net)
                      0.140316    0.003478   18.099764 ^ _5789_/B1 (sky130_fd_sc_hd__o2111a_2)
     3    0.014852    0.100241    0.278046   18.377810 ^ _5789_/X (sky130_fd_sc_hd__o2111a_2)
                                                         _1806_ (net)
                      0.100254    0.001222   18.379032 ^ _5825_/A (sky130_fd_sc_hd__nand3_2)
     4    0.019225    0.150860    0.138439   18.517471 v _5825_/Y (sky130_fd_sc_hd__nand3_2)
                                                         _1844_ (net)
                      0.150926    0.001194   18.518665 v _5853_/B (sky130_fd_sc_hd__nor2_2)
     1    0.012642    0.160980    0.193866   18.712530 ^ _5853_/Y (sky130_fd_sc_hd__nor2_2)
                                                         _1873_ (net)
                      0.160990    0.001089   18.713619 ^ _5854_/B (sky130_fd_sc_hd__xnor2_2)
     1    0.002702    0.045805    0.072705   18.786324 v _5854_/Y (sky130_fd_sc_hd__xnor2_2)
                                                         _1874_ (net)
                      0.045806    0.000197   18.786522 v _5871_/A2 (sky130_fd_sc_hd__a211o_2)
     2    0.010158    0.067937    0.371070   19.157591 v _5871_/X (sky130_fd_sc_hd__a211o_2)
                                                         net193 (net)
                      0.067953    0.001080   19.158672 v output193/A (sky130_fd_sc_hd__clkdlybuf4s25_1)
     1    0.038170    0.283789    0.464750   19.623421 v output193/X (sky130_fd_sc_hd__clkdlybuf4s25_1)
                                                         result[60] (net)
                      0.283839    0.003858   19.627279 v result[60] (out)
                                             19.627279   data arrival time

                      0.000000   40.000000   40.000000   clock __VIRTUAL_CLK__ (rise edge)
                                  0.000000   40.000000   clock network delay (ideal)
                                 -0.250000   39.750000   clock uncertainty
                                  0.000000   39.750000   clock reconvergence pessimism
                                 -8.000000   31.750000   output external delay
                                             31.750000   data required time
---------------------------------------------------------------------------------------------
                                             31.750000   data required time
                                            -19.627279   data arrival time
---------------------------------------------------------------------------------------------
                                             12.122719   slack (MET)


Startpoint: operand_b[1] (input port clocked by __VIRTUAL_CLK__)
Endpoint: result[59] (output port clocked by __VIRTUAL_CLK__)
Path Group: __VIRTUAL_CLK__
Path Type: max

Fanout         Cap        Slew       Delay        Time   Description
---------------------------------------------------------------------------------------------
                      0.000000    0.000000    0.000000   clock __VIRTUAL_CLK__ (rise edge)
                                  0.000000    0.000000   clock network delay (ideal)
                                  8.000000    8.000000 ^ input external delay
     1    0.009144    0.047534    0.033130    8.033130 ^ operand_b[1] (in)
                                                         operand_b[1] (net)
                      0.047549    0.000000    8.033130 ^ input81/A (sky130_fd_sc_hd__clkdlybuf4s25_1)
     1    0.006236    0.075597    0.281335    8.314465 ^ input81/X (sky130_fd_sc_hd__clkdlybuf4s25_1)
                                                         net81 (net)
                      0.075598    0.000409    8.314874 ^ fanout406/A (sky130_fd_sc_hd__clkdlybuf4s25_1)
     7    0.101761    1.009030    0.973063    9.287937 ^ fanout406/X (sky130_fd_sc_hd__clkdlybuf4s25_1)
                                                         net406 (net)
                      1.009044    0.003321    9.291258 ^ fanout404/A (sky130_fd_sc_hd__clkdlybuf4s25_1)
     8    0.063200    0.628611    0.836630   10.127888 ^ fanout404/X (sky130_fd_sc_hd__clkdlybuf4s25_1)
                                                         net404 (net)
                      0.628611    0.001861   10.129749 ^ fanout402/A (sky130_fd_sc_hd__clkdlybuf4s25_1)
     3    0.028626    0.291253    0.559948   10.689696 ^ fanout402/X (sky130_fd_sc_hd__clkdlybuf4s25_1)
                                                         net402 (net)
                      0.291270    0.002610   10.692307 ^ load_slew403/A (sky130_fd_sc_hd__buf_4)
     8    0.060777    0.172050    0.290256   10.982563 ^ load_slew403/X (sky130_fd_sc_hd__buf_4)
                                                         net403 (net)
                      0.172352    0.005465   10.988028 ^ fanout400/A (sky130_fd_sc_hd__clkdlybuf4s25_1)
     5    0.049851    0.498841    0.632431   11.620459 ^ fanout400/X (sky130_fd_sc_hd__clkdlybuf4s25_1)
                                                         net400 (net)
                      0.499066    0.005632   11.626091 ^ load_slew401/A (sky130_fd_sc_hd__clkbuf_2)
     6    0.056358    0.305807    0.405150   12.031240 ^ load_slew401/X (sky130_fd_sc_hd__clkbuf_2)
                                                         net401 (net)
                      0.306048    0.007440   12.038681 ^ _3412_/B_N (sky130_fd_sc_hd__nor2b_2)
     4    0.022652    0.259363    0.358341   12.397021 ^ _3412_/Y (sky130_fd_sc_hd__nor2b_2)
                                                         _2625_ (net)
                      0.259394    0.002488   12.399509 ^ _3555_/C1 (sky130_fd_sc_hd__a221oi_2)
     5    0.021700    0.121956    0.124849   12.524358 v _3555_/Y (sky130_fd_sc_hd__a221oi_2)
                                                         _2765_ (net)
                      0.122084    0.002412   12.526771 v _3683_/A3 (sky130_fd_sc_hd__o31a_2)
     3    0.016882    0.083538    0.372344   12.899115 v _3683_/X (sky130_fd_sc_hd__o31a_2)
                                                         _2891_ (net)
                      0.083628    0.001696   12.900809 v _4087_/A2 (sky130_fd_sc_hd__o41a_2)
     4    0.047214    0.167139    0.645345   13.546155 v _4087_/X (sky130_fd_sc_hd__o41a_2)
                                                         _0069_ (net)
                      0.167332    0.005288   13.551443 v _4441_/A3 (sky130_fd_sc_hd__o31ai_4)
     1    0.012076    0.235258    0.273910   13.825353 ^ _4441_/Y (sky130_fd_sc_hd__o31ai_4)
                                                         _0415_ (net)
                      0.235259    0.001141   13.826494 ^ wire248/A (sky130_fd_sc_hd__buf_2)
     5    0.052312    0.256495    0.326108   14.152602 ^ wire248/X (sky130_fd_sc_hd__buf_2)
                                                         net248 (net)
                      0.257064    0.010429   14.163032 ^ _4442_/A (sky130_fd_sc_hd__clkbuf_1)
     5    0.028953    0.340195    0.343526   14.506557 ^ _4442_/X (sky130_fd_sc_hd__clkbuf_1)
                                                         _0416_ (net)
                      0.340203    0.001535   14.508092 ^ max_cap234/A (sky130_fd_sc_hd__buf_2)
     6    0.040376    0.198838    0.311628   14.819720 ^ max_cap234/X (sky130_fd_sc_hd__buf_2)
                                                         net234 (net)
                      0.199073    0.004983   14.824703 ^ _4443_/B (sky130_fd_sc_hd__nand2_2)
     9    0.047385    0.197244    0.222133   15.046835 v _4443_/Y (sky130_fd_sc_hd__nand2_2)
                                                         _0417_ (net)
                      0.197244    0.000252   15.047088 v _4585_/A1 (sky130_fd_sc_hd__a2111o_2)
     4    0.028997    0.132885    0.586280   15.633367 v _4585_/X (sky130_fd_sc_hd__a2111o_2)
                                                         _0556_ (net)
                      0.133103    0.004976   15.638343 v _4667_/B1_N (sky130_fd_sc_hd__o21bai_2)
     4    0.019682    0.106803    0.289019   15.927361 v _4667_/Y (sky130_fd_sc_hd__o21bai_2)
                                                         _0636_ (net)
                      0.106818    0.001346   15.928708 v _4742_/A (sky130_fd_sc_hd__nor3_2)
     3    0.021354    0.385227    0.406859   16.335566 ^ _4742_/Y (sky130_fd_sc_hd__nor3_2)
                                                         _0709_ (net)
                      0.385234    0.001435   16.337002 ^ _4743_/D_N (sky130_fd_sc_hd__or4b_4)
     6    0.044580    0.152398    0.644514   16.981516 v _4743_/X (sky130_fd_sc_hd__or4b_4)
                                                         _0710_ (net)
                      0.152616    0.005361   16.986876 v _5624_/A (sky130_fd_sc_hd__or4b_4)
     2    0.021327    0.114888    0.650582   17.637459 v _5624_/X (sky130_fd_sc_hd__or4b_4)
                                                         _1629_ (net)
                      0.114888    0.002206   17.639664 v _5652_/B_N (sky130_fd_sc_hd__and4bb_4)
     7    0.033269    0.140222    0.456621   18.096287 ^ _5652_/X (sky130_fd_sc_hd__and4bb_4)
                                                         _1659_ (net)
                      0.140316    0.003478   18.099764 ^ _5789_/B1 (sky130_fd_sc_hd__o2111a_2)
     3    0.014852    0.100241    0.278046   18.377810 ^ _5789_/X (sky130_fd_sc_hd__o2111a_2)
                                                         _1806_ (net)
                      0.100254    0.001222   18.379032 ^ _5825_/A (sky130_fd_sc_hd__nand3_2)
     4    0.019225    0.150860    0.138439   18.517471 v _5825_/Y (sky130_fd_sc_hd__nand3_2)
                                                         _1844_ (net)
                      0.150861    0.000808   18.518278 v _5826_/A2 (sky130_fd_sc_hd__a21o_2)
     1    0.003922    0.041090    0.260748   18.779026 v _5826_/X (sky130_fd_sc_hd__a21o_2)
                                                         _1845_ (net)
                      0.041090    0.000261   18.779287 v _5827_/B1 (sky130_fd_sc_hd__o21a_2)
     1    0.006769    0.043036    0.125846   18.905134 v _5827_/X (sky130_fd_sc_hd__o21a_2)
                                                         _1846_ (net)
                      0.043036    0.000334   18.905468 v _5839_/B1 (sky130_fd_sc_hd__o211ai_2)
     2    0.014173    0.231394    0.107464   19.012932 ^ _5839_/Y (sky130_fd_sc_hd__o211ai_2)
                                                         net191 (net)
                      0.231418    0.002320   19.015253 ^ output191/A (sky130_fd_sc_hd__clkdlybuf4s25_1)
     1    0.037751    0.380756    0.560824   19.576077 ^ output191/X (sky130_fd_sc_hd__clkdlybuf4s25_1)
                                                         result[59] (net)
                      0.380784    0.003649   19.579725 ^ result[59] (out)
                                             19.579725   data arrival time

                      0.000000   40.000000   40.000000   clock __VIRTUAL_CLK__ (rise edge)
                                  0.000000   40.000000   clock network delay (ideal)
                                 -0.250000   39.750000   clock uncertainty
                                  0.000000   39.750000   clock reconvergence pessimism
                                 -8.000000   31.750000   output external delay
                                             31.750000   data required time
---------------------------------------------------------------------------------------------
                                             31.750000   data required time
                                            -19.579725   data arrival time
---------------------------------------------------------------------------------------------
                                             12.170274   slack (MET)


Startpoint: operand_b[1] (input port clocked by __VIRTUAL_CLK__)
Endpoint: result[50] (output port clocked by __VIRTUAL_CLK__)
Path Group: __VIRTUAL_CLK__
Path Type: max

Fanout         Cap        Slew       Delay        Time   Description
---------------------------------------------------------------------------------------------
                      0.000000    0.000000    0.000000   clock __VIRTUAL_CLK__ (rise edge)
                                  0.000000    0.000000   clock network delay (ideal)
                                  8.000000    8.000000 ^ input external delay
     1    0.009144    0.047534    0.033130    8.033130 ^ operand_b[1] (in)
                                                         operand_b[1] (net)
                      0.047549    0.000000    8.033130 ^ input81/A (sky130_fd_sc_hd__clkdlybuf4s25_1)
     1    0.006236    0.075597    0.281335    8.314465 ^ input81/X (sky130_fd_sc_hd__clkdlybuf4s25_1)
                                                         net81 (net)
                      0.075598    0.000409    8.314874 ^ fanout406/A (sky130_fd_sc_hd__clkdlybuf4s25_1)
     7    0.101761    1.009030    0.973063    9.287937 ^ fanout406/X (sky130_fd_sc_hd__clkdlybuf4s25_1)
                                                         net406 (net)
                      1.009044    0.003321    9.291258 ^ fanout404/A (sky130_fd_sc_hd__clkdlybuf4s25_1)
     8    0.063200    0.628611    0.836630   10.127888 ^ fanout404/X (sky130_fd_sc_hd__clkdlybuf4s25_1)
                                                         net404 (net)
                      0.628611    0.001861   10.129749 ^ fanout402/A (sky130_fd_sc_hd__clkdlybuf4s25_1)
     3    0.028626    0.291253    0.559948   10.689696 ^ fanout402/X (sky130_fd_sc_hd__clkdlybuf4s25_1)
                                                         net402 (net)
                      0.291270    0.002610   10.692307 ^ load_slew403/A (sky130_fd_sc_hd__buf_4)
     8    0.060777    0.172050    0.290256   10.982563 ^ load_slew403/X (sky130_fd_sc_hd__buf_4)
                                                         net403 (net)
                      0.172352    0.005465   10.988028 ^ fanout400/A (sky130_fd_sc_hd__clkdlybuf4s25_1)
     5    0.049851    0.498841    0.632431   11.620459 ^ fanout400/X (sky130_fd_sc_hd__clkdlybuf4s25_1)
                                                         net400 (net)
                      0.499066    0.005632   11.626091 ^ load_slew401/A (sky130_fd_sc_hd__clkbuf_2)
     6    0.056358    0.305807    0.405150   12.031240 ^ load_slew401/X (sky130_fd_sc_hd__clkbuf_2)
                                                         net401 (net)
                      0.306048    0.007440   12.038681 ^ _3412_/B_N (sky130_fd_sc_hd__nor2b_2)
     4    0.022652    0.259363    0.358341   12.397021 ^ _3412_/Y (sky130_fd_sc_hd__nor2b_2)
                                                         _2625_ (net)
                      0.259394    0.002488   12.399509 ^ _3555_/C1 (sky130_fd_sc_hd__a221oi_2)
     5    0.021700    0.121956    0.124849   12.524358 v _3555_/Y (sky130_fd_sc_hd__a221oi_2)
                                                         _2765_ (net)
                      0.122084    0.002412   12.526771 v _3683_/A3 (sky130_fd_sc_hd__o31a_2)
     3    0.016882    0.083538    0.372344   12.899115 v _3683_/X (sky130_fd_sc_hd__o31a_2)
                                                         _2891_ (net)
                      0.083628    0.001696   12.900809 v _4087_/A2 (sky130_fd_sc_hd__o41a_2)
     4    0.047214    0.167139    0.645345   13.546155 v _4087_/X (sky130_fd_sc_hd__o41a_2)
                                                         _0069_ (net)
                      0.167332    0.005288   13.551443 v _4441_/A3 (sky130_fd_sc_hd__o31ai_4)
     1    0.012076    0.235258    0.273910   13.825353 ^ _4441_/Y (sky130_fd_sc_hd__o31ai_4)
                                                         _0415_ (net)
                      0.235259    0.001141   13.826494 ^ wire248/A (sky130_fd_sc_hd__buf_2)
     5    0.052312    0.256495    0.326108   14.152602 ^ wire248/X (sky130_fd_sc_hd__buf_2)
                                                         net248 (net)
                      0.257064    0.010429   14.163032 ^ _4442_/A (sky130_fd_sc_hd__clkbuf_1)
     5    0.028953    0.340195    0.343526   14.506557 ^ _4442_/X (sky130_fd_sc_hd__clkbuf_1)
                                                         _0416_ (net)
                      0.340203    0.001535   14.508092 ^ max_cap234/A (sky130_fd_sc_hd__buf_2)
     6    0.040376    0.198838    0.311628   14.819720 ^ max_cap234/X (sky130_fd_sc_hd__buf_2)
                                                         net234 (net)
                      0.199073    0.004983   14.824703 ^ _4443_/B (sky130_fd_sc_hd__nand2_2)
     9    0.047385    0.197244    0.222133   15.046835 v _4443_/Y (sky130_fd_sc_hd__nand2_2)
                                                         _0417_ (net)
                      0.197244    0.000252   15.047088 v _4585_/A1 (sky130_fd_sc_hd__a2111o_2)
     4    0.028997    0.132885    0.586280   15.633367 v _4585_/X (sky130_fd_sc_hd__a2111o_2)
                                                         _0556_ (net)
                      0.133103    0.004976   15.638343 v _4667_/B1_N (sky130_fd_sc_hd__o21bai_2)
     4    0.019682    0.106803    0.289019   15.927361 v _4667_/Y (sky130_fd_sc_hd__o21bai_2)
                                                         _0636_ (net)
                      0.106818    0.001346   15.928708 v _4742_/A (sky130_fd_sc_hd__nor3_2)
     3    0.021354    0.385227    0.406859   16.335566 ^ _4742_/Y (sky130_fd_sc_hd__nor3_2)
                                                         _0709_ (net)
                      0.385234    0.001435   16.337002 ^ _4743_/D_N (sky130_fd_sc_hd__or4b_4)
     6    0.044580    0.152398    0.644514   16.981516 v _4743_/X (sky130_fd_sc_hd__or4b_4)
                                                         _0710_ (net)
                      0.152618    0.005389   16.986904 v _5301_/A (sky130_fd_sc_hd__or3_2)
     2    0.015557    0.116109    0.595577   17.582481 v _5301_/X (sky130_fd_sc_hd__or3_2)
                                                         _1283_ (net)
                      0.116126    0.001231   17.583714 v _5499_/A (sky130_fd_sc_hd__or4_2)
     1    0.009007    0.123396    0.753698   18.337410 v _5499_/X (sky130_fd_sc_hd__or4_2)
                                                         _1495_ (net)
                      0.123396    0.000714   18.338125 v _5500_/B (sky130_fd_sc_hd__xnor2_2)
     1    0.003414    0.054380    0.162556   18.500681 v _5500_/Y (sky130_fd_sc_hd__xnor2_2)
                                                         _1496_ (net)
                      0.054380    0.000229   18.500910 v _5520_/A2 (sky130_fd_sc_hd__a221o_2)
     2    0.013671    0.082429    0.447292   18.948202 v _5520_/X (sky130_fd_sc_hd__a221o_2)
                                                         net182 (net)
                      0.082436    0.001069   18.949270 v output182/A (sky130_fd_sc_hd__clkdlybuf4s25_1)
     1    0.037056    0.275155    0.466702   19.415974 v output182/X (sky130_fd_sc_hd__clkdlybuf4s25_1)
                                                         result[50] (net)
                      0.275164    0.001876   19.417849 v result[50] (out)
                                             19.417849   data arrival time

                      0.000000   40.000000   40.000000   clock __VIRTUAL_CLK__ (rise edge)
                                  0.000000   40.000000   clock network delay (ideal)
                                 -0.250000   39.750000   clock uncertainty
                                  0.000000   39.750000   clock reconvergence pessimism
                                 -8.000000   31.750000   output external delay
                                             31.750000   data required time
---------------------------------------------------------------------------------------------
                                             31.750000   data required time
                                            -19.417849   data arrival time
---------------------------------------------------------------------------------------------
                                             12.332150   slack (MET)


Startpoint: operand_b[1] (input port clocked by __VIRTUAL_CLK__)
Endpoint: result[58] (output port clocked by __VIRTUAL_CLK__)
Path Group: __VIRTUAL_CLK__
Path Type: max

Fanout         Cap        Slew       Delay        Time   Description
---------------------------------------------------------------------------------------------
                      0.000000    0.000000    0.000000   clock __VIRTUAL_CLK__ (rise edge)
                                  0.000000    0.000000   clock network delay (ideal)
                                  8.000000    8.000000 ^ input external delay
     1    0.009144    0.047534    0.033130    8.033130 ^ operand_b[1] (in)
                                                         operand_b[1] (net)
                      0.047549    0.000000    8.033130 ^ input81/A (sky130_fd_sc_hd__clkdlybuf4s25_1)
     1    0.006236    0.075597    0.281335    8.314465 ^ input81/X (sky130_fd_sc_hd__clkdlybuf4s25_1)
                                                         net81 (net)
                      0.075598    0.000409    8.314874 ^ fanout406/A (sky130_fd_sc_hd__clkdlybuf4s25_1)
     7    0.101761    1.009030    0.973063    9.287937 ^ fanout406/X (sky130_fd_sc_hd__clkdlybuf4s25_1)
                                                         net406 (net)
                      1.009044    0.003321    9.291258 ^ fanout404/A (sky130_fd_sc_hd__clkdlybuf4s25_1)
     8    0.063200    0.628611    0.836630   10.127888 ^ fanout404/X (sky130_fd_sc_hd__clkdlybuf4s25_1)
                                                         net404 (net)
                      0.628611    0.001861   10.129749 ^ fanout402/A (sky130_fd_sc_hd__clkdlybuf4s25_1)
     3    0.028626    0.291253    0.559948   10.689696 ^ fanout402/X (sky130_fd_sc_hd__clkdlybuf4s25_1)
                                                         net402 (net)
                      0.291270    0.002610   10.692307 ^ load_slew403/A (sky130_fd_sc_hd__buf_4)
     8    0.060777    0.172050    0.290256   10.982563 ^ load_slew403/X (sky130_fd_sc_hd__buf_4)
                                                         net403 (net)
                      0.172352    0.005465   10.988028 ^ fanout400/A (sky130_fd_sc_hd__clkdlybuf4s25_1)
     5    0.049851    0.498841    0.632431   11.620459 ^ fanout400/X (sky130_fd_sc_hd__clkdlybuf4s25_1)
                                                         net400 (net)
                      0.499066    0.005632   11.626091 ^ load_slew401/A (sky130_fd_sc_hd__clkbuf_2)
     6    0.056358    0.305807    0.405150   12.031240 ^ load_slew401/X (sky130_fd_sc_hd__clkbuf_2)
                                                         net401 (net)
                      0.306048    0.007440   12.038681 ^ _3412_/B_N (sky130_fd_sc_hd__nor2b_2)
     4    0.022652    0.259363    0.358341   12.397021 ^ _3412_/Y (sky130_fd_sc_hd__nor2b_2)
                                                         _2625_ (net)
                      0.259394    0.002488   12.399509 ^ _3555_/C1 (sky130_fd_sc_hd__a221oi_2)
     5    0.021700    0.121956    0.124849   12.524358 v _3555_/Y (sky130_fd_sc_hd__a221oi_2)
                                                         _2765_ (net)
                      0.122084    0.002412   12.526771 v _3683_/A3 (sky130_fd_sc_hd__o31a_2)
     3    0.016882    0.083538    0.372344   12.899115 v _3683_/X (sky130_fd_sc_hd__o31a_2)
                                                         _2891_ (net)
                      0.083628    0.001696   12.900809 v _4087_/A2 (sky130_fd_sc_hd__o41a_2)
     4    0.047214    0.167139    0.645345   13.546155 v _4087_/X (sky130_fd_sc_hd__o41a_2)
                                                         _0069_ (net)
                      0.167332    0.005288   13.551443 v _4441_/A3 (sky130_fd_sc_hd__o31ai_4)
     1    0.012076    0.235258    0.273910   13.825353 ^ _4441_/Y (sky130_fd_sc_hd__o31ai_4)
                                                         _0415_ (net)
                      0.235259    0.001141   13.826494 ^ wire248/A (sky130_fd_sc_hd__buf_2)
     5    0.052312    0.256495    0.326108   14.152602 ^ wire248/X (sky130_fd_sc_hd__buf_2)
                                                         net248 (net)
                      0.257064    0.010429   14.163032 ^ _4442_/A (sky130_fd_sc_hd__clkbuf_1)
     5    0.028953    0.340195    0.343526   14.506557 ^ _4442_/X (sky130_fd_sc_hd__clkbuf_1)
                                                         _0416_ (net)
                      0.340203    0.001535   14.508092 ^ max_cap234/A (sky130_fd_sc_hd__buf_2)
     6    0.040376    0.198838    0.311628   14.819720 ^ max_cap234/X (sky130_fd_sc_hd__buf_2)
                                                         net234 (net)
                      0.199073    0.004983   14.824703 ^ _4443_/B (sky130_fd_sc_hd__nand2_2)
     9    0.047385    0.197244    0.222133   15.046835 v _4443_/Y (sky130_fd_sc_hd__nand2_2)
                                                         _0417_ (net)
                      0.197244    0.000252   15.047088 v _4585_/A1 (sky130_fd_sc_hd__a2111o_2)
     4    0.028997    0.132885    0.586280   15.633367 v _4585_/X (sky130_fd_sc_hd__a2111o_2)
                                                         _0556_ (net)
                      0.133103    0.004976   15.638343 v _4667_/B1_N (sky130_fd_sc_hd__o21bai_2)
     4    0.019682    0.106803    0.289019   15.927361 v _4667_/Y (sky130_fd_sc_hd__o21bai_2)
                                                         _0636_ (net)
                      0.106818    0.001346   15.928708 v _4742_/A (sky130_fd_sc_hd__nor3_2)
     3    0.021354    0.385227    0.406859   16.335566 ^ _4742_/Y (sky130_fd_sc_hd__nor3_2)
                                                         _0709_ (net)
                      0.385234    0.001435   16.337002 ^ _4743_/D_N (sky130_fd_sc_hd__or4b_4)
     6    0.044580    0.152398    0.644514   16.981516 v _4743_/X (sky130_fd_sc_hd__or4b_4)
                                                         _0710_ (net)
                      0.152616    0.005361   16.986876 v _5624_/A (sky130_fd_sc_hd__or4b_4)
     2    0.021327    0.114888    0.650582   17.637459 v _5624_/X (sky130_fd_sc_hd__or4b_4)
                                                         _1629_ (net)
                      0.114888    0.002206   17.639664 v _5652_/B_N (sky130_fd_sc_hd__and4bb_4)
     7    0.033269    0.140222    0.456621   18.096287 ^ _5652_/X (sky130_fd_sc_hd__and4bb_4)
                                                         _1659_ (net)
                      0.140309    0.003363   18.099649 ^ _5788_/A1 (sky130_fd_sc_hd__a31oi_2)
     1    0.002967    0.070430    0.099631   18.199280 v _5788_/Y (sky130_fd_sc_hd__a31oi_2)
                                                         _1805_ (net)
                      0.070430    0.000284   18.199564 v _5790_/A (sky130_fd_sc_hd__or2_2)
     1    0.004636    0.060714    0.321775   18.521338 v _5790_/X (sky130_fd_sc_hd__or2_2)
                                                         _1807_ (net)
                      0.060714    0.000332   18.521669 v _5807_/A2 (sky130_fd_sc_hd__a21bo_2)
     1    0.002378    0.033275    0.219808   18.741478 v _5807_/X (sky130_fd_sc_hd__a21bo_2)
                                                         _1826_ (net)
                      0.033275    0.000115   18.741594 v _5808_/A (sky130_fd_sc_hd__buf_1)
     2    0.013711    0.085024    0.136648   18.878242 v _5808_/X (sky130_fd_sc_hd__buf_1)
                                                         net190 (net)
                      0.085036    0.001076   18.879318 v output190/A (sky130_fd_sc_hd__clkdlybuf4s25_1)
     1    0.036645    0.272286    0.465349   19.344667 v output190/X (sky130_fd_sc_hd__clkdlybuf4s25_1)
                                                         result[58] (net)
                      0.272300    0.002188   19.346855 v result[58] (out)
                                             19.346855   data arrival time

                      0.000000   40.000000   40.000000   clock __VIRTUAL_CLK__ (rise edge)
                                  0.000000   40.000000   clock network delay (ideal)
                                 -0.250000   39.750000   clock uncertainty
                                  0.000000   39.750000   clock reconvergence pessimism
                                 -8.000000   31.750000   output external delay
                                             31.750000   data required time
---------------------------------------------------------------------------------------------
                                             31.750000   data required time
                                            -19.346855   data arrival time
---------------------------------------------------------------------------------------------
                                             12.403144   slack (MET)


Startpoint: operand_b[1] (input port clocked by __VIRTUAL_CLK__)
Endpoint: result[57] (output port clocked by __VIRTUAL_CLK__)
Path Group: __VIRTUAL_CLK__
Path Type: max

Fanout         Cap        Slew       Delay        Time   Description
---------------------------------------------------------------------------------------------
                      0.000000    0.000000    0.000000   clock __VIRTUAL_CLK__ (rise edge)
                                  0.000000    0.000000   clock network delay (ideal)
                                  8.000000    8.000000 ^ input external delay
     1    0.009144    0.047534    0.033130    8.033130 ^ operand_b[1] (in)
                                                         operand_b[1] (net)
                      0.047549    0.000000    8.033130 ^ input81/A (sky130_fd_sc_hd__clkdlybuf4s25_1)
     1    0.006236    0.075597    0.281335    8.314465 ^ input81/X (sky130_fd_sc_hd__clkdlybuf4s25_1)
                                                         net81 (net)
                      0.075598    0.000409    8.314874 ^ fanout406/A (sky130_fd_sc_hd__clkdlybuf4s25_1)
     7    0.101761    1.009030    0.973063    9.287937 ^ fanout406/X (sky130_fd_sc_hd__clkdlybuf4s25_1)
                                                         net406 (net)
                      1.009044    0.003321    9.291258 ^ fanout404/A (sky130_fd_sc_hd__clkdlybuf4s25_1)
     8    0.063200    0.628611    0.836630   10.127888 ^ fanout404/X (sky130_fd_sc_hd__clkdlybuf4s25_1)
                                                         net404 (net)
                      0.628611    0.001861   10.129749 ^ fanout402/A (sky130_fd_sc_hd__clkdlybuf4s25_1)
     3    0.028626    0.291253    0.559948   10.689696 ^ fanout402/X (sky130_fd_sc_hd__clkdlybuf4s25_1)
                                                         net402 (net)
                      0.291270    0.002610   10.692307 ^ load_slew403/A (sky130_fd_sc_hd__buf_4)
     8    0.060777    0.172050    0.290256   10.982563 ^ load_slew403/X (sky130_fd_sc_hd__buf_4)
                                                         net403 (net)
                      0.172352    0.005465   10.988028 ^ fanout400/A (sky130_fd_sc_hd__clkdlybuf4s25_1)
     5    0.049851    0.498841    0.632431   11.620459 ^ fanout400/X (sky130_fd_sc_hd__clkdlybuf4s25_1)
                                                         net400 (net)
                      0.499066    0.005632   11.626091 ^ load_slew401/A (sky130_fd_sc_hd__clkbuf_2)
     6    0.056358    0.305807    0.405150   12.031240 ^ load_slew401/X (sky130_fd_sc_hd__clkbuf_2)
                                                         net401 (net)
                      0.306048    0.007440   12.038681 ^ _3412_/B_N (sky130_fd_sc_hd__nor2b_2)
     4    0.022652    0.259363    0.358341   12.397021 ^ _3412_/Y (sky130_fd_sc_hd__nor2b_2)
                                                         _2625_ (net)
                      0.259394    0.002488   12.399509 ^ _3555_/C1 (sky130_fd_sc_hd__a221oi_2)
     5    0.021700    0.121956    0.124849   12.524358 v _3555_/Y (sky130_fd_sc_hd__a221oi_2)
                                                         _2765_ (net)
                      0.122084    0.002412   12.526771 v _3683_/A3 (sky130_fd_sc_hd__o31a_2)
     3    0.016882    0.083538    0.372344   12.899115 v _3683_/X (sky130_fd_sc_hd__o31a_2)
                                                         _2891_ (net)
                      0.083628    0.001696   12.900809 v _4087_/A2 (sky130_fd_sc_hd__o41a_2)
     4    0.047214    0.167139    0.645345   13.546155 v _4087_/X (sky130_fd_sc_hd__o41a_2)
                                                         _0069_ (net)
                      0.167332    0.005288   13.551443 v _4441_/A3 (sky130_fd_sc_hd__o31ai_4)
     1    0.012076    0.235258    0.273910   13.825353 ^ _4441_/Y (sky130_fd_sc_hd__o31ai_4)
                                                         _0415_ (net)
                      0.235259    0.001141   13.826494 ^ wire248/A (sky130_fd_sc_hd__buf_2)
     5    0.052312    0.256495    0.326108   14.152602 ^ wire248/X (sky130_fd_sc_hd__buf_2)
                                                         net248 (net)
                      0.257064    0.010429   14.163032 ^ _4442_/A (sky130_fd_sc_hd__clkbuf_1)
     5    0.028953    0.340195    0.343526   14.506557 ^ _4442_/X (sky130_fd_sc_hd__clkbuf_1)
                                                         _0416_ (net)
                      0.340203    0.001535   14.508092 ^ max_cap234/A (sky130_fd_sc_hd__buf_2)
     6    0.040376    0.198838    0.311628   14.819720 ^ max_cap234/X (sky130_fd_sc_hd__buf_2)
                                                         net234 (net)
                      0.199073    0.004983   14.824703 ^ _4443_/B (sky130_fd_sc_hd__nand2_2)
     9    0.047385    0.197244    0.222133   15.046835 v _4443_/Y (sky130_fd_sc_hd__nand2_2)
                                                         _0417_ (net)
                      0.197244    0.000252   15.047088 v _4585_/A1 (sky130_fd_sc_hd__a2111o_2)
     4    0.028997    0.132885    0.586280   15.633367 v _4585_/X (sky130_fd_sc_hd__a2111o_2)
                                                         _0556_ (net)
                      0.133103    0.004976   15.638343 v _4667_/B1_N (sky130_fd_sc_hd__o21bai_2)
     4    0.019682    0.106803    0.289019   15.927361 v _4667_/Y (sky130_fd_sc_hd__o21bai_2)
                                                         _0636_ (net)
                      0.106818    0.001346   15.928708 v _4742_/A (sky130_fd_sc_hd__nor3_2)
     3    0.021354    0.385227    0.406859   16.335566 ^ _4742_/Y (sky130_fd_sc_hd__nor3_2)
                                                         _0709_ (net)
                      0.385234    0.001435   16.337002 ^ _4743_/D_N (sky130_fd_sc_hd__or4b_4)
     6    0.044580    0.152398    0.644514   16.981516 v _4743_/X (sky130_fd_sc_hd__or4b_4)
                                                         _0710_ (net)
                      0.152616    0.005361   16.986876 v _5624_/A (sky130_fd_sc_hd__or4b_4)
     2    0.021327    0.114888    0.650582   17.637459 v _5624_/X (sky130_fd_sc_hd__or4b_4)
                                                         _1629_ (net)
                      0.114888    0.002206   17.639664 v _5652_/B_N (sky130_fd_sc_hd__and4bb_4)
     7    0.033269    0.140222    0.456621   18.096287 ^ _5652_/X (sky130_fd_sc_hd__and4bb_4)
                                                         _1659_ (net)
                      0.140286    0.002945   18.099232 ^ _5762_/B (sky130_fd_sc_hd__and3_2)
     1    0.010327    0.077506    0.235286   18.334517 ^ _5762_/X (sky130_fd_sc_hd__and3_2)
                                                         _1777_ (net)
                      0.077513    0.000821   18.335337 ^ _5763_/B (sky130_fd_sc_hd__xnor2_2)
     1    0.003657    0.047780    0.063135   18.398472 v _5763_/Y (sky130_fd_sc_hd__xnor2_2)
                                                         _1778_ (net)
                      0.047780    0.000268   18.398741 v _5777_/B1 (sky130_fd_sc_hd__a221o_2)
     2    0.013657    0.082529    0.392053   18.790794 v _5777_/X (sky130_fd_sc_hd__a221o_2)
                                                         net189 (net)
                      0.082579    0.001387   18.792181 v output189/A (sky130_fd_sc_hd__clkdlybuf4s25_1)
     1    0.037212    0.276483    0.466963   19.259144 v output189/X (sky130_fd_sc_hd__clkdlybuf4s25_1)
                                                         result[57] (net)
                      0.276506    0.002739   19.261883 v result[57] (out)
                                             19.261883   data arrival time

                      0.000000   40.000000   40.000000   clock __VIRTUAL_CLK__ (rise edge)
                                  0.000000   40.000000   clock network delay (ideal)
                                 -0.250000   39.750000   clock uncertainty
                                  0.000000   39.750000   clock reconvergence pessimism
                                 -8.000000   31.750000   output external delay
                                             31.750000   data required time
---------------------------------------------------------------------------------------------
                                             31.750000   data required time
                                            -19.261883   data arrival time
---------------------------------------------------------------------------------------------
                                             12.488115   slack (MET)


Startpoint: operand_b[1] (input port clocked by __VIRTUAL_CLK__)
Endpoint: result[53] (output port clocked by __VIRTUAL_CLK__)
Path Group: __VIRTUAL_CLK__
Path Type: max

Fanout         Cap        Slew       Delay        Time   Description
---------------------------------------------------------------------------------------------
                      0.000000    0.000000    0.000000   clock __VIRTUAL_CLK__ (rise edge)
                                  0.000000    0.000000   clock network delay (ideal)
                                  8.000000    8.000000 ^ input external delay
     1    0.009144    0.047534    0.033130    8.033130 ^ operand_b[1] (in)
                                                         operand_b[1] (net)
                      0.047549    0.000000    8.033130 ^ input81/A (sky130_fd_sc_hd__clkdlybuf4s25_1)
     1    0.006236    0.075597    0.281335    8.314465 ^ input81/X (sky130_fd_sc_hd__clkdlybuf4s25_1)
                                                         net81 (net)
                      0.075598    0.000409    8.314874 ^ fanout406/A (sky130_fd_sc_hd__clkdlybuf4s25_1)
     7    0.101761    1.009030    0.973063    9.287937 ^ fanout406/X (sky130_fd_sc_hd__clkdlybuf4s25_1)
                                                         net406 (net)
                      1.009044    0.003321    9.291258 ^ fanout404/A (sky130_fd_sc_hd__clkdlybuf4s25_1)
     8    0.063200    0.628611    0.836630   10.127888 ^ fanout404/X (sky130_fd_sc_hd__clkdlybuf4s25_1)
                                                         net404 (net)
                      0.628611    0.001861   10.129749 ^ fanout402/A (sky130_fd_sc_hd__clkdlybuf4s25_1)
     3    0.028626    0.291253    0.559948   10.689696 ^ fanout402/X (sky130_fd_sc_hd__clkdlybuf4s25_1)
                                                         net402 (net)
                      0.291270    0.002610   10.692307 ^ load_slew403/A (sky130_fd_sc_hd__buf_4)
     8    0.060777    0.172050    0.290256   10.982563 ^ load_slew403/X (sky130_fd_sc_hd__buf_4)
                                                         net403 (net)
                      0.172352    0.005465   10.988028 ^ fanout400/A (sky130_fd_sc_hd__clkdlybuf4s25_1)
     5    0.049851    0.498841    0.632431   11.620459 ^ fanout400/X (sky130_fd_sc_hd__clkdlybuf4s25_1)
                                                         net400 (net)
                      0.499066    0.005632   11.626091 ^ load_slew401/A (sky130_fd_sc_hd__clkbuf_2)
     6    0.056358    0.305807    0.405150   12.031240 ^ load_slew401/X (sky130_fd_sc_hd__clkbuf_2)
                                                         net401 (net)
                      0.306048    0.007440   12.038681 ^ _3412_/B_N (sky130_fd_sc_hd__nor2b_2)
     4    0.022652    0.259363    0.358341   12.397021 ^ _3412_/Y (sky130_fd_sc_hd__nor2b_2)
                                                         _2625_ (net)
                      0.259394    0.002488   12.399509 ^ _3555_/C1 (sky130_fd_sc_hd__a221oi_2)
     5    0.021700    0.121956    0.124849   12.524358 v _3555_/Y (sky130_fd_sc_hd__a221oi_2)
                                                         _2765_ (net)
                      0.122084    0.002412   12.526771 v _3683_/A3 (sky130_fd_sc_hd__o31a_2)
     3    0.016882    0.083538    0.372344   12.899115 v _3683_/X (sky130_fd_sc_hd__o31a_2)
                                                         _2891_ (net)
                      0.083628    0.001696   12.900809 v _4087_/A2 (sky130_fd_sc_hd__o41a_2)
     4    0.047214    0.167139    0.645345   13.546155 v _4087_/X (sky130_fd_sc_hd__o41a_2)
                                                         _0069_ (net)
                      0.167332    0.005288   13.551443 v _4441_/A3 (sky130_fd_sc_hd__o31ai_4)
     1    0.012076    0.235258    0.273910   13.825353 ^ _4441_/Y (sky130_fd_sc_hd__o31ai_4)
                                                         _0415_ (net)
                      0.235259    0.001141   13.826494 ^ wire248/A (sky130_fd_sc_hd__buf_2)
     5    0.052312    0.256495    0.326108   14.152602 ^ wire248/X (sky130_fd_sc_hd__buf_2)
                                                         net248 (net)
                      0.257064    0.010429   14.163032 ^ _4442_/A (sky130_fd_sc_hd__clkbuf_1)
     5    0.028953    0.340195    0.343526   14.506557 ^ _4442_/X (sky130_fd_sc_hd__clkbuf_1)
                                                         _0416_ (net)
                      0.340203    0.001535   14.508092 ^ max_cap234/A (sky130_fd_sc_hd__buf_2)
     6    0.040376    0.198838    0.311628   14.819720 ^ max_cap234/X (sky130_fd_sc_hd__buf_2)
                                                         net234 (net)
                      0.199073    0.004983   14.824703 ^ _4443_/B (sky130_fd_sc_hd__nand2_2)
     9    0.047385    0.197244    0.222133   15.046835 v _4443_/Y (sky130_fd_sc_hd__nand2_2)
                                                         _0417_ (net)
                      0.197244    0.000252   15.047088 v _4585_/A1 (sky130_fd_sc_hd__a2111o_2)
     4    0.028997    0.132885    0.586280   15.633367 v _4585_/X (sky130_fd_sc_hd__a2111o_2)
                                                         _0556_ (net)
                      0.133103    0.004976   15.638343 v _4667_/B1_N (sky130_fd_sc_hd__o21bai_2)
     4    0.019682    0.106803    0.289019   15.927361 v _4667_/Y (sky130_fd_sc_hd__o21bai_2)
                                                         _0636_ (net)
                      0.106818    0.001346   15.928708 v _4742_/A (sky130_fd_sc_hd__nor3_2)
     3    0.021354    0.385227    0.406859   16.335566 ^ _4742_/Y (sky130_fd_sc_hd__nor3_2)
                                                         _0709_ (net)
                      0.385234    0.001435   16.337002 ^ _4743_/D_N (sky130_fd_sc_hd__or4b_4)
     6    0.044580    0.152398    0.644514   16.981516 v _4743_/X (sky130_fd_sc_hd__or4b_4)
                                                         _0710_ (net)
                      0.152616    0.005361   16.986876 v _5624_/A (sky130_fd_sc_hd__or4b_4)
     2    0.021327    0.114888    0.650582   17.637459 v _5624_/X (sky130_fd_sc_hd__or4b_4)
                                                         _1629_ (net)
                      0.114888    0.002242   17.639700 v _5625_/B (sky130_fd_sc_hd__nor2_2)
     1    0.003863    0.078245    0.110333   17.750032 ^ _5625_/Y (sky130_fd_sc_hd__nor2_2)
                                                         _1630_ (net)
                      0.078245    0.000268   17.750301 ^ _5626_/B2 (sky130_fd_sc_hd__o22a_2)
     2    0.008036    0.056192    0.152129   17.902430 ^ _5626_/X (sky130_fd_sc_hd__o22a_2)
                                                         _1632_ (net)
                      0.056195    0.000487   17.902918 ^ _5628_/B (sky130_fd_sc_hd__or3_2)
     1    0.002980    0.043221    0.108717   18.011633 ^ _5628_/X (sky130_fd_sc_hd__or3_2)
                                                         _1634_ (net)
                      0.043221    0.000217   18.011850 ^ _5629_/C_N (sky130_fd_sc_hd__or3b_2)
     1    0.002679    0.074471    0.450605   18.462456 v _5629_/X (sky130_fd_sc_hd__or3b_2)
                                                         _1635_ (net)
                      0.074471    0.000119   18.462574 v _5630_/A (sky130_fd_sc_hd__buf_1)
     2    0.018016    0.108839    0.174586   18.637159 v _5630_/X (sky130_fd_sc_hd__buf_1)
                                                         net185 (net)
                      0.108863    0.001618   18.638779 v output185/A (sky130_fd_sc_hd__clkdlybuf4s25_1)
     1    0.036325    0.269636    0.474495   19.113274 v output185/X (sky130_fd_sc_hd__clkdlybuf4s25_1)
                                                         result[53] (net)
                      0.269650    0.002180   19.115454 v result[53] (out)
                                             19.115454   data arrival time

                      0.000000   40.000000   40.000000   clock __VIRTUAL_CLK__ (rise edge)
                                  0.000000   40.000000   clock network delay (ideal)
                                 -0.250000   39.750000   clock uncertainty
                                  0.000000   39.750000   clock reconvergence pessimism
                                 -8.000000   31.750000   output external delay
                                             31.750000   data required time
---------------------------------------------------------------------------------------------
                                             31.750000   data required time
                                            -19.115454   data arrival time
---------------------------------------------------------------------------------------------
                                             12.634546   slack (MET)


Startpoint: operand_b[1] (input port clocked by __VIRTUAL_CLK__)
Endpoint: result[56] (output port clocked by __VIRTUAL_CLK__)
Path Group: __VIRTUAL_CLK__
Path Type: max

Fanout         Cap        Slew       Delay        Time   Description
---------------------------------------------------------------------------------------------
                      0.000000    0.000000    0.000000   clock __VIRTUAL_CLK__ (rise edge)
                                  0.000000    0.000000   clock network delay (ideal)
                                  8.000000    8.000000 ^ input external delay
     1    0.009144    0.047534    0.033130    8.033130 ^ operand_b[1] (in)
                                                         operand_b[1] (net)
                      0.047549    0.000000    8.033130 ^ input81/A (sky130_fd_sc_hd__clkdlybuf4s25_1)
     1    0.006236    0.075597    0.281335    8.314465 ^ input81/X (sky130_fd_sc_hd__clkdlybuf4s25_1)
                                                         net81 (net)
                      0.075598    0.000409    8.314874 ^ fanout406/A (sky130_fd_sc_hd__clkdlybuf4s25_1)
     7    0.101761    1.009030    0.973063    9.287937 ^ fanout406/X (sky130_fd_sc_hd__clkdlybuf4s25_1)
                                                         net406 (net)
                      1.009044    0.003321    9.291258 ^ fanout404/A (sky130_fd_sc_hd__clkdlybuf4s25_1)
     8    0.063200    0.628611    0.836630   10.127888 ^ fanout404/X (sky130_fd_sc_hd__clkdlybuf4s25_1)
                                                         net404 (net)
                      0.628611    0.001861   10.129749 ^ fanout402/A (sky130_fd_sc_hd__clkdlybuf4s25_1)
     3    0.028626    0.291253    0.559948   10.689696 ^ fanout402/X (sky130_fd_sc_hd__clkdlybuf4s25_1)
                                                         net402 (net)
                      0.291270    0.002610   10.692307 ^ load_slew403/A (sky130_fd_sc_hd__buf_4)
     8    0.060777    0.172050    0.290256   10.982563 ^ load_slew403/X (sky130_fd_sc_hd__buf_4)
                                                         net403 (net)
                      0.172352    0.005465   10.988028 ^ fanout400/A (sky130_fd_sc_hd__clkdlybuf4s25_1)
     5    0.049851    0.498841    0.632431   11.620459 ^ fanout400/X (sky130_fd_sc_hd__clkdlybuf4s25_1)
                                                         net400 (net)
                      0.499066    0.005632   11.626091 ^ load_slew401/A (sky130_fd_sc_hd__clkbuf_2)
     6    0.056358    0.305807    0.405150   12.031240 ^ load_slew401/X (sky130_fd_sc_hd__clkbuf_2)
                                                         net401 (net)
                      0.306048    0.007440   12.038681 ^ _3412_/B_N (sky130_fd_sc_hd__nor2b_2)
     4    0.022652    0.259363    0.358341   12.397021 ^ _3412_/Y (sky130_fd_sc_hd__nor2b_2)
                                                         _2625_ (net)
                      0.259394    0.002488   12.399509 ^ _3555_/C1 (sky130_fd_sc_hd__a221oi_2)
     5    0.021700    0.121956    0.124849   12.524358 v _3555_/Y (sky130_fd_sc_hd__a221oi_2)
                                                         _2765_ (net)
                      0.122084    0.002412   12.526771 v _3683_/A3 (sky130_fd_sc_hd__o31a_2)
     3    0.016882    0.083538    0.372344   12.899115 v _3683_/X (sky130_fd_sc_hd__o31a_2)
                                                         _2891_ (net)
                      0.083628    0.001696   12.900809 v _4087_/A2 (sky130_fd_sc_hd__o41a_2)
     4    0.047214    0.167139    0.645345   13.546155 v _4087_/X (sky130_fd_sc_hd__o41a_2)
                                                         _0069_ (net)
                      0.167332    0.005288   13.551443 v _4441_/A3 (sky130_fd_sc_hd__o31ai_4)
     1    0.012076    0.235258    0.273910   13.825353 ^ _4441_/Y (sky130_fd_sc_hd__o31ai_4)
                                                         _0415_ (net)
                      0.235259    0.001141   13.826494 ^ wire248/A (sky130_fd_sc_hd__buf_2)
     5    0.052312    0.256495    0.326108   14.152602 ^ wire248/X (sky130_fd_sc_hd__buf_2)
                                                         net248 (net)
                      0.257064    0.010429   14.163032 ^ _4442_/A (sky130_fd_sc_hd__clkbuf_1)
     5    0.028953    0.340195    0.343526   14.506557 ^ _4442_/X (sky130_fd_sc_hd__clkbuf_1)
                                                         _0416_ (net)
                      0.340203    0.001535   14.508092 ^ max_cap234/A (sky130_fd_sc_hd__buf_2)
     6    0.040376    0.198838    0.311628   14.819720 ^ max_cap234/X (sky130_fd_sc_hd__buf_2)
                                                         net234 (net)
                      0.199073    0.004983   14.824703 ^ _4443_/B (sky130_fd_sc_hd__nand2_2)
     9    0.047385    0.197244    0.222133   15.046835 v _4443_/Y (sky130_fd_sc_hd__nand2_2)
                                                         _0417_ (net)
                      0.197244    0.000252   15.047088 v _4585_/A1 (sky130_fd_sc_hd__a2111o_2)
     4    0.028997    0.132885    0.586280   15.633367 v _4585_/X (sky130_fd_sc_hd__a2111o_2)
                                                         _0556_ (net)
                      0.133103    0.004976   15.638343 v _4667_/B1_N (sky130_fd_sc_hd__o21bai_2)
     4    0.019682    0.106803    0.289019   15.927361 v _4667_/Y (sky130_fd_sc_hd__o21bai_2)
                                                         _0636_ (net)
                      0.106818    0.001346   15.928708 v _4742_/A (sky130_fd_sc_hd__nor3_2)
     3    0.021354    0.385227    0.406859   16.335566 ^ _4742_/Y (sky130_fd_sc_hd__nor3_2)
                                                         _0709_ (net)
                      0.385234    0.001435   16.337002 ^ _4743_/D_N (sky130_fd_sc_hd__or4b_4)
     6    0.044580    0.152398    0.644514   16.981516 v _4743_/X (sky130_fd_sc_hd__or4b_4)
                                                         _0710_ (net)
                      0.152616    0.005361   16.986876 v _5624_/A (sky130_fd_sc_hd__or4b_4)
     2    0.021327    0.114888    0.650582   17.637459 v _5624_/X (sky130_fd_sc_hd__or4b_4)
                                                         _1629_ (net)
                      0.114888    0.002206   17.639664 v _5652_/B_N (sky130_fd_sc_hd__and4bb_4)
     7    0.033269    0.140222    0.456621   18.096287 ^ _5652_/X (sky130_fd_sc_hd__and4bb_4)
                                                         _1659_ (net)
                      0.140298    0.003169   18.099455 ^ _5725_/A (sky130_fd_sc_hd__nand2_2)
     1    0.008881    0.059893    0.083517   18.182972 v _5725_/Y (sky130_fd_sc_hd__nand2_2)
                                                         _1737_ (net)
                      0.059895    0.000460   18.183432 v _5726_/B (sky130_fd_sc_hd__xnor2_2)
     1    0.004280    0.115637    0.131868   18.315300 ^ _5726_/Y (sky130_fd_sc_hd__xnor2_2)
                                                         _1739_ (net)
                      0.115637    0.000275   18.315575 ^ _5746_/A2 (sky130_fd_sc_hd__a21o_2)
     2    0.019596    0.106959    0.203778   18.519354 ^ _5746_/X (sky130_fd_sc_hd__a21o_2)
                                                         net188 (net)
                      0.106972    0.001306   18.520658 ^ output188/A (sky130_fd_sc_hd__clkdlybuf4s25_1)
     1    0.039399    0.397110    0.539297   19.059956 ^ output188/X (sky130_fd_sc_hd__clkdlybuf4s25_1)
                                                         result[56] (net)
                      0.397145    0.004098   19.064054 ^ result[56] (out)
                                             19.064054   data arrival time

                      0.000000   40.000000   40.000000   clock __VIRTUAL_CLK__ (rise edge)
                                  0.000000   40.000000   clock network delay (ideal)
                                 -0.250000   39.750000   clock uncertainty
                                  0.000000   39.750000   clock reconvergence pessimism
                                 -8.000000   31.750000   output external delay
                                             31.750000   data required time
---------------------------------------------------------------------------------------------
                                             31.750000   data required time
                                            -19.064054   data arrival time
---------------------------------------------------------------------------------------------
                                             12.685946   slack (MET)


Startpoint: operand_b[1] (input port clocked by __VIRTUAL_CLK__)
Endpoint: result[54] (output port clocked by __VIRTUAL_CLK__)
Path Group: __VIRTUAL_CLK__
Path Type: max

Fanout         Cap        Slew       Delay        Time   Description
---------------------------------------------------------------------------------------------
                      0.000000    0.000000    0.000000   clock __VIRTUAL_CLK__ (rise edge)
                                  0.000000    0.000000   clock network delay (ideal)
                                  8.000000    8.000000 ^ input external delay
     1    0.009144    0.047534    0.033130    8.033130 ^ operand_b[1] (in)
                                                         operand_b[1] (net)
                      0.047549    0.000000    8.033130 ^ input81/A (sky130_fd_sc_hd__clkdlybuf4s25_1)
     1    0.006236    0.075597    0.281335    8.314465 ^ input81/X (sky130_fd_sc_hd__clkdlybuf4s25_1)
                                                         net81 (net)
                      0.075598    0.000409    8.314874 ^ fanout406/A (sky130_fd_sc_hd__clkdlybuf4s25_1)
     7    0.101761    1.009030    0.973063    9.287937 ^ fanout406/X (sky130_fd_sc_hd__clkdlybuf4s25_1)
                                                         net406 (net)
                      1.009044    0.003321    9.291258 ^ fanout404/A (sky130_fd_sc_hd__clkdlybuf4s25_1)
     8    0.063200    0.628611    0.836630   10.127888 ^ fanout404/X (sky130_fd_sc_hd__clkdlybuf4s25_1)
                                                         net404 (net)
                      0.628611    0.001861   10.129749 ^ fanout402/A (sky130_fd_sc_hd__clkdlybuf4s25_1)
     3    0.028626    0.291253    0.559948   10.689696 ^ fanout402/X (sky130_fd_sc_hd__clkdlybuf4s25_1)
                                                         net402 (net)
                      0.291270    0.002610   10.692307 ^ load_slew403/A (sky130_fd_sc_hd__buf_4)
     8    0.060777    0.172050    0.290256   10.982563 ^ load_slew403/X (sky130_fd_sc_hd__buf_4)
                                                         net403 (net)
                      0.172352    0.005465   10.988028 ^ fanout400/A (sky130_fd_sc_hd__clkdlybuf4s25_1)
     5    0.049851    0.498841    0.632431   11.620459 ^ fanout400/X (sky130_fd_sc_hd__clkdlybuf4s25_1)
                                                         net400 (net)
                      0.499066    0.005632   11.626091 ^ load_slew401/A (sky130_fd_sc_hd__clkbuf_2)
     6    0.056358    0.305807    0.405150   12.031240 ^ load_slew401/X (sky130_fd_sc_hd__clkbuf_2)
                                                         net401 (net)
                      0.306048    0.007440   12.038681 ^ _3412_/B_N (sky130_fd_sc_hd__nor2b_2)
     4    0.022652    0.259363    0.358341   12.397021 ^ _3412_/Y (sky130_fd_sc_hd__nor2b_2)
                                                         _2625_ (net)
                      0.259394    0.002488   12.399509 ^ _3555_/C1 (sky130_fd_sc_hd__a221oi_2)
     5    0.021700    0.121956    0.124849   12.524358 v _3555_/Y (sky130_fd_sc_hd__a221oi_2)
                                                         _2765_ (net)
                      0.122084    0.002412   12.526771 v _3683_/A3 (sky130_fd_sc_hd__o31a_2)
     3    0.016882    0.083538    0.372344   12.899115 v _3683_/X (sky130_fd_sc_hd__o31a_2)
                                                         _2891_ (net)
                      0.083628    0.001696   12.900809 v _4087_/A2 (sky130_fd_sc_hd__o41a_2)
     4    0.047214    0.167139    0.645345   13.546155 v _4087_/X (sky130_fd_sc_hd__o41a_2)
                                                         _0069_ (net)
                      0.167332    0.005288   13.551443 v _4441_/A3 (sky130_fd_sc_hd__o31ai_4)
     1    0.012076    0.235258    0.273910   13.825353 ^ _4441_/Y (sky130_fd_sc_hd__o31ai_4)
                                                         _0415_ (net)
                      0.235259    0.001141   13.826494 ^ wire248/A (sky130_fd_sc_hd__buf_2)
     5    0.052312    0.256495    0.326108   14.152602 ^ wire248/X (sky130_fd_sc_hd__buf_2)
                                                         net248 (net)
                      0.257064    0.010429   14.163032 ^ _4442_/A (sky130_fd_sc_hd__clkbuf_1)
     5    0.028953    0.340195    0.343526   14.506557 ^ _4442_/X (sky130_fd_sc_hd__clkbuf_1)
                                                         _0416_ (net)
                      0.340203    0.001535   14.508092 ^ max_cap234/A (sky130_fd_sc_hd__buf_2)
     6    0.040376    0.198838    0.311628   14.819720 ^ max_cap234/X (sky130_fd_sc_hd__buf_2)
                                                         net234 (net)
                      0.199073    0.004983   14.824703 ^ _4443_/B (sky130_fd_sc_hd__nand2_2)
     9    0.047385    0.197244    0.222133   15.046835 v _4443_/Y (sky130_fd_sc_hd__nand2_2)
                                                         _0417_ (net)
                      0.197244    0.000252   15.047088 v _4585_/A1 (sky130_fd_sc_hd__a2111o_2)
     4    0.028997    0.132885    0.586280   15.633367 v _4585_/X (sky130_fd_sc_hd__a2111o_2)
                                                         _0556_ (net)
                      0.133103    0.004976   15.638343 v _4667_/B1_N (sky130_fd_sc_hd__o21bai_2)
     4    0.019682    0.106803    0.289019   15.927361 v _4667_/Y (sky130_fd_sc_hd__o21bai_2)
                                                         _0636_ (net)
                      0.106818    0.001346   15.928708 v _4742_/A (sky130_fd_sc_hd__nor3_2)
     3    0.021354    0.385227    0.406859   16.335566 ^ _4742_/Y (sky130_fd_sc_hd__nor3_2)
                                                         _0709_ (net)
                      0.385234    0.001435   16.337002 ^ _4743_/D_N (sky130_fd_sc_hd__or4b_4)
     6    0.044580    0.152398    0.644514   16.981516 v _4743_/X (sky130_fd_sc_hd__or4b_4)
                                                         _0710_ (net)
                      0.152616    0.005361   16.986876 v _5624_/A (sky130_fd_sc_hd__or4b_4)
     2    0.021327    0.114888    0.650582   17.637459 v _5624_/X (sky130_fd_sc_hd__or4b_4)
                                                         _1629_ (net)
                      0.114888    0.002206   17.639664 v _5652_/B_N (sky130_fd_sc_hd__and4bb_4)
     7    0.033269    0.140222    0.456621   18.096287 ^ _5652_/X (sky130_fd_sc_hd__and4bb_4)
                                                         _1659_ (net)
                      0.140248    0.002030   18.098316 ^ _5653_/B (sky130_fd_sc_hd__or2_2)
     1    0.003790    0.034182    0.137891   18.236208 ^ _5653_/X (sky130_fd_sc_hd__or2_2)
                                                         _1660_ (net)
                      0.034194    0.000261   18.236469 ^ _5669_/B1 (sky130_fd_sc_hd__a221o_2)
     2    0.015018    0.093243    0.182192   18.418661 ^ _5669_/X (sky130_fd_sc_hd__a221o_2)
                                                         net186 (net)
                      0.093258    0.001220   18.419882 ^ output186/A (sky130_fd_sc_hd__clkdlybuf4s25_1)
     1    0.039344    0.396134    0.534898   18.954779 ^ output186/X (sky130_fd_sc_hd__clkdlybuf4s25_1)
                                                         result[54] (net)
                      0.396145    0.002670   18.957449 ^ result[54] (out)
                                             18.957449   data arrival time

                      0.000000   40.000000   40.000000   clock __VIRTUAL_CLK__ (rise edge)
                                  0.000000   40.000000   clock network delay (ideal)
                                 -0.250000   39.750000   clock uncertainty
                                  0.000000   39.750000   clock reconvergence pessimism
                                 -8.000000   31.750000   output external delay
                                             31.750000   data required time
---------------------------------------------------------------------------------------------
                                             31.750000   data required time
                                            -18.957449   data arrival time
---------------------------------------------------------------------------------------------
                                             12.792549   slack (MET)


Startpoint: operand_b[1] (input port clocked by __VIRTUAL_CLK__)
Endpoint: result[45] (output port clocked by __VIRTUAL_CLK__)
Path Group: __VIRTUAL_CLK__
Path Type: max

Fanout         Cap        Slew       Delay        Time   Description
---------------------------------------------------------------------------------------------
                      0.000000    0.000000    0.000000   clock __VIRTUAL_CLK__ (rise edge)
                                  0.000000    0.000000   clock network delay (ideal)
                                  8.000000    8.000000 ^ input external delay
     1    0.009144    0.047534    0.033130    8.033130 ^ operand_b[1] (in)
                                                         operand_b[1] (net)
                      0.047549    0.000000    8.033130 ^ input81/A (sky130_fd_sc_hd__clkdlybuf4s25_1)
     1    0.006236    0.075597    0.281335    8.314465 ^ input81/X (sky130_fd_sc_hd__clkdlybuf4s25_1)
                                                         net81 (net)
                      0.075598    0.000409    8.314874 ^ fanout406/A (sky130_fd_sc_hd__clkdlybuf4s25_1)
     7    0.101761    1.009030    0.973063    9.287937 ^ fanout406/X (sky130_fd_sc_hd__clkdlybuf4s25_1)
                                                         net406 (net)
                      1.009044    0.003321    9.291258 ^ fanout404/A (sky130_fd_sc_hd__clkdlybuf4s25_1)
     8    0.063200    0.628611    0.836630   10.127888 ^ fanout404/X (sky130_fd_sc_hd__clkdlybuf4s25_1)
                                                         net404 (net)
                      0.628611    0.001861   10.129749 ^ fanout402/A (sky130_fd_sc_hd__clkdlybuf4s25_1)
     3    0.028626    0.291253    0.559948   10.689696 ^ fanout402/X (sky130_fd_sc_hd__clkdlybuf4s25_1)
                                                         net402 (net)
                      0.291270    0.002610   10.692307 ^ load_slew403/A (sky130_fd_sc_hd__buf_4)
     8    0.060777    0.172050    0.290256   10.982563 ^ load_slew403/X (sky130_fd_sc_hd__buf_4)
                                                         net403 (net)
                      0.172352    0.005465   10.988028 ^ fanout400/A (sky130_fd_sc_hd__clkdlybuf4s25_1)
     5    0.049851    0.498841    0.632431   11.620459 ^ fanout400/X (sky130_fd_sc_hd__clkdlybuf4s25_1)
                                                         net400 (net)
                      0.499066    0.005632   11.626091 ^ load_slew401/A (sky130_fd_sc_hd__clkbuf_2)
     6    0.056358    0.305807    0.405150   12.031240 ^ load_slew401/X (sky130_fd_sc_hd__clkbuf_2)
                                                         net401 (net)
                      0.306048    0.007440   12.038681 ^ _3412_/B_N (sky130_fd_sc_hd__nor2b_2)
     4    0.022652    0.259363    0.358341   12.397021 ^ _3412_/Y (sky130_fd_sc_hd__nor2b_2)
                                                         _2625_ (net)
                      0.259394    0.002488   12.399509 ^ _3555_/C1 (sky130_fd_sc_hd__a221oi_2)
     5    0.021700    0.121956    0.124849   12.524358 v _3555_/Y (sky130_fd_sc_hd__a221oi_2)
                                                         _2765_ (net)
                      0.122084    0.002412   12.526771 v _3683_/A3 (sky130_fd_sc_hd__o31a_2)
     3    0.016882    0.083538    0.372344   12.899115 v _3683_/X (sky130_fd_sc_hd__o31a_2)
                                                         _2891_ (net)
                      0.083628    0.001696   12.900809 v _4087_/A2 (sky130_fd_sc_hd__o41a_2)
     4    0.047214    0.167139    0.645345   13.546155 v _4087_/X (sky130_fd_sc_hd__o41a_2)
                                                         _0069_ (net)
                      0.167332    0.005288   13.551443 v _4441_/A3 (sky130_fd_sc_hd__o31ai_4)
     1    0.012076    0.235258    0.273910   13.825353 ^ _4441_/Y (sky130_fd_sc_hd__o31ai_4)
                                                         _0415_ (net)
                      0.235259    0.001141   13.826494 ^ wire248/A (sky130_fd_sc_hd__buf_2)
     5    0.052312    0.256495    0.326108   14.152602 ^ wire248/X (sky130_fd_sc_hd__buf_2)
                                                         net248 (net)
                      0.257064    0.010429   14.163032 ^ _4442_/A (sky130_fd_sc_hd__clkbuf_1)
     5    0.028953    0.340195    0.343526   14.506557 ^ _4442_/X (sky130_fd_sc_hd__clkbuf_1)
                                                         _0416_ (net)
                      0.340203    0.001535   14.508092 ^ max_cap234/A (sky130_fd_sc_hd__buf_2)
     6    0.040376    0.198838    0.311628   14.819720 ^ max_cap234/X (sky130_fd_sc_hd__buf_2)
                                                         net234 (net)
                      0.199073    0.004983   14.824703 ^ _4443_/B (sky130_fd_sc_hd__nand2_2)
     9    0.047385    0.197244    0.222133   15.046835 v _4443_/Y (sky130_fd_sc_hd__nand2_2)
                                                         _0417_ (net)
                      0.197244    0.000252   15.047088 v _4585_/A1 (sky130_fd_sc_hd__a2111o_2)
     4    0.028997    0.132885    0.586280   15.633367 v _4585_/X (sky130_fd_sc_hd__a2111o_2)
                                                         _0556_ (net)
                      0.133103    0.004976   15.638343 v _4667_/B1_N (sky130_fd_sc_hd__o21bai_2)
     4    0.019682    0.106803    0.289019   15.927361 v _4667_/Y (sky130_fd_sc_hd__o21bai_2)
                                                         _0636_ (net)
                      0.106818    0.001346   15.928708 v _4742_/A (sky130_fd_sc_hd__nor3_2)
     3    0.021354    0.385227    0.406859   16.335566 ^ _4742_/Y (sky130_fd_sc_hd__nor3_2)
                                                         _0709_ (net)
                      0.385234    0.001435   16.337002 ^ _4743_/D_N (sky130_fd_sc_hd__or4b_4)
     6    0.044580    0.152398    0.644514   16.981516 v _4743_/X (sky130_fd_sc_hd__or4b_4)
                                                         _0710_ (net)
                      0.152618    0.005389   16.986904 v _5301_/A (sky130_fd_sc_hd__or3_2)
     2    0.015557    0.116109    0.595577   17.582481 v _5301_/X (sky130_fd_sc_hd__or3_2)
                                                         _1283_ (net)
                      0.116117    0.000826   17.583307 v _5302_/A_N (sky130_fd_sc_hd__and4b_2)
     2    0.013228    0.099734    0.363245   17.946552 ^ _5302_/X (sky130_fd_sc_hd__and4b_2)
                                                         _1284_ (net)
                      0.099740    0.000883   17.947435 ^ _5319_/A (sky130_fd_sc_hd__xor2_2)
     1    0.003079    0.053251    0.075577   18.023012 v _5319_/X (sky130_fd_sc_hd__xor2_2)
                                                         _1302_ (net)
                      0.053251    0.000213   18.023226 v _5333_/B1 (sky130_fd_sc_hd__a221o_2)
     2    0.025374    0.110821    0.428775   18.452002 v _5333_/X (sky130_fd_sc_hd__a221o_2)
                                                         net176 (net)
                      0.110859    0.002043   18.454044 v output176/A (sky130_fd_sc_hd__clkdlybuf4s25_1)
     1    0.036010    0.267343    0.473772   18.927816 v output176/X (sky130_fd_sc_hd__clkdlybuf4s25_1)
                                                         result[45] (net)
                      0.267355    0.002052   18.929869 v result[45] (out)
                                             18.929869   data arrival time

                      0.000000   40.000000   40.000000   clock __VIRTUAL_CLK__ (rise edge)
                                  0.000000   40.000000   clock network delay (ideal)
                                 -0.250000   39.750000   clock uncertainty
                                  0.000000   39.750000   clock reconvergence pessimism
                                 -8.000000   31.750000   output external delay
                                             31.750000   data required time
---------------------------------------------------------------------------------------------
                                             31.750000   data required time
                                            -18.929869   data arrival time
---------------------------------------------------------------------------------------------
                                             12.820131   slack (MET)


Startpoint: operand_b[1] (input port clocked by __VIRTUAL_CLK__)
Endpoint: result[49] (output port clocked by __VIRTUAL_CLK__)
Path Group: __VIRTUAL_CLK__
Path Type: max

Fanout         Cap        Slew       Delay        Time   Description
---------------------------------------------------------------------------------------------
                      0.000000    0.000000    0.000000   clock __VIRTUAL_CLK__ (rise edge)
                                  0.000000    0.000000   clock network delay (ideal)
                                  8.000000    8.000000 ^ input external delay
     1    0.009144    0.047534    0.033130    8.033130 ^ operand_b[1] (in)
                                                         operand_b[1] (net)
                      0.047549    0.000000    8.033130 ^ input81/A (sky130_fd_sc_hd__clkdlybuf4s25_1)
     1    0.006236    0.075597    0.281335    8.314465 ^ input81/X (sky130_fd_sc_hd__clkdlybuf4s25_1)
                                                         net81 (net)
                      0.075598    0.000409    8.314874 ^ fanout406/A (sky130_fd_sc_hd__clkdlybuf4s25_1)
     7    0.101761    1.009030    0.973063    9.287937 ^ fanout406/X (sky130_fd_sc_hd__clkdlybuf4s25_1)
                                                         net406 (net)
                      1.009044    0.003321    9.291258 ^ fanout404/A (sky130_fd_sc_hd__clkdlybuf4s25_1)
     8    0.063200    0.628611    0.836630   10.127888 ^ fanout404/X (sky130_fd_sc_hd__clkdlybuf4s25_1)
                                                         net404 (net)
                      0.628611    0.001861   10.129749 ^ fanout402/A (sky130_fd_sc_hd__clkdlybuf4s25_1)
     3    0.028626    0.291253    0.559948   10.689696 ^ fanout402/X (sky130_fd_sc_hd__clkdlybuf4s25_1)
                                                         net402 (net)
                      0.291270    0.002610   10.692307 ^ load_slew403/A (sky130_fd_sc_hd__buf_4)
     8    0.060777    0.172050    0.290256   10.982563 ^ load_slew403/X (sky130_fd_sc_hd__buf_4)
                                                         net403 (net)
                      0.172352    0.005465   10.988028 ^ fanout400/A (sky130_fd_sc_hd__clkdlybuf4s25_1)
     5    0.049851    0.498841    0.632431   11.620459 ^ fanout400/X (sky130_fd_sc_hd__clkdlybuf4s25_1)
                                                         net400 (net)
                      0.499066    0.005632   11.626091 ^ load_slew401/A (sky130_fd_sc_hd__clkbuf_2)
     6    0.056358    0.305807    0.405150   12.031240 ^ load_slew401/X (sky130_fd_sc_hd__clkbuf_2)
                                                         net401 (net)
                      0.306048    0.007440   12.038681 ^ _3412_/B_N (sky130_fd_sc_hd__nor2b_2)
     4    0.022652    0.259363    0.358341   12.397021 ^ _3412_/Y (sky130_fd_sc_hd__nor2b_2)
                                                         _2625_ (net)
                      0.259391    0.002358   12.399380 ^ _3477_/C1 (sky130_fd_sc_hd__a221o_2)
     9    0.055991    0.289620    0.364719   12.764098 ^ _3477_/X (sky130_fd_sc_hd__a221o_2)
                                                         _2689_ (net)
                      0.289781    0.004052   12.768150 ^ _3684_/A2 (sky130_fd_sc_hd__a21oi_2)
     3    0.017096    0.117853    0.153912   12.922062 v _3684_/Y (sky130_fd_sc_hd__a21oi_2)
                                                         _2892_ (net)
                      0.117867    0.001078   12.923141 v _3686_/C (sky130_fd_sc_hd__or4_4)
     1    0.005284    0.085690    0.525774   13.448915 v _3686_/X (sky130_fd_sc_hd__or4_4)
                                                         _2894_ (net)
                      0.085691    0.000421   13.449335 v _3687_/A (sky130_fd_sc_hd__buf_6)
     8    0.038183    0.047158    0.164859   13.614195 v _3687_/X (sky130_fd_sc_hd__buf_6)
                                                         _2895_ (net)
                      0.047457    0.002913   13.617107 v _3771_/B2 (sky130_fd_sc_hd__a221o_2)
     2    0.008978    0.070099    0.397236   14.014344 v _3771_/X (sky130_fd_sc_hd__a221o_2)
                                                         _2977_ (net)
                      0.070100    0.000433   14.014777 v _3775_/A1 (sky130_fd_sc_hd__a21o_2)
     3    0.014455    0.060839    0.239062   14.253839 v _3775_/X (sky130_fd_sc_hd__a21o_2)
                                                         _2981_ (net)
                      0.060845    0.000640   14.254479 v _3857_/A2 (sky130_fd_sc_hd__a2111o_2)
     3    0.025206    0.122294    0.574173   14.828652 v _3857_/X (sky130_fd_sc_hd__a2111o_2)
                                                         _3061_ (net)
                      0.122360    0.002752   14.831405 v _3960_/A (sky130_fd_sc_hd__or4b_4)
     3    0.031367    0.129440    0.661815   15.493219 v _3960_/X (sky130_fd_sc_hd__or4b_4)
                                                         _3162_ (net)
                      0.129727    0.004828   15.498048 v _4709_/A (sky130_fd_sc_hd__nor4b_2)
     2    0.032079    0.776113    0.775042   16.273090 ^ _4709_/Y (sky130_fd_sc_hd__nor4b_2)
                                                         _0677_ (net)
                      0.776130    0.003141   16.276230 ^ _4968_/A (sky130_fd_sc_hd__and4_2)
     1    0.003338    0.064003    0.378636   16.654867 ^ _4968_/X (sky130_fd_sc_hd__and4_2)
                                                         _0930_ (net)
                      0.064003    0.000229   16.655096 ^ _4969_/A (sky130_fd_sc_hd__clkbuf_1)
     2    0.010773    0.133516    0.156980   16.812077 ^ _4969_/X (sky130_fd_sc_hd__clkbuf_1)
                                                         _0931_ (net)
                      0.133518    0.000504   16.812580 ^ wire204/A (sky130_fd_sc_hd__clkbuf_4)
     7    0.046053    0.146035    0.251264   17.063845 ^ wire204/X (sky130_fd_sc_hd__clkbuf_4)
                                                         net204 (net)
                      0.146367    0.005365   17.069208 ^ _5121_/A (sky130_fd_sc_hd__nand2_2)
     6    0.036912    0.154568    0.174621   17.243830 v _5121_/Y (sky130_fd_sc_hd__nand2_2)
                                                         _1089_ (net)
                      0.154620    0.002474   17.246304 v _5438_/A (sky130_fd_sc_hd__or3_2)
     3    0.020393    0.128475    0.613932   17.860237 v _5438_/X (sky130_fd_sc_hd__or3_2)
                                                         _1430_ (net)
                      0.128492    0.001597   17.861834 v _5470_/A (sky130_fd_sc_hd__xnor2_2)
     1    0.003448    0.045592    0.170756   18.032589 v _5470_/Y (sky130_fd_sc_hd__xnor2_2)
                                                         _1464_ (net)
                      0.045592    0.000238   18.032827 v _5489_/B1 (sky130_fd_sc_hd__a221o_2)
     2    0.018274    0.092752    0.405160   18.437988 v _5489_/X (sky130_fd_sc_hd__a221o_2)
                                                         net180 (net)
                      0.092772    0.001400   18.439388 v output180/A (sky130_fd_sc_hd__clkdlybuf4s25_1)
     1    0.038454    0.285071    0.478634   18.918022 v output180/X (sky130_fd_sc_hd__clkdlybuf4s25_1)
                                                         result[49] (net)
                      0.285090    0.002615   18.920637 v result[49] (out)
                                             18.920637   data arrival time

                      0.000000   40.000000   40.000000   clock __VIRTUAL_CLK__ (rise edge)
                                  0.000000   40.000000   clock network delay (ideal)
                                 -0.250000   39.750000   clock uncertainty
                                  0.000000   39.750000   clock reconvergence pessimism
                                 -8.000000   31.750000   output external delay
                                             31.750000   data required time
---------------------------------------------------------------------------------------------
                                             31.750000   data required time
                                            -18.920637   data arrival time
---------------------------------------------------------------------------------------------
                                             12.829363   slack (MET)


Startpoint: operand_b[1] (input port clocked by __VIRTUAL_CLK__)
Endpoint: result[43] (output port clocked by __VIRTUAL_CLK__)
Path Group: __VIRTUAL_CLK__
Path Type: max

Fanout         Cap        Slew       Delay        Time   Description
---------------------------------------------------------------------------------------------
                      0.000000    0.000000    0.000000   clock __VIRTUAL_CLK__ (rise edge)
                                  0.000000    0.000000   clock network delay (ideal)
                                  8.000000    8.000000 ^ input external delay
     1    0.009144    0.047534    0.033130    8.033130 ^ operand_b[1] (in)
                                                         operand_b[1] (net)
                      0.047549    0.000000    8.033130 ^ input81/A (sky130_fd_sc_hd__clkdlybuf4s25_1)
     1    0.006236    0.075597    0.281335    8.314465 ^ input81/X (sky130_fd_sc_hd__clkdlybuf4s25_1)
                                                         net81 (net)
                      0.075598    0.000409    8.314874 ^ fanout406/A (sky130_fd_sc_hd__clkdlybuf4s25_1)
     7    0.101761    1.009030    0.973063    9.287937 ^ fanout406/X (sky130_fd_sc_hd__clkdlybuf4s25_1)
                                                         net406 (net)
                      1.009044    0.003321    9.291258 ^ fanout404/A (sky130_fd_sc_hd__clkdlybuf4s25_1)
     8    0.063200    0.628611    0.836630   10.127888 ^ fanout404/X (sky130_fd_sc_hd__clkdlybuf4s25_1)
                                                         net404 (net)
                      0.628611    0.001861   10.129749 ^ fanout402/A (sky130_fd_sc_hd__clkdlybuf4s25_1)
     3    0.028626    0.291253    0.559948   10.689696 ^ fanout402/X (sky130_fd_sc_hd__clkdlybuf4s25_1)
                                                         net402 (net)
                      0.291270    0.002610   10.692307 ^ load_slew403/A (sky130_fd_sc_hd__buf_4)
     8    0.060777    0.172050    0.290256   10.982563 ^ load_slew403/X (sky130_fd_sc_hd__buf_4)
                                                         net403 (net)
                      0.172352    0.005465   10.988028 ^ fanout400/A (sky130_fd_sc_hd__clkdlybuf4s25_1)
     5    0.049851    0.498841    0.632431   11.620459 ^ fanout400/X (sky130_fd_sc_hd__clkdlybuf4s25_1)
                                                         net400 (net)
                      0.499066    0.005632   11.626091 ^ load_slew401/A (sky130_fd_sc_hd__clkbuf_2)
     6    0.056358    0.305807    0.405150   12.031240 ^ load_slew401/X (sky130_fd_sc_hd__clkbuf_2)
                                                         net401 (net)
                      0.306048    0.007440   12.038681 ^ _3412_/B_N (sky130_fd_sc_hd__nor2b_2)
     4    0.022652    0.259363    0.358341   12.397021 ^ _3412_/Y (sky130_fd_sc_hd__nor2b_2)
                                                         _2625_ (net)
                      0.259391    0.002358   12.399380 ^ _3477_/C1 (sky130_fd_sc_hd__a221o_2)
     9    0.055991    0.289620    0.364719   12.764098 ^ _3477_/X (sky130_fd_sc_hd__a221o_2)
                                                         _2689_ (net)
                      0.289781    0.004052   12.768150 ^ _3684_/A2 (sky130_fd_sc_hd__a21oi_2)
     3    0.017096    0.117853    0.153912   12.922062 v _3684_/Y (sky130_fd_sc_hd__a21oi_2)
                                                         _2892_ (net)
                      0.117867    0.001078   12.923141 v _3686_/C (sky130_fd_sc_hd__or4_4)
     1    0.005284    0.085690    0.525774   13.448915 v _3686_/X (sky130_fd_sc_hd__or4_4)
                                                         _2894_ (net)
                      0.085691    0.000421   13.449335 v _3687_/A (sky130_fd_sc_hd__buf_6)
     8    0.038183    0.047158    0.164859   13.614195 v _3687_/X (sky130_fd_sc_hd__buf_6)
                                                         _2895_ (net)
                      0.047457    0.002913   13.617107 v _3771_/B2 (sky130_fd_sc_hd__a221o_2)
     2    0.008978    0.070099    0.397236   14.014344 v _3771_/X (sky130_fd_sc_hd__a221o_2)
                                                         _2977_ (net)
                      0.070100    0.000433   14.014777 v _3775_/A1 (sky130_fd_sc_hd__a21o_2)
     3    0.014455    0.060839    0.239062   14.253839 v _3775_/X (sky130_fd_sc_hd__a21o_2)
                                                         _2981_ (net)
                      0.060845    0.000640   14.254479 v _3857_/A2 (sky130_fd_sc_hd__a2111o_2)
     3    0.025206    0.122294    0.574173   14.828652 v _3857_/X (sky130_fd_sc_hd__a2111o_2)
                                                         _3061_ (net)
                      0.122360    0.002752   14.831405 v _3960_/A (sky130_fd_sc_hd__or4b_4)
     3    0.031367    0.129440    0.661815   15.493219 v _3960_/X (sky130_fd_sc_hd__or4b_4)
                                                         _3162_ (net)
                      0.129727    0.004828   15.498048 v _4709_/A (sky130_fd_sc_hd__nor4b_2)
     2    0.032079    0.776113    0.775042   16.273090 ^ _4709_/Y (sky130_fd_sc_hd__nor4b_2)
                                                         _0677_ (net)
                      0.776130    0.003141   16.276230 ^ _4968_/A (sky130_fd_sc_hd__and4_2)
     1    0.003338    0.064003    0.378636   16.654867 ^ _4968_/X (sky130_fd_sc_hd__and4_2)
                                                         _0930_ (net)
                      0.064003    0.000229   16.655096 ^ _4969_/A (sky130_fd_sc_hd__clkbuf_1)
     2    0.010773    0.133516    0.156980   16.812077 ^ _4969_/X (sky130_fd_sc_hd__clkbuf_1)
                                                         _0931_ (net)
                      0.133518    0.000504   16.812580 ^ wire204/A (sky130_fd_sc_hd__clkbuf_4)
     7    0.046053    0.146035    0.251264   17.063845 ^ wire204/X (sky130_fd_sc_hd__clkbuf_4)
                                                         net204 (net)
                      0.146367    0.005365   17.069208 ^ _5121_/A (sky130_fd_sc_hd__nand2_2)
     6    0.036912    0.154568    0.174621   17.243830 v _5121_/Y (sky130_fd_sc_hd__nand2_2)
                                                         _1089_ (net)
                      0.154593    0.001718   17.245548 v _5263_/B (sky130_fd_sc_hd__or3b_2)
     1    0.004320    0.082817    0.505176   17.750725 v _5263_/X (sky130_fd_sc_hd__or3b_2)
                                                         _1242_ (net)
                      0.082817    0.000345   17.751068 v _5264_/S (sky130_fd_sc_hd__mux2_2)
     1    0.002489    0.046503    0.289603   18.040672 v _5264_/X (sky130_fd_sc_hd__mux2_2)
                                                         _1243_ (net)
                      0.046503    0.000121   18.040792 v _5265_/C1 (sky130_fd_sc_hd__a211o_2)
     2    0.016354    0.081506    0.327569   18.368362 v _5265_/X (sky130_fd_sc_hd__a211o_2)
                                                         net174 (net)
                      0.081533    0.001432   18.369793 v output174/A (sky130_fd_sc_hd__clkdlybuf4s25_1)
     1    0.036727    0.272946    0.464137   18.833931 v output174/X (sky130_fd_sc_hd__clkdlybuf4s25_1)
                                                         result[43] (net)
                      0.272961    0.002283   18.836214 v result[43] (out)
                                             18.836214   data arrival time

                      0.000000   40.000000   40.000000   clock __VIRTUAL_CLK__ (rise edge)
                                  0.000000   40.000000   clock network delay (ideal)
                                 -0.250000   39.750000   clock uncertainty
                                  0.000000   39.750000   clock reconvergence pessimism
                                 -8.000000   31.750000   output external delay
                                             31.750000   data required time
---------------------------------------------------------------------------------------------
                                             31.750000   data required time
                                            -18.836214   data arrival time
---------------------------------------------------------------------------------------------
                                             12.913786   slack (MET)


Startpoint: operand_b[1] (input port clocked by __VIRTUAL_CLK__)
Endpoint: result[51] (output port clocked by __VIRTUAL_CLK__)
Path Group: __VIRTUAL_CLK__
Path Type: max

Fanout         Cap        Slew       Delay        Time   Description
---------------------------------------------------------------------------------------------
                      0.000000    0.000000    0.000000   clock __VIRTUAL_CLK__ (rise edge)
                                  0.000000    0.000000   clock network delay (ideal)
                                  8.000000    8.000000 ^ input external delay
     1    0.009144    0.047534    0.033130    8.033130 ^ operand_b[1] (in)
                                                         operand_b[1] (net)
                      0.047549    0.000000    8.033130 ^ input81/A (sky130_fd_sc_hd__clkdlybuf4s25_1)
     1    0.006236    0.075597    0.281335    8.314465 ^ input81/X (sky130_fd_sc_hd__clkdlybuf4s25_1)
                                                         net81 (net)
                      0.075598    0.000409    8.314874 ^ fanout406/A (sky130_fd_sc_hd__clkdlybuf4s25_1)
     7    0.101761    1.009030    0.973063    9.287937 ^ fanout406/X (sky130_fd_sc_hd__clkdlybuf4s25_1)
                                                         net406 (net)
                      1.009044    0.003321    9.291258 ^ fanout404/A (sky130_fd_sc_hd__clkdlybuf4s25_1)
     8    0.063200    0.628611    0.836630   10.127888 ^ fanout404/X (sky130_fd_sc_hd__clkdlybuf4s25_1)
                                                         net404 (net)
                      0.628611    0.001861   10.129749 ^ fanout402/A (sky130_fd_sc_hd__clkdlybuf4s25_1)
     3    0.028626    0.291253    0.559948   10.689696 ^ fanout402/X (sky130_fd_sc_hd__clkdlybuf4s25_1)
                                                         net402 (net)
                      0.291270    0.002610   10.692307 ^ load_slew403/A (sky130_fd_sc_hd__buf_4)
     8    0.060777    0.172050    0.290256   10.982563 ^ load_slew403/X (sky130_fd_sc_hd__buf_4)
                                                         net403 (net)
                      0.172352    0.005465   10.988028 ^ fanout400/A (sky130_fd_sc_hd__clkdlybuf4s25_1)
     5    0.049851    0.498841    0.632431   11.620459 ^ fanout400/X (sky130_fd_sc_hd__clkdlybuf4s25_1)
                                                         net400 (net)
                      0.499066    0.005632   11.626091 ^ load_slew401/A (sky130_fd_sc_hd__clkbuf_2)
     6    0.056358    0.305807    0.405150   12.031240 ^ load_slew401/X (sky130_fd_sc_hd__clkbuf_2)
                                                         net401 (net)
                      0.306048    0.007440   12.038681 ^ _3412_/B_N (sky130_fd_sc_hd__nor2b_2)
     4    0.022652    0.259363    0.358341   12.397021 ^ _3412_/Y (sky130_fd_sc_hd__nor2b_2)
                                                         _2625_ (net)
                      0.259391    0.002358   12.399380 ^ _3477_/C1 (sky130_fd_sc_hd__a221o_2)
     9    0.055991    0.289620    0.364719   12.764098 ^ _3477_/X (sky130_fd_sc_hd__a221o_2)
                                                         _2689_ (net)
                      0.289781    0.004052   12.768150 ^ _3684_/A2 (sky130_fd_sc_hd__a21oi_2)
     3    0.017096    0.117853    0.153912   12.922062 v _3684_/Y (sky130_fd_sc_hd__a21oi_2)
                                                         _2892_ (net)
                      0.117867    0.001078   12.923141 v _3686_/C (sky130_fd_sc_hd__or4_4)
     1    0.005284    0.085690    0.525774   13.448915 v _3686_/X (sky130_fd_sc_hd__or4_4)
                                                         _2894_ (net)
                      0.085691    0.000421   13.449335 v _3687_/A (sky130_fd_sc_hd__buf_6)
     8    0.038183    0.047158    0.164859   13.614195 v _3687_/X (sky130_fd_sc_hd__buf_6)
                                                         _2895_ (net)
                      0.047457    0.002913   13.617107 v _3771_/B2 (sky130_fd_sc_hd__a221o_2)
     2    0.008978    0.070099    0.397236   14.014344 v _3771_/X (sky130_fd_sc_hd__a221o_2)
                                                         _2977_ (net)
                      0.070100    0.000433   14.014777 v _3775_/A1 (sky130_fd_sc_hd__a21o_2)
     3    0.014455    0.060839    0.239062   14.253839 v _3775_/X (sky130_fd_sc_hd__a21o_2)
                                                         _2981_ (net)
                      0.060845    0.000640   14.254479 v _3857_/A2 (sky130_fd_sc_hd__a2111o_2)
     3    0.025206    0.122294    0.574173   14.828652 v _3857_/X (sky130_fd_sc_hd__a2111o_2)
                                                         _3061_ (net)
                      0.122360    0.002752   14.831405 v _3960_/A (sky130_fd_sc_hd__or4b_4)
     3    0.031367    0.129440    0.661815   15.493219 v _3960_/X (sky130_fd_sc_hd__or4b_4)
                                                         _3162_ (net)
                      0.129727    0.004828   15.498048 v _4709_/A (sky130_fd_sc_hd__nor4b_2)
     2    0.032079    0.776113    0.775042   16.273090 ^ _4709_/Y (sky130_fd_sc_hd__nor4b_2)
                                                         _0677_ (net)
                      0.776130    0.003141   16.276230 ^ _4968_/A (sky130_fd_sc_hd__and4_2)
     1    0.003338    0.064003    0.378636   16.654867 ^ _4968_/X (sky130_fd_sc_hd__and4_2)
                                                         _0930_ (net)
                      0.064003    0.000229   16.655096 ^ _4969_/A (sky130_fd_sc_hd__clkbuf_1)
     2    0.010773    0.133516    0.156980   16.812077 ^ _4969_/X (sky130_fd_sc_hd__clkbuf_1)
                                                         _0931_ (net)
                      0.133518    0.000504   16.812580 ^ wire204/A (sky130_fd_sc_hd__clkbuf_4)
     7    0.046053    0.146035    0.251264   17.063845 ^ wire204/X (sky130_fd_sc_hd__clkbuf_4)
                                                         net204 (net)
                      0.146367    0.005365   17.069208 ^ _5121_/A (sky130_fd_sc_hd__nand2_2)
     6    0.036912    0.154568    0.174621   17.243830 v _5121_/Y (sky130_fd_sc_hd__nand2_2)
                                                         _1089_ (net)
                      0.154620    0.002474   17.246304 v _5438_/A (sky130_fd_sc_hd__or3_2)
     3    0.020393    0.128475    0.613932   17.860237 v _5438_/X (sky130_fd_sc_hd__or3_2)
                                                         _1430_ (net)
                      0.128491    0.001561   17.861797 v _5540_/A1 (sky130_fd_sc_hd__a21o_2)
     1    0.002998    0.033870    0.225462   18.087259 v _5540_/X (sky130_fd_sc_hd__a21o_2)
                                                         _1539_ (net)
                      0.033870    0.000211   18.087471 v _5562_/A2 (sky130_fd_sc_hd__a21o_2)
     2    0.016510    0.065367    0.252518   18.339989 v _5562_/X (sky130_fd_sc_hd__a21o_2)
                                                         net183 (net)
                      0.065390    0.001215   18.341204 v output183/A (sky130_fd_sc_hd__clkdlybuf4s25_1)
     1    0.038351    0.284835    0.465517   18.806723 v output183/X (sky130_fd_sc_hd__clkdlybuf4s25_1)
                                                         result[51] (net)
                      0.284855    0.002611   18.809334 v result[51] (out)
                                             18.809334   data arrival time

                      0.000000   40.000000   40.000000   clock __VIRTUAL_CLK__ (rise edge)
                                  0.000000   40.000000   clock network delay (ideal)
                                 -0.250000   39.750000   clock uncertainty
                                  0.000000   39.750000   clock reconvergence pessimism
                                 -8.000000   31.750000   output external delay
                                             31.750000   data required time
---------------------------------------------------------------------------------------------
                                             31.750000   data required time
                                            -18.809334   data arrival time
---------------------------------------------------------------------------------------------
                                             12.940666   slack (MET)


Startpoint: operand_b[1] (input port clocked by __VIRTUAL_CLK__)
Endpoint: result[44] (output port clocked by __VIRTUAL_CLK__)
Path Group: __VIRTUAL_CLK__
Path Type: max

Fanout         Cap        Slew       Delay        Time   Description
---------------------------------------------------------------------------------------------
                      0.000000    0.000000    0.000000   clock __VIRTUAL_CLK__ (rise edge)
                                  0.000000    0.000000   clock network delay (ideal)
                                  8.000000    8.000000 ^ input external delay
     1    0.009144    0.047534    0.033130    8.033130 ^ operand_b[1] (in)
                                                         operand_b[1] (net)
                      0.047549    0.000000    8.033130 ^ input81/A (sky130_fd_sc_hd__clkdlybuf4s25_1)
     1    0.006236    0.075597    0.281335    8.314465 ^ input81/X (sky130_fd_sc_hd__clkdlybuf4s25_1)
                                                         net81 (net)
                      0.075598    0.000409    8.314874 ^ fanout406/A (sky130_fd_sc_hd__clkdlybuf4s25_1)
     7    0.101761    1.009030    0.973063    9.287937 ^ fanout406/X (sky130_fd_sc_hd__clkdlybuf4s25_1)
                                                         net406 (net)
                      1.009044    0.003321    9.291258 ^ fanout404/A (sky130_fd_sc_hd__clkdlybuf4s25_1)
     8    0.063200    0.628611    0.836630   10.127888 ^ fanout404/X (sky130_fd_sc_hd__clkdlybuf4s25_1)
                                                         net404 (net)
                      0.628611    0.001861   10.129749 ^ fanout402/A (sky130_fd_sc_hd__clkdlybuf4s25_1)
     3    0.028626    0.291253    0.559948   10.689696 ^ fanout402/X (sky130_fd_sc_hd__clkdlybuf4s25_1)
                                                         net402 (net)
                      0.291270    0.002610   10.692307 ^ load_slew403/A (sky130_fd_sc_hd__buf_4)
     8    0.060777    0.172050    0.290256   10.982563 ^ load_slew403/X (sky130_fd_sc_hd__buf_4)
                                                         net403 (net)
                      0.172352    0.005465   10.988028 ^ fanout400/A (sky130_fd_sc_hd__clkdlybuf4s25_1)
     5    0.049851    0.498841    0.632431   11.620459 ^ fanout400/X (sky130_fd_sc_hd__clkdlybuf4s25_1)
                                                         net400 (net)
                      0.499066    0.005632   11.626091 ^ load_slew401/A (sky130_fd_sc_hd__clkbuf_2)
     6    0.056358    0.305807    0.405150   12.031240 ^ load_slew401/X (sky130_fd_sc_hd__clkbuf_2)
                                                         net401 (net)
                      0.306048    0.007440   12.038681 ^ _3412_/B_N (sky130_fd_sc_hd__nor2b_2)
     4    0.022652    0.259363    0.358341   12.397021 ^ _3412_/Y (sky130_fd_sc_hd__nor2b_2)
                                                         _2625_ (net)
                      0.259394    0.002488   12.399509 ^ _3555_/C1 (sky130_fd_sc_hd__a221oi_2)
     5    0.021700    0.121956    0.124849   12.524358 v _3555_/Y (sky130_fd_sc_hd__a221oi_2)
                                                         _2765_ (net)
                      0.122084    0.002412   12.526771 v _3683_/A3 (sky130_fd_sc_hd__o31a_2)
     3    0.016882    0.083538    0.372344   12.899115 v _3683_/X (sky130_fd_sc_hd__o31a_2)
                                                         _2891_ (net)
                      0.083628    0.001696   12.900809 v _4087_/A2 (sky130_fd_sc_hd__o41a_2)
     4    0.047214    0.167139    0.645345   13.546155 v _4087_/X (sky130_fd_sc_hd__o41a_2)
                                                         _0069_ (net)
                      0.167332    0.005288   13.551443 v _4441_/A3 (sky130_fd_sc_hd__o31ai_4)
     1    0.012076    0.235258    0.273910   13.825353 ^ _4441_/Y (sky130_fd_sc_hd__o31ai_4)
                                                         _0415_ (net)
                      0.235259    0.001141   13.826494 ^ wire248/A (sky130_fd_sc_hd__buf_2)
     5    0.052312    0.256495    0.326108   14.152602 ^ wire248/X (sky130_fd_sc_hd__buf_2)
                                                         net248 (net)
                      0.257064    0.010429   14.163032 ^ _4442_/A (sky130_fd_sc_hd__clkbuf_1)
     5    0.028953    0.340195    0.343526   14.506557 ^ _4442_/X (sky130_fd_sc_hd__clkbuf_1)
                                                         _0416_ (net)
                      0.340203    0.001535   14.508092 ^ max_cap234/A (sky130_fd_sc_hd__buf_2)
     6    0.040376    0.198838    0.311628   14.819720 ^ max_cap234/X (sky130_fd_sc_hd__buf_2)
                                                         net234 (net)
                      0.199073    0.004983   14.824703 ^ _4443_/B (sky130_fd_sc_hd__nand2_2)
     9    0.047385    0.197244    0.222133   15.046835 v _4443_/Y (sky130_fd_sc_hd__nand2_2)
                                                         _0417_ (net)
                      0.197244    0.000252   15.047088 v _4585_/A1 (sky130_fd_sc_hd__a2111o_2)
     4    0.028997    0.132885    0.586280   15.633367 v _4585_/X (sky130_fd_sc_hd__a2111o_2)
                                                         _0556_ (net)
                      0.133103    0.004976   15.638343 v _4667_/B1_N (sky130_fd_sc_hd__o21bai_2)
     4    0.019682    0.106803    0.289019   15.927361 v _4667_/Y (sky130_fd_sc_hd__o21bai_2)
                                                         _0636_ (net)
                      0.106818    0.001346   15.928708 v _4742_/A (sky130_fd_sc_hd__nor3_2)
     3    0.021354    0.385227    0.406859   16.335566 ^ _4742_/Y (sky130_fd_sc_hd__nor3_2)
                                                         _0709_ (net)
                      0.385234    0.001435   16.337002 ^ _4743_/D_N (sky130_fd_sc_hd__or4b_4)
     6    0.044580    0.152398    0.644514   16.981516 v _4743_/X (sky130_fd_sc_hd__or4b_4)
                                                         _0710_ (net)
                      0.152618    0.005389   16.986904 v _5301_/A (sky130_fd_sc_hd__or3_2)
     2    0.015557    0.116109    0.595577   17.582481 v _5301_/X (sky130_fd_sc_hd__or3_2)
                                                         _1283_ (net)
                      0.116117    0.000826   17.583307 v _5302_/A_N (sky130_fd_sc_hd__and4b_2)
     2    0.013228    0.099734    0.363245   17.946552 ^ _5302_/X (sky130_fd_sc_hd__and4b_2)
                                                         _1284_ (net)
                      0.099734    0.000409   17.946962 ^ _5303_/A2 (sky130_fd_sc_hd__o21a_2)
     1    0.003780    0.037938    0.130253   18.077215 ^ _5303_/X (sky130_fd_sc_hd__o21a_2)
                                                         _1285_ (net)
                      0.037938    0.000172   18.077387 ^ _5304_/C1 (sky130_fd_sc_hd__a211o_2)
     2    0.012719    0.072151    0.122498   18.199884 ^ _5304_/X (sky130_fd_sc_hd__a211o_2)
                                                         net175 (net)
                      0.072195    0.001705   18.201590 ^ output175/A (sky130_fd_sc_hd__clkdlybuf4s25_1)
     1    0.038044    0.383076    0.518213   18.719803 ^ output175/X (sky130_fd_sc_hd__clkdlybuf4s25_1)
                                                         result[44] (net)
                      0.383082    0.002199   18.722002 ^ result[44] (out)
                                             18.722002   data arrival time

                      0.000000   40.000000   40.000000   clock __VIRTUAL_CLK__ (rise edge)
                                  0.000000   40.000000   clock network delay (ideal)
                                 -0.250000   39.750000   clock uncertainty
                                  0.000000   39.750000   clock reconvergence pessimism
                                 -8.000000   31.750000   output external delay
                                             31.750000   data required time
---------------------------------------------------------------------------------------------
                                             31.750000   data required time
                                            -18.722002   data arrival time
---------------------------------------------------------------------------------------------
                                             13.027997   slack (MET)


Startpoint: operand_b[1] (input port clocked by __VIRTUAL_CLK__)
Endpoint: result[48] (output port clocked by __VIRTUAL_CLK__)
Path Group: __VIRTUAL_CLK__
Path Type: max

Fanout         Cap        Slew       Delay        Time   Description
---------------------------------------------------------------------------------------------
                      0.000000    0.000000    0.000000   clock __VIRTUAL_CLK__ (rise edge)
                                  0.000000    0.000000   clock network delay (ideal)
                                  8.000000    8.000000 ^ input external delay
     1    0.009144    0.047534    0.033130    8.033130 ^ operand_b[1] (in)
                                                         operand_b[1] (net)
                      0.047549    0.000000    8.033130 ^ input81/A (sky130_fd_sc_hd__clkdlybuf4s25_1)
     1    0.006236    0.075597    0.281335    8.314465 ^ input81/X (sky130_fd_sc_hd__clkdlybuf4s25_1)
                                                         net81 (net)
                      0.075598    0.000409    8.314874 ^ fanout406/A (sky130_fd_sc_hd__clkdlybuf4s25_1)
     7    0.101761    1.009030    0.973063    9.287937 ^ fanout406/X (sky130_fd_sc_hd__clkdlybuf4s25_1)
                                                         net406 (net)
                      1.009044    0.003321    9.291258 ^ fanout404/A (sky130_fd_sc_hd__clkdlybuf4s25_1)
     8    0.063200    0.628611    0.836630   10.127888 ^ fanout404/X (sky130_fd_sc_hd__clkdlybuf4s25_1)
                                                         net404 (net)
                      0.628611    0.001861   10.129749 ^ fanout402/A (sky130_fd_sc_hd__clkdlybuf4s25_1)
     3    0.028626    0.291253    0.559948   10.689696 ^ fanout402/X (sky130_fd_sc_hd__clkdlybuf4s25_1)
                                                         net402 (net)
                      0.291270    0.002610   10.692307 ^ load_slew403/A (sky130_fd_sc_hd__buf_4)
     8    0.060777    0.172050    0.290256   10.982563 ^ load_slew403/X (sky130_fd_sc_hd__buf_4)
                                                         net403 (net)
                      0.172352    0.005465   10.988028 ^ fanout400/A (sky130_fd_sc_hd__clkdlybuf4s25_1)
     5    0.049851    0.498841    0.632431   11.620459 ^ fanout400/X (sky130_fd_sc_hd__clkdlybuf4s25_1)
                                                         net400 (net)
                      0.499066    0.005632   11.626091 ^ load_slew401/A (sky130_fd_sc_hd__clkbuf_2)
     6    0.056358    0.305807    0.405150   12.031240 ^ load_slew401/X (sky130_fd_sc_hd__clkbuf_2)
                                                         net401 (net)
                      0.306048    0.007440   12.038681 ^ _3412_/B_N (sky130_fd_sc_hd__nor2b_2)
     4    0.022652    0.259363    0.358341   12.397021 ^ _3412_/Y (sky130_fd_sc_hd__nor2b_2)
                                                         _2625_ (net)
                      0.259391    0.002358   12.399380 ^ _3477_/C1 (sky130_fd_sc_hd__a221o_2)
     9    0.055991    0.289620    0.364719   12.764098 ^ _3477_/X (sky130_fd_sc_hd__a221o_2)
                                                         _2689_ (net)
                      0.289781    0.004052   12.768150 ^ _3684_/A2 (sky130_fd_sc_hd__a21oi_2)
     3    0.017096    0.117853    0.153912   12.922062 v _3684_/Y (sky130_fd_sc_hd__a21oi_2)
                                                         _2892_ (net)
                      0.117867    0.001078   12.923141 v _3686_/C (sky130_fd_sc_hd__or4_4)
     1    0.005284    0.085690    0.525774   13.448915 v _3686_/X (sky130_fd_sc_hd__or4_4)
                                                         _2894_ (net)
                      0.085691    0.000421   13.449335 v _3687_/A (sky130_fd_sc_hd__buf_6)
     8    0.038183    0.047158    0.164859   13.614195 v _3687_/X (sky130_fd_sc_hd__buf_6)
                                                         _2895_ (net)
                      0.047457    0.002913   13.617107 v _3771_/B2 (sky130_fd_sc_hd__a221o_2)
     2    0.008978    0.070099    0.397236   14.014344 v _3771_/X (sky130_fd_sc_hd__a221o_2)
                                                         _2977_ (net)
                      0.070100    0.000433   14.014777 v _3775_/A1 (sky130_fd_sc_hd__a21o_2)
     3    0.014455    0.060839    0.239062   14.253839 v _3775_/X (sky130_fd_sc_hd__a21o_2)
                                                         _2981_ (net)
                      0.060845    0.000640   14.254479 v _3857_/A2 (sky130_fd_sc_hd__a2111o_2)
     3    0.025206    0.122294    0.574173   14.828652 v _3857_/X (sky130_fd_sc_hd__a2111o_2)
                                                         _3061_ (net)
                      0.122360    0.002752   14.831405 v _3960_/A (sky130_fd_sc_hd__or4b_4)
     3    0.031367    0.129440    0.661815   15.493219 v _3960_/X (sky130_fd_sc_hd__or4b_4)
                                                         _3162_ (net)
                      0.129727    0.004828   15.498048 v _4709_/A (sky130_fd_sc_hd__nor4b_2)
     2    0.032079    0.776113    0.775042   16.273090 ^ _4709_/Y (sky130_fd_sc_hd__nor4b_2)
                                                         _0677_ (net)
                      0.776130    0.003141   16.276230 ^ _4968_/A (sky130_fd_sc_hd__and4_2)
     1    0.003338    0.064003    0.378636   16.654867 ^ _4968_/X (sky130_fd_sc_hd__and4_2)
                                                         _0930_ (net)
                      0.064003    0.000229   16.655096 ^ _4969_/A (sky130_fd_sc_hd__clkbuf_1)
     2    0.010773    0.133516    0.156980   16.812077 ^ _4969_/X (sky130_fd_sc_hd__clkbuf_1)
                                                         _0931_ (net)
                      0.133518    0.000504   16.812580 ^ wire204/A (sky130_fd_sc_hd__clkbuf_4)
     7    0.046053    0.146035    0.251264   17.063845 ^ wire204/X (sky130_fd_sc_hd__clkbuf_4)
                                                         net204 (net)
                      0.146367    0.005365   17.069208 ^ _5121_/A (sky130_fd_sc_hd__nand2_2)
     6    0.036912    0.154568    0.174621   17.243830 v _5121_/Y (sky130_fd_sc_hd__nand2_2)
                                                         _1089_ (net)
                      0.154620    0.002474   17.246304 v _5438_/A (sky130_fd_sc_hd__or3_2)
     3    0.020393    0.128475    0.613932   17.860237 v _5438_/X (sky130_fd_sc_hd__or3_2)
                                                         _1430_ (net)
                      0.128481    0.001114   17.861351 v _5439_/B (sky130_fd_sc_hd__nand2_2)
     1    0.003704    0.051008    0.101256   17.962606 ^ _5439_/Y (sky130_fd_sc_hd__nand2_2)
                                                         _1431_ (net)
                      0.051008    0.000291   17.962898 ^ _5453_/B1 (sky130_fd_sc_hd__a221o_2)
     2    0.017109    0.102004    0.196312   18.159210 ^ _5453_/X (sky130_fd_sc_hd__a221o_2)
                                                         net179 (net)
                      0.102015    0.001155   18.160364 ^ output179/A (sky130_fd_sc_hd__clkdlybuf4s25_1)
     1    0.035758    0.361185    0.512792   18.673157 ^ output179/X (sky130_fd_sc_hd__clkdlybuf4s25_1)
                                                         result[48] (net)
                      0.361189    0.001931   18.675087 ^ result[48] (out)
                                             18.675087   data arrival time

                      0.000000   40.000000   40.000000   clock __VIRTUAL_CLK__ (rise edge)
                                  0.000000   40.000000   clock network delay (ideal)
                                 -0.250000   39.750000   clock uncertainty
                                  0.000000   39.750000   clock reconvergence pessimism
                                 -8.000000   31.750000   output external delay
                                             31.750000   data required time
---------------------------------------------------------------------------------------------
                                             31.750000   data required time
                                            -18.675087   data arrival time
---------------------------------------------------------------------------------------------
                                             13.074912   slack (MET)


Startpoint: operand_b[1] (input port clocked by __VIRTUAL_CLK__)
Endpoint: result[52] (output port clocked by __VIRTUAL_CLK__)
Path Group: __VIRTUAL_CLK__
Path Type: max

Fanout         Cap        Slew       Delay        Time   Description
---------------------------------------------------------------------------------------------
                      0.000000    0.000000    0.000000   clock __VIRTUAL_CLK__ (rise edge)
                                  0.000000    0.000000   clock network delay (ideal)
                                  8.000000    8.000000 ^ input external delay
     1    0.009144    0.047534    0.033130    8.033130 ^ operand_b[1] (in)
                                                         operand_b[1] (net)
                      0.047549    0.000000    8.033130 ^ input81/A (sky130_fd_sc_hd__clkdlybuf4s25_1)
     1    0.006236    0.075597    0.281335    8.314465 ^ input81/X (sky130_fd_sc_hd__clkdlybuf4s25_1)
                                                         net81 (net)
                      0.075598    0.000409    8.314874 ^ fanout406/A (sky130_fd_sc_hd__clkdlybuf4s25_1)
     7    0.101761    1.009030    0.973063    9.287937 ^ fanout406/X (sky130_fd_sc_hd__clkdlybuf4s25_1)
                                                         net406 (net)
                      1.009044    0.003321    9.291258 ^ fanout404/A (sky130_fd_sc_hd__clkdlybuf4s25_1)
     8    0.063200    0.628611    0.836630   10.127888 ^ fanout404/X (sky130_fd_sc_hd__clkdlybuf4s25_1)
                                                         net404 (net)
                      0.628611    0.001861   10.129749 ^ fanout402/A (sky130_fd_sc_hd__clkdlybuf4s25_1)
     3    0.028626    0.291253    0.559948   10.689696 ^ fanout402/X (sky130_fd_sc_hd__clkdlybuf4s25_1)
                                                         net402 (net)
                      0.291270    0.002610   10.692307 ^ load_slew403/A (sky130_fd_sc_hd__buf_4)
     8    0.060777    0.172050    0.290256   10.982563 ^ load_slew403/X (sky130_fd_sc_hd__buf_4)
                                                         net403 (net)
                      0.172352    0.005465   10.988028 ^ fanout400/A (sky130_fd_sc_hd__clkdlybuf4s25_1)
     5    0.049851    0.498841    0.632431   11.620459 ^ fanout400/X (sky130_fd_sc_hd__clkdlybuf4s25_1)
                                                         net400 (net)
                      0.499066    0.005632   11.626091 ^ load_slew401/A (sky130_fd_sc_hd__clkbuf_2)
     6    0.056358    0.305807    0.405150   12.031240 ^ load_slew401/X (sky130_fd_sc_hd__clkbuf_2)
                                                         net401 (net)
                      0.306048    0.007440   12.038681 ^ _3412_/B_N (sky130_fd_sc_hd__nor2b_2)
     4    0.022652    0.259363    0.358341   12.397021 ^ _3412_/Y (sky130_fd_sc_hd__nor2b_2)
                                                         _2625_ (net)
                      0.259391    0.002358   12.399380 ^ _3477_/C1 (sky130_fd_sc_hd__a221o_2)
     9    0.055991    0.289620    0.364719   12.764098 ^ _3477_/X (sky130_fd_sc_hd__a221o_2)
                                                         _2689_ (net)
                      0.289781    0.004052   12.768150 ^ _3684_/A2 (sky130_fd_sc_hd__a21oi_2)
     3    0.017096    0.117853    0.153912   12.922062 v _3684_/Y (sky130_fd_sc_hd__a21oi_2)
                                                         _2892_ (net)
                      0.117867    0.001078   12.923141 v _3686_/C (sky130_fd_sc_hd__or4_4)
     1    0.005284    0.085690    0.525774   13.448915 v _3686_/X (sky130_fd_sc_hd__or4_4)
                                                         _2894_ (net)
                      0.085691    0.000421   13.449335 v _3687_/A (sky130_fd_sc_hd__buf_6)
     8    0.038183    0.047158    0.164859   13.614195 v _3687_/X (sky130_fd_sc_hd__buf_6)
                                                         _2895_ (net)
                      0.047457    0.002913   13.617107 v _3771_/B2 (sky130_fd_sc_hd__a221o_2)
     2    0.008978    0.070099    0.397236   14.014344 v _3771_/X (sky130_fd_sc_hd__a221o_2)
                                                         _2977_ (net)
                      0.070100    0.000433   14.014777 v _3775_/A1 (sky130_fd_sc_hd__a21o_2)
     3    0.014455    0.060839    0.239062   14.253839 v _3775_/X (sky130_fd_sc_hd__a21o_2)
                                                         _2981_ (net)
                      0.060845    0.000640   14.254479 v _3857_/A2 (sky130_fd_sc_hd__a2111o_2)
     3    0.025206    0.122294    0.574173   14.828652 v _3857_/X (sky130_fd_sc_hd__a2111o_2)
                                                         _3061_ (net)
                      0.122360    0.002752   14.831405 v _3960_/A (sky130_fd_sc_hd__or4b_4)
     3    0.031367    0.129440    0.661815   15.493219 v _3960_/X (sky130_fd_sc_hd__or4b_4)
                                                         _3162_ (net)
                      0.129727    0.004828   15.498048 v _4709_/A (sky130_fd_sc_hd__nor4b_2)
     2    0.032079    0.776113    0.775042   16.273090 ^ _4709_/Y (sky130_fd_sc_hd__nor4b_2)
                                                         _0677_ (net)
                      0.776130    0.003141   16.276230 ^ _4968_/A (sky130_fd_sc_hd__and4_2)
     1    0.003338    0.064003    0.378636   16.654867 ^ _4968_/X (sky130_fd_sc_hd__and4_2)
                                                         _0930_ (net)
                      0.064003    0.000229   16.655096 ^ _4969_/A (sky130_fd_sc_hd__clkbuf_1)
     2    0.010773    0.133516    0.156980   16.812077 ^ _4969_/X (sky130_fd_sc_hd__clkbuf_1)
                                                         _0931_ (net)
                      0.133518    0.000504   16.812580 ^ wire204/A (sky130_fd_sc_hd__clkbuf_4)
     7    0.046053    0.146035    0.251264   17.063845 ^ wire204/X (sky130_fd_sc_hd__clkbuf_4)
                                                         net204 (net)
                      0.146452    0.006143   17.069986 ^ _5573_/A (sky130_fd_sc_hd__and4_2)
     3    0.031022    0.183031    0.360233   17.430220 ^ _5573_/X (sky130_fd_sc_hd__and4_2)
                                                         _1574_ (net)
                      0.183096    0.003412   17.433632 ^ _5574_/A (sky130_fd_sc_hd__xor2_2)
     1    0.003259    0.061843    0.093991   17.527622 v _5574_/X (sky130_fd_sc_hd__xor2_2)
                                                         _1575_ (net)
                      0.061843    0.000227   17.527849 v _5596_/B1 (sky130_fd_sc_hd__a221o_2)
     2    0.049592    0.159172    0.491358   18.019209 v _5596_/X (sky130_fd_sc_hd__a221o_2)
                                                         net184 (net)
                      0.159283    0.004016   18.023224 v output184/A (sky130_fd_sc_hd__clkdlybuf4s25_1)
     1    0.038831    0.287520    0.507296   18.530519 v output184/X (sky130_fd_sc_hd__clkdlybuf4s25_1)
                                                         result[52] (net)
                      0.287544    0.002832   18.533352 v result[52] (out)
                                             18.533352   data arrival time

                      0.000000   40.000000   40.000000   clock __VIRTUAL_CLK__ (rise edge)
                                  0.000000   40.000000   clock network delay (ideal)
                                 -0.250000   39.750000   clock uncertainty
                                  0.000000   39.750000   clock reconvergence pessimism
                                 -8.000000   31.750000   output external delay
                                             31.750000   data required time
---------------------------------------------------------------------------------------------
                                             31.750000   data required time
                                            -18.533352   data arrival time
---------------------------------------------------------------------------------------------
                                             13.216648   slack (MET)


Startpoint: operand_b[1] (input port clocked by __VIRTUAL_CLK__)
Endpoint: result[41] (output port clocked by __VIRTUAL_CLK__)
Path Group: __VIRTUAL_CLK__
Path Type: max

Fanout         Cap        Slew       Delay        Time   Description
---------------------------------------------------------------------------------------------
                      0.000000    0.000000    0.000000   clock __VIRTUAL_CLK__ (rise edge)
                                  0.000000    0.000000   clock network delay (ideal)
                                  8.000000    8.000000 ^ input external delay
     1    0.009144    0.047534    0.033130    8.033130 ^ operand_b[1] (in)
                                                         operand_b[1] (net)
                      0.047549    0.000000    8.033130 ^ input81/A (sky130_fd_sc_hd__clkdlybuf4s25_1)
     1    0.006236    0.075597    0.281335    8.314465 ^ input81/X (sky130_fd_sc_hd__clkdlybuf4s25_1)
                                                         net81 (net)
                      0.075598    0.000409    8.314874 ^ fanout406/A (sky130_fd_sc_hd__clkdlybuf4s25_1)
     7    0.101761    1.009030    0.973063    9.287937 ^ fanout406/X (sky130_fd_sc_hd__clkdlybuf4s25_1)
                                                         net406 (net)
                      1.009044    0.003321    9.291258 ^ fanout404/A (sky130_fd_sc_hd__clkdlybuf4s25_1)
     8    0.063200    0.628611    0.836630   10.127888 ^ fanout404/X (sky130_fd_sc_hd__clkdlybuf4s25_1)
                                                         net404 (net)
                      0.628611    0.001861   10.129749 ^ fanout402/A (sky130_fd_sc_hd__clkdlybuf4s25_1)
     3    0.028626    0.291253    0.559948   10.689696 ^ fanout402/X (sky130_fd_sc_hd__clkdlybuf4s25_1)
                                                         net402 (net)
                      0.291270    0.002610   10.692307 ^ load_slew403/A (sky130_fd_sc_hd__buf_4)
     8    0.060777    0.172050    0.290256   10.982563 ^ load_slew403/X (sky130_fd_sc_hd__buf_4)
                                                         net403 (net)
                      0.172352    0.005465   10.988028 ^ fanout400/A (sky130_fd_sc_hd__clkdlybuf4s25_1)
     5    0.049851    0.498841    0.632431   11.620459 ^ fanout400/X (sky130_fd_sc_hd__clkdlybuf4s25_1)
                                                         net400 (net)
                      0.499066    0.005632   11.626091 ^ load_slew401/A (sky130_fd_sc_hd__clkbuf_2)
     6    0.056358    0.305807    0.405150   12.031240 ^ load_slew401/X (sky130_fd_sc_hd__clkbuf_2)
                                                         net401 (net)
                      0.306048    0.007440   12.038681 ^ _3412_/B_N (sky130_fd_sc_hd__nor2b_2)
     4    0.022652    0.259363    0.358341   12.397021 ^ _3412_/Y (sky130_fd_sc_hd__nor2b_2)
                                                         _2625_ (net)
                      0.259391    0.002358   12.399380 ^ _3477_/C1 (sky130_fd_sc_hd__a221o_2)
     9    0.055991    0.289620    0.364719   12.764098 ^ _3477_/X (sky130_fd_sc_hd__a221o_2)
                                                         _2689_ (net)
                      0.289781    0.004052   12.768150 ^ _3684_/A2 (sky130_fd_sc_hd__a21oi_2)
     3    0.017096    0.117853    0.153912   12.922062 v _3684_/Y (sky130_fd_sc_hd__a21oi_2)
                                                         _2892_ (net)
                      0.117867    0.001078   12.923141 v _3686_/C (sky130_fd_sc_hd__or4_4)
     1    0.005284    0.085690    0.525774   13.448915 v _3686_/X (sky130_fd_sc_hd__or4_4)
                                                         _2894_ (net)
                      0.085691    0.000421   13.449335 v _3687_/A (sky130_fd_sc_hd__buf_6)
     8    0.038183    0.047158    0.164859   13.614195 v _3687_/X (sky130_fd_sc_hd__buf_6)
                                                         _2895_ (net)
                      0.047457    0.002913   13.617107 v _3771_/B2 (sky130_fd_sc_hd__a221o_2)
     2    0.008978    0.070099    0.397236   14.014344 v _3771_/X (sky130_fd_sc_hd__a221o_2)
                                                         _2977_ (net)
                      0.070100    0.000433   14.014777 v _3775_/A1 (sky130_fd_sc_hd__a21o_2)
     3    0.014455    0.060839    0.239062   14.253839 v _3775_/X (sky130_fd_sc_hd__a21o_2)
                                                         _2981_ (net)
                      0.060845    0.000640   14.254479 v _3857_/A2 (sky130_fd_sc_hd__a2111o_2)
     3    0.025206    0.122294    0.574173   14.828652 v _3857_/X (sky130_fd_sc_hd__a2111o_2)
                                                         _3061_ (net)
                      0.122360    0.002752   14.831405 v _3960_/A (sky130_fd_sc_hd__or4b_4)
     3    0.031367    0.129440    0.661815   15.493219 v _3960_/X (sky130_fd_sc_hd__or4b_4)
                                                         _3162_ (net)
                      0.129727    0.004828   15.498048 v _4709_/A (sky130_fd_sc_hd__nor4b_2)
     2    0.032079    0.776113    0.775042   16.273090 ^ _4709_/Y (sky130_fd_sc_hd__nor4b_2)
                                                         _0677_ (net)
                      0.776130    0.003141   16.276230 ^ _4968_/A (sky130_fd_sc_hd__and4_2)
     1    0.003338    0.064003    0.378636   16.654867 ^ _4968_/X (sky130_fd_sc_hd__and4_2)
                                                         _0930_ (net)
                      0.064003    0.000229   16.655096 ^ _4969_/A (sky130_fd_sc_hd__clkbuf_1)
     2    0.010773    0.133516    0.156980   16.812077 ^ _4969_/X (sky130_fd_sc_hd__clkbuf_1)
                                                         _0931_ (net)
                      0.133518    0.000504   16.812580 ^ wire204/A (sky130_fd_sc_hd__clkbuf_4)
     7    0.046053    0.146035    0.251264   17.063845 ^ wire204/X (sky130_fd_sc_hd__clkbuf_4)
                                                         net204 (net)
                      0.146367    0.005365   17.069208 ^ _5121_/A (sky130_fd_sc_hd__nand2_2)
     6    0.036912    0.154568    0.174621   17.243830 v _5121_/Y (sky130_fd_sc_hd__nand2_2)
                                                         _1089_ (net)
                      0.154583    0.001339   17.245169 v _5156_/A1 (sky130_fd_sc_hd__o311a_2)
     1    0.003113    0.055139    0.446329   17.691498 v _5156_/X (sky130_fd_sc_hd__o311a_2)
                                                         _1127_ (net)
                      0.055139    0.000231   17.691729 v _5199_/A3 (sky130_fd_sc_hd__a31o_2)
     2    0.016942    0.069374    0.299117   17.990847 v _5199_/X (sky130_fd_sc_hd__a31o_2)
                                                         net172 (net)
                      0.069438    0.001974   17.992821 v output172/A (sky130_fd_sc_hd__clkdlybuf4s25_1)
     1    0.036758    0.273378    0.458741   18.451561 v output172/X (sky130_fd_sc_hd__clkdlybuf4s25_1)
                                                         result[41] (net)
                      0.273395    0.002377   18.453938 v result[41] (out)
                                             18.453938   data arrival time

                      0.000000   40.000000   40.000000   clock __VIRTUAL_CLK__ (rise edge)
                                  0.000000   40.000000   clock network delay (ideal)
                                 -0.250000   39.750000   clock uncertainty
                                  0.000000   39.750000   clock reconvergence pessimism
                                 -8.000000   31.750000   output external delay
                                             31.750000   data required time
---------------------------------------------------------------------------------------------
                                             31.750000   data required time
                                            -18.453938   data arrival time
---------------------------------------------------------------------------------------------
                                             13.296062   slack (MET)


Startpoint: operand_b[1] (input port clocked by __VIRTUAL_CLK__)
Endpoint: result[47] (output port clocked by __VIRTUAL_CLK__)
Path Group: __VIRTUAL_CLK__
Path Type: max

Fanout         Cap        Slew       Delay        Time   Description
---------------------------------------------------------------------------------------------
                      0.000000    0.000000    0.000000   clock __VIRTUAL_CLK__ (rise edge)
                                  0.000000    0.000000   clock network delay (ideal)
                                  8.000000    8.000000 ^ input external delay
     1    0.009144    0.047534    0.033130    8.033130 ^ operand_b[1] (in)
                                                         operand_b[1] (net)
                      0.047549    0.000000    8.033130 ^ input81/A (sky130_fd_sc_hd__clkdlybuf4s25_1)
     1    0.006236    0.075597    0.281335    8.314465 ^ input81/X (sky130_fd_sc_hd__clkdlybuf4s25_1)
                                                         net81 (net)
                      0.075598    0.000409    8.314874 ^ fanout406/A (sky130_fd_sc_hd__clkdlybuf4s25_1)
     7    0.101761    1.009030    0.973063    9.287937 ^ fanout406/X (sky130_fd_sc_hd__clkdlybuf4s25_1)
                                                         net406 (net)
                      1.009044    0.003321    9.291258 ^ fanout404/A (sky130_fd_sc_hd__clkdlybuf4s25_1)
     8    0.063200    0.628611    0.836630   10.127888 ^ fanout404/X (sky130_fd_sc_hd__clkdlybuf4s25_1)
                                                         net404 (net)
                      0.628611    0.001861   10.129749 ^ fanout402/A (sky130_fd_sc_hd__clkdlybuf4s25_1)
     3    0.028626    0.291253    0.559948   10.689696 ^ fanout402/X (sky130_fd_sc_hd__clkdlybuf4s25_1)
                                                         net402 (net)
                      0.291270    0.002610   10.692307 ^ load_slew403/A (sky130_fd_sc_hd__buf_4)
     8    0.060777    0.172050    0.290256   10.982563 ^ load_slew403/X (sky130_fd_sc_hd__buf_4)
                                                         net403 (net)
                      0.172352    0.005465   10.988028 ^ fanout400/A (sky130_fd_sc_hd__clkdlybuf4s25_1)
     5    0.049851    0.498841    0.632431   11.620459 ^ fanout400/X (sky130_fd_sc_hd__clkdlybuf4s25_1)
                                                         net400 (net)
                      0.499066    0.005632   11.626091 ^ load_slew401/A (sky130_fd_sc_hd__clkbuf_2)
     6    0.056358    0.305807    0.405150   12.031240 ^ load_slew401/X (sky130_fd_sc_hd__clkbuf_2)
                                                         net401 (net)
                      0.306048    0.007440   12.038681 ^ _3412_/B_N (sky130_fd_sc_hd__nor2b_2)
     4    0.022652    0.259363    0.358341   12.397021 ^ _3412_/Y (sky130_fd_sc_hd__nor2b_2)
                                                         _2625_ (net)
                      0.259391    0.002358   12.399380 ^ _3477_/C1 (sky130_fd_sc_hd__a221o_2)
     9    0.055991    0.289620    0.364719   12.764098 ^ _3477_/X (sky130_fd_sc_hd__a221o_2)
                                                         _2689_ (net)
                      0.289781    0.004052   12.768150 ^ _3684_/A2 (sky130_fd_sc_hd__a21oi_2)
     3    0.017096    0.117853    0.153912   12.922062 v _3684_/Y (sky130_fd_sc_hd__a21oi_2)
                                                         _2892_ (net)
                      0.117867    0.001078   12.923141 v _3686_/C (sky130_fd_sc_hd__or4_4)
     1    0.005284    0.085690    0.525774   13.448915 v _3686_/X (sky130_fd_sc_hd__or4_4)
                                                         _2894_ (net)
                      0.085691    0.000421   13.449335 v _3687_/A (sky130_fd_sc_hd__buf_6)
     8    0.038183    0.047158    0.164859   13.614195 v _3687_/X (sky130_fd_sc_hd__buf_6)
                                                         _2895_ (net)
                      0.047457    0.002913   13.617107 v _3771_/B2 (sky130_fd_sc_hd__a221o_2)
     2    0.008978    0.070099    0.397236   14.014344 v _3771_/X (sky130_fd_sc_hd__a221o_2)
                                                         _2977_ (net)
                      0.070100    0.000433   14.014777 v _3775_/A1 (sky130_fd_sc_hd__a21o_2)
     3    0.014455    0.060839    0.239062   14.253839 v _3775_/X (sky130_fd_sc_hd__a21o_2)
                                                         _2981_ (net)
                      0.060845    0.000640   14.254479 v _3857_/A2 (sky130_fd_sc_hd__a2111o_2)
     3    0.025206    0.122294    0.574173   14.828652 v _3857_/X (sky130_fd_sc_hd__a2111o_2)
                                                         _3061_ (net)
                      0.122360    0.002752   14.831405 v _3960_/A (sky130_fd_sc_hd__or4b_4)
     3    0.031367    0.129440    0.661815   15.493219 v _3960_/X (sky130_fd_sc_hd__or4b_4)
                                                         _3162_ (net)
                      0.129727    0.004828   15.498048 v _4709_/A (sky130_fd_sc_hd__nor4b_2)
     2    0.032079    0.776113    0.775042   16.273090 ^ _4709_/Y (sky130_fd_sc_hd__nor4b_2)
                                                         _0677_ (net)
                      0.776130    0.003141   16.276230 ^ _4968_/A (sky130_fd_sc_hd__and4_2)
     1    0.003338    0.064003    0.378636   16.654867 ^ _4968_/X (sky130_fd_sc_hd__and4_2)
                                                         _0930_ (net)
                      0.064003    0.000229   16.655096 ^ _4969_/A (sky130_fd_sc_hd__clkbuf_1)
     2    0.010773    0.133516    0.156980   16.812077 ^ _4969_/X (sky130_fd_sc_hd__clkbuf_1)
                                                         _0931_ (net)
                      0.133518    0.000504   16.812580 ^ wire204/A (sky130_fd_sc_hd__clkbuf_4)
     7    0.046053    0.146035    0.251264   17.063845 ^ wire204/X (sky130_fd_sc_hd__clkbuf_4)
                                                         net204 (net)
                      0.146441    0.006043   17.069887 ^ _5359_/A (sky130_fd_sc_hd__and4_2)
     2    0.015763    0.110674    0.298074   17.367962 ^ _5359_/X (sky130_fd_sc_hd__and4_2)
                                                         _1345_ (net)
                      0.110681    0.001025   17.368986 ^ _5364_/C1 (sky130_fd_sc_hd__a211o_2)
     1    0.005826    0.046080    0.125281   17.494268 ^ _5364_/X (sky130_fd_sc_hd__a211o_2)
                                                         _1349_ (net)
                      0.046105    0.000437   17.494705 ^ _5365_/B1 (sky130_fd_sc_hd__o21ai_2)
     1    0.009127    0.085599    0.064425   17.559130 v _5365_/Y (sky130_fd_sc_hd__o21ai_2)
                                                         _1350_ (net)
                      0.085605    0.000739   17.559868 v _5370_/A (sky130_fd_sc_hd__xnor2_2)
     1    0.003244    0.104480    0.160780   17.720648 ^ _5370_/Y (sky130_fd_sc_hd__xnor2_2)
                                                         _1356_ (net)
                      0.104481    0.000243   17.720892 ^ _5400_/A2 (sky130_fd_sc_hd__a21o_2)
     2    0.014441    0.085345    0.181554   17.902447 ^ _5400_/X (sky130_fd_sc_hd__a21o_2)
                                                         net178 (net)
                      0.085376    0.001602   17.904049 ^ output178/A (sky130_fd_sc_hd__clkdlybuf4s25_1)
     1    0.037538    0.378320    0.519441   18.423489 ^ output178/X (sky130_fd_sc_hd__clkdlybuf4s25_1)
                                                         result[47] (net)
                      0.378325    0.002082   18.425571 ^ result[47] (out)
                                             18.425571   data arrival time

                      0.000000   40.000000   40.000000   clock __VIRTUAL_CLK__ (rise edge)
                                  0.000000   40.000000   clock network delay (ideal)
                                 -0.250000   39.750000   clock uncertainty
                                  0.000000   39.750000   clock reconvergence pessimism
                                 -8.000000   31.750000   output external delay
                                             31.750000   data required time
---------------------------------------------------------------------------------------------
                                             31.750000   data required time
                                            -18.425571   data arrival time
---------------------------------------------------------------------------------------------
                                             13.324429   slack (MET)


Startpoint: operand_b[1] (input port clocked by __VIRTUAL_CLK__)
Endpoint: result[34] (output port clocked by __VIRTUAL_CLK__)
Path Group: __VIRTUAL_CLK__
Path Type: max

Fanout         Cap        Slew       Delay        Time   Description
---------------------------------------------------------------------------------------------
                      0.000000    0.000000    0.000000   clock __VIRTUAL_CLK__ (rise edge)
                                  0.000000    0.000000   clock network delay (ideal)
                                  8.000000    8.000000 ^ input external delay
     1    0.009144    0.047534    0.033130    8.033130 ^ operand_b[1] (in)
                                                         operand_b[1] (net)
                      0.047549    0.000000    8.033130 ^ input81/A (sky130_fd_sc_hd__clkdlybuf4s25_1)
     1    0.006236    0.075597    0.281335    8.314465 ^ input81/X (sky130_fd_sc_hd__clkdlybuf4s25_1)
                                                         net81 (net)
                      0.075598    0.000409    8.314874 ^ fanout406/A (sky130_fd_sc_hd__clkdlybuf4s25_1)
     7    0.101761    1.009030    0.973063    9.287937 ^ fanout406/X (sky130_fd_sc_hd__clkdlybuf4s25_1)
                                                         net406 (net)
                      1.009044    0.003321    9.291258 ^ fanout404/A (sky130_fd_sc_hd__clkdlybuf4s25_1)
     8    0.063200    0.628611    0.836630   10.127888 ^ fanout404/X (sky130_fd_sc_hd__clkdlybuf4s25_1)
                                                         net404 (net)
                      0.628611    0.001861   10.129749 ^ fanout402/A (sky130_fd_sc_hd__clkdlybuf4s25_1)
     3    0.028626    0.291253    0.559948   10.689696 ^ fanout402/X (sky130_fd_sc_hd__clkdlybuf4s25_1)
                                                         net402 (net)
                      0.291270    0.002610   10.692307 ^ load_slew403/A (sky130_fd_sc_hd__buf_4)
     8    0.060777    0.172050    0.290256   10.982563 ^ load_slew403/X (sky130_fd_sc_hd__buf_4)
                                                         net403 (net)
                      0.172352    0.005465   10.988028 ^ fanout400/A (sky130_fd_sc_hd__clkdlybuf4s25_1)
     5    0.049851    0.498841    0.632431   11.620459 ^ fanout400/X (sky130_fd_sc_hd__clkdlybuf4s25_1)
                                                         net400 (net)
                      0.499066    0.005632   11.626091 ^ load_slew401/A (sky130_fd_sc_hd__clkbuf_2)
     6    0.056358    0.305807    0.405150   12.031240 ^ load_slew401/X (sky130_fd_sc_hd__clkbuf_2)
                                                         net401 (net)
                      0.306048    0.007440   12.038681 ^ _3412_/B_N (sky130_fd_sc_hd__nor2b_2)
     4    0.022652    0.259363    0.358341   12.397021 ^ _3412_/Y (sky130_fd_sc_hd__nor2b_2)
                                                         _2625_ (net)
                      0.259394    0.002488   12.399509 ^ _3555_/C1 (sky130_fd_sc_hd__a221oi_2)
     5    0.021700    0.121956    0.124849   12.524358 v _3555_/Y (sky130_fd_sc_hd__a221oi_2)
                                                         _2765_ (net)
                      0.122084    0.002412   12.526771 v _3683_/A3 (sky130_fd_sc_hd__o31a_2)
     3    0.016882    0.083538    0.372344   12.899115 v _3683_/X (sky130_fd_sc_hd__o31a_2)
                                                         _2891_ (net)
                      0.083628    0.001696   12.900809 v _4087_/A2 (sky130_fd_sc_hd__o41a_2)
     4    0.047214    0.167139    0.645345   13.546155 v _4087_/X (sky130_fd_sc_hd__o41a_2)
                                                         _0069_ (net)
                      0.167332    0.005288   13.551443 v _4441_/A3 (sky130_fd_sc_hd__o31ai_4)
     1    0.012076    0.235258    0.273910   13.825353 ^ _4441_/Y (sky130_fd_sc_hd__o31ai_4)
                                                         _0415_ (net)
                      0.235259    0.001141   13.826494 ^ wire248/A (sky130_fd_sc_hd__buf_2)
     5    0.052312    0.256495    0.326108   14.152602 ^ wire248/X (sky130_fd_sc_hd__buf_2)
                                                         net248 (net)
                      0.257064    0.010429   14.163032 ^ _4442_/A (sky130_fd_sc_hd__clkbuf_1)
     5    0.028953    0.340195    0.343526   14.506557 ^ _4442_/X (sky130_fd_sc_hd__clkbuf_1)
                                                         _0416_ (net)
                      0.340203    0.001535   14.508092 ^ max_cap234/A (sky130_fd_sc_hd__buf_2)
     6    0.040376    0.198838    0.311628   14.819720 ^ max_cap234/X (sky130_fd_sc_hd__buf_2)
                                                         net234 (net)
                      0.199073    0.004983   14.824703 ^ _4443_/B (sky130_fd_sc_hd__nand2_2)
     9    0.047385    0.197244    0.222133   15.046835 v _4443_/Y (sky130_fd_sc_hd__nand2_2)
                                                         _0417_ (net)
                      0.197277    0.002267   15.049102 v _4541_/S (sky130_fd_sc_hd__mux2_2)
     1    0.006056    0.057420    0.354436   15.403539 v _4541_/X (sky130_fd_sc_hd__mux2_2)
                                                         _0513_ (net)
                      0.057420    0.000453   15.403992 v _4542_/B1 (sky130_fd_sc_hd__o31ai_2)
     3    0.008048    0.248137    0.081670   15.485662 ^ _4542_/Y (sky130_fd_sc_hd__o31ai_2)
                                                         _0514_ (net)
                      0.248137    0.000471   15.486132 ^ _4586_/D_N (sky130_fd_sc_hd__or4b_2)
     4    0.027563    0.186740    0.776863   16.262995 v _4586_/X (sky130_fd_sc_hd__or4b_2)
                                                         _0557_ (net)
                      0.186789    0.003080   16.266075 v _4668_/C (sky130_fd_sc_hd__nor4_2)
     3    0.012672    0.378811    0.420606   16.686682 ^ _4668_/Y (sky130_fd_sc_hd__nor4_2)
                                                         _0637_ (net)
                      0.378811    0.000977   16.687658 ^ _4857_/D_N (sky130_fd_sc_hd__or4bb_2)
     2    0.016389    0.142055    0.667789   17.355448 v _4857_/X (sky130_fd_sc_hd__or4bb_2)
                                                         _0822_ (net)
                      0.142072    0.001602   17.357050 v _4874_/A (sky130_fd_sc_hd__xnor2_2)
     1    0.003228    0.084243    0.175737   17.532787 v _4874_/Y (sky130_fd_sc_hd__xnor2_2)
                                                         _0838_ (net)
                      0.084243    0.000229   17.533016 v _4893_/B1 (sky130_fd_sc_hd__a221o_2)
     2    0.016019    0.087440    0.412051   17.945066 v _4893_/X (sky130_fd_sc_hd__a221o_2)
                                                         net164 (net)
                      0.087506    0.001021   17.946087 v output164/A (sky130_fd_sc_hd__clkdlybuf4s25_1)
     1    0.037386    0.277569    0.470386   18.416473 v output164/X (sky130_fd_sc_hd__clkdlybuf4s25_1)
                                                         result[34] (net)
                      0.277586    0.002450   18.418924 v result[34] (out)
                                             18.418924   data arrival time

                      0.000000   40.000000   40.000000   clock __VIRTUAL_CLK__ (rise edge)
                                  0.000000   40.000000   clock network delay (ideal)
                                 -0.250000   39.750000   clock uncertainty
                                  0.000000   39.750000   clock reconvergence pessimism
                                 -8.000000   31.750000   output external delay
                                             31.750000   data required time
---------------------------------------------------------------------------------------------
                                             31.750000   data required time
                                            -18.418924   data arrival time
---------------------------------------------------------------------------------------------
                                             13.331076   slack (MET)


Startpoint: operand_b[1] (input port clocked by __VIRTUAL_CLK__)
Endpoint: result[46] (output port clocked by __VIRTUAL_CLK__)
Path Group: __VIRTUAL_CLK__
Path Type: max

Fanout         Cap        Slew       Delay        Time   Description
---------------------------------------------------------------------------------------------
                      0.000000    0.000000    0.000000   clock __VIRTUAL_CLK__ (rise edge)
                                  0.000000    0.000000   clock network delay (ideal)
                                  8.000000    8.000000 ^ input external delay
     1    0.009144    0.047534    0.033130    8.033130 ^ operand_b[1] (in)
                                                         operand_b[1] (net)
                      0.047549    0.000000    8.033130 ^ input81/A (sky130_fd_sc_hd__clkdlybuf4s25_1)
     1    0.006236    0.075597    0.281335    8.314465 ^ input81/X (sky130_fd_sc_hd__clkdlybuf4s25_1)
                                                         net81 (net)
                      0.075598    0.000409    8.314874 ^ fanout406/A (sky130_fd_sc_hd__clkdlybuf4s25_1)
     7    0.101761    1.009030    0.973063    9.287937 ^ fanout406/X (sky130_fd_sc_hd__clkdlybuf4s25_1)
                                                         net406 (net)
                      1.009044    0.003321    9.291258 ^ fanout404/A (sky130_fd_sc_hd__clkdlybuf4s25_1)
     8    0.063200    0.628611    0.836630   10.127888 ^ fanout404/X (sky130_fd_sc_hd__clkdlybuf4s25_1)
                                                         net404 (net)
                      0.628611    0.001861   10.129749 ^ fanout402/A (sky130_fd_sc_hd__clkdlybuf4s25_1)
     3    0.028626    0.291253    0.559948   10.689696 ^ fanout402/X (sky130_fd_sc_hd__clkdlybuf4s25_1)
                                                         net402 (net)
                      0.291270    0.002610   10.692307 ^ load_slew403/A (sky130_fd_sc_hd__buf_4)
     8    0.060777    0.172050    0.290256   10.982563 ^ load_slew403/X (sky130_fd_sc_hd__buf_4)
                                                         net403 (net)
                      0.172352    0.005465   10.988028 ^ fanout400/A (sky130_fd_sc_hd__clkdlybuf4s25_1)
     5    0.049851    0.498841    0.632431   11.620459 ^ fanout400/X (sky130_fd_sc_hd__clkdlybuf4s25_1)
                                                         net400 (net)
                      0.499066    0.005632   11.626091 ^ load_slew401/A (sky130_fd_sc_hd__clkbuf_2)
     6    0.056358    0.305807    0.405150   12.031240 ^ load_slew401/X (sky130_fd_sc_hd__clkbuf_2)
                                                         net401 (net)
                      0.306048    0.007440   12.038681 ^ _3412_/B_N (sky130_fd_sc_hd__nor2b_2)
     4    0.022652    0.259363    0.358341   12.397021 ^ _3412_/Y (sky130_fd_sc_hd__nor2b_2)
                                                         _2625_ (net)
                      0.259391    0.002358   12.399380 ^ _3477_/C1 (sky130_fd_sc_hd__a221o_2)
     9    0.055991    0.289620    0.364719   12.764098 ^ _3477_/X (sky130_fd_sc_hd__a221o_2)
                                                         _2689_ (net)
                      0.289781    0.004052   12.768150 ^ _3684_/A2 (sky130_fd_sc_hd__a21oi_2)
     3    0.017096    0.117853    0.153912   12.922062 v _3684_/Y (sky130_fd_sc_hd__a21oi_2)
                                                         _2892_ (net)
                      0.117867    0.001078   12.923141 v _3686_/C (sky130_fd_sc_hd__or4_4)
     1    0.005284    0.085690    0.525774   13.448915 v _3686_/X (sky130_fd_sc_hd__or4_4)
                                                         _2894_ (net)
                      0.085691    0.000421   13.449335 v _3687_/A (sky130_fd_sc_hd__buf_6)
     8    0.038183    0.047158    0.164859   13.614195 v _3687_/X (sky130_fd_sc_hd__buf_6)
                                                         _2895_ (net)
                      0.047457    0.002913   13.617107 v _3771_/B2 (sky130_fd_sc_hd__a221o_2)
     2    0.008978    0.070099    0.397236   14.014344 v _3771_/X (sky130_fd_sc_hd__a221o_2)
                                                         _2977_ (net)
                      0.070100    0.000433   14.014777 v _3775_/A1 (sky130_fd_sc_hd__a21o_2)
     3    0.014455    0.060839    0.239062   14.253839 v _3775_/X (sky130_fd_sc_hd__a21o_2)
                                                         _2981_ (net)
                      0.060845    0.000640   14.254479 v _3857_/A2 (sky130_fd_sc_hd__a2111o_2)
     3    0.025206    0.122294    0.574173   14.828652 v _3857_/X (sky130_fd_sc_hd__a2111o_2)
                                                         _3061_ (net)
                      0.122360    0.002752   14.831405 v _3960_/A (sky130_fd_sc_hd__or4b_4)
     3    0.031367    0.129440    0.661815   15.493219 v _3960_/X (sky130_fd_sc_hd__or4b_4)
                                                         _3162_ (net)
                      0.129727    0.004828   15.498048 v _4709_/A (sky130_fd_sc_hd__nor4b_2)
     2    0.032079    0.776113    0.775042   16.273090 ^ _4709_/Y (sky130_fd_sc_hd__nor4b_2)
                                                         _0677_ (net)
                      0.776130    0.003141   16.276230 ^ _4968_/A (sky130_fd_sc_hd__and4_2)
     1    0.003338    0.064003    0.378636   16.654867 ^ _4968_/X (sky130_fd_sc_hd__and4_2)
                                                         _0930_ (net)
                      0.064003    0.000229   16.655096 ^ _4969_/A (sky130_fd_sc_hd__clkbuf_1)
     2    0.010773    0.133516    0.156980   16.812077 ^ _4969_/X (sky130_fd_sc_hd__clkbuf_1)
                                                         _0931_ (net)
                      0.133518    0.000504   16.812580 ^ wire204/A (sky130_fd_sc_hd__clkbuf_4)
     7    0.046053    0.146035    0.251264   17.063845 ^ wire204/X (sky130_fd_sc_hd__clkbuf_4)
                                                         net204 (net)
                      0.146441    0.006043   17.069887 ^ _5359_/A (sky130_fd_sc_hd__and4_2)
     2    0.015763    0.110674    0.298074   17.367962 ^ _5359_/X (sky130_fd_sc_hd__and4_2)
                                                         _1345_ (net)
                      0.110686    0.001259   17.369221 ^ _5360_/B (sky130_fd_sc_hd__xnor2_2)
     1    0.005348    0.127100    0.127489   17.496710 ^ _5360_/Y (sky130_fd_sc_hd__xnor2_2)
                                                         _1346_ (net)
                      0.127100    0.000416   17.497126 ^ _5361_/B (sky130_fd_sc_hd__nor2_2)
     1    0.002462    0.091736    0.041966   17.539093 v _5361_/Y (sky130_fd_sc_hd__nor2_2)
                                                         _1347_ (net)
                      0.091736    0.000119   17.539211 v _5362_/C1 (sky130_fd_sc_hd__a211o_2)
     2    0.020825    0.091962    0.355014   17.894226 v _5362_/X (sky130_fd_sc_hd__a211o_2)
                                                         net177 (net)
                      0.092033    0.002437   17.896662 v output177/A (sky130_fd_sc_hd__clkdlybuf4s25_1)
     1    0.036279    0.269512    0.466736   18.363398 v output177/X (sky130_fd_sc_hd__clkdlybuf4s25_1)
                                                         result[46] (net)
                      0.269522    0.001908   18.365307 v result[46] (out)
                                             18.365307   data arrival time

                      0.000000   40.000000   40.000000   clock __VIRTUAL_CLK__ (rise edge)
                                  0.000000   40.000000   clock network delay (ideal)
                                 -0.250000   39.750000   clock uncertainty
                                  0.000000   39.750000   clock reconvergence pessimism
                                 -8.000000   31.750000   output external delay
                                             31.750000   data required time
---------------------------------------------------------------------------------------------
                                             31.750000   data required time
                                            -18.365307   data arrival time
---------------------------------------------------------------------------------------------
                                             13.384693   slack (MET)


Startpoint: operand_b[1] (input port clocked by __VIRTUAL_CLK__)
Endpoint: result[39] (output port clocked by __VIRTUAL_CLK__)
Path Group: __VIRTUAL_CLK__
Path Type: max

Fanout         Cap        Slew       Delay        Time   Description
---------------------------------------------------------------------------------------------
                      0.000000    0.000000    0.000000   clock __VIRTUAL_CLK__ (rise edge)
                                  0.000000    0.000000   clock network delay (ideal)
                                  8.000000    8.000000 ^ input external delay
     1    0.009144    0.047534    0.033130    8.033130 ^ operand_b[1] (in)
                                                         operand_b[1] (net)
                      0.047549    0.000000    8.033130 ^ input81/A (sky130_fd_sc_hd__clkdlybuf4s25_1)
     1    0.006236    0.075597    0.281335    8.314465 ^ input81/X (sky130_fd_sc_hd__clkdlybuf4s25_1)
                                                         net81 (net)
                      0.075598    0.000409    8.314874 ^ fanout406/A (sky130_fd_sc_hd__clkdlybuf4s25_1)
     7    0.101761    1.009030    0.973063    9.287937 ^ fanout406/X (sky130_fd_sc_hd__clkdlybuf4s25_1)
                                                         net406 (net)
                      1.009044    0.003321    9.291258 ^ fanout404/A (sky130_fd_sc_hd__clkdlybuf4s25_1)
     8    0.063200    0.628611    0.836630   10.127888 ^ fanout404/X (sky130_fd_sc_hd__clkdlybuf4s25_1)
                                                         net404 (net)
                      0.628611    0.001861   10.129749 ^ fanout402/A (sky130_fd_sc_hd__clkdlybuf4s25_1)
     3    0.028626    0.291253    0.559948   10.689696 ^ fanout402/X (sky130_fd_sc_hd__clkdlybuf4s25_1)
                                                         net402 (net)
                      0.291270    0.002610   10.692307 ^ load_slew403/A (sky130_fd_sc_hd__buf_4)
     8    0.060777    0.172050    0.290256   10.982563 ^ load_slew403/X (sky130_fd_sc_hd__buf_4)
                                                         net403 (net)
                      0.172352    0.005465   10.988028 ^ fanout400/A (sky130_fd_sc_hd__clkdlybuf4s25_1)
     5    0.049851    0.498841    0.632431   11.620459 ^ fanout400/X (sky130_fd_sc_hd__clkdlybuf4s25_1)
                                                         net400 (net)
                      0.499066    0.005632   11.626091 ^ load_slew401/A (sky130_fd_sc_hd__clkbuf_2)
     6    0.056358    0.305807    0.405150   12.031240 ^ load_slew401/X (sky130_fd_sc_hd__clkbuf_2)
                                                         net401 (net)
                      0.306048    0.007440   12.038681 ^ _3412_/B_N (sky130_fd_sc_hd__nor2b_2)
     4    0.022652    0.259363    0.358341   12.397021 ^ _3412_/Y (sky130_fd_sc_hd__nor2b_2)
                                                         _2625_ (net)
                      0.259394    0.002488   12.399509 ^ _3555_/C1 (sky130_fd_sc_hd__a221oi_2)
     5    0.021700    0.121956    0.124849   12.524358 v _3555_/Y (sky130_fd_sc_hd__a221oi_2)
                                                         _2765_ (net)
                      0.122084    0.002412   12.526771 v _3683_/A3 (sky130_fd_sc_hd__o31a_2)
     3    0.016882    0.083538    0.372344   12.899115 v _3683_/X (sky130_fd_sc_hd__o31a_2)
                                                         _2891_ (net)
                      0.083628    0.001696   12.900809 v _4087_/A2 (sky130_fd_sc_hd__o41a_2)
     4    0.047214    0.167139    0.645345   13.546155 v _4087_/X (sky130_fd_sc_hd__o41a_2)
                                                         _0069_ (net)
                      0.167332    0.005288   13.551443 v _4441_/A3 (sky130_fd_sc_hd__o31ai_4)
     1    0.012076    0.235258    0.273910   13.825353 ^ _4441_/Y (sky130_fd_sc_hd__o31ai_4)
                                                         _0415_ (net)
                      0.235259    0.001141   13.826494 ^ wire248/A (sky130_fd_sc_hd__buf_2)
     5    0.052312    0.256495    0.326108   14.152602 ^ wire248/X (sky130_fd_sc_hd__buf_2)
                                                         net248 (net)
                      0.257064    0.010429   14.163032 ^ _4442_/A (sky130_fd_sc_hd__clkbuf_1)
     5    0.028953    0.340195    0.343526   14.506557 ^ _4442_/X (sky130_fd_sc_hd__clkbuf_1)
                                                         _0416_ (net)
                      0.340203    0.001535   14.508092 ^ max_cap234/A (sky130_fd_sc_hd__buf_2)
     6    0.040376    0.198838    0.311628   14.819720 ^ max_cap234/X (sky130_fd_sc_hd__buf_2)
                                                         net234 (net)
                      0.199073    0.004983   14.824703 ^ _4443_/B (sky130_fd_sc_hd__nand2_2)
     9    0.047385    0.197244    0.222133   15.046835 v _4443_/Y (sky130_fd_sc_hd__nand2_2)
                                                         _0417_ (net)
                      0.197244    0.000252   15.047088 v _4585_/A1 (sky130_fd_sc_hd__a2111o_2)
     4    0.028997    0.132885    0.586280   15.633367 v _4585_/X (sky130_fd_sc_hd__a2111o_2)
                                                         _0556_ (net)
                      0.133103    0.004976   15.638343 v _4667_/B1_N (sky130_fd_sc_hd__o21bai_2)
     4    0.019682    0.106803    0.289019   15.927361 v _4667_/Y (sky130_fd_sc_hd__o21bai_2)
                                                         _0636_ (net)
                      0.106818    0.001346   15.928708 v _4742_/A (sky130_fd_sc_hd__nor3_2)
     3    0.021354    0.385227    0.406859   16.335566 ^ _4742_/Y (sky130_fd_sc_hd__nor3_2)
                                                         _0709_ (net)
                      0.385234    0.001435   16.337002 ^ _4743_/D_N (sky130_fd_sc_hd__or4b_4)
     6    0.044580    0.152398    0.644514   16.981516 v _4743_/X (sky130_fd_sc_hd__or4b_4)
                                                         _0710_ (net)
                      0.152569    0.004810   16.986326 v _5076_/A (sky130_fd_sc_hd__or3_2)
     1    0.004580    0.083777    0.538243   17.524569 v _5076_/X (sky130_fd_sc_hd__or3_2)
                                                         _1041_ (net)
                      0.083777    0.000300   17.524870 v _5106_/A3 (sky130_fd_sc_hd__a31o_2)
     2    0.034614    0.106034    0.353957   17.878826 v _5106_/X (sky130_fd_sc_hd__a31o_2)
                                                         net169 (net)
                      0.106160    0.003411   17.882236 v output169/A (sky130_fd_sc_hd__clkdlybuf4s25_1)
     1    0.036604    0.271680    0.474721   18.356956 v output169/X (sky130_fd_sc_hd__clkdlybuf4s25_1)
                                                         result[39] (net)
                      0.271695    0.002293   18.359251 v result[39] (out)
                                             18.359251   data arrival time

                      0.000000   40.000000   40.000000   clock __VIRTUAL_CLK__ (rise edge)
                                  0.000000   40.000000   clock network delay (ideal)
                                 -0.250000   39.750000   clock uncertainty
                                  0.000000   39.750000   clock reconvergence pessimism
                                 -8.000000   31.750000   output external delay
                                             31.750000   data required time
---------------------------------------------------------------------------------------------
                                             31.750000   data required time
                                            -18.359251   data arrival time
---------------------------------------------------------------------------------------------
                                             13.390748   slack (MET)


Startpoint: operand_b[1] (input port clocked by __VIRTUAL_CLK__)
Endpoint: result[40] (output port clocked by __VIRTUAL_CLK__)
Path Group: __VIRTUAL_CLK__
Path Type: max

Fanout         Cap        Slew       Delay        Time   Description
---------------------------------------------------------------------------------------------
                      0.000000    0.000000    0.000000   clock __VIRTUAL_CLK__ (rise edge)
                                  0.000000    0.000000   clock network delay (ideal)
                                  8.000000    8.000000 ^ input external delay
     1    0.009144    0.047534    0.033130    8.033130 ^ operand_b[1] (in)
                                                         operand_b[1] (net)
                      0.047549    0.000000    8.033130 ^ input81/A (sky130_fd_sc_hd__clkdlybuf4s25_1)
     1    0.006236    0.075597    0.281335    8.314465 ^ input81/X (sky130_fd_sc_hd__clkdlybuf4s25_1)
                                                         net81 (net)
                      0.075598    0.000409    8.314874 ^ fanout406/A (sky130_fd_sc_hd__clkdlybuf4s25_1)
     7    0.101761    1.009030    0.973063    9.287937 ^ fanout406/X (sky130_fd_sc_hd__clkdlybuf4s25_1)
                                                         net406 (net)
                      1.009044    0.003321    9.291258 ^ fanout404/A (sky130_fd_sc_hd__clkdlybuf4s25_1)
     8    0.063200    0.628611    0.836630   10.127888 ^ fanout404/X (sky130_fd_sc_hd__clkdlybuf4s25_1)
                                                         net404 (net)
                      0.628611    0.001861   10.129749 ^ fanout402/A (sky130_fd_sc_hd__clkdlybuf4s25_1)
     3    0.028626    0.291253    0.559948   10.689696 ^ fanout402/X (sky130_fd_sc_hd__clkdlybuf4s25_1)
                                                         net402 (net)
                      0.291270    0.002610   10.692307 ^ load_slew403/A (sky130_fd_sc_hd__buf_4)
     8    0.060777    0.172050    0.290256   10.982563 ^ load_slew403/X (sky130_fd_sc_hd__buf_4)
                                                         net403 (net)
                      0.172352    0.005465   10.988028 ^ fanout400/A (sky130_fd_sc_hd__clkdlybuf4s25_1)
     5    0.049851    0.498841    0.632431   11.620459 ^ fanout400/X (sky130_fd_sc_hd__clkdlybuf4s25_1)
                                                         net400 (net)
                      0.499066    0.005632   11.626091 ^ load_slew401/A (sky130_fd_sc_hd__clkbuf_2)
     6    0.056358    0.305807    0.405150   12.031240 ^ load_slew401/X (sky130_fd_sc_hd__clkbuf_2)
                                                         net401 (net)
                      0.306048    0.007440   12.038681 ^ _3412_/B_N (sky130_fd_sc_hd__nor2b_2)
     4    0.022652    0.259363    0.358341   12.397021 ^ _3412_/Y (sky130_fd_sc_hd__nor2b_2)
                                                         _2625_ (net)
                      0.259391    0.002358   12.399380 ^ _3477_/C1 (sky130_fd_sc_hd__a221o_2)
     9    0.055991    0.289620    0.364719   12.764098 ^ _3477_/X (sky130_fd_sc_hd__a221o_2)
                                                         _2689_ (net)
                      0.289781    0.004052   12.768150 ^ _3684_/A2 (sky130_fd_sc_hd__a21oi_2)
     3    0.017096    0.117853    0.153912   12.922062 v _3684_/Y (sky130_fd_sc_hd__a21oi_2)
                                                         _2892_ (net)
                      0.117867    0.001078   12.923141 v _3686_/C (sky130_fd_sc_hd__or4_4)
     1    0.005284    0.085690    0.525774   13.448915 v _3686_/X (sky130_fd_sc_hd__or4_4)
                                                         _2894_ (net)
                      0.085691    0.000421   13.449335 v _3687_/A (sky130_fd_sc_hd__buf_6)
     8    0.038183    0.047158    0.164859   13.614195 v _3687_/X (sky130_fd_sc_hd__buf_6)
                                                         _2895_ (net)
                      0.047457    0.002913   13.617107 v _3771_/B2 (sky130_fd_sc_hd__a221o_2)
     2    0.008978    0.070099    0.397236   14.014344 v _3771_/X (sky130_fd_sc_hd__a221o_2)
                                                         _2977_ (net)
                      0.070100    0.000433   14.014777 v _3775_/A1 (sky130_fd_sc_hd__a21o_2)
     3    0.014455    0.060839    0.239062   14.253839 v _3775_/X (sky130_fd_sc_hd__a21o_2)
                                                         _2981_ (net)
                      0.060845    0.000640   14.254479 v _3857_/A2 (sky130_fd_sc_hd__a2111o_2)
     3    0.025206    0.122294    0.574173   14.828652 v _3857_/X (sky130_fd_sc_hd__a2111o_2)
                                                         _3061_ (net)
                      0.122360    0.002752   14.831405 v _3960_/A (sky130_fd_sc_hd__or4b_4)
     3    0.031367    0.129440    0.661815   15.493219 v _3960_/X (sky130_fd_sc_hd__or4b_4)
                                                         _3162_ (net)
                      0.129727    0.004828   15.498048 v _4709_/A (sky130_fd_sc_hd__nor4b_2)
     2    0.032079    0.776113    0.775042   16.273090 ^ _4709_/Y (sky130_fd_sc_hd__nor4b_2)
                                                         _0677_ (net)
                      0.776130    0.003141   16.276230 ^ _4968_/A (sky130_fd_sc_hd__and4_2)
     1    0.003338    0.064003    0.378636   16.654867 ^ _4968_/X (sky130_fd_sc_hd__and4_2)
                                                         _0930_ (net)
                      0.064003    0.000229   16.655096 ^ _4969_/A (sky130_fd_sc_hd__clkbuf_1)
     2    0.010773    0.133516    0.156980   16.812077 ^ _4969_/X (sky130_fd_sc_hd__clkbuf_1)
                                                         _0931_ (net)
                      0.133518    0.000504   16.812580 ^ wire204/A (sky130_fd_sc_hd__clkbuf_4)
     7    0.046053    0.146035    0.251264   17.063845 ^ wire204/X (sky130_fd_sc_hd__clkbuf_4)
                                                         net204 (net)
                      0.146367    0.005365   17.069208 ^ _5121_/A (sky130_fd_sc_hd__nand2_2)
     6    0.036912    0.154568    0.174621   17.243830 v _5121_/Y (sky130_fd_sc_hd__nand2_2)
                                                         _1089_ (net)
                      0.154583    0.001357   17.245188 v _5122_/A (sky130_fd_sc_hd__xnor2_2)
     1    0.002521    0.051293    0.177964   17.423151 v _5122_/Y (sky130_fd_sc_hd__xnor2_2)
                                                         _1090_ (net)
                      0.051293    0.000190   17.423342 v _5152_/B1 (sky130_fd_sc_hd__a221o_2)
     2    0.026194    0.113284    0.430109   17.853451 v _5152_/X (sky130_fd_sc_hd__a221o_2)
                                                         net171 (net)
                      0.113355    0.002725   17.856176 v output171/A (sky130_fd_sc_hd__clkdlybuf4s25_1)
     1    0.037999    0.281499    0.485480   18.341656 v output171/X (sky130_fd_sc_hd__clkdlybuf4s25_1)
                                                         result[40] (net)
                      0.281519    0.002611   18.344267 v result[40] (out)
                                             18.344267   data arrival time

                      0.000000   40.000000   40.000000   clock __VIRTUAL_CLK__ (rise edge)
                                  0.000000   40.000000   clock network delay (ideal)
                                 -0.250000   39.750000   clock uncertainty
                                  0.000000   39.750000   clock reconvergence pessimism
                                 -8.000000   31.750000   output external delay
                                             31.750000   data required time
---------------------------------------------------------------------------------------------
                                             31.750000   data required time
                                            -18.344267   data arrival time
---------------------------------------------------------------------------------------------
                                             13.405732   slack (MET)


Startpoint: operand_b[1] (input port clocked by __VIRTUAL_CLK__)
Endpoint: result[33] (output port clocked by __VIRTUAL_CLK__)
Path Group: __VIRTUAL_CLK__
Path Type: max

Fanout         Cap        Slew       Delay        Time   Description
---------------------------------------------------------------------------------------------
                      0.000000    0.000000    0.000000   clock __VIRTUAL_CLK__ (rise edge)
                                  0.000000    0.000000   clock network delay (ideal)
                                  8.000000    8.000000 ^ input external delay
     1    0.009144    0.047534    0.033130    8.033130 ^ operand_b[1] (in)
                                                         operand_b[1] (net)
                      0.047549    0.000000    8.033130 ^ input81/A (sky130_fd_sc_hd__clkdlybuf4s25_1)
     1    0.006236    0.075597    0.281335    8.314465 ^ input81/X (sky130_fd_sc_hd__clkdlybuf4s25_1)
                                                         net81 (net)
                      0.075598    0.000409    8.314874 ^ fanout406/A (sky130_fd_sc_hd__clkdlybuf4s25_1)
     7    0.101761    1.009030    0.973063    9.287937 ^ fanout406/X (sky130_fd_sc_hd__clkdlybuf4s25_1)
                                                         net406 (net)
                      1.009044    0.003321    9.291258 ^ fanout404/A (sky130_fd_sc_hd__clkdlybuf4s25_1)
     8    0.063200    0.628611    0.836630   10.127888 ^ fanout404/X (sky130_fd_sc_hd__clkdlybuf4s25_1)
                                                         net404 (net)
                      0.628611    0.001861   10.129749 ^ fanout402/A (sky130_fd_sc_hd__clkdlybuf4s25_1)
     3    0.028626    0.291253    0.559948   10.689696 ^ fanout402/X (sky130_fd_sc_hd__clkdlybuf4s25_1)
                                                         net402 (net)
                      0.291270    0.002610   10.692307 ^ load_slew403/A (sky130_fd_sc_hd__buf_4)
     8    0.060777    0.172050    0.290256   10.982563 ^ load_slew403/X (sky130_fd_sc_hd__buf_4)
                                                         net403 (net)
                      0.172352    0.005465   10.988028 ^ fanout400/A (sky130_fd_sc_hd__clkdlybuf4s25_1)
     5    0.049851    0.498841    0.632431   11.620459 ^ fanout400/X (sky130_fd_sc_hd__clkdlybuf4s25_1)
                                                         net400 (net)
                      0.499066    0.005632   11.626091 ^ load_slew401/A (sky130_fd_sc_hd__clkbuf_2)
     6    0.056358    0.305807    0.405150   12.031240 ^ load_slew401/X (sky130_fd_sc_hd__clkbuf_2)
                                                         net401 (net)
                      0.306048    0.007440   12.038681 ^ _3412_/B_N (sky130_fd_sc_hd__nor2b_2)
     4    0.022652    0.259363    0.358341   12.397021 ^ _3412_/Y (sky130_fd_sc_hd__nor2b_2)
                                                         _2625_ (net)
                      0.259394    0.002488   12.399509 ^ _3555_/C1 (sky130_fd_sc_hd__a221oi_2)
     5    0.021700    0.121956    0.124849   12.524358 v _3555_/Y (sky130_fd_sc_hd__a221oi_2)
                                                         _2765_ (net)
                      0.122084    0.002412   12.526771 v _3683_/A3 (sky130_fd_sc_hd__o31a_2)
     3    0.016882    0.083538    0.372344   12.899115 v _3683_/X (sky130_fd_sc_hd__o31a_2)
                                                         _2891_ (net)
                      0.083628    0.001696   12.900809 v _4087_/A2 (sky130_fd_sc_hd__o41a_2)
     4    0.047214    0.167139    0.645345   13.546155 v _4087_/X (sky130_fd_sc_hd__o41a_2)
                                                         _0069_ (net)
                      0.167332    0.005288   13.551443 v _4441_/A3 (sky130_fd_sc_hd__o31ai_4)
     1    0.012076    0.235258    0.273910   13.825353 ^ _4441_/Y (sky130_fd_sc_hd__o31ai_4)
                                                         _0415_ (net)
                      0.235259    0.001141   13.826494 ^ wire248/A (sky130_fd_sc_hd__buf_2)
     5    0.052312    0.256495    0.326108   14.152602 ^ wire248/X (sky130_fd_sc_hd__buf_2)
                                                         net248 (net)
                      0.257064    0.010429   14.163032 ^ _4442_/A (sky130_fd_sc_hd__clkbuf_1)
     5    0.028953    0.340195    0.343526   14.506557 ^ _4442_/X (sky130_fd_sc_hd__clkbuf_1)
                                                         _0416_ (net)
                      0.340203    0.001535   14.508092 ^ max_cap234/A (sky130_fd_sc_hd__buf_2)
     6    0.040376    0.198838    0.311628   14.819720 ^ max_cap234/X (sky130_fd_sc_hd__buf_2)
                                                         net234 (net)
                      0.199073    0.004983   14.824703 ^ _4443_/B (sky130_fd_sc_hd__nand2_2)
     9    0.047385    0.197244    0.222133   15.046835 v _4443_/Y (sky130_fd_sc_hd__nand2_2)
                                                         _0417_ (net)
                      0.197277    0.002267   15.049102 v _4541_/S (sky130_fd_sc_hd__mux2_2)
     1    0.006056    0.057420    0.354436   15.403539 v _4541_/X (sky130_fd_sc_hd__mux2_2)
                                                         _0513_ (net)
                      0.057420    0.000453   15.403992 v _4542_/B1 (sky130_fd_sc_hd__o31ai_2)
     3    0.008048    0.248137    0.081670   15.485662 ^ _4542_/Y (sky130_fd_sc_hd__o31ai_2)
                                                         _0514_ (net)
                      0.248137    0.000471   15.486132 ^ _4586_/D_N (sky130_fd_sc_hd__or4b_2)
     4    0.027563    0.186740    0.776863   16.262995 v _4586_/X (sky130_fd_sc_hd__or4b_2)
                                                         _0557_ (net)
                      0.186789    0.003080   16.266075 v _4668_/C (sky130_fd_sc_hd__nor4_2)
     3    0.012672    0.378811    0.420606   16.686682 ^ _4668_/Y (sky130_fd_sc_hd__nor4_2)
                                                         _0637_ (net)
                      0.378811    0.000977   16.687658 ^ _4857_/D_N (sky130_fd_sc_hd__or4bb_2)
     2    0.016389    0.142055    0.667789   17.355448 v _4857_/X (sky130_fd_sc_hd__or4bb_2)
                                                         _0822_ (net)
                      0.142060    0.001112   17.356560 v _4858_/A2 (sky130_fd_sc_hd__a21oi_2)
     1    0.002833    0.131481    0.168590   17.525150 ^ _4858_/Y (sky130_fd_sc_hd__a21oi_2)
                                                         _0823_ (net)
                      0.131481    0.000213   17.525364 ^ _4859_/C1 (sky130_fd_sc_hd__a311o_2)
     2    0.014560    0.093086    0.177666   17.703030 ^ _4859_/X (sky130_fd_sc_hd__a311o_2)
                                                         net163 (net)
                      0.093093    0.000973   17.704002 ^ output163/A (sky130_fd_sc_hd__clkdlybuf4s25_1)
     1    0.039030    0.393111    0.532443   18.236446 ^ output163/X (sky130_fd_sc_hd__clkdlybuf4s25_1)
                                                         result[33] (net)
                      0.393124    0.002824   18.239269 ^ result[33] (out)
                                             18.239269   data arrival time

                      0.000000   40.000000   40.000000   clock __VIRTUAL_CLK__ (rise edge)
                                  0.000000   40.000000   clock network delay (ideal)
                                 -0.250000   39.750000   clock uncertainty
                                  0.000000   39.750000   clock reconvergence pessimism
                                 -8.000000   31.750000   output external delay
                                             31.750000   data required time
---------------------------------------------------------------------------------------------
                                             31.750000   data required time
                                            -18.239269   data arrival time
---------------------------------------------------------------------------------------------
                                             13.510729   slack (MET)


Startpoint: operand_b[1] (input port clocked by __VIRTUAL_CLK__)
Endpoint: result[38] (output port clocked by __VIRTUAL_CLK__)
Path Group: __VIRTUAL_CLK__
Path Type: max

Fanout         Cap        Slew       Delay        Time   Description
---------------------------------------------------------------------------------------------
                      0.000000    0.000000    0.000000   clock __VIRTUAL_CLK__ (rise edge)
                                  0.000000    0.000000   clock network delay (ideal)
                                  8.000000    8.000000 ^ input external delay
     1    0.009144    0.047534    0.033130    8.033130 ^ operand_b[1] (in)
                                                         operand_b[1] (net)
                      0.047549    0.000000    8.033130 ^ input81/A (sky130_fd_sc_hd__clkdlybuf4s25_1)
     1    0.006236    0.075597    0.281335    8.314465 ^ input81/X (sky130_fd_sc_hd__clkdlybuf4s25_1)
                                                         net81 (net)
                      0.075598    0.000409    8.314874 ^ fanout406/A (sky130_fd_sc_hd__clkdlybuf4s25_1)
     7    0.101761    1.009030    0.973063    9.287937 ^ fanout406/X (sky130_fd_sc_hd__clkdlybuf4s25_1)
                                                         net406 (net)
                      1.009044    0.003321    9.291258 ^ fanout404/A (sky130_fd_sc_hd__clkdlybuf4s25_1)
     8    0.063200    0.628611    0.836630   10.127888 ^ fanout404/X (sky130_fd_sc_hd__clkdlybuf4s25_1)
                                                         net404 (net)
                      0.628611    0.001861   10.129749 ^ fanout402/A (sky130_fd_sc_hd__clkdlybuf4s25_1)
     3    0.028626    0.291253    0.559948   10.689696 ^ fanout402/X (sky130_fd_sc_hd__clkdlybuf4s25_1)
                                                         net402 (net)
                      0.291270    0.002610   10.692307 ^ load_slew403/A (sky130_fd_sc_hd__buf_4)
     8    0.060777    0.172050    0.290256   10.982563 ^ load_slew403/X (sky130_fd_sc_hd__buf_4)
                                                         net403 (net)
                      0.172352    0.005465   10.988028 ^ fanout400/A (sky130_fd_sc_hd__clkdlybuf4s25_1)
     5    0.049851    0.498841    0.632431   11.620459 ^ fanout400/X (sky130_fd_sc_hd__clkdlybuf4s25_1)
                                                         net400 (net)
                      0.499066    0.005632   11.626091 ^ load_slew401/A (sky130_fd_sc_hd__clkbuf_2)
     6    0.056358    0.305807    0.405150   12.031240 ^ load_slew401/X (sky130_fd_sc_hd__clkbuf_2)
                                                         net401 (net)
                      0.306048    0.007440   12.038681 ^ _3412_/B_N (sky130_fd_sc_hd__nor2b_2)
     4    0.022652    0.259363    0.358341   12.397021 ^ _3412_/Y (sky130_fd_sc_hd__nor2b_2)
                                                         _2625_ (net)
                      0.259391    0.002358   12.399380 ^ _3477_/C1 (sky130_fd_sc_hd__a221o_2)
     9    0.055991    0.289620    0.364719   12.764098 ^ _3477_/X (sky130_fd_sc_hd__a221o_2)
                                                         _2689_ (net)
                      0.289781    0.004052   12.768150 ^ _3684_/A2 (sky130_fd_sc_hd__a21oi_2)
     3    0.017096    0.117853    0.153912   12.922062 v _3684_/Y (sky130_fd_sc_hd__a21oi_2)
                                                         _2892_ (net)
                      0.117867    0.001078   12.923141 v _3686_/C (sky130_fd_sc_hd__or4_4)
     1    0.005284    0.085690    0.525774   13.448915 v _3686_/X (sky130_fd_sc_hd__or4_4)
                                                         _2894_ (net)
                      0.085691    0.000421   13.449335 v _3687_/A (sky130_fd_sc_hd__buf_6)
     8    0.038183    0.047158    0.164859   13.614195 v _3687_/X (sky130_fd_sc_hd__buf_6)
                                                         _2895_ (net)
                      0.047457    0.002913   13.617107 v _3771_/B2 (sky130_fd_sc_hd__a221o_2)
     2    0.008978    0.070099    0.397236   14.014344 v _3771_/X (sky130_fd_sc_hd__a221o_2)
                                                         _2977_ (net)
                      0.070100    0.000433   14.014777 v _3775_/A1 (sky130_fd_sc_hd__a21o_2)
     3    0.014455    0.060839    0.239062   14.253839 v _3775_/X (sky130_fd_sc_hd__a21o_2)
                                                         _2981_ (net)
                      0.060845    0.000640   14.254479 v _3857_/A2 (sky130_fd_sc_hd__a2111o_2)
     3    0.025206    0.122294    0.574173   14.828652 v _3857_/X (sky130_fd_sc_hd__a2111o_2)
                                                         _3061_ (net)
                      0.122360    0.002752   14.831405 v _3960_/A (sky130_fd_sc_hd__or4b_4)
     3    0.031367    0.129440    0.661815   15.493219 v _3960_/X (sky130_fd_sc_hd__or4b_4)
                                                         _3162_ (net)
                      0.129727    0.004828   15.498048 v _4709_/A (sky130_fd_sc_hd__nor4b_2)
     2    0.032079    0.776113    0.775042   16.273090 ^ _4709_/Y (sky130_fd_sc_hd__nor4b_2)
                                                         _0677_ (net)
                      0.776130    0.003141   16.276230 ^ _4968_/A (sky130_fd_sc_hd__and4_2)
     1    0.003338    0.064003    0.378636   16.654867 ^ _4968_/X (sky130_fd_sc_hd__and4_2)
                                                         _0930_ (net)
                      0.064003    0.000229   16.655096 ^ _4969_/A (sky130_fd_sc_hd__clkbuf_1)
     2    0.010773    0.133516    0.156980   16.812077 ^ _4969_/X (sky130_fd_sc_hd__clkbuf_1)
                                                         _0931_ (net)
                      0.133518    0.000504   16.812580 ^ wire204/A (sky130_fd_sc_hd__clkbuf_4)
     7    0.046053    0.146035    0.251264   17.063845 ^ wire204/X (sky130_fd_sc_hd__clkbuf_4)
                                                         net204 (net)
                      0.146252    0.004079   17.067923 ^ _5036_/A (sky130_fd_sc_hd__nand2_2)
     1    0.009612    0.091586    0.087455   17.155378 v _5036_/Y (sky130_fd_sc_hd__nand2_2)
                                                         _0998_ (net)
                      0.091627    0.000789   17.156166 v _5037_/B (sky130_fd_sc_hd__xnor2_2)
     1    0.005808    0.057108    0.157273   17.313440 v _5037_/Y (sky130_fd_sc_hd__xnor2_2)
                                                         _0999_ (net)
                      0.057108    0.000441   17.313881 v _5064_/A2 (sky130_fd_sc_hd__o21ai_2)
     2    0.022428    0.292360    0.263178   17.577059 ^ _5064_/Y (sky130_fd_sc_hd__o21ai_2)
                                                         net168 (net)
                      0.292369    0.002199   17.579258 ^ output168/A (sky130_fd_sc_hd__clkdlybuf4s25_1)
     1    0.037909    0.381919    0.577026   18.156284 ^ output168/X (sky130_fd_sc_hd__clkdlybuf4s25_1)
                                                         result[38] (net)
                      0.381929    0.002627   18.158911 ^ result[38] (out)
                                             18.158911   data arrival time

                      0.000000   40.000000   40.000000   clock __VIRTUAL_CLK__ (rise edge)
                                  0.000000   40.000000   clock network delay (ideal)
                                 -0.250000   39.750000   clock uncertainty
                                  0.000000   39.750000   clock reconvergence pessimism
                                 -8.000000   31.750000   output external delay
                                             31.750000   data required time
---------------------------------------------------------------------------------------------
                                             31.750000   data required time
                                            -18.158911   data arrival time
---------------------------------------------------------------------------------------------
                                             13.591087   slack (MET)


Startpoint: operand_b[1] (input port clocked by __VIRTUAL_CLK__)
Endpoint: result[42] (output port clocked by __VIRTUAL_CLK__)
Path Group: __VIRTUAL_CLK__
Path Type: max

Fanout         Cap        Slew       Delay        Time   Description
---------------------------------------------------------------------------------------------
                      0.000000    0.000000    0.000000   clock __VIRTUAL_CLK__ (rise edge)
                                  0.000000    0.000000   clock network delay (ideal)
                                  8.000000    8.000000 ^ input external delay
     1    0.009144    0.047534    0.033130    8.033130 ^ operand_b[1] (in)
                                                         operand_b[1] (net)
                      0.047549    0.000000    8.033130 ^ input81/A (sky130_fd_sc_hd__clkdlybuf4s25_1)
     1    0.006236    0.075597    0.281335    8.314465 ^ input81/X (sky130_fd_sc_hd__clkdlybuf4s25_1)
                                                         net81 (net)
                      0.075598    0.000409    8.314874 ^ fanout406/A (sky130_fd_sc_hd__clkdlybuf4s25_1)
     7    0.101761    1.009030    0.973063    9.287937 ^ fanout406/X (sky130_fd_sc_hd__clkdlybuf4s25_1)
                                                         net406 (net)
                      1.009044    0.003321    9.291258 ^ fanout404/A (sky130_fd_sc_hd__clkdlybuf4s25_1)
     8    0.063200    0.628611    0.836630   10.127888 ^ fanout404/X (sky130_fd_sc_hd__clkdlybuf4s25_1)
                                                         net404 (net)
                      0.628611    0.001861   10.129749 ^ fanout402/A (sky130_fd_sc_hd__clkdlybuf4s25_1)
     3    0.028626    0.291253    0.559948   10.689696 ^ fanout402/X (sky130_fd_sc_hd__clkdlybuf4s25_1)
                                                         net402 (net)
                      0.291270    0.002610   10.692307 ^ load_slew403/A (sky130_fd_sc_hd__buf_4)
     8    0.060777    0.172050    0.290256   10.982563 ^ load_slew403/X (sky130_fd_sc_hd__buf_4)
                                                         net403 (net)
                      0.172352    0.005465   10.988028 ^ fanout400/A (sky130_fd_sc_hd__clkdlybuf4s25_1)
     5    0.049851    0.498841    0.632431   11.620459 ^ fanout400/X (sky130_fd_sc_hd__clkdlybuf4s25_1)
                                                         net400 (net)
                      0.499066    0.005632   11.626091 ^ load_slew401/A (sky130_fd_sc_hd__clkbuf_2)
     6    0.056358    0.305807    0.405150   12.031240 ^ load_slew401/X (sky130_fd_sc_hd__clkbuf_2)
                                                         net401 (net)
                      0.306048    0.007440   12.038681 ^ _3412_/B_N (sky130_fd_sc_hd__nor2b_2)
     4    0.022652    0.259363    0.358341   12.397021 ^ _3412_/Y (sky130_fd_sc_hd__nor2b_2)
                                                         _2625_ (net)
                      0.259391    0.002358   12.399380 ^ _3477_/C1 (sky130_fd_sc_hd__a221o_2)
     9    0.055991    0.289620    0.364719   12.764098 ^ _3477_/X (sky130_fd_sc_hd__a221o_2)
                                                         _2689_ (net)
                      0.289781    0.004052   12.768150 ^ _3684_/A2 (sky130_fd_sc_hd__a21oi_2)
     3    0.017096    0.117853    0.153912   12.922062 v _3684_/Y (sky130_fd_sc_hd__a21oi_2)
                                                         _2892_ (net)
                      0.117867    0.001078   12.923141 v _3686_/C (sky130_fd_sc_hd__or4_4)
     1    0.005284    0.085690    0.525774   13.448915 v _3686_/X (sky130_fd_sc_hd__or4_4)
                                                         _2894_ (net)
                      0.085691    0.000421   13.449335 v _3687_/A (sky130_fd_sc_hd__buf_6)
     8    0.038183    0.047158    0.164859   13.614195 v _3687_/X (sky130_fd_sc_hd__buf_6)
                                                         _2895_ (net)
                      0.047457    0.002913   13.617107 v _3771_/B2 (sky130_fd_sc_hd__a221o_2)
     2    0.008978    0.070099    0.397236   14.014344 v _3771_/X (sky130_fd_sc_hd__a221o_2)
                                                         _2977_ (net)
                      0.070100    0.000433   14.014777 v _3775_/A1 (sky130_fd_sc_hd__a21o_2)
     3    0.014455    0.060839    0.239062   14.253839 v _3775_/X (sky130_fd_sc_hd__a21o_2)
                                                         _2981_ (net)
                      0.060845    0.000640   14.254479 v _3857_/A2 (sky130_fd_sc_hd__a2111o_2)
     3    0.025206    0.122294    0.574173   14.828652 v _3857_/X (sky130_fd_sc_hd__a2111o_2)
                                                         _3061_ (net)
                      0.122360    0.002752   14.831405 v _3960_/A (sky130_fd_sc_hd__or4b_4)
     3    0.031367    0.129440    0.661815   15.493219 v _3960_/X (sky130_fd_sc_hd__or4b_4)
                                                         _3162_ (net)
                      0.129727    0.004828   15.498048 v _4709_/A (sky130_fd_sc_hd__nor4b_2)
     2    0.032079    0.776113    0.775042   16.273090 ^ _4709_/Y (sky130_fd_sc_hd__nor4b_2)
                                                         _0677_ (net)
                      0.776130    0.003141   16.276230 ^ _4968_/A (sky130_fd_sc_hd__and4_2)
     1    0.003338    0.064003    0.378636   16.654867 ^ _4968_/X (sky130_fd_sc_hd__and4_2)
                                                         _0930_ (net)
                      0.064003    0.000229   16.655096 ^ _4969_/A (sky130_fd_sc_hd__clkbuf_1)
     2    0.010773    0.133516    0.156980   16.812077 ^ _4969_/X (sky130_fd_sc_hd__clkbuf_1)
                                                         _0931_ (net)
                      0.133518    0.000504   16.812580 ^ wire204/A (sky130_fd_sc_hd__clkbuf_4)
     7    0.046053    0.146035    0.251264   17.063845 ^ wire204/X (sky130_fd_sc_hd__clkbuf_4)
                                                         net204 (net)
                      0.146443    0.006064   17.069908 ^ _5208_/A (sky130_fd_sc_hd__and3_2)
     1    0.008887    0.069960    0.227431   17.297338 ^ _5208_/X (sky130_fd_sc_hd__and3_2)
                                                         _1183_ (net)
                      0.069962    0.000510   17.297850 ^ _5209_/B (sky130_fd_sc_hd__xor2_2)
     1    0.004391    0.070606    0.064709   17.362558 v _5209_/X (sky130_fd_sc_hd__xor2_2)
                                                         _1184_ (net)
                      0.070606    0.000217   17.362774 v _5232_/A2 (sky130_fd_sc_hd__o21ai_2)
     2    0.014557    0.220295    0.207221   17.569996 ^ _5232_/Y (sky130_fd_sc_hd__o21ai_2)
                                                         net173 (net)
                      0.220298    0.001242   17.571238 ^ output173/A (sky130_fd_sc_hd__clkdlybuf4s25_1)
     1    0.037699    0.380914    0.559687   18.130924 ^ output173/X (sky130_fd_sc_hd__clkdlybuf4s25_1)
                                                         result[42] (net)
                      0.380918    0.001975   18.132900 ^ result[42] (out)
                                             18.132900   data arrival time

                      0.000000   40.000000   40.000000   clock __VIRTUAL_CLK__ (rise edge)
                                  0.000000   40.000000   clock network delay (ideal)
                                 -0.250000   39.750000   clock uncertainty
                                  0.000000   39.750000   clock reconvergence pessimism
                                 -8.000000   31.750000   output external delay
                                             31.750000   data required time
---------------------------------------------------------------------------------------------
                                             31.750000   data required time
                                            -18.132900   data arrival time
---------------------------------------------------------------------------------------------
                                             13.617099   slack (MET)


Startpoint: operand_b[1] (input port clocked by __VIRTUAL_CLK__)
Endpoint: result[31] (output port clocked by __VIRTUAL_CLK__)
Path Group: __VIRTUAL_CLK__
Path Type: max

Fanout         Cap        Slew       Delay        Time   Description
---------------------------------------------------------------------------------------------
                      0.000000    0.000000    0.000000   clock __VIRTUAL_CLK__ (rise edge)
                                  0.000000    0.000000   clock network delay (ideal)
                                  8.000000    8.000000 ^ input external delay
     1    0.009144    0.047534    0.033130    8.033130 ^ operand_b[1] (in)
                                                         operand_b[1] (net)
                      0.047549    0.000000    8.033130 ^ input81/A (sky130_fd_sc_hd__clkdlybuf4s25_1)
     1    0.006236    0.075597    0.281335    8.314465 ^ input81/X (sky130_fd_sc_hd__clkdlybuf4s25_1)
                                                         net81 (net)
                      0.075598    0.000409    8.314874 ^ fanout406/A (sky130_fd_sc_hd__clkdlybuf4s25_1)
     7    0.101761    1.009030    0.973063    9.287937 ^ fanout406/X (sky130_fd_sc_hd__clkdlybuf4s25_1)
                                                         net406 (net)
                      1.009044    0.003321    9.291258 ^ fanout404/A (sky130_fd_sc_hd__clkdlybuf4s25_1)
     8    0.063200    0.628611    0.836630   10.127888 ^ fanout404/X (sky130_fd_sc_hd__clkdlybuf4s25_1)
                                                         net404 (net)
                      0.628611    0.001861   10.129749 ^ fanout402/A (sky130_fd_sc_hd__clkdlybuf4s25_1)
     3    0.028626    0.291253    0.559948   10.689696 ^ fanout402/X (sky130_fd_sc_hd__clkdlybuf4s25_1)
                                                         net402 (net)
                      0.291270    0.002610   10.692307 ^ load_slew403/A (sky130_fd_sc_hd__buf_4)
     8    0.060777    0.172050    0.290256   10.982563 ^ load_slew403/X (sky130_fd_sc_hd__buf_4)
                                                         net403 (net)
                      0.172352    0.005465   10.988028 ^ fanout400/A (sky130_fd_sc_hd__clkdlybuf4s25_1)
     5    0.049851    0.498841    0.632431   11.620459 ^ fanout400/X (sky130_fd_sc_hd__clkdlybuf4s25_1)
                                                         net400 (net)
                      0.499066    0.005632   11.626091 ^ load_slew401/A (sky130_fd_sc_hd__clkbuf_2)
     6    0.056358    0.305807    0.405150   12.031240 ^ load_slew401/X (sky130_fd_sc_hd__clkbuf_2)
                                                         net401 (net)
                      0.306048    0.007440   12.038681 ^ _3412_/B_N (sky130_fd_sc_hd__nor2b_2)
     4    0.022652    0.259363    0.358341   12.397021 ^ _3412_/Y (sky130_fd_sc_hd__nor2b_2)
                                                         _2625_ (net)
                      0.259394    0.002488   12.399509 ^ _3555_/C1 (sky130_fd_sc_hd__a221oi_2)
     5    0.021700    0.121956    0.124849   12.524358 v _3555_/Y (sky130_fd_sc_hd__a221oi_2)
                                                         _2765_ (net)
                      0.122084    0.002412   12.526771 v _3683_/A3 (sky130_fd_sc_hd__o31a_2)
     3    0.016882    0.083538    0.372344   12.899115 v _3683_/X (sky130_fd_sc_hd__o31a_2)
                                                         _2891_ (net)
                      0.083628    0.001696   12.900809 v _4087_/A2 (sky130_fd_sc_hd__o41a_2)
     4    0.047214    0.167139    0.645345   13.546155 v _4087_/X (sky130_fd_sc_hd__o41a_2)
                                                         _0069_ (net)
                      0.167332    0.005288   13.551443 v _4441_/A3 (sky130_fd_sc_hd__o31ai_4)
     1    0.012076    0.235258    0.273910   13.825353 ^ _4441_/Y (sky130_fd_sc_hd__o31ai_4)
                                                         _0415_ (net)
                      0.235259    0.001141   13.826494 ^ wire248/A (sky130_fd_sc_hd__buf_2)
     5    0.052312    0.256495    0.326108   14.152602 ^ wire248/X (sky130_fd_sc_hd__buf_2)
                                                         net248 (net)
                      0.257064    0.010429   14.163032 ^ _4442_/A (sky130_fd_sc_hd__clkbuf_1)
     5    0.028953    0.340195    0.343526   14.506557 ^ _4442_/X (sky130_fd_sc_hd__clkbuf_1)
                                                         _0416_ (net)
                      0.340203    0.001535   14.508092 ^ max_cap234/A (sky130_fd_sc_hd__buf_2)
     6    0.040376    0.198838    0.311628   14.819720 ^ max_cap234/X (sky130_fd_sc_hd__buf_2)
                                                         net234 (net)
                      0.199073    0.004983   14.824703 ^ _4443_/B (sky130_fd_sc_hd__nand2_2)
     9    0.047385    0.197244    0.222133   15.046835 v _4443_/Y (sky130_fd_sc_hd__nand2_2)
                                                         _0417_ (net)
                      0.197244    0.000252   15.047088 v _4585_/A1 (sky130_fd_sc_hd__a2111o_2)
     4    0.028997    0.132885    0.586280   15.633367 v _4585_/X (sky130_fd_sc_hd__a2111o_2)
                                                         _0556_ (net)
                      0.133103    0.004976   15.638343 v _4667_/B1_N (sky130_fd_sc_hd__o21bai_2)
     4    0.019682    0.106803    0.289019   15.927361 v _4667_/Y (sky130_fd_sc_hd__o21bai_2)
                                                         _0636_ (net)
                      0.106818    0.001346   15.928708 v _4742_/A (sky130_fd_sc_hd__nor3_2)
     3    0.021354    0.385227    0.406859   16.335566 ^ _4742_/Y (sky130_fd_sc_hd__nor3_2)
                                                         _0709_ (net)
                      0.385234    0.001435   16.337002 ^ _4743_/D_N (sky130_fd_sc_hd__or4b_4)
     6    0.044580    0.152398    0.644514   16.981516 v _4743_/X (sky130_fd_sc_hd__or4b_4)
                                                         _0710_ (net)
                      0.152438    0.002569   16.984083 v _4744_/B (sky130_fd_sc_hd__nor2_2)
     1    0.008883    0.144397    0.164944   17.149027 ^ _4744_/Y (sky130_fd_sc_hd__nor2_2)
                                                         _0711_ (net)
                      0.144398    0.000703   17.149731 ^ _4745_/B (sky130_fd_sc_hd__xnor2_2)
     1    0.002661    0.074143    0.070644   17.220375 v _4745_/Y (sky130_fd_sc_hd__xnor2_2)
                                                         _0712_ (net)
                      0.074143    0.000195   17.220570 v _4764_/B1 (sky130_fd_sc_hd__a221o_2)
     2    0.015963    0.087560    0.408171   17.628742 v _4764_/X (sky130_fd_sc_hd__a221o_2)
                                                         net161 (net)
                      0.087562    0.001416   17.630157 v output161/A (sky130_fd_sc_hd__clkdlybuf4s25_1)
     1    0.037689    0.279987    0.471193   18.101351 v output161/X (sky130_fd_sc_hd__clkdlybuf4s25_1)
                                                         result[31] (net)
                      0.280033    0.003650   18.105001 v result[31] (out)
                                             18.105001   data arrival time

                      0.000000   40.000000   40.000000   clock __VIRTUAL_CLK__ (rise edge)
                                  0.000000   40.000000   clock network delay (ideal)
                                 -0.250000   39.750000   clock uncertainty
                                  0.000000   39.750000   clock reconvergence pessimism
                                 -8.000000   31.750000   output external delay
                                             31.750000   data required time
---------------------------------------------------------------------------------------------
                                             31.750000   data required time
                                            -18.105001   data arrival time
---------------------------------------------------------------------------------------------
                                             13.644999   slack (MET)


Startpoint: operand_b[1] (input port clocked by __VIRTUAL_CLK__)
Endpoint: result[37] (output port clocked by __VIRTUAL_CLK__)
Path Group: __VIRTUAL_CLK__
Path Type: max

Fanout         Cap        Slew       Delay        Time   Description
---------------------------------------------------------------------------------------------
                      0.000000    0.000000    0.000000   clock __VIRTUAL_CLK__ (rise edge)
                                  0.000000    0.000000   clock network delay (ideal)
                                  8.000000    8.000000 ^ input external delay
     1    0.009144    0.047534    0.033130    8.033130 ^ operand_b[1] (in)
                                                         operand_b[1] (net)
                      0.047549    0.000000    8.033130 ^ input81/A (sky130_fd_sc_hd__clkdlybuf4s25_1)
     1    0.006236    0.075597    0.281335    8.314465 ^ input81/X (sky130_fd_sc_hd__clkdlybuf4s25_1)
                                                         net81 (net)
                      0.075598    0.000409    8.314874 ^ fanout406/A (sky130_fd_sc_hd__clkdlybuf4s25_1)
     7    0.101761    1.009030    0.973063    9.287937 ^ fanout406/X (sky130_fd_sc_hd__clkdlybuf4s25_1)
                                                         net406 (net)
                      1.009044    0.003321    9.291258 ^ fanout404/A (sky130_fd_sc_hd__clkdlybuf4s25_1)
     8    0.063200    0.628611    0.836630   10.127888 ^ fanout404/X (sky130_fd_sc_hd__clkdlybuf4s25_1)
                                                         net404 (net)
                      0.628611    0.001861   10.129749 ^ fanout402/A (sky130_fd_sc_hd__clkdlybuf4s25_1)
     3    0.028626    0.291253    0.559948   10.689696 ^ fanout402/X (sky130_fd_sc_hd__clkdlybuf4s25_1)
                                                         net402 (net)
                      0.291270    0.002610   10.692307 ^ load_slew403/A (sky130_fd_sc_hd__buf_4)
     8    0.060777    0.172050    0.290256   10.982563 ^ load_slew403/X (sky130_fd_sc_hd__buf_4)
                                                         net403 (net)
                      0.172352    0.005465   10.988028 ^ fanout400/A (sky130_fd_sc_hd__clkdlybuf4s25_1)
     5    0.049851    0.498841    0.632431   11.620459 ^ fanout400/X (sky130_fd_sc_hd__clkdlybuf4s25_1)
                                                         net400 (net)
                      0.499066    0.005632   11.626091 ^ load_slew401/A (sky130_fd_sc_hd__clkbuf_2)
     6    0.056358    0.305807    0.405150   12.031240 ^ load_slew401/X (sky130_fd_sc_hd__clkbuf_2)
                                                         net401 (net)
                      0.306048    0.007440   12.038681 ^ _3412_/B_N (sky130_fd_sc_hd__nor2b_2)
     4    0.022652    0.259363    0.358341   12.397021 ^ _3412_/Y (sky130_fd_sc_hd__nor2b_2)
                                                         _2625_ (net)
                      0.259391    0.002358   12.399380 ^ _3477_/C1 (sky130_fd_sc_hd__a221o_2)
     9    0.055991    0.289620    0.364719   12.764098 ^ _3477_/X (sky130_fd_sc_hd__a221o_2)
                                                         _2689_ (net)
                      0.289781    0.004052   12.768150 ^ _3684_/A2 (sky130_fd_sc_hd__a21oi_2)
     3    0.017096    0.117853    0.153912   12.922062 v _3684_/Y (sky130_fd_sc_hd__a21oi_2)
                                                         _2892_ (net)
                      0.117867    0.001078   12.923141 v _3686_/C (sky130_fd_sc_hd__or4_4)
     1    0.005284    0.085690    0.525774   13.448915 v _3686_/X (sky130_fd_sc_hd__or4_4)
                                                         _2894_ (net)
                      0.085691    0.000421   13.449335 v _3687_/A (sky130_fd_sc_hd__buf_6)
     8    0.038183    0.047158    0.164859   13.614195 v _3687_/X (sky130_fd_sc_hd__buf_6)
                                                         _2895_ (net)
                      0.047457    0.002913   13.617107 v _3771_/B2 (sky130_fd_sc_hd__a221o_2)
     2    0.008978    0.070099    0.397236   14.014344 v _3771_/X (sky130_fd_sc_hd__a221o_2)
                                                         _2977_ (net)
                      0.070100    0.000433   14.014777 v _3775_/A1 (sky130_fd_sc_hd__a21o_2)
     3    0.014455    0.060839    0.239062   14.253839 v _3775_/X (sky130_fd_sc_hd__a21o_2)
                                                         _2981_ (net)
                      0.060845    0.000640   14.254479 v _3857_/A2 (sky130_fd_sc_hd__a2111o_2)
     3    0.025206    0.122294    0.574173   14.828652 v _3857_/X (sky130_fd_sc_hd__a2111o_2)
                                                         _3061_ (net)
                      0.122360    0.002752   14.831405 v _3960_/A (sky130_fd_sc_hd__or4b_4)
     3    0.031367    0.129440    0.661815   15.493219 v _3960_/X (sky130_fd_sc_hd__or4b_4)
                                                         _3162_ (net)
                      0.129727    0.004828   15.498048 v _4709_/A (sky130_fd_sc_hd__nor4b_2)
     2    0.032079    0.776113    0.775042   16.273090 ^ _4709_/Y (sky130_fd_sc_hd__nor4b_2)
                                                         _0677_ (net)
                      0.776130    0.003141   16.276230 ^ _4968_/A (sky130_fd_sc_hd__and4_2)
     1    0.003338    0.064003    0.378636   16.654867 ^ _4968_/X (sky130_fd_sc_hd__and4_2)
                                                         _0930_ (net)
                      0.064003    0.000229   16.655096 ^ _4969_/A (sky130_fd_sc_hd__clkbuf_1)
     2    0.010773    0.133516    0.156980   16.812077 ^ _4969_/X (sky130_fd_sc_hd__clkbuf_1)
                                                         _0931_ (net)
                      0.133518    0.000504   16.812580 ^ wire204/A (sky130_fd_sc_hd__clkbuf_4)
     7    0.046053    0.146035    0.251264   17.063845 ^ wire204/X (sky130_fd_sc_hd__clkbuf_4)
                                                         net204 (net)
                      0.146178    0.002952   17.066797 ^ _5001_/A (sky130_fd_sc_hd__xnor2_2)
     1    0.003334    0.066476    0.086663   17.153460 v _5001_/Y (sky130_fd_sc_hd__xnor2_2)
                                                         _0962_ (net)
                      0.066476    0.000254   17.153713 v _5025_/A2 (sky130_fd_sc_hd__a211o_2)
     2    0.016134    0.081151    0.400092   17.553806 v _5025_/X (sky130_fd_sc_hd__a211o_2)
                                                         net167 (net)
                      0.081179    0.001451   17.555258 v output167/A (sky130_fd_sc_hd__clkdlybuf4s25_1)
     1    0.036971    0.274710    0.465249   18.020506 v output167/X (sky130_fd_sc_hd__clkdlybuf4s25_1)
                                                         result[37] (net)
                      0.274726    0.002363   18.022869 v result[37] (out)
                                             18.022869   data arrival time

                      0.000000   40.000000   40.000000   clock __VIRTUAL_CLK__ (rise edge)
                                  0.000000   40.000000   clock network delay (ideal)
                                 -0.250000   39.750000   clock uncertainty
                                  0.000000   39.750000   clock reconvergence pessimism
                                 -8.000000   31.750000   output external delay
                                             31.750000   data required time
---------------------------------------------------------------------------------------------
                                             31.750000   data required time
                                            -18.022869   data arrival time
---------------------------------------------------------------------------------------------
                                             13.727130   slack (MET)


Startpoint: operand_b[1] (input port clocked by __VIRTUAL_CLK__)
Endpoint: result[35] (output port clocked by __VIRTUAL_CLK__)
Path Group: __VIRTUAL_CLK__
Path Type: max

Fanout         Cap        Slew       Delay        Time   Description
---------------------------------------------------------------------------------------------
                      0.000000    0.000000    0.000000   clock __VIRTUAL_CLK__ (rise edge)
                                  0.000000    0.000000   clock network delay (ideal)
                                  8.000000    8.000000 ^ input external delay
     1    0.009144    0.047534    0.033130    8.033130 ^ operand_b[1] (in)
                                                         operand_b[1] (net)
                      0.047549    0.000000    8.033130 ^ input81/A (sky130_fd_sc_hd__clkdlybuf4s25_1)
     1    0.006236    0.075597    0.281335    8.314465 ^ input81/X (sky130_fd_sc_hd__clkdlybuf4s25_1)
                                                         net81 (net)
                      0.075598    0.000409    8.314874 ^ fanout406/A (sky130_fd_sc_hd__clkdlybuf4s25_1)
     7    0.101761    1.009030    0.973063    9.287937 ^ fanout406/X (sky130_fd_sc_hd__clkdlybuf4s25_1)
                                                         net406 (net)
                      1.009044    0.003321    9.291258 ^ fanout404/A (sky130_fd_sc_hd__clkdlybuf4s25_1)
     8    0.063200    0.628611    0.836630   10.127888 ^ fanout404/X (sky130_fd_sc_hd__clkdlybuf4s25_1)
                                                         net404 (net)
                      0.628611    0.001861   10.129749 ^ fanout402/A (sky130_fd_sc_hd__clkdlybuf4s25_1)
     3    0.028626    0.291253    0.559948   10.689696 ^ fanout402/X (sky130_fd_sc_hd__clkdlybuf4s25_1)
                                                         net402 (net)
                      0.291270    0.002610   10.692307 ^ load_slew403/A (sky130_fd_sc_hd__buf_4)
     8    0.060777    0.172050    0.290256   10.982563 ^ load_slew403/X (sky130_fd_sc_hd__buf_4)
                                                         net403 (net)
                      0.172352    0.005465   10.988028 ^ fanout400/A (sky130_fd_sc_hd__clkdlybuf4s25_1)
     5    0.049851    0.498841    0.632431   11.620459 ^ fanout400/X (sky130_fd_sc_hd__clkdlybuf4s25_1)
                                                         net400 (net)
                      0.499066    0.005632   11.626091 ^ load_slew401/A (sky130_fd_sc_hd__clkbuf_2)
     6    0.056358    0.305807    0.405150   12.031240 ^ load_slew401/X (sky130_fd_sc_hd__clkbuf_2)
                                                         net401 (net)
                      0.306048    0.007440   12.038681 ^ _3412_/B_N (sky130_fd_sc_hd__nor2b_2)
     4    0.022652    0.259363    0.358341   12.397021 ^ _3412_/Y (sky130_fd_sc_hd__nor2b_2)
                                                         _2625_ (net)
                      0.259394    0.002488   12.399509 ^ _3555_/C1 (sky130_fd_sc_hd__a221oi_2)
     5    0.021700    0.121956    0.124849   12.524358 v _3555_/Y (sky130_fd_sc_hd__a221oi_2)
                                                         _2765_ (net)
                      0.122084    0.002412   12.526771 v _3683_/A3 (sky130_fd_sc_hd__o31a_2)
     3    0.016882    0.083538    0.372344   12.899115 v _3683_/X (sky130_fd_sc_hd__o31a_2)
                                                         _2891_ (net)
                      0.083628    0.001696   12.900809 v _4087_/A2 (sky130_fd_sc_hd__o41a_2)
     4    0.047214    0.167139    0.645345   13.546155 v _4087_/X (sky130_fd_sc_hd__o41a_2)
                                                         _0069_ (net)
                      0.167332    0.005288   13.551443 v _4441_/A3 (sky130_fd_sc_hd__o31ai_4)
     1    0.012076    0.235258    0.273910   13.825353 ^ _4441_/Y (sky130_fd_sc_hd__o31ai_4)
                                                         _0415_ (net)
                      0.235259    0.001141   13.826494 ^ wire248/A (sky130_fd_sc_hd__buf_2)
     5    0.052312    0.256495    0.326108   14.152602 ^ wire248/X (sky130_fd_sc_hd__buf_2)
                                                         net248 (net)
                      0.257064    0.010429   14.163032 ^ _4442_/A (sky130_fd_sc_hd__clkbuf_1)
     5    0.028953    0.340195    0.343526   14.506557 ^ _4442_/X (sky130_fd_sc_hd__clkbuf_1)
                                                         _0416_ (net)
                      0.340203    0.001535   14.508092 ^ max_cap234/A (sky130_fd_sc_hd__buf_2)
     6    0.040376    0.198838    0.311628   14.819720 ^ max_cap234/X (sky130_fd_sc_hd__buf_2)
                                                         net234 (net)
                      0.199073    0.004983   14.824703 ^ _4443_/B (sky130_fd_sc_hd__nand2_2)
     9    0.047385    0.197244    0.222133   15.046835 v _4443_/Y (sky130_fd_sc_hd__nand2_2)
                                                         _0417_ (net)
                      0.197277    0.002267   15.049102 v _4541_/S (sky130_fd_sc_hd__mux2_2)
     1    0.006056    0.057420    0.354436   15.403539 v _4541_/X (sky130_fd_sc_hd__mux2_2)
                                                         _0513_ (net)
                      0.057420    0.000453   15.403992 v _4542_/B1 (sky130_fd_sc_hd__o31ai_2)
     3    0.008048    0.248137    0.081670   15.485662 ^ _4542_/Y (sky130_fd_sc_hd__o31ai_2)
                                                         _0514_ (net)
                      0.248137    0.000471   15.486132 ^ _4586_/D_N (sky130_fd_sc_hd__or4b_2)
     4    0.027563    0.186740    0.776863   16.262995 v _4586_/X (sky130_fd_sc_hd__or4b_2)
                                                         _0557_ (net)
                      0.186789    0.003080   16.266075 v _4668_/C (sky130_fd_sc_hd__nor4_2)
     3    0.012672    0.378811    0.420606   16.686682 ^ _4668_/Y (sky130_fd_sc_hd__nor4_2)
                                                         _0637_ (net)
                      0.378811    0.000876   16.687557 ^ _4927_/B (sky130_fd_sc_hd__and4b_2)
     1    0.008986    0.082934    0.335087   17.022644 ^ _4927_/X (sky130_fd_sc_hd__and4b_2)
                                                         _0890_ (net)
                      0.082936    0.000510   17.023153 ^ _4928_/B (sky130_fd_sc_hd__xor2_2)
     1    0.004127    0.088082    0.067931   17.091085 v _4928_/X (sky130_fd_sc_hd__xor2_2)
                                                         _0891_ (net)
                      0.088082    0.000300   17.091385 v _4952_/B1 (sky130_fd_sc_hd__a221o_2)
     2    0.013271    0.081732    0.405192   17.496576 v _4952_/X (sky130_fd_sc_hd__a221o_2)
                                                         net165 (net)
                      0.081732    0.000821   17.497398 v output165/A (sky130_fd_sc_hd__clkdlybuf4s25_1)
     1    0.038091    0.282706    0.471525   17.968924 v output165/X (sky130_fd_sc_hd__clkdlybuf4s25_1)
                                                         result[35] (net)
                      0.282725    0.002593   17.971516 v result[35] (out)
                                             17.971516   data arrival time

                      0.000000   40.000000   40.000000   clock __VIRTUAL_CLK__ (rise edge)
                                  0.000000   40.000000   clock network delay (ideal)
                                 -0.250000   39.750000   clock uncertainty
                                  0.000000   39.750000   clock reconvergence pessimism
                                 -8.000000   31.750000   output external delay
                                             31.750000   data required time
---------------------------------------------------------------------------------------------
                                             31.750000   data required time
                                            -17.971516   data arrival time
---------------------------------------------------------------------------------------------
                                             13.778482   slack (MET)


Startpoint: operand_b[1] (input port clocked by __VIRTUAL_CLK__)
Endpoint: result[36] (output port clocked by __VIRTUAL_CLK__)
Path Group: __VIRTUAL_CLK__
Path Type: max

Fanout         Cap        Slew       Delay        Time   Description
---------------------------------------------------------------------------------------------
                      0.000000    0.000000    0.000000   clock __VIRTUAL_CLK__ (rise edge)
                                  0.000000    0.000000   clock network delay (ideal)
                                  8.000000    8.000000 ^ input external delay
     1    0.009144    0.047534    0.033130    8.033130 ^ operand_b[1] (in)
                                                         operand_b[1] (net)
                      0.047549    0.000000    8.033130 ^ input81/A (sky130_fd_sc_hd__clkdlybuf4s25_1)
     1    0.006236    0.075597    0.281335    8.314465 ^ input81/X (sky130_fd_sc_hd__clkdlybuf4s25_1)
                                                         net81 (net)
                      0.075598    0.000409    8.314874 ^ fanout406/A (sky130_fd_sc_hd__clkdlybuf4s25_1)
     7    0.101761    1.009030    0.973063    9.287937 ^ fanout406/X (sky130_fd_sc_hd__clkdlybuf4s25_1)
                                                         net406 (net)
                      1.009044    0.003321    9.291258 ^ fanout404/A (sky130_fd_sc_hd__clkdlybuf4s25_1)
     8    0.063200    0.628611    0.836630   10.127888 ^ fanout404/X (sky130_fd_sc_hd__clkdlybuf4s25_1)
                                                         net404 (net)
                      0.628611    0.001861   10.129749 ^ fanout402/A (sky130_fd_sc_hd__clkdlybuf4s25_1)
     3    0.028626    0.291253    0.559948   10.689696 ^ fanout402/X (sky130_fd_sc_hd__clkdlybuf4s25_1)
                                                         net402 (net)
                      0.291270    0.002610   10.692307 ^ load_slew403/A (sky130_fd_sc_hd__buf_4)
     8    0.060777    0.172050    0.290256   10.982563 ^ load_slew403/X (sky130_fd_sc_hd__buf_4)
                                                         net403 (net)
                      0.172352    0.005465   10.988028 ^ fanout400/A (sky130_fd_sc_hd__clkdlybuf4s25_1)
     5    0.049851    0.498841    0.632431   11.620459 ^ fanout400/X (sky130_fd_sc_hd__clkdlybuf4s25_1)
                                                         net400 (net)
                      0.499066    0.005632   11.626091 ^ load_slew401/A (sky130_fd_sc_hd__clkbuf_2)
     6    0.056358    0.305807    0.405150   12.031240 ^ load_slew401/X (sky130_fd_sc_hd__clkbuf_2)
                                                         net401 (net)
                      0.306048    0.007440   12.038681 ^ _3412_/B_N (sky130_fd_sc_hd__nor2b_2)
     4    0.022652    0.259363    0.358341   12.397021 ^ _3412_/Y (sky130_fd_sc_hd__nor2b_2)
                                                         _2625_ (net)
                      0.259391    0.002358   12.399380 ^ _3477_/C1 (sky130_fd_sc_hd__a221o_2)
     9    0.055991    0.289620    0.364719   12.764098 ^ _3477_/X (sky130_fd_sc_hd__a221o_2)
                                                         _2689_ (net)
                      0.289781    0.004052   12.768150 ^ _3684_/A2 (sky130_fd_sc_hd__a21oi_2)
     3    0.017096    0.117853    0.153912   12.922062 v _3684_/Y (sky130_fd_sc_hd__a21oi_2)
                                                         _2892_ (net)
                      0.117867    0.001078   12.923141 v _3686_/C (sky130_fd_sc_hd__or4_4)
     1    0.005284    0.085690    0.525774   13.448915 v _3686_/X (sky130_fd_sc_hd__or4_4)
                                                         _2894_ (net)
                      0.085691    0.000421   13.449335 v _3687_/A (sky130_fd_sc_hd__buf_6)
     8    0.038183    0.047158    0.164859   13.614195 v _3687_/X (sky130_fd_sc_hd__buf_6)
                                                         _2895_ (net)
                      0.047457    0.002913   13.617107 v _3771_/B2 (sky130_fd_sc_hd__a221o_2)
     2    0.008978    0.070099    0.397236   14.014344 v _3771_/X (sky130_fd_sc_hd__a221o_2)
                                                         _2977_ (net)
                      0.070100    0.000433   14.014777 v _3775_/A1 (sky130_fd_sc_hd__a21o_2)
     3    0.014455    0.060839    0.239062   14.253839 v _3775_/X (sky130_fd_sc_hd__a21o_2)
                                                         _2981_ (net)
                      0.060845    0.000640   14.254479 v _3857_/A2 (sky130_fd_sc_hd__a2111o_2)
     3    0.025206    0.122294    0.574173   14.828652 v _3857_/X (sky130_fd_sc_hd__a2111o_2)
                                                         _3061_ (net)
                      0.122360    0.002752   14.831405 v _3960_/A (sky130_fd_sc_hd__or4b_4)
     3    0.031367    0.129440    0.661815   15.493219 v _3960_/X (sky130_fd_sc_hd__or4b_4)
                                                         _3162_ (net)
                      0.129727    0.004828   15.498048 v _4709_/A (sky130_fd_sc_hd__nor4b_2)
     2    0.032079    0.776113    0.775042   16.273090 ^ _4709_/Y (sky130_fd_sc_hd__nor4b_2)
                                                         _0677_ (net)
                      0.776129    0.003046   16.276136 ^ _4710_/D (sky130_fd_sc_hd__and4bb_2)
     2    0.012654    0.107907    0.395575   16.671711 ^ _4710_/X (sky130_fd_sc_hd__and4bb_2)
                                                         _0678_ (net)
                      0.107910    0.000695   16.672405 ^ _4790_/A (sky130_fd_sc_hd__and2_2)
     2    0.014210    0.087142    0.201627   16.874033 ^ _4790_/X (sky130_fd_sc_hd__and2_2)
                                                         _0756_ (net)
                      0.087144    0.000552   16.874586 ^ _4953_/B_N (sky130_fd_sc_hd__or2b_2)
     1    0.003139    0.052290    0.310180   17.184767 v _4953_/X (sky130_fd_sc_hd__or2b_2)
                                                         _0915_ (net)
                      0.052290    0.000218   17.184984 v _4992_/A2 (sky130_fd_sc_hd__a31o_2)
     2    0.016473    0.068116    0.283576   17.468561 v _4992_/X (sky130_fd_sc_hd__a31o_2)
                                                         net166 (net)
                      0.068135    0.001137   17.469698 v output166/A (sky130_fd_sc_hd__clkdlybuf4s25_1)
     1    0.037719    0.280302    0.463247   17.932945 v output166/X (sky130_fd_sc_hd__clkdlybuf4s25_1)
                                                         result[36] (net)
                      0.280322    0.002609   17.935555 v result[36] (out)
                                             17.935555   data arrival time

                      0.000000   40.000000   40.000000   clock __VIRTUAL_CLK__ (rise edge)
                                  0.000000   40.000000   clock network delay (ideal)
                                 -0.250000   39.750000   clock uncertainty
                                  0.000000   39.750000   clock reconvergence pessimism
                                 -8.000000   31.750000   output external delay
                                             31.750000   data required time
---------------------------------------------------------------------------------------------
                                             31.750000   data required time
                                            -17.935555   data arrival time
---------------------------------------------------------------------------------------------
                                             13.814445   slack (MET)


Startpoint: operand_b[1] (input port clocked by __VIRTUAL_CLK__)
Endpoint: result[24] (output port clocked by __VIRTUAL_CLK__)
Path Group: __VIRTUAL_CLK__
Path Type: max

Fanout         Cap        Slew       Delay        Time   Description
---------------------------------------------------------------------------------------------
                      0.000000    0.000000    0.000000   clock __VIRTUAL_CLK__ (rise edge)
                                  0.000000    0.000000   clock network delay (ideal)
                                  8.000000    8.000000 ^ input external delay
     1    0.009144    0.047534    0.033130    8.033130 ^ operand_b[1] (in)
                                                         operand_b[1] (net)
                      0.047549    0.000000    8.033130 ^ input81/A (sky130_fd_sc_hd__clkdlybuf4s25_1)
     1    0.006236    0.075597    0.281335    8.314465 ^ input81/X (sky130_fd_sc_hd__clkdlybuf4s25_1)
                                                         net81 (net)
                      0.075598    0.000409    8.314874 ^ fanout406/A (sky130_fd_sc_hd__clkdlybuf4s25_1)
     7    0.101761    1.009030    0.973063    9.287937 ^ fanout406/X (sky130_fd_sc_hd__clkdlybuf4s25_1)
                                                         net406 (net)
                      1.009044    0.003321    9.291258 ^ fanout404/A (sky130_fd_sc_hd__clkdlybuf4s25_1)
     8    0.063200    0.628611    0.836630   10.127888 ^ fanout404/X (sky130_fd_sc_hd__clkdlybuf4s25_1)
                                                         net404 (net)
                      0.628611    0.001861   10.129749 ^ fanout402/A (sky130_fd_sc_hd__clkdlybuf4s25_1)
     3    0.028626    0.291253    0.559948   10.689696 ^ fanout402/X (sky130_fd_sc_hd__clkdlybuf4s25_1)
                                                         net402 (net)
                      0.291270    0.002610   10.692307 ^ load_slew403/A (sky130_fd_sc_hd__buf_4)
     8    0.060777    0.172050    0.290256   10.982563 ^ load_slew403/X (sky130_fd_sc_hd__buf_4)
                                                         net403 (net)
                      0.172352    0.005465   10.988028 ^ fanout400/A (sky130_fd_sc_hd__clkdlybuf4s25_1)
     5    0.049851    0.498841    0.632431   11.620459 ^ fanout400/X (sky130_fd_sc_hd__clkdlybuf4s25_1)
                                                         net400 (net)
                      0.499066    0.005632   11.626091 ^ load_slew401/A (sky130_fd_sc_hd__clkbuf_2)
     6    0.056358    0.305807    0.405150   12.031240 ^ load_slew401/X (sky130_fd_sc_hd__clkbuf_2)
                                                         net401 (net)
                      0.306048    0.007440   12.038681 ^ _3412_/B_N (sky130_fd_sc_hd__nor2b_2)
     4    0.022652    0.259363    0.358341   12.397021 ^ _3412_/Y (sky130_fd_sc_hd__nor2b_2)
                                                         _2625_ (net)
                      0.259391    0.002358   12.399380 ^ _3477_/C1 (sky130_fd_sc_hd__a221o_2)
     9    0.055991    0.289620    0.364719   12.764098 ^ _3477_/X (sky130_fd_sc_hd__a221o_2)
                                                         _2689_ (net)
                      0.289781    0.004052   12.768150 ^ _3684_/A2 (sky130_fd_sc_hd__a21oi_2)
     3    0.017096    0.117853    0.153912   12.922062 v _3684_/Y (sky130_fd_sc_hd__a21oi_2)
                                                         _2892_ (net)
                      0.117876    0.001393   12.923454 v _4080_/A2 (sky130_fd_sc_hd__o311a_2)
     4    0.055463    0.167867    0.561206   13.484661 v _4080_/X (sky130_fd_sc_hd__o311a_2)
                                                         _0062_ (net)
                      0.168260    0.007425   13.492086 v _4088_/B (sky130_fd_sc_hd__nor4_4)
     3    0.020459    0.369590    0.451659   13.943746 ^ _4088_/Y (sky130_fd_sc_hd__nor4_4)
                                                         _0070_ (net)
                      0.369590    0.000665   13.944410 ^ max_cap254/A (sky130_fd_sc_hd__clkbuf_2)
     5    0.029335    0.164507    0.284826   14.229237 ^ max_cap254/X (sky130_fd_sc_hd__clkbuf_2)
                                                         net254 (net)
                      0.164565    0.003069   14.232306 ^ _4172_/A1 (sky130_fd_sc_hd__o21a_2)
     4    0.038759    0.207645    0.300338   14.532644 ^ _4172_/X (sky130_fd_sc_hd__o21a_2)
                                                         _0152_ (net)
                      0.207645    0.000784   14.533428 ^ _4263_/B (sky130_fd_sc_hd__nand3_2)
     2    0.027048    0.188733    0.215157   14.748585 v _4263_/Y (sky130_fd_sc_hd__nand3_2)
                                                         _0241_ (net)
                      0.188776    0.002490   14.751075 v _4264_/A2 (sky130_fd_sc_hd__a21o_2)
     2    0.007479    0.045233    0.287923   15.038998 v _4264_/X (sky130_fd_sc_hd__a21o_2)
                                                         _0242_ (net)
                      0.045233    0.000485   15.039483 v _4361_/A (sky130_fd_sc_hd__or3_2)
     1    0.003561    0.078803    0.493369   15.532852 v _4361_/X (sky130_fd_sc_hd__or3_2)
                                                         _0337_ (net)
                      0.078803    0.000265   15.533116 v _4362_/A (sky130_fd_sc_hd__buf_1)
     8    0.044542    0.258511    0.289745   15.822862 v _4362_/X (sky130_fd_sc_hd__buf_1)
                                                         _0338_ (net)
                      0.258573    0.003570   15.826432 v _4363_/B (sky130_fd_sc_hd__or2_2)
     5    0.021217    0.101102    0.440844   16.267277 v _4363_/X (sky130_fd_sc_hd__or2_2)
                                                         _0339_ (net)
                      0.101139    0.001897   16.269173 v _4478_/B (sky130_fd_sc_hd__or4_2)
     1    0.002885    0.098200    0.682373   16.951546 v _4478_/X (sky130_fd_sc_hd__or4_2)
                                                         _0452_ (net)
                      0.098200    0.000218   16.951765 v _4479_/C_N (sky130_fd_sc_hd__or3b_2)
     1    0.004075    0.038209    0.222931   17.174696 ^ _4479_/X (sky130_fd_sc_hd__or3b_2)
                                                         _0453_ (net)
                      0.038209    0.000288   17.174984 ^ _4480_/A (sky130_fd_sc_hd__buf_1)
     2    0.016318    0.196826    0.194047   17.369032 ^ _4480_/X (sky130_fd_sc_hd__buf_1)
                                                         net153 (net)
                      0.196841    0.001480   17.370510 ^ output153/A (sky130_fd_sc_hd__clkdlybuf4s25_1)
     1    0.035203    0.355784    0.534998   17.905508 ^ output153/X (sky130_fd_sc_hd__clkdlybuf4s25_1)
                                                         result[24] (net)
                      0.355789    0.001958   17.907467 ^ result[24] (out)
                                             17.907467   data arrival time

                      0.000000   40.000000   40.000000   clock __VIRTUAL_CLK__ (rise edge)
                                  0.000000   40.000000   clock network delay (ideal)
                                 -0.250000   39.750000   clock uncertainty
                                  0.000000   39.750000   clock reconvergence pessimism
                                 -8.000000   31.750000   output external delay
                                             31.750000   data required time
---------------------------------------------------------------------------------------------
                                             31.750000   data required time
                                            -17.907467   data arrival time
---------------------------------------------------------------------------------------------
                                             13.842533   slack (MET)


Startpoint: operand_b[1] (input port clocked by __VIRTUAL_CLK__)
Endpoint: result[25] (output port clocked by __VIRTUAL_CLK__)
Path Group: __VIRTUAL_CLK__
Path Type: max

Fanout         Cap        Slew       Delay        Time   Description
---------------------------------------------------------------------------------------------
                      0.000000    0.000000    0.000000   clock __VIRTUAL_CLK__ (rise edge)
                                  0.000000    0.000000   clock network delay (ideal)
                                  8.000000    8.000000 ^ input external delay
     1    0.009144    0.047534    0.033130    8.033130 ^ operand_b[1] (in)
                                                         operand_b[1] (net)
                      0.047549    0.000000    8.033130 ^ input81/A (sky130_fd_sc_hd__clkdlybuf4s25_1)
     1    0.006236    0.075597    0.281335    8.314465 ^ input81/X (sky130_fd_sc_hd__clkdlybuf4s25_1)
                                                         net81 (net)
                      0.075598    0.000409    8.314874 ^ fanout406/A (sky130_fd_sc_hd__clkdlybuf4s25_1)
     7    0.101761    1.009030    0.973063    9.287937 ^ fanout406/X (sky130_fd_sc_hd__clkdlybuf4s25_1)
                                                         net406 (net)
                      1.009044    0.003321    9.291258 ^ fanout404/A (sky130_fd_sc_hd__clkdlybuf4s25_1)
     8    0.063200    0.628611    0.836630   10.127888 ^ fanout404/X (sky130_fd_sc_hd__clkdlybuf4s25_1)
                                                         net404 (net)
                      0.628611    0.001861   10.129749 ^ fanout402/A (sky130_fd_sc_hd__clkdlybuf4s25_1)
     3    0.028626    0.291253    0.559948   10.689696 ^ fanout402/X (sky130_fd_sc_hd__clkdlybuf4s25_1)
                                                         net402 (net)
                      0.291270    0.002610   10.692307 ^ load_slew403/A (sky130_fd_sc_hd__buf_4)
     8    0.060777    0.172050    0.290256   10.982563 ^ load_slew403/X (sky130_fd_sc_hd__buf_4)
                                                         net403 (net)
                      0.172352    0.005465   10.988028 ^ fanout400/A (sky130_fd_sc_hd__clkdlybuf4s25_1)
     5    0.049851    0.498841    0.632431   11.620459 ^ fanout400/X (sky130_fd_sc_hd__clkdlybuf4s25_1)
                                                         net400 (net)
                      0.499066    0.005632   11.626091 ^ load_slew401/A (sky130_fd_sc_hd__clkbuf_2)
     6    0.056358    0.305807    0.405150   12.031240 ^ load_slew401/X (sky130_fd_sc_hd__clkbuf_2)
                                                         net401 (net)
                      0.306048    0.007440   12.038681 ^ _3412_/B_N (sky130_fd_sc_hd__nor2b_2)
     4    0.022652    0.259363    0.358341   12.397021 ^ _3412_/Y (sky130_fd_sc_hd__nor2b_2)
                                                         _2625_ (net)
                      0.259391    0.002358   12.399380 ^ _3477_/C1 (sky130_fd_sc_hd__a221o_2)
     9    0.055991    0.289620    0.364719   12.764098 ^ _3477_/X (sky130_fd_sc_hd__a221o_2)
                                                         _2689_ (net)
                      0.289781    0.004052   12.768150 ^ _3684_/A2 (sky130_fd_sc_hd__a21oi_2)
     3    0.017096    0.117853    0.153912   12.922062 v _3684_/Y (sky130_fd_sc_hd__a21oi_2)
                                                         _2892_ (net)
                      0.117876    0.001393   12.923454 v _4080_/A2 (sky130_fd_sc_hd__o311a_2)
     4    0.055463    0.167867    0.561206   13.484661 v _4080_/X (sky130_fd_sc_hd__o311a_2)
                                                         _0062_ (net)
                      0.168260    0.007425   13.492086 v _4088_/B (sky130_fd_sc_hd__nor4_4)
     3    0.020459    0.369590    0.451659   13.943746 ^ _4088_/Y (sky130_fd_sc_hd__nor4_4)
                                                         _0070_ (net)
                      0.369590    0.000665   13.944410 ^ max_cap254/A (sky130_fd_sc_hd__clkbuf_2)
     5    0.029335    0.164507    0.284826   14.229237 ^ max_cap254/X (sky130_fd_sc_hd__clkbuf_2)
                                                         net254 (net)
                      0.164565    0.003069   14.232306 ^ _4172_/A1 (sky130_fd_sc_hd__o21a_2)
     4    0.038759    0.207645    0.300338   14.532644 ^ _4172_/X (sky130_fd_sc_hd__o21a_2)
                                                         _0152_ (net)
                      0.207645    0.000784   14.533428 ^ _4263_/B (sky130_fd_sc_hd__nand3_2)
     2    0.027048    0.188733    0.215157   14.748585 v _4263_/Y (sky130_fd_sc_hd__nand3_2)
                                                         _0241_ (net)
                      0.188776    0.002490   14.751075 v _4264_/A2 (sky130_fd_sc_hd__a21o_2)
     2    0.007479    0.045233    0.287923   15.038998 v _4264_/X (sky130_fd_sc_hd__a21o_2)
                                                         _0242_ (net)
                      0.045233    0.000485   15.039483 v _4361_/A (sky130_fd_sc_hd__or3_2)
     1    0.003561    0.078803    0.493369   15.532852 v _4361_/X (sky130_fd_sc_hd__or3_2)
                                                         _0337_ (net)
                      0.078803    0.000265   15.533116 v _4362_/A (sky130_fd_sc_hd__buf_1)
     8    0.044542    0.258511    0.289745   15.822862 v _4362_/X (sky130_fd_sc_hd__buf_1)
                                                         _0338_ (net)
                      0.258573    0.003570   15.826432 v _4363_/B (sky130_fd_sc_hd__or2_2)
     5    0.021217    0.101102    0.440844   16.267277 v _4363_/X (sky130_fd_sc_hd__or2_2)
                                                         _0339_ (net)
                      0.101132    0.001743   16.269018 v _4482_/A (sky130_fd_sc_hd__or2_2)
     3    0.013860    0.084726    0.372729   16.641748 v _4482_/X (sky130_fd_sc_hd__or2_2)
                                                         _0455_ (net)
                      0.084757    0.001227   16.642975 v _4490_/A1 (sky130_fd_sc_hd__o311a_2)
     1    0.003704    0.057584    0.422938   17.065914 v _4490_/X (sky130_fd_sc_hd__o311a_2)
                                                         _0463_ (net)
                      0.057584    0.000288   17.066202 v _4525_/A3 (sky130_fd_sc_hd__a31o_2)
     2    0.020423    0.077274    0.308969   17.375170 v _4525_/X (sky130_fd_sc_hd__a31o_2)
                                                         net154 (net)
                      0.077303    0.001474   17.376644 v output154/A (sky130_fd_sc_hd__clkdlybuf4s25_1)
     1    0.037903    0.281572    0.468070   17.844715 v output154/X (sky130_fd_sc_hd__clkdlybuf4s25_1)
                                                         result[25] (net)
                      0.281603    0.003086   17.847799 v result[25] (out)
                                             17.847799   data arrival time

                      0.000000   40.000000   40.000000   clock __VIRTUAL_CLK__ (rise edge)
                                  0.000000   40.000000   clock network delay (ideal)
                                 -0.250000   39.750000   clock uncertainty
                                  0.000000   39.750000   clock reconvergence pessimism
                                 -8.000000   31.750000   output external delay
                                             31.750000   data required time
---------------------------------------------------------------------------------------------
                                             31.750000   data required time
                                            -17.847799   data arrival time
---------------------------------------------------------------------------------------------
                                             13.902199   slack (MET)


Startpoint: operand_b[1] (input port clocked by __VIRTUAL_CLK__)
Endpoint: result[28] (output port clocked by __VIRTUAL_CLK__)
Path Group: __VIRTUAL_CLK__
Path Type: max

Fanout         Cap        Slew       Delay        Time   Description
---------------------------------------------------------------------------------------------
                      0.000000    0.000000    0.000000   clock __VIRTUAL_CLK__ (rise edge)
                                  0.000000    0.000000   clock network delay (ideal)
                                  8.000000    8.000000 ^ input external delay
     1    0.009144    0.047534    0.033130    8.033130 ^ operand_b[1] (in)
                                                         operand_b[1] (net)
                      0.047549    0.000000    8.033130 ^ input81/A (sky130_fd_sc_hd__clkdlybuf4s25_1)
     1    0.006236    0.075597    0.281335    8.314465 ^ input81/X (sky130_fd_sc_hd__clkdlybuf4s25_1)
                                                         net81 (net)
                      0.075598    0.000409    8.314874 ^ fanout406/A (sky130_fd_sc_hd__clkdlybuf4s25_1)
     7    0.101761    1.009030    0.973063    9.287937 ^ fanout406/X (sky130_fd_sc_hd__clkdlybuf4s25_1)
                                                         net406 (net)
                      1.009044    0.003321    9.291258 ^ fanout404/A (sky130_fd_sc_hd__clkdlybuf4s25_1)
     8    0.063200    0.628611    0.836630   10.127888 ^ fanout404/X (sky130_fd_sc_hd__clkdlybuf4s25_1)
                                                         net404 (net)
                      0.628611    0.001861   10.129749 ^ fanout402/A (sky130_fd_sc_hd__clkdlybuf4s25_1)
     3    0.028626    0.291253    0.559948   10.689696 ^ fanout402/X (sky130_fd_sc_hd__clkdlybuf4s25_1)
                                                         net402 (net)
                      0.291270    0.002610   10.692307 ^ load_slew403/A (sky130_fd_sc_hd__buf_4)
     8    0.060777    0.172050    0.290256   10.982563 ^ load_slew403/X (sky130_fd_sc_hd__buf_4)
                                                         net403 (net)
                      0.172352    0.005465   10.988028 ^ fanout400/A (sky130_fd_sc_hd__clkdlybuf4s25_1)
     5    0.049851    0.498841    0.632431   11.620459 ^ fanout400/X (sky130_fd_sc_hd__clkdlybuf4s25_1)
                                                         net400 (net)
                      0.499066    0.005632   11.626091 ^ load_slew401/A (sky130_fd_sc_hd__clkbuf_2)
     6    0.056358    0.305807    0.405150   12.031240 ^ load_slew401/X (sky130_fd_sc_hd__clkbuf_2)
                                                         net401 (net)
                      0.306048    0.007440   12.038681 ^ _3412_/B_N (sky130_fd_sc_hd__nor2b_2)
     4    0.022652    0.259363    0.358341   12.397021 ^ _3412_/Y (sky130_fd_sc_hd__nor2b_2)
                                                         _2625_ (net)
                      0.259394    0.002488   12.399509 ^ _3555_/C1 (sky130_fd_sc_hd__a221oi_2)
     5    0.021700    0.121956    0.124849   12.524358 v _3555_/Y (sky130_fd_sc_hd__a221oi_2)
                                                         _2765_ (net)
                      0.122084    0.002412   12.526771 v _3683_/A3 (sky130_fd_sc_hd__o31a_2)
     3    0.016882    0.083538    0.372344   12.899115 v _3683_/X (sky130_fd_sc_hd__o31a_2)
                                                         _2891_ (net)
                      0.083628    0.001696   12.900809 v _4087_/A2 (sky130_fd_sc_hd__o41a_2)
     4    0.047214    0.167139    0.645345   13.546155 v _4087_/X (sky130_fd_sc_hd__o41a_2)
                                                         _0069_ (net)
                      0.167332    0.005288   13.551443 v _4441_/A3 (sky130_fd_sc_hd__o31ai_4)
     1    0.012076    0.235258    0.273910   13.825353 ^ _4441_/Y (sky130_fd_sc_hd__o31ai_4)
                                                         _0415_ (net)
                      0.235259    0.001141   13.826494 ^ wire248/A (sky130_fd_sc_hd__buf_2)
     5    0.052312    0.256495    0.326108   14.152602 ^ wire248/X (sky130_fd_sc_hd__buf_2)
                                                         net248 (net)
                      0.257064    0.010429   14.163032 ^ _4442_/A (sky130_fd_sc_hd__clkbuf_1)
     5    0.028953    0.340195    0.343526   14.506557 ^ _4442_/X (sky130_fd_sc_hd__clkbuf_1)
                                                         _0416_ (net)
                      0.340203    0.001535   14.508092 ^ max_cap234/A (sky130_fd_sc_hd__buf_2)
     6    0.040376    0.198838    0.311628   14.819720 ^ max_cap234/X (sky130_fd_sc_hd__buf_2)
                                                         net234 (net)
                      0.199073    0.004983   14.824703 ^ _4443_/B (sky130_fd_sc_hd__nand2_2)
     9    0.047385    0.197244    0.222133   15.046835 v _4443_/Y (sky130_fd_sc_hd__nand2_2)
                                                         _0417_ (net)
                      0.197277    0.002267   15.049102 v _4541_/S (sky130_fd_sc_hd__mux2_2)
     1    0.006056    0.057420    0.354436   15.403539 v _4541_/X (sky130_fd_sc_hd__mux2_2)
                                                         _0513_ (net)
                      0.057420    0.000453   15.403992 v _4542_/B1 (sky130_fd_sc_hd__o31ai_2)
     3    0.008048    0.248137    0.081670   15.485662 ^ _4542_/Y (sky130_fd_sc_hd__o31ai_2)
                                                         _0514_ (net)
                      0.248137    0.000471   15.486132 ^ _4586_/D_N (sky130_fd_sc_hd__or4b_2)
     4    0.027563    0.186740    0.776863   16.262995 v _4586_/X (sky130_fd_sc_hd__or4b_2)
                                                         _0557_ (net)
                      0.186798    0.003308   16.266302 v _4612_/D (sky130_fd_sc_hd__or4_2)
     1    0.009582    0.125733    0.654595   16.920897 v _4612_/X (sky130_fd_sc_hd__or4_2)
                                                         _0582_ (net)
                      0.125733    0.000780   16.921677 v _4623_/A (sky130_fd_sc_hd__xnor2_2)
     1    0.004727    0.050160    0.174525   17.096203 v _4623_/Y (sky130_fd_sc_hd__xnor2_2)
                                                         _0593_ (net)
                      0.050160    0.000364   17.096567 v _4653_/A2 (sky130_fd_sc_hd__o21ai_2)
     2    0.013899    0.214132    0.193799   17.290365 ^ _4653_/Y (sky130_fd_sc_hd__o21ai_2)
                                                         net157 (net)
                      0.214134    0.001043   17.291409 ^ output157/A (sky130_fd_sc_hd__clkdlybuf4s25_1)
     1    0.037026    0.373551    0.552200   17.843609 ^ output157/X (sky130_fd_sc_hd__clkdlybuf4s25_1)
                                                         result[28] (net)
                      0.373559    0.002311   17.845919 ^ result[28] (out)
                                             17.845919   data arrival time

                      0.000000   40.000000   40.000000   clock __VIRTUAL_CLK__ (rise edge)
                                  0.000000   40.000000   clock network delay (ideal)
                                 -0.250000   39.750000   clock uncertainty
                                  0.000000   39.750000   clock reconvergence pessimism
                                 -8.000000   31.750000   output external delay
                                             31.750000   data required time
---------------------------------------------------------------------------------------------
                                             31.750000   data required time
                                            -17.845919   data arrival time
---------------------------------------------------------------------------------------------
                                             13.904080   slack (MET)


Startpoint: operand_b[1] (input port clocked by __VIRTUAL_CLK__)
Endpoint: result[21] (output port clocked by __VIRTUAL_CLK__)
Path Group: __VIRTUAL_CLK__
Path Type: max

Fanout         Cap        Slew       Delay        Time   Description
---------------------------------------------------------------------------------------------
                      0.000000    0.000000    0.000000   clock __VIRTUAL_CLK__ (rise edge)
                                  0.000000    0.000000   clock network delay (ideal)
                                  8.000000    8.000000 ^ input external delay
     1    0.009144    0.047534    0.033130    8.033130 ^ operand_b[1] (in)
                                                         operand_b[1] (net)
                      0.047549    0.000000    8.033130 ^ input81/A (sky130_fd_sc_hd__clkdlybuf4s25_1)
     1    0.006236    0.075597    0.281335    8.314465 ^ input81/X (sky130_fd_sc_hd__clkdlybuf4s25_1)
                                                         net81 (net)
                      0.075598    0.000409    8.314874 ^ fanout406/A (sky130_fd_sc_hd__clkdlybuf4s25_1)
     7    0.101761    1.009030    0.973063    9.287937 ^ fanout406/X (sky130_fd_sc_hd__clkdlybuf4s25_1)
                                                         net406 (net)
                      1.009044    0.003321    9.291258 ^ fanout404/A (sky130_fd_sc_hd__clkdlybuf4s25_1)
     8    0.063200    0.628611    0.836630   10.127888 ^ fanout404/X (sky130_fd_sc_hd__clkdlybuf4s25_1)
                                                         net404 (net)
                      0.628611    0.001861   10.129749 ^ fanout402/A (sky130_fd_sc_hd__clkdlybuf4s25_1)
     3    0.028626    0.291253    0.559948   10.689696 ^ fanout402/X (sky130_fd_sc_hd__clkdlybuf4s25_1)
                                                         net402 (net)
                      0.291270    0.002610   10.692307 ^ load_slew403/A (sky130_fd_sc_hd__buf_4)
     8    0.060777    0.172050    0.290256   10.982563 ^ load_slew403/X (sky130_fd_sc_hd__buf_4)
                                                         net403 (net)
                      0.172352    0.005465   10.988028 ^ fanout400/A (sky130_fd_sc_hd__clkdlybuf4s25_1)
     5    0.049851    0.498841    0.632431   11.620459 ^ fanout400/X (sky130_fd_sc_hd__clkdlybuf4s25_1)
                                                         net400 (net)
                      0.499066    0.005632   11.626091 ^ load_slew401/A (sky130_fd_sc_hd__clkbuf_2)
     6    0.056358    0.305807    0.405150   12.031240 ^ load_slew401/X (sky130_fd_sc_hd__clkbuf_2)
                                                         net401 (net)
                      0.306048    0.007440   12.038681 ^ _3412_/B_N (sky130_fd_sc_hd__nor2b_2)
     4    0.022652    0.259363    0.358341   12.397021 ^ _3412_/Y (sky130_fd_sc_hd__nor2b_2)
                                                         _2625_ (net)
                      0.259391    0.002358   12.399380 ^ _3477_/C1 (sky130_fd_sc_hd__a221o_2)
     9    0.055991    0.289620    0.364719   12.764098 ^ _3477_/X (sky130_fd_sc_hd__a221o_2)
                                                         _2689_ (net)
                      0.289781    0.004052   12.768150 ^ _3684_/A2 (sky130_fd_sc_hd__a21oi_2)
     3    0.017096    0.117853    0.153912   12.922062 v _3684_/Y (sky130_fd_sc_hd__a21oi_2)
                                                         _2892_ (net)
                      0.117867    0.001078   12.923141 v _3686_/C (sky130_fd_sc_hd__or4_4)
     1    0.005284    0.085690    0.525774   13.448915 v _3686_/X (sky130_fd_sc_hd__or4_4)
                                                         _2894_ (net)
                      0.085691    0.000421   13.449335 v _3687_/A (sky130_fd_sc_hd__buf_6)
     8    0.038183    0.047158    0.164859   13.614195 v _3687_/X (sky130_fd_sc_hd__buf_6)
                                                         _2895_ (net)
                      0.047457    0.002913   13.617107 v _3771_/B2 (sky130_fd_sc_hd__a221o_2)
     2    0.008978    0.070099    0.397236   14.014344 v _3771_/X (sky130_fd_sc_hd__a221o_2)
                                                         _2977_ (net)
                      0.070100    0.000433   14.014777 v _3775_/A1 (sky130_fd_sc_hd__a21o_2)
     3    0.014455    0.060839    0.239062   14.253839 v _3775_/X (sky130_fd_sc_hd__a21o_2)
                                                         _2981_ (net)
                      0.060846    0.000700   14.254539 v _3822_/A2 (sky130_fd_sc_hd__a2111o_2)
     2    0.025342    0.122430    0.574757   14.829296 v _3822_/X (sky130_fd_sc_hd__a2111o_2)
                                                         _3027_ (net)
                      0.122481    0.002448   14.831744 v _4006_/A (sky130_fd_sc_hd__or4b_4)
     4    0.020980    0.114689    0.638798   15.470543 v _4006_/X (sky130_fd_sc_hd__or4b_4)
                                                         _3207_ (net)
                      0.114689    0.002251   15.472794 v _4265_/A (sky130_fd_sc_hd__or4_2)
     5    0.032253    0.198750    0.863443   16.336235 v _4265_/X (sky130_fd_sc_hd__or4_2)
                                                         _0243_ (net)
                      0.198778    0.002490   16.338726 v _4306_/A2 (sky130_fd_sc_hd__a21bo_2)
     1    0.002902    0.034491    0.276037   16.614763 v _4306_/X (sky130_fd_sc_hd__a21bo_2)
                                                         _0283_ (net)
                      0.034491    0.000144   16.614906 v _4308_/B1 (sky130_fd_sc_hd__a221o_2)
     1    0.006246    0.062993    0.355831   16.970737 v _4308_/X (sky130_fd_sc_hd__a221o_2)
                                                         _0285_ (net)
                      0.062993    0.000449   16.971188 v _4309_/B1 (sky130_fd_sc_hd__o21ai_2)
     1    0.004905    0.104776    0.066937   17.038124 ^ _4309_/Y (sky130_fd_sc_hd__o21ai_2)
                                                         _0286_ (net)
                      0.104776    0.000329   17.038452 ^ _4345_/A1 (sky130_fd_sc_hd__a211o_2)
     2    0.031798    0.156314    0.240767   17.279221 ^ _4345_/X (sky130_fd_sc_hd__a211o_2)
                                                         net150 (net)
                      0.156477    0.004366   17.283587 ^ output150/A (sky130_fd_sc_hd__clkdlybuf4s25_1)
     1    0.036925    0.372790    0.536957   17.820543 ^ output150/X (sky130_fd_sc_hd__clkdlybuf4s25_1)
                                                         result[21] (net)
                      0.372797    0.002297   17.822840 ^ result[21] (out)
                                             17.822840   data arrival time

                      0.000000   40.000000   40.000000   clock __VIRTUAL_CLK__ (rise edge)
                                  0.000000   40.000000   clock network delay (ideal)
                                 -0.250000   39.750000   clock uncertainty
                                  0.000000   39.750000   clock reconvergence pessimism
                                 -8.000000   31.750000   output external delay
                                             31.750000   data required time
---------------------------------------------------------------------------------------------
                                             31.750000   data required time
                                            -17.822840   data arrival time
---------------------------------------------------------------------------------------------
                                             13.927158   slack (MET)


Startpoint: operand_b[1] (input port clocked by __VIRTUAL_CLK__)
Endpoint: result[32] (output port clocked by __VIRTUAL_CLK__)
Path Group: __VIRTUAL_CLK__
Path Type: max

Fanout         Cap        Slew       Delay        Time   Description
---------------------------------------------------------------------------------------------
                      0.000000    0.000000    0.000000   clock __VIRTUAL_CLK__ (rise edge)
                                  0.000000    0.000000   clock network delay (ideal)
                                  8.000000    8.000000 ^ input external delay
     1    0.009144    0.047534    0.033130    8.033130 ^ operand_b[1] (in)
                                                         operand_b[1] (net)
                      0.047549    0.000000    8.033130 ^ input81/A (sky130_fd_sc_hd__clkdlybuf4s25_1)
     1    0.006236    0.075597    0.281335    8.314465 ^ input81/X (sky130_fd_sc_hd__clkdlybuf4s25_1)
                                                         net81 (net)
                      0.075598    0.000409    8.314874 ^ fanout406/A (sky130_fd_sc_hd__clkdlybuf4s25_1)
     7    0.101761    1.009030    0.973063    9.287937 ^ fanout406/X (sky130_fd_sc_hd__clkdlybuf4s25_1)
                                                         net406 (net)
                      1.009044    0.003321    9.291258 ^ fanout404/A (sky130_fd_sc_hd__clkdlybuf4s25_1)
     8    0.063200    0.628611    0.836630   10.127888 ^ fanout404/X (sky130_fd_sc_hd__clkdlybuf4s25_1)
                                                         net404 (net)
                      0.628611    0.001861   10.129749 ^ fanout402/A (sky130_fd_sc_hd__clkdlybuf4s25_1)
     3    0.028626    0.291253    0.559948   10.689696 ^ fanout402/X (sky130_fd_sc_hd__clkdlybuf4s25_1)
                                                         net402 (net)
                      0.291270    0.002610   10.692307 ^ load_slew403/A (sky130_fd_sc_hd__buf_4)
     8    0.060777    0.172050    0.290256   10.982563 ^ load_slew403/X (sky130_fd_sc_hd__buf_4)
                                                         net403 (net)
                      0.172352    0.005465   10.988028 ^ fanout400/A (sky130_fd_sc_hd__clkdlybuf4s25_1)
     5    0.049851    0.498841    0.632431   11.620459 ^ fanout400/X (sky130_fd_sc_hd__clkdlybuf4s25_1)
                                                         net400 (net)
                      0.499066    0.005632   11.626091 ^ load_slew401/A (sky130_fd_sc_hd__clkbuf_2)
     6    0.056358    0.305807    0.405150   12.031240 ^ load_slew401/X (sky130_fd_sc_hd__clkbuf_2)
                                                         net401 (net)
                      0.306048    0.007440   12.038681 ^ _3412_/B_N (sky130_fd_sc_hd__nor2b_2)
     4    0.022652    0.259363    0.358341   12.397021 ^ _3412_/Y (sky130_fd_sc_hd__nor2b_2)
                                                         _2625_ (net)
                      0.259391    0.002358   12.399380 ^ _3477_/C1 (sky130_fd_sc_hd__a221o_2)
     9    0.055991    0.289620    0.364719   12.764098 ^ _3477_/X (sky130_fd_sc_hd__a221o_2)
                                                         _2689_ (net)
                      0.289781    0.004052   12.768150 ^ _3684_/A2 (sky130_fd_sc_hd__a21oi_2)
     3    0.017096    0.117853    0.153912   12.922062 v _3684_/Y (sky130_fd_sc_hd__a21oi_2)
                                                         _2892_ (net)
                      0.117867    0.001078   12.923141 v _3686_/C (sky130_fd_sc_hd__or4_4)
     1    0.005284    0.085690    0.525774   13.448915 v _3686_/X (sky130_fd_sc_hd__or4_4)
                                                         _2894_ (net)
                      0.085691    0.000421   13.449335 v _3687_/A (sky130_fd_sc_hd__buf_6)
     8    0.038183    0.047158    0.164859   13.614195 v _3687_/X (sky130_fd_sc_hd__buf_6)
                                                         _2895_ (net)
                      0.047457    0.002913   13.617107 v _3771_/B2 (sky130_fd_sc_hd__a221o_2)
     2    0.008978    0.070099    0.397236   14.014344 v _3771_/X (sky130_fd_sc_hd__a221o_2)
                                                         _2977_ (net)
                      0.070100    0.000433   14.014777 v _3775_/A1 (sky130_fd_sc_hd__a21o_2)
     3    0.014455    0.060839    0.239062   14.253839 v _3775_/X (sky130_fd_sc_hd__a21o_2)
                                                         _2981_ (net)
                      0.060845    0.000640   14.254479 v _3857_/A2 (sky130_fd_sc_hd__a2111o_2)
     3    0.025206    0.122294    0.574173   14.828652 v _3857_/X (sky130_fd_sc_hd__a2111o_2)
                                                         _3061_ (net)
                      0.122360    0.002752   14.831405 v _3960_/A (sky130_fd_sc_hd__or4b_4)
     3    0.031367    0.129440    0.661815   15.493219 v _3960_/X (sky130_fd_sc_hd__or4b_4)
                                                         _3162_ (net)
                      0.129727    0.004828   15.498048 v _4709_/A (sky130_fd_sc_hd__nor4b_2)
     2    0.032079    0.776113    0.775042   16.273090 ^ _4709_/Y (sky130_fd_sc_hd__nor4b_2)
                                                         _0677_ (net)
                      0.776129    0.003046   16.276136 ^ _4710_/D (sky130_fd_sc_hd__and4bb_2)
     2    0.012654    0.107907    0.395575   16.671711 ^ _4710_/X (sky130_fd_sc_hd__and4bb_2)
                                                         _0678_ (net)
                      0.107910    0.000695   16.672405 ^ _4790_/A (sky130_fd_sc_hd__and2_2)
     2    0.014210    0.087142    0.201627   16.874033 ^ _4790_/X (sky130_fd_sc_hd__and2_2)
                                                         _0756_ (net)
                      0.087155    0.001112   16.875145 ^ _4791_/B (sky130_fd_sc_hd__xnor2_2)
     1    0.002710    0.066076    0.061378   16.936523 v _4791_/Y (sky130_fd_sc_hd__xnor2_2)
                                                         _0757_ (net)
                      0.066076    0.000133   16.936657 v _4812_/B1 (sky130_fd_sc_hd__a221o_2)
     2    0.014292    0.083755    0.400284   17.336941 v _4812_/X (sky130_fd_sc_hd__a221o_2)
                                                         net162 (net)
                      0.083762    0.001352   17.338293 v output162/A (sky130_fd_sc_hd__clkdlybuf4s25_1)
     1    0.038166    0.283212    0.472854   17.811148 v output162/X (sky130_fd_sc_hd__clkdlybuf4s25_1)
                                                         result[32] (net)
                      0.283233    0.002627   17.813774 v result[32] (out)
                                             17.813774   data arrival time

                      0.000000   40.000000   40.000000   clock __VIRTUAL_CLK__ (rise edge)
                                  0.000000   40.000000   clock network delay (ideal)
                                 -0.250000   39.750000   clock uncertainty
                                  0.000000   39.750000   clock reconvergence pessimism
                                 -8.000000   31.750000   output external delay
                                             31.750000   data required time
---------------------------------------------------------------------------------------------
                                             31.750000   data required time
                                            -17.813774   data arrival time
---------------------------------------------------------------------------------------------
                                             13.936225   slack (MET)


Startpoint: operand_b[1] (input port clocked by __VIRTUAL_CLK__)
Endpoint: result[29] (output port clocked by __VIRTUAL_CLK__)
Path Group: __VIRTUAL_CLK__
Path Type: max

Fanout         Cap        Slew       Delay        Time   Description
---------------------------------------------------------------------------------------------
                      0.000000    0.000000    0.000000   clock __VIRTUAL_CLK__ (rise edge)
                                  0.000000    0.000000   clock network delay (ideal)
                                  8.000000    8.000000 ^ input external delay
     1    0.009144    0.047534    0.033130    8.033130 ^ operand_b[1] (in)
                                                         operand_b[1] (net)
                      0.047549    0.000000    8.033130 ^ input81/A (sky130_fd_sc_hd__clkdlybuf4s25_1)
     1    0.006236    0.075597    0.281335    8.314465 ^ input81/X (sky130_fd_sc_hd__clkdlybuf4s25_1)
                                                         net81 (net)
                      0.075598    0.000409    8.314874 ^ fanout406/A (sky130_fd_sc_hd__clkdlybuf4s25_1)
     7    0.101761    1.009030    0.973063    9.287937 ^ fanout406/X (sky130_fd_sc_hd__clkdlybuf4s25_1)
                                                         net406 (net)
                      1.009044    0.003321    9.291258 ^ fanout404/A (sky130_fd_sc_hd__clkdlybuf4s25_1)
     8    0.063200    0.628611    0.836630   10.127888 ^ fanout404/X (sky130_fd_sc_hd__clkdlybuf4s25_1)
                                                         net404 (net)
                      0.628611    0.001861   10.129749 ^ fanout402/A (sky130_fd_sc_hd__clkdlybuf4s25_1)
     3    0.028626    0.291253    0.559948   10.689696 ^ fanout402/X (sky130_fd_sc_hd__clkdlybuf4s25_1)
                                                         net402 (net)
                      0.291270    0.002610   10.692307 ^ load_slew403/A (sky130_fd_sc_hd__buf_4)
     8    0.060777    0.172050    0.290256   10.982563 ^ load_slew403/X (sky130_fd_sc_hd__buf_4)
                                                         net403 (net)
                      0.172352    0.005465   10.988028 ^ fanout400/A (sky130_fd_sc_hd__clkdlybuf4s25_1)
     5    0.049851    0.498841    0.632431   11.620459 ^ fanout400/X (sky130_fd_sc_hd__clkdlybuf4s25_1)
                                                         net400 (net)
                      0.499066    0.005632   11.626091 ^ load_slew401/A (sky130_fd_sc_hd__clkbuf_2)
     6    0.056358    0.305807    0.405150   12.031240 ^ load_slew401/X (sky130_fd_sc_hd__clkbuf_2)
                                                         net401 (net)
                      0.306048    0.007440   12.038681 ^ _3412_/B_N (sky130_fd_sc_hd__nor2b_2)
     4    0.022652    0.259363    0.358341   12.397021 ^ _3412_/Y (sky130_fd_sc_hd__nor2b_2)
                                                         _2625_ (net)
                      0.259394    0.002488   12.399509 ^ _3555_/C1 (sky130_fd_sc_hd__a221oi_2)
     5    0.021700    0.121956    0.124849   12.524358 v _3555_/Y (sky130_fd_sc_hd__a221oi_2)
                                                         _2765_ (net)
                      0.122084    0.002412   12.526771 v _3683_/A3 (sky130_fd_sc_hd__o31a_2)
     3    0.016882    0.083538    0.372344   12.899115 v _3683_/X (sky130_fd_sc_hd__o31a_2)
                                                         _2891_ (net)
                      0.083628    0.001696   12.900809 v _4087_/A2 (sky130_fd_sc_hd__o41a_2)
     4    0.047214    0.167139    0.645345   13.546155 v _4087_/X (sky130_fd_sc_hd__o41a_2)
                                                         _0069_ (net)
                      0.167332    0.005288   13.551443 v _4441_/A3 (sky130_fd_sc_hd__o31ai_4)
     1    0.012076    0.235258    0.273910   13.825353 ^ _4441_/Y (sky130_fd_sc_hd__o31ai_4)
                                                         _0415_ (net)
                      0.235259    0.001141   13.826494 ^ wire248/A (sky130_fd_sc_hd__buf_2)
     5    0.052312    0.256495    0.326108   14.152602 ^ wire248/X (sky130_fd_sc_hd__buf_2)
                                                         net248 (net)
                      0.257064    0.010429   14.163032 ^ _4442_/A (sky130_fd_sc_hd__clkbuf_1)
     5    0.028953    0.340195    0.343526   14.506557 ^ _4442_/X (sky130_fd_sc_hd__clkbuf_1)
                                                         _0416_ (net)
                      0.340203    0.001535   14.508092 ^ max_cap234/A (sky130_fd_sc_hd__buf_2)
     6    0.040376    0.198838    0.311628   14.819720 ^ max_cap234/X (sky130_fd_sc_hd__buf_2)
                                                         net234 (net)
                      0.199073    0.004983   14.824703 ^ _4443_/B (sky130_fd_sc_hd__nand2_2)
     9    0.047385    0.197244    0.222133   15.046835 v _4443_/Y (sky130_fd_sc_hd__nand2_2)
                                                         _0417_ (net)
                      0.197277    0.002267   15.049102 v _4541_/S (sky130_fd_sc_hd__mux2_2)
     1    0.006056    0.057420    0.354436   15.403539 v _4541_/X (sky130_fd_sc_hd__mux2_2)
                                                         _0513_ (net)
                      0.057420    0.000453   15.403992 v _4542_/B1 (sky130_fd_sc_hd__o31ai_2)
     3    0.008048    0.248137    0.081670   15.485662 ^ _4542_/Y (sky130_fd_sc_hd__o31ai_2)
                                                         _0514_ (net)
                      0.248137    0.000471   15.486132 ^ _4586_/D_N (sky130_fd_sc_hd__or4b_2)
     4    0.027563    0.186740    0.776863   16.262995 v _4586_/X (sky130_fd_sc_hd__or4b_2)
                                                         _0557_ (net)
                      0.186789    0.003080   16.266075 v _4668_/C (sky130_fd_sc_hd__nor4_2)
     3    0.012672    0.378811    0.420606   16.686682 ^ _4668_/Y (sky130_fd_sc_hd__nor4_2)
                                                         _0637_ (net)
                      0.378811    0.000634   16.687315 ^ max_cap205/A (sky130_fd_sc_hd__buf_1)
     1    0.008837    0.112660    0.188614   16.875929 ^ max_cap205/X (sky130_fd_sc_hd__buf_1)
                                                         net205 (net)
                      0.112660    0.000233   16.876162 ^ _4669_/B (sky130_fd_sc_hd__xor2_2)
     1    0.002761    0.082158    0.071919   16.948080 v _4669_/X (sky130_fd_sc_hd__xor2_2)
                                                         _0638_ (net)
                      0.082158    0.000137   16.948217 v _4691_/B1 (sky130_fd_sc_hd__a221o_2)
     2    0.010873    0.076429    0.393589   17.341806 v _4691_/X (sky130_fd_sc_hd__a221o_2)
                                                         net158 (net)
                      0.076432    0.000622   17.342428 v output158/A (sky130_fd_sc_hd__clkdlybuf4s25_1)
     1    0.037636    0.279550    0.466637   17.809065 v output158/X (sky130_fd_sc_hd__clkdlybuf4s25_1)
                                                         result[29] (net)
                      0.279569    0.002524   17.811588 v result[29] (out)
                                             17.811588   data arrival time

                      0.000000   40.000000   40.000000   clock __VIRTUAL_CLK__ (rise edge)
                                  0.000000   40.000000   clock network delay (ideal)
                                 -0.250000   39.750000   clock uncertainty
                                  0.000000   39.750000   clock reconvergence pessimism
                                 -8.000000   31.750000   output external delay
                                             31.750000   data required time
---------------------------------------------------------------------------------------------
                                             31.750000   data required time
                                            -17.811588   data arrival time
---------------------------------------------------------------------------------------------
                                             13.938410   slack (MET)


Startpoint: operand_b[1] (input port clocked by __VIRTUAL_CLK__)
Endpoint: result[27] (output port clocked by __VIRTUAL_CLK__)
Path Group: __VIRTUAL_CLK__
Path Type: max

Fanout         Cap        Slew       Delay        Time   Description
---------------------------------------------------------------------------------------------
                      0.000000    0.000000    0.000000   clock __VIRTUAL_CLK__ (rise edge)
                                  0.000000    0.000000   clock network delay (ideal)
                                  8.000000    8.000000 ^ input external delay
     1    0.009144    0.047534    0.033130    8.033130 ^ operand_b[1] (in)
                                                         operand_b[1] (net)
                      0.047549    0.000000    8.033130 ^ input81/A (sky130_fd_sc_hd__clkdlybuf4s25_1)
     1    0.006236    0.075597    0.281335    8.314465 ^ input81/X (sky130_fd_sc_hd__clkdlybuf4s25_1)
                                                         net81 (net)
                      0.075598    0.000409    8.314874 ^ fanout406/A (sky130_fd_sc_hd__clkdlybuf4s25_1)
     7    0.101761    1.009030    0.973063    9.287937 ^ fanout406/X (sky130_fd_sc_hd__clkdlybuf4s25_1)
                                                         net406 (net)
                      1.009044    0.003321    9.291258 ^ fanout404/A (sky130_fd_sc_hd__clkdlybuf4s25_1)
     8    0.063200    0.628611    0.836630   10.127888 ^ fanout404/X (sky130_fd_sc_hd__clkdlybuf4s25_1)
                                                         net404 (net)
                      0.628611    0.001861   10.129749 ^ fanout402/A (sky130_fd_sc_hd__clkdlybuf4s25_1)
     3    0.028626    0.291253    0.559948   10.689696 ^ fanout402/X (sky130_fd_sc_hd__clkdlybuf4s25_1)
                                                         net402 (net)
                      0.291270    0.002610   10.692307 ^ load_slew403/A (sky130_fd_sc_hd__buf_4)
     8    0.060777    0.172050    0.290256   10.982563 ^ load_slew403/X (sky130_fd_sc_hd__buf_4)
                                                         net403 (net)
                      0.172352    0.005465   10.988028 ^ fanout400/A (sky130_fd_sc_hd__clkdlybuf4s25_1)
     5    0.049851    0.498841    0.632431   11.620459 ^ fanout400/X (sky130_fd_sc_hd__clkdlybuf4s25_1)
                                                         net400 (net)
                      0.499066    0.005632   11.626091 ^ load_slew401/A (sky130_fd_sc_hd__clkbuf_2)
     6    0.056358    0.305807    0.405150   12.031240 ^ load_slew401/X (sky130_fd_sc_hd__clkbuf_2)
                                                         net401 (net)
                      0.306048    0.007440   12.038681 ^ _3412_/B_N (sky130_fd_sc_hd__nor2b_2)
     4    0.022652    0.259363    0.358341   12.397021 ^ _3412_/Y (sky130_fd_sc_hd__nor2b_2)
                                                         _2625_ (net)
                      0.259394    0.002488   12.399509 ^ _3555_/C1 (sky130_fd_sc_hd__a221oi_2)
     5    0.021700    0.121956    0.124849   12.524358 v _3555_/Y (sky130_fd_sc_hd__a221oi_2)
                                                         _2765_ (net)
                      0.122084    0.002412   12.526771 v _3683_/A3 (sky130_fd_sc_hd__o31a_2)
     3    0.016882    0.083538    0.372344   12.899115 v _3683_/X (sky130_fd_sc_hd__o31a_2)
                                                         _2891_ (net)
                      0.083628    0.001696   12.900809 v _4087_/A2 (sky130_fd_sc_hd__o41a_2)
     4    0.047214    0.167139    0.645345   13.546155 v _4087_/X (sky130_fd_sc_hd__o41a_2)
                                                         _0069_ (net)
                      0.167332    0.005288   13.551443 v _4441_/A3 (sky130_fd_sc_hd__o31ai_4)
     1    0.012076    0.235258    0.273910   13.825353 ^ _4441_/Y (sky130_fd_sc_hd__o31ai_4)
                                                         _0415_ (net)
                      0.235259    0.001141   13.826494 ^ wire248/A (sky130_fd_sc_hd__buf_2)
     5    0.052312    0.256495    0.326108   14.152602 ^ wire248/X (sky130_fd_sc_hd__buf_2)
                                                         net248 (net)
                      0.257064    0.010429   14.163032 ^ _4442_/A (sky130_fd_sc_hd__clkbuf_1)
     5    0.028953    0.340195    0.343526   14.506557 ^ _4442_/X (sky130_fd_sc_hd__clkbuf_1)
                                                         _0416_ (net)
                      0.340203    0.001535   14.508092 ^ max_cap234/A (sky130_fd_sc_hd__buf_2)
     6    0.040376    0.198838    0.311628   14.819720 ^ max_cap234/X (sky130_fd_sc_hd__buf_2)
                                                         net234 (net)
                      0.199073    0.004983   14.824703 ^ _4443_/B (sky130_fd_sc_hd__nand2_2)
     9    0.047385    0.197244    0.222133   15.046835 v _4443_/Y (sky130_fd_sc_hd__nand2_2)
                                                         _0417_ (net)
                      0.197277    0.002267   15.049102 v _4541_/S (sky130_fd_sc_hd__mux2_2)
     1    0.006056    0.057420    0.354436   15.403539 v _4541_/X (sky130_fd_sc_hd__mux2_2)
                                                         _0513_ (net)
                      0.057420    0.000453   15.403992 v _4542_/B1 (sky130_fd_sc_hd__o31ai_2)
     3    0.008048    0.248137    0.081670   15.485662 ^ _4542_/Y (sky130_fd_sc_hd__o31ai_2)
                                                         _0514_ (net)
                      0.248137    0.000471   15.486132 ^ _4586_/D_N (sky130_fd_sc_hd__or4b_2)
     4    0.027563    0.186740    0.776863   16.262995 v _4586_/X (sky130_fd_sc_hd__or4b_2)
                                                         _0557_ (net)
                      0.186802    0.003395   16.266390 v _4587_/C (sky130_fd_sc_hd__nor3_2)
     2    0.018553    0.342948    0.334664   16.601053 ^ _4587_/Y (sky130_fd_sc_hd__nor3_2)
                                                         _0558_ (net)
                      0.342951    0.000949   16.602001 ^ _4588_/B (sky130_fd_sc_hd__xor2_2)
     1    0.003580    0.082484    0.111259   16.713261 v _4588_/X (sky130_fd_sc_hd__xor2_2)
                                                         _0559_ (net)
                      0.082484    0.000245   16.713505 v _4610_/B1 (sky130_fd_sc_hd__a221o_2)
     2    0.030400    0.124501    0.453706   17.167212 v _4610_/X (sky130_fd_sc_hd__a221o_2)
                                                         net156 (net)
                      0.124536    0.002078   17.169291 v output156/A (sky130_fd_sc_hd__clkdlybuf4s25_1)
     1    0.034727    0.258071    0.472880   17.642170 v output156/X (sky130_fd_sc_hd__clkdlybuf4s25_1)
                                                         result[27] (net)
                      0.258080    0.001840   17.644011 v result[27] (out)
                                             17.644011   data arrival time

                      0.000000   40.000000   40.000000   clock __VIRTUAL_CLK__ (rise edge)
                                  0.000000   40.000000   clock network delay (ideal)
                                 -0.250000   39.750000   clock uncertainty
                                  0.000000   39.750000   clock reconvergence pessimism
                                 -8.000000   31.750000   output external delay
                                             31.750000   data required time
---------------------------------------------------------------------------------------------
                                             31.750000   data required time
                                            -17.644011   data arrival time
---------------------------------------------------------------------------------------------
                                             14.105988   slack (MET)


Startpoint: operand_b[1] (input port clocked by __VIRTUAL_CLK__)
Endpoint: result[30] (output port clocked by __VIRTUAL_CLK__)
Path Group: __VIRTUAL_CLK__
Path Type: max

Fanout         Cap        Slew       Delay        Time   Description
---------------------------------------------------------------------------------------------
                      0.000000    0.000000    0.000000   clock __VIRTUAL_CLK__ (rise edge)
                                  0.000000    0.000000   clock network delay (ideal)
                                  8.000000    8.000000 ^ input external delay
     1    0.009144    0.047534    0.033130    8.033130 ^ operand_b[1] (in)
                                                         operand_b[1] (net)
                      0.047549    0.000000    8.033130 ^ input81/A (sky130_fd_sc_hd__clkdlybuf4s25_1)
     1    0.006236    0.075597    0.281335    8.314465 ^ input81/X (sky130_fd_sc_hd__clkdlybuf4s25_1)
                                                         net81 (net)
                      0.075598    0.000409    8.314874 ^ fanout406/A (sky130_fd_sc_hd__clkdlybuf4s25_1)
     7    0.101761    1.009030    0.973063    9.287937 ^ fanout406/X (sky130_fd_sc_hd__clkdlybuf4s25_1)
                                                         net406 (net)
                      1.009044    0.003321    9.291258 ^ fanout404/A (sky130_fd_sc_hd__clkdlybuf4s25_1)
     8    0.063200    0.628611    0.836630   10.127888 ^ fanout404/X (sky130_fd_sc_hd__clkdlybuf4s25_1)
                                                         net404 (net)
                      0.628611    0.001861   10.129749 ^ fanout402/A (sky130_fd_sc_hd__clkdlybuf4s25_1)
     3    0.028626    0.291253    0.559948   10.689696 ^ fanout402/X (sky130_fd_sc_hd__clkdlybuf4s25_1)
                                                         net402 (net)
                      0.291270    0.002610   10.692307 ^ load_slew403/A (sky130_fd_sc_hd__buf_4)
     8    0.060777    0.172050    0.290256   10.982563 ^ load_slew403/X (sky130_fd_sc_hd__buf_4)
                                                         net403 (net)
                      0.172352    0.005465   10.988028 ^ fanout400/A (sky130_fd_sc_hd__clkdlybuf4s25_1)
     5    0.049851    0.498841    0.632431   11.620459 ^ fanout400/X (sky130_fd_sc_hd__clkdlybuf4s25_1)
                                                         net400 (net)
                      0.499066    0.005632   11.626091 ^ load_slew401/A (sky130_fd_sc_hd__clkbuf_2)
     6    0.056358    0.305807    0.405150   12.031240 ^ load_slew401/X (sky130_fd_sc_hd__clkbuf_2)
                                                         net401 (net)
                      0.306048    0.007440   12.038681 ^ _3412_/B_N (sky130_fd_sc_hd__nor2b_2)
     4    0.022652    0.259363    0.358341   12.397021 ^ _3412_/Y (sky130_fd_sc_hd__nor2b_2)
                                                         _2625_ (net)
                      0.259391    0.002358   12.399380 ^ _3477_/C1 (sky130_fd_sc_hd__a221o_2)
     9    0.055991    0.289620    0.364719   12.764098 ^ _3477_/X (sky130_fd_sc_hd__a221o_2)
                                                         _2689_ (net)
                      0.289781    0.004052   12.768150 ^ _3684_/A2 (sky130_fd_sc_hd__a21oi_2)
     3    0.017096    0.117853    0.153912   12.922062 v _3684_/Y (sky130_fd_sc_hd__a21oi_2)
                                                         _2892_ (net)
                      0.117867    0.001078   12.923141 v _3686_/C (sky130_fd_sc_hd__or4_4)
     1    0.005284    0.085690    0.525774   13.448915 v _3686_/X (sky130_fd_sc_hd__or4_4)
                                                         _2894_ (net)
                      0.085691    0.000421   13.449335 v _3687_/A (sky130_fd_sc_hd__buf_6)
     8    0.038183    0.047158    0.164859   13.614195 v _3687_/X (sky130_fd_sc_hd__buf_6)
                                                         _2895_ (net)
                      0.047457    0.002913   13.617107 v _3771_/B2 (sky130_fd_sc_hd__a221o_2)
     2    0.008978    0.070099    0.397236   14.014344 v _3771_/X (sky130_fd_sc_hd__a221o_2)
                                                         _2977_ (net)
                      0.070100    0.000433   14.014777 v _3775_/A1 (sky130_fd_sc_hd__a21o_2)
     3    0.014455    0.060839    0.239062   14.253839 v _3775_/X (sky130_fd_sc_hd__a21o_2)
                                                         _2981_ (net)
                      0.060845    0.000640   14.254479 v _3857_/A2 (sky130_fd_sc_hd__a2111o_2)
     3    0.025206    0.122294    0.574173   14.828652 v _3857_/X (sky130_fd_sc_hd__a2111o_2)
                                                         _3061_ (net)
                      0.122360    0.002752   14.831405 v _3960_/A (sky130_fd_sc_hd__or4b_4)
     3    0.031367    0.129440    0.661815   15.493219 v _3960_/X (sky130_fd_sc_hd__or4b_4)
                                                         _3162_ (net)
                      0.129727    0.004828   15.498048 v _4709_/A (sky130_fd_sc_hd__nor4b_2)
     2    0.032079    0.776113    0.775042   16.273090 ^ _4709_/Y (sky130_fd_sc_hd__nor4b_2)
                                                         _0677_ (net)
                      0.776129    0.003046   16.276136 ^ _4710_/D (sky130_fd_sc_hd__and4bb_2)
     2    0.012654    0.107907    0.395575   16.671711 ^ _4710_/X (sky130_fd_sc_hd__and4bb_2)
                                                         _0678_ (net)
                      0.107910    0.000671   16.672382 ^ _4711_/B (sky130_fd_sc_hd__xor2_2)
     1    0.003345    0.077848    0.072927   16.745310 v _4711_/X (sky130_fd_sc_hd__xor2_2)
                                                         _0679_ (net)
                      0.077849    0.000231   16.745541 v _4729_/B1 (sky130_fd_sc_hd__a221o_2)
     2    0.010051    0.073653    0.388127   17.133667 v _4729_/X (sky130_fd_sc_hd__a221o_2)
                                                         net160 (net)
                      0.073660    0.000776   17.134443 v output160/A (sky130_fd_sc_hd__clkdlybuf4s25_1)
     1    0.037898    0.281468    0.466796   17.601240 v output160/X (sky130_fd_sc_hd__clkdlybuf4s25_1)
                                                         result[30] (net)
                      0.281487    0.002554   17.603794 v result[30] (out)
                                             17.603794   data arrival time

                      0.000000   40.000000   40.000000   clock __VIRTUAL_CLK__ (rise edge)
                                  0.000000   40.000000   clock network delay (ideal)
                                 -0.250000   39.750000   clock uncertainty
                                  0.000000   39.750000   clock reconvergence pessimism
                                 -8.000000   31.750000   output external delay
                                             31.750000   data required time
---------------------------------------------------------------------------------------------
                                             31.750000   data required time
                                            -17.603794   data arrival time
---------------------------------------------------------------------------------------------
                                             14.146205   slack (MET)


Startpoint: operand_b[1] (input port clocked by __VIRTUAL_CLK__)
Endpoint: result[26] (output port clocked by __VIRTUAL_CLK__)
Path Group: __VIRTUAL_CLK__
Path Type: max

Fanout         Cap        Slew       Delay        Time   Description
---------------------------------------------------------------------------------------------
                      0.000000    0.000000    0.000000   clock __VIRTUAL_CLK__ (rise edge)
                                  0.000000    0.000000   clock network delay (ideal)
                                  8.000000    8.000000 ^ input external delay
     1    0.009144    0.047534    0.033130    8.033130 ^ operand_b[1] (in)
                                                         operand_b[1] (net)
                      0.047549    0.000000    8.033130 ^ input81/A (sky130_fd_sc_hd__clkdlybuf4s25_1)
     1    0.006236    0.075597    0.281335    8.314465 ^ input81/X (sky130_fd_sc_hd__clkdlybuf4s25_1)
                                                         net81 (net)
                      0.075598    0.000409    8.314874 ^ fanout406/A (sky130_fd_sc_hd__clkdlybuf4s25_1)
     7    0.101761    1.009030    0.973063    9.287937 ^ fanout406/X (sky130_fd_sc_hd__clkdlybuf4s25_1)
                                                         net406 (net)
                      1.009044    0.003321    9.291258 ^ fanout404/A (sky130_fd_sc_hd__clkdlybuf4s25_1)
     8    0.063200    0.628611    0.836630   10.127888 ^ fanout404/X (sky130_fd_sc_hd__clkdlybuf4s25_1)
                                                         net404 (net)
                      0.628611    0.001861   10.129749 ^ fanout402/A (sky130_fd_sc_hd__clkdlybuf4s25_1)
     3    0.028626    0.291253    0.559948   10.689696 ^ fanout402/X (sky130_fd_sc_hd__clkdlybuf4s25_1)
                                                         net402 (net)
                      0.291270    0.002610   10.692307 ^ load_slew403/A (sky130_fd_sc_hd__buf_4)
     8    0.060777    0.172050    0.290256   10.982563 ^ load_slew403/X (sky130_fd_sc_hd__buf_4)
                                                         net403 (net)
                      0.172352    0.005465   10.988028 ^ fanout400/A (sky130_fd_sc_hd__clkdlybuf4s25_1)
     5    0.049851    0.498841    0.632431   11.620459 ^ fanout400/X (sky130_fd_sc_hd__clkdlybuf4s25_1)
                                                         net400 (net)
                      0.499066    0.005632   11.626091 ^ load_slew401/A (sky130_fd_sc_hd__clkbuf_2)
     6    0.056358    0.305807    0.405150   12.031240 ^ load_slew401/X (sky130_fd_sc_hd__clkbuf_2)
                                                         net401 (net)
                      0.306048    0.007440   12.038681 ^ _3412_/B_N (sky130_fd_sc_hd__nor2b_2)
     4    0.022652    0.259363    0.358341   12.397021 ^ _3412_/Y (sky130_fd_sc_hd__nor2b_2)
                                                         _2625_ (net)
                      0.259391    0.002358   12.399380 ^ _3477_/C1 (sky130_fd_sc_hd__a221o_2)
     9    0.055991    0.289620    0.364719   12.764098 ^ _3477_/X (sky130_fd_sc_hd__a221o_2)
                                                         _2689_ (net)
                      0.289781    0.004052   12.768150 ^ _3684_/A2 (sky130_fd_sc_hd__a21oi_2)
     3    0.017096    0.117853    0.153912   12.922062 v _3684_/Y (sky130_fd_sc_hd__a21oi_2)
                                                         _2892_ (net)
                      0.117876    0.001393   12.923454 v _4080_/A2 (sky130_fd_sc_hd__o311a_2)
     4    0.055463    0.167867    0.561206   13.484661 v _4080_/X (sky130_fd_sc_hd__o311a_2)
                                                         _0062_ (net)
                      0.168260    0.007425   13.492086 v _4088_/B (sky130_fd_sc_hd__nor4_4)
     3    0.020459    0.369590    0.451659   13.943746 ^ _4088_/Y (sky130_fd_sc_hd__nor4_4)
                                                         _0070_ (net)
                      0.369590    0.000665   13.944410 ^ max_cap254/A (sky130_fd_sc_hd__clkbuf_2)
     5    0.029335    0.164507    0.284826   14.229237 ^ max_cap254/X (sky130_fd_sc_hd__clkbuf_2)
                                                         net254 (net)
                      0.164565    0.003069   14.232306 ^ _4172_/A1 (sky130_fd_sc_hd__o21a_2)
     4    0.038759    0.207645    0.300338   14.532644 ^ _4172_/X (sky130_fd_sc_hd__o21a_2)
                                                         _0152_ (net)
                      0.207645    0.000784   14.533428 ^ _4263_/B (sky130_fd_sc_hd__nand3_2)
     2    0.027048    0.188733    0.215157   14.748585 v _4263_/Y (sky130_fd_sc_hd__nand3_2)
                                                         _0241_ (net)
                      0.188776    0.002490   14.751075 v _4264_/A2 (sky130_fd_sc_hd__a21o_2)
     2    0.007479    0.045233    0.287923   15.038998 v _4264_/X (sky130_fd_sc_hd__a21o_2)
                                                         _0242_ (net)
                      0.045233    0.000485   15.039483 v _4361_/A (sky130_fd_sc_hd__or3_2)
     1    0.003561    0.078803    0.493369   15.532852 v _4361_/X (sky130_fd_sc_hd__or3_2)
                                                         _0337_ (net)
                      0.078803    0.000265   15.533116 v _4362_/A (sky130_fd_sc_hd__buf_1)
     8    0.044542    0.258511    0.289745   15.822862 v _4362_/X (sky130_fd_sc_hd__buf_1)
                                                         _0338_ (net)
                      0.258573    0.003570   15.826432 v _4363_/B (sky130_fd_sc_hd__or2_2)
     5    0.021217    0.101102    0.440844   16.267277 v _4363_/X (sky130_fd_sc_hd__or2_2)
                                                         _0339_ (net)
                      0.101118    0.001361   16.268637 v _4544_/A (sky130_fd_sc_hd__or2_2)
     1    0.016586    0.090448    0.380432   16.649069 v _4544_/X (sky130_fd_sc_hd__or2_2)
                                                         _0516_ (net)
                      0.090500    0.002023   16.651093 v _4545_/B (sky130_fd_sc_hd__xnor2_2)
     2    0.007962    0.155259    0.177211   16.828302 ^ _4545_/Y (sky130_fd_sc_hd__xnor2_2)
                                                         _0517_ (net)
                      0.155259    0.000503   16.828806 ^ _4571_/A2 (sky130_fd_sc_hd__a21o_2)
     1    0.009303    0.063974    0.176469   17.005274 ^ _4571_/X (sky130_fd_sc_hd__a21o_2)
                                                         net155 (net)
                      0.063984    0.000847   17.006121 ^ output155/A (sky130_fd_sc_hd__clkdlybuf4s25_1)
     1    0.038052    0.383087    0.515005   17.521126 ^ output155/X (sky130_fd_sc_hd__clkdlybuf4s25_1)
                                                         result[26] (net)
                      0.383097    0.002560   17.523685 ^ result[26] (out)
                                             17.523685   data arrival time

                      0.000000   40.000000   40.000000   clock __VIRTUAL_CLK__ (rise edge)
                                  0.000000   40.000000   clock network delay (ideal)
                                 -0.250000   39.750000   clock uncertainty
                                  0.000000   39.750000   clock reconvergence pessimism
                                 -8.000000   31.750000   output external delay
                                             31.750000   data required time
---------------------------------------------------------------------------------------------
                                             31.750000   data required time
                                            -17.523685   data arrival time
---------------------------------------------------------------------------------------------
                                             14.226313   slack (MET)


Startpoint: operand_b[1] (input port clocked by __VIRTUAL_CLK__)
Endpoint: result[22] (output port clocked by __VIRTUAL_CLK__)
Path Group: __VIRTUAL_CLK__
Path Type: max

Fanout         Cap        Slew       Delay        Time   Description
---------------------------------------------------------------------------------------------
                      0.000000    0.000000    0.000000   clock __VIRTUAL_CLK__ (rise edge)
                                  0.000000    0.000000   clock network delay (ideal)
                                  8.000000    8.000000 ^ input external delay
     1    0.009144    0.047534    0.033130    8.033130 ^ operand_b[1] (in)
                                                         operand_b[1] (net)
                      0.047549    0.000000    8.033130 ^ input81/A (sky130_fd_sc_hd__clkdlybuf4s25_1)
     1    0.006236    0.075597    0.281335    8.314465 ^ input81/X (sky130_fd_sc_hd__clkdlybuf4s25_1)
                                                         net81 (net)
                      0.075598    0.000409    8.314874 ^ fanout406/A (sky130_fd_sc_hd__clkdlybuf4s25_1)
     7    0.101761    1.009030    0.973063    9.287937 ^ fanout406/X (sky130_fd_sc_hd__clkdlybuf4s25_1)
                                                         net406 (net)
                      1.009044    0.003321    9.291258 ^ fanout404/A (sky130_fd_sc_hd__clkdlybuf4s25_1)
     8    0.063200    0.628611    0.836630   10.127888 ^ fanout404/X (sky130_fd_sc_hd__clkdlybuf4s25_1)
                                                         net404 (net)
                      0.628611    0.001861   10.129749 ^ fanout402/A (sky130_fd_sc_hd__clkdlybuf4s25_1)
     3    0.028626    0.291253    0.559948   10.689696 ^ fanout402/X (sky130_fd_sc_hd__clkdlybuf4s25_1)
                                                         net402 (net)
                      0.291270    0.002610   10.692307 ^ load_slew403/A (sky130_fd_sc_hd__buf_4)
     8    0.060777    0.172050    0.290256   10.982563 ^ load_slew403/X (sky130_fd_sc_hd__buf_4)
                                                         net403 (net)
                      0.172352    0.005465   10.988028 ^ fanout400/A (sky130_fd_sc_hd__clkdlybuf4s25_1)
     5    0.049851    0.498841    0.632431   11.620459 ^ fanout400/X (sky130_fd_sc_hd__clkdlybuf4s25_1)
                                                         net400 (net)
                      0.499066    0.005632   11.626091 ^ load_slew401/A (sky130_fd_sc_hd__clkbuf_2)
     6    0.056358    0.305807    0.405150   12.031240 ^ load_slew401/X (sky130_fd_sc_hd__clkbuf_2)
                                                         net401 (net)
                      0.306048    0.007440   12.038681 ^ _3412_/B_N (sky130_fd_sc_hd__nor2b_2)
     4    0.022652    0.259363    0.358341   12.397021 ^ _3412_/Y (sky130_fd_sc_hd__nor2b_2)
                                                         _2625_ (net)
                      0.259391    0.002358   12.399380 ^ _3477_/C1 (sky130_fd_sc_hd__a221o_2)
     9    0.055991    0.289620    0.364719   12.764098 ^ _3477_/X (sky130_fd_sc_hd__a221o_2)
                                                         _2689_ (net)
                      0.289781    0.004052   12.768150 ^ _3684_/A2 (sky130_fd_sc_hd__a21oi_2)
     3    0.017096    0.117853    0.153912   12.922062 v _3684_/Y (sky130_fd_sc_hd__a21oi_2)
                                                         _2892_ (net)
                      0.117867    0.001078   12.923141 v _3686_/C (sky130_fd_sc_hd__or4_4)
     1    0.005284    0.085690    0.525774   13.448915 v _3686_/X (sky130_fd_sc_hd__or4_4)
                                                         _2894_ (net)
                      0.085691    0.000421   13.449335 v _3687_/A (sky130_fd_sc_hd__buf_6)
     8    0.038183    0.047158    0.164859   13.614195 v _3687_/X (sky130_fd_sc_hd__buf_6)
                                                         _2895_ (net)
                      0.047457    0.002913   13.617107 v _3771_/B2 (sky130_fd_sc_hd__a221o_2)
     2    0.008978    0.070099    0.397236   14.014344 v _3771_/X (sky130_fd_sc_hd__a221o_2)
                                                         _2977_ (net)
                      0.070100    0.000433   14.014777 v _3775_/A1 (sky130_fd_sc_hd__a21o_2)
     3    0.014455    0.060839    0.239062   14.253839 v _3775_/X (sky130_fd_sc_hd__a21o_2)
                                                         _2981_ (net)
                      0.060846    0.000700   14.254539 v _3822_/A2 (sky130_fd_sc_hd__a2111o_2)
     2    0.025342    0.122430    0.574757   14.829296 v _3822_/X (sky130_fd_sc_hd__a2111o_2)
                                                         _3027_ (net)
                      0.122481    0.002448   14.831744 v _4006_/A (sky130_fd_sc_hd__or4b_4)
     4    0.020980    0.114689    0.638798   15.470543 v _4006_/X (sky130_fd_sc_hd__or4b_4)
                                                         _3207_ (net)
                      0.114689    0.002251   15.472794 v _4265_/A (sky130_fd_sc_hd__or4_2)
     5    0.032253    0.198750    0.863443   16.336235 v _4265_/X (sky130_fd_sc_hd__or4_2)
                                                         _0243_ (net)
                      0.198775    0.002370   16.338606 v _4359_/A1 (sky130_fd_sc_hd__o21ai_2)
     1    0.006046    0.120387    0.212566   16.551172 ^ _4359_/Y (sky130_fd_sc_hd__o21ai_2)
                                                         _0335_ (net)
                      0.120387    0.000460   16.551632 ^ _4364_/A (sky130_fd_sc_hd__nand2_2)
     1    0.003210    0.038572    0.056408   16.608040 v _4364_/Y (sky130_fd_sc_hd__nand2_2)
                                                         _0340_ (net)
                      0.038573    0.000218   16.608259 v _4392_/B1 (sky130_fd_sc_hd__a221o_2)
     2    0.019918    0.096859    0.407656   17.015915 v _4392_/X (sky130_fd_sc_hd__a221o_2)
                                                         net151 (net)
                      0.096890    0.001736   17.017651 v output151/A (sky130_fd_sc_hd__clkdlybuf4s25_1)
     1    0.037474    0.278075    0.475026   17.492676 v output151/X (sky130_fd_sc_hd__clkdlybuf4s25_1)
                                                         result[22] (net)
                      0.278096    0.002643   17.495319 v result[22] (out)
                                             17.495319   data arrival time

                      0.000000   40.000000   40.000000   clock __VIRTUAL_CLK__ (rise edge)
                                  0.000000   40.000000   clock network delay (ideal)
                                 -0.250000   39.750000   clock uncertainty
                                  0.000000   39.750000   clock reconvergence pessimism
                                 -8.000000   31.750000   output external delay
                                             31.750000   data required time
---------------------------------------------------------------------------------------------
                                             31.750000   data required time
                                            -17.495319   data arrival time
---------------------------------------------------------------------------------------------
                                             14.254680   slack (MET)


Startpoint: operand_b[1] (input port clocked by __VIRTUAL_CLK__)
Endpoint: result[17] (output port clocked by __VIRTUAL_CLK__)
Path Group: __VIRTUAL_CLK__
Path Type: max

Fanout         Cap        Slew       Delay        Time   Description
---------------------------------------------------------------------------------------------
                      0.000000    0.000000    0.000000   clock __VIRTUAL_CLK__ (rise edge)
                                  0.000000    0.000000   clock network delay (ideal)
                                  8.000000    8.000000 ^ input external delay
     1    0.009144    0.047534    0.033130    8.033130 ^ operand_b[1] (in)
                                                         operand_b[1] (net)
                      0.047549    0.000000    8.033130 ^ input81/A (sky130_fd_sc_hd__clkdlybuf4s25_1)
     1    0.006236    0.075597    0.281335    8.314465 ^ input81/X (sky130_fd_sc_hd__clkdlybuf4s25_1)
                                                         net81 (net)
                      0.075598    0.000409    8.314874 ^ fanout406/A (sky130_fd_sc_hd__clkdlybuf4s25_1)
     7    0.101761    1.009030    0.973063    9.287937 ^ fanout406/X (sky130_fd_sc_hd__clkdlybuf4s25_1)
                                                         net406 (net)
                      1.009044    0.003321    9.291258 ^ fanout404/A (sky130_fd_sc_hd__clkdlybuf4s25_1)
     8    0.063200    0.628611    0.836630   10.127888 ^ fanout404/X (sky130_fd_sc_hd__clkdlybuf4s25_1)
                                                         net404 (net)
                      0.628611    0.001861   10.129749 ^ fanout402/A (sky130_fd_sc_hd__clkdlybuf4s25_1)
     3    0.028626    0.291253    0.559948   10.689696 ^ fanout402/X (sky130_fd_sc_hd__clkdlybuf4s25_1)
                                                         net402 (net)
                      0.291270    0.002610   10.692307 ^ load_slew403/A (sky130_fd_sc_hd__buf_4)
     8    0.060777    0.172050    0.290256   10.982563 ^ load_slew403/X (sky130_fd_sc_hd__buf_4)
                                                         net403 (net)
                      0.172352    0.005465   10.988028 ^ fanout400/A (sky130_fd_sc_hd__clkdlybuf4s25_1)
     5    0.049851    0.498841    0.632431   11.620459 ^ fanout400/X (sky130_fd_sc_hd__clkdlybuf4s25_1)
                                                         net400 (net)
                      0.499066    0.005632   11.626091 ^ load_slew401/A (sky130_fd_sc_hd__clkbuf_2)
     6    0.056358    0.305807    0.405150   12.031240 ^ load_slew401/X (sky130_fd_sc_hd__clkbuf_2)
                                                         net401 (net)
                      0.306048    0.007440   12.038681 ^ _3412_/B_N (sky130_fd_sc_hd__nor2b_2)
     4    0.022652    0.259363    0.358341   12.397021 ^ _3412_/Y (sky130_fd_sc_hd__nor2b_2)
                                                         _2625_ (net)
                      0.259391    0.002358   12.399380 ^ _3477_/C1 (sky130_fd_sc_hd__a221o_2)
     9    0.055991    0.289620    0.364719   12.764098 ^ _3477_/X (sky130_fd_sc_hd__a221o_2)
                                                         _2689_ (net)
                      0.289781    0.004052   12.768150 ^ _3684_/A2 (sky130_fd_sc_hd__a21oi_2)
     3    0.017096    0.117853    0.153912   12.922062 v _3684_/Y (sky130_fd_sc_hd__a21oi_2)
                                                         _2892_ (net)
                      0.117867    0.001078   12.923141 v _3686_/C (sky130_fd_sc_hd__or4_4)
     1    0.005284    0.085690    0.525774   13.448915 v _3686_/X (sky130_fd_sc_hd__or4_4)
                                                         _2894_ (net)
                      0.085691    0.000421   13.449335 v _3687_/A (sky130_fd_sc_hd__buf_6)
     8    0.038183    0.047158    0.164859   13.614195 v _3687_/X (sky130_fd_sc_hd__buf_6)
                                                         _2895_ (net)
                      0.047457    0.002913   13.617107 v _3771_/B2 (sky130_fd_sc_hd__a221o_2)
     2    0.008978    0.070099    0.397236   14.014344 v _3771_/X (sky130_fd_sc_hd__a221o_2)
                                                         _2977_ (net)
                      0.070100    0.000433   14.014777 v _3775_/A1 (sky130_fd_sc_hd__a21o_2)
     3    0.014455    0.060839    0.239062   14.253839 v _3775_/X (sky130_fd_sc_hd__a21o_2)
                                                         _2981_ (net)
                      0.060846    0.000700   14.254539 v _3822_/A2 (sky130_fd_sc_hd__a2111o_2)
     2    0.025342    0.122430    0.574757   14.829296 v _3822_/X (sky130_fd_sc_hd__a2111o_2)
                                                         _3027_ (net)
                      0.122481    0.002448   14.831744 v _4006_/A (sky130_fd_sc_hd__or4b_4)
     4    0.020980    0.114689    0.638798   15.470543 v _4006_/X (sky130_fd_sc_hd__or4b_4)
                                                         _3207_ (net)
                      0.114689    0.002219   15.472761 v _4091_/A (sky130_fd_sc_hd__or3_4)
     1    0.005384    0.067332    0.427375   15.900137 v _4091_/X (sky130_fd_sc_hd__or3_4)
                                                         _0073_ (net)
                      0.067333    0.000419   15.900556 v _4092_/A (sky130_fd_sc_hd__buf_6)
     8    0.060667    0.067906    0.167518   16.068073 v _4092_/X (sky130_fd_sc_hd__buf_6)
                                                         _0074_ (net)
                      0.068066    0.002940   16.071012 v _4121_/C1 (sky130_fd_sc_hd__o211a_2)
     2    0.008403    0.055927    0.144958   16.215971 v _4121_/X (sky130_fd_sc_hd__o211a_2)
                                                         _0102_ (net)
                      0.055927    0.000531   16.216503 v _4122_/C (sky130_fd_sc_hd__or3_2)
     1    0.002876    0.075476    0.424780   16.641283 v _4122_/X (sky130_fd_sc_hd__or3_2)
                                                         _0103_ (net)
                      0.075476    0.000206   16.641489 v _4167_/A2 (sky130_fd_sc_hd__a31o_2)
     2    0.037357    0.111306    0.342292   16.983780 v _4167_/X (sky130_fd_sc_hd__a31o_2)
                                                         net145 (net)
                      0.111429    0.003448   16.987228 v output145/A (sky130_fd_sc_hd__clkdlybuf4s25_1)
     1    0.038266    0.283427    0.486056   17.473284 v output145/X (sky130_fd_sc_hd__clkdlybuf4s25_1)
                                                         result[17] (net)
                      0.283448    0.002633   17.475916 v result[17] (out)
                                             17.475916   data arrival time

                      0.000000   40.000000   40.000000   clock __VIRTUAL_CLK__ (rise edge)
                                  0.000000   40.000000   clock network delay (ideal)
                                 -0.250000   39.750000   clock uncertainty
                                  0.000000   39.750000   clock reconvergence pessimism
                                 -8.000000   31.750000   output external delay
                                             31.750000   data required time
---------------------------------------------------------------------------------------------
                                             31.750000   data required time
                                            -17.475916   data arrival time
---------------------------------------------------------------------------------------------
                                             14.274083   slack (MET)


Startpoint: operand_b[1] (input port clocked by __VIRTUAL_CLK__)
Endpoint: result[19] (output port clocked by __VIRTUAL_CLK__)
Path Group: __VIRTUAL_CLK__
Path Type: max

Fanout         Cap        Slew       Delay        Time   Description
---------------------------------------------------------------------------------------------
                      0.000000    0.000000    0.000000   clock __VIRTUAL_CLK__ (rise edge)
                                  0.000000    0.000000   clock network delay (ideal)
                                  8.000000    8.000000 ^ input external delay
     1    0.009144    0.047534    0.033130    8.033130 ^ operand_b[1] (in)
                                                         operand_b[1] (net)
                      0.047549    0.000000    8.033130 ^ input81/A (sky130_fd_sc_hd__clkdlybuf4s25_1)
     1    0.006236    0.075597    0.281335    8.314465 ^ input81/X (sky130_fd_sc_hd__clkdlybuf4s25_1)
                                                         net81 (net)
                      0.075598    0.000409    8.314874 ^ fanout406/A (sky130_fd_sc_hd__clkdlybuf4s25_1)
     7    0.101761    1.009030    0.973063    9.287937 ^ fanout406/X (sky130_fd_sc_hd__clkdlybuf4s25_1)
                                                         net406 (net)
                      1.009044    0.003321    9.291258 ^ fanout404/A (sky130_fd_sc_hd__clkdlybuf4s25_1)
     8    0.063200    0.628611    0.836630   10.127888 ^ fanout404/X (sky130_fd_sc_hd__clkdlybuf4s25_1)
                                                         net404 (net)
                      0.628611    0.001861   10.129749 ^ fanout402/A (sky130_fd_sc_hd__clkdlybuf4s25_1)
     3    0.028626    0.291253    0.559948   10.689696 ^ fanout402/X (sky130_fd_sc_hd__clkdlybuf4s25_1)
                                                         net402 (net)
                      0.291270    0.002610   10.692307 ^ load_slew403/A (sky130_fd_sc_hd__buf_4)
     8    0.060777    0.172050    0.290256   10.982563 ^ load_slew403/X (sky130_fd_sc_hd__buf_4)
                                                         net403 (net)
                      0.172352    0.005465   10.988028 ^ fanout400/A (sky130_fd_sc_hd__clkdlybuf4s25_1)
     5    0.049851    0.498841    0.632431   11.620459 ^ fanout400/X (sky130_fd_sc_hd__clkdlybuf4s25_1)
                                                         net400 (net)
                      0.499066    0.005632   11.626091 ^ load_slew401/A (sky130_fd_sc_hd__clkbuf_2)
     6    0.056358    0.305807    0.405150   12.031240 ^ load_slew401/X (sky130_fd_sc_hd__clkbuf_2)
                                                         net401 (net)
                      0.306048    0.007440   12.038681 ^ _3412_/B_N (sky130_fd_sc_hd__nor2b_2)
     4    0.022652    0.259363    0.358341   12.397021 ^ _3412_/Y (sky130_fd_sc_hd__nor2b_2)
                                                         _2625_ (net)
                      0.259391    0.002358   12.399380 ^ _3477_/C1 (sky130_fd_sc_hd__a221o_2)
     9    0.055991    0.289620    0.364719   12.764098 ^ _3477_/X (sky130_fd_sc_hd__a221o_2)
                                                         _2689_ (net)
                      0.289781    0.004052   12.768150 ^ _3684_/A2 (sky130_fd_sc_hd__a21oi_2)
     3    0.017096    0.117853    0.153912   12.922062 v _3684_/Y (sky130_fd_sc_hd__a21oi_2)
                                                         _2892_ (net)
                      0.117867    0.001078   12.923141 v _3686_/C (sky130_fd_sc_hd__or4_4)
     1    0.005284    0.085690    0.525774   13.448915 v _3686_/X (sky130_fd_sc_hd__or4_4)
                                                         _2894_ (net)
                      0.085691    0.000421   13.449335 v _3687_/A (sky130_fd_sc_hd__buf_6)
     8    0.038183    0.047158    0.164859   13.614195 v _3687_/X (sky130_fd_sc_hd__buf_6)
                                                         _2895_ (net)
                      0.047457    0.002913   13.617107 v _3771_/B2 (sky130_fd_sc_hd__a221o_2)
     2    0.008978    0.070099    0.397236   14.014344 v _3771_/X (sky130_fd_sc_hd__a221o_2)
                                                         _2977_ (net)
                      0.070100    0.000433   14.014777 v _3775_/A1 (sky130_fd_sc_hd__a21o_2)
     3    0.014455    0.060839    0.239062   14.253839 v _3775_/X (sky130_fd_sc_hd__a21o_2)
                                                         _2981_ (net)
                      0.060846    0.000700   14.254539 v _3822_/A2 (sky130_fd_sc_hd__a2111o_2)
     2    0.025342    0.122430    0.574757   14.829296 v _3822_/X (sky130_fd_sc_hd__a2111o_2)
                                                         _3027_ (net)
                      0.122481    0.002448   14.831744 v _4006_/A (sky130_fd_sc_hd__or4b_4)
     4    0.020980    0.114689    0.638798   15.470543 v _4006_/X (sky130_fd_sc_hd__or4b_4)
                                                         _3207_ (net)
                      0.114689    0.002059   15.472602 v _4178_/A (sky130_fd_sc_hd__or4_4)
     3    0.017577    0.110265    0.625459   16.098061 v _4178_/X (sky130_fd_sc_hd__or4_4)
                                                         _0158_ (net)
                      0.110265    0.001576   16.099636 v _4217_/A (sky130_fd_sc_hd__or3_2)
     1    0.004318    0.082698    0.521901   16.621536 v _4217_/X (sky130_fd_sc_hd__or3_2)
                                                         _0196_ (net)
                      0.082698    0.000412   16.621948 v _4246_/A3 (sky130_fd_sc_hd__a31o_2)
     2    0.016062    0.068190    0.309168   16.931116 v _4246_/X (sky130_fd_sc_hd__a31o_2)
                                                         net147 (net)
                      0.068313    0.002121   16.933237 v output147/A (sky130_fd_sc_hd__clkdlybuf4s25_1)
     1    0.036588    0.272400    0.456597   17.389833 v output147/X (sky130_fd_sc_hd__clkdlybuf4s25_1)
                                                         result[19] (net)
                      0.272436    0.003261   17.393095 v result[19] (out)
                                             17.393095   data arrival time

                      0.000000   40.000000   40.000000   clock __VIRTUAL_CLK__ (rise edge)
                                  0.000000   40.000000   clock network delay (ideal)
                                 -0.250000   39.750000   clock uncertainty
                                  0.000000   39.750000   clock reconvergence pessimism
                                 -8.000000   31.750000   output external delay
                                             31.750000   data required time
---------------------------------------------------------------------------------------------
                                             31.750000   data required time
                                            -17.393095   data arrival time
---------------------------------------------------------------------------------------------
                                             14.356904   slack (MET)


Startpoint: operand_b[1] (input port clocked by __VIRTUAL_CLK__)
Endpoint: result[23] (output port clocked by __VIRTUAL_CLK__)
Path Group: __VIRTUAL_CLK__
Path Type: max

Fanout         Cap        Slew       Delay        Time   Description
---------------------------------------------------------------------------------------------
                      0.000000    0.000000    0.000000   clock __VIRTUAL_CLK__ (rise edge)
                                  0.000000    0.000000   clock network delay (ideal)
                                  8.000000    8.000000 ^ input external delay
     1    0.009144    0.047534    0.033130    8.033130 ^ operand_b[1] (in)
                                                         operand_b[1] (net)
                      0.047549    0.000000    8.033130 ^ input81/A (sky130_fd_sc_hd__clkdlybuf4s25_1)
     1    0.006236    0.075597    0.281335    8.314465 ^ input81/X (sky130_fd_sc_hd__clkdlybuf4s25_1)
                                                         net81 (net)
                      0.075598    0.000409    8.314874 ^ fanout406/A (sky130_fd_sc_hd__clkdlybuf4s25_1)
     7    0.101761    1.009030    0.973063    9.287937 ^ fanout406/X (sky130_fd_sc_hd__clkdlybuf4s25_1)
                                                         net406 (net)
                      1.009044    0.003321    9.291258 ^ fanout404/A (sky130_fd_sc_hd__clkdlybuf4s25_1)
     8    0.063200    0.628611    0.836630   10.127888 ^ fanout404/X (sky130_fd_sc_hd__clkdlybuf4s25_1)
                                                         net404 (net)
                      0.628611    0.001861   10.129749 ^ fanout402/A (sky130_fd_sc_hd__clkdlybuf4s25_1)
     3    0.028626    0.291253    0.559948   10.689696 ^ fanout402/X (sky130_fd_sc_hd__clkdlybuf4s25_1)
                                                         net402 (net)
                      0.291270    0.002610   10.692307 ^ load_slew403/A (sky130_fd_sc_hd__buf_4)
     8    0.060777    0.172050    0.290256   10.982563 ^ load_slew403/X (sky130_fd_sc_hd__buf_4)
                                                         net403 (net)
                      0.172352    0.005465   10.988028 ^ fanout400/A (sky130_fd_sc_hd__clkdlybuf4s25_1)
     5    0.049851    0.498841    0.632431   11.620459 ^ fanout400/X (sky130_fd_sc_hd__clkdlybuf4s25_1)
                                                         net400 (net)
                      0.499066    0.005632   11.626091 ^ load_slew401/A (sky130_fd_sc_hd__clkbuf_2)
     6    0.056358    0.305807    0.405150   12.031240 ^ load_slew401/X (sky130_fd_sc_hd__clkbuf_2)
                                                         net401 (net)
                      0.306048    0.007440   12.038681 ^ _3412_/B_N (sky130_fd_sc_hd__nor2b_2)
     4    0.022652    0.259363    0.358341   12.397021 ^ _3412_/Y (sky130_fd_sc_hd__nor2b_2)
                                                         _2625_ (net)
                      0.259391    0.002358   12.399380 ^ _3477_/C1 (sky130_fd_sc_hd__a221o_2)
     9    0.055991    0.289620    0.364719   12.764098 ^ _3477_/X (sky130_fd_sc_hd__a221o_2)
                                                         _2689_ (net)
                      0.289781    0.004052   12.768150 ^ _3684_/A2 (sky130_fd_sc_hd__a21oi_2)
     3    0.017096    0.117853    0.153912   12.922062 v _3684_/Y (sky130_fd_sc_hd__a21oi_2)
                                                         _2892_ (net)
                      0.117867    0.001078   12.923141 v _3686_/C (sky130_fd_sc_hd__or4_4)
     1    0.005284    0.085690    0.525774   13.448915 v _3686_/X (sky130_fd_sc_hd__or4_4)
                                                         _2894_ (net)
                      0.085691    0.000421   13.449335 v _3687_/A (sky130_fd_sc_hd__buf_6)
     8    0.038183    0.047158    0.164859   13.614195 v _3687_/X (sky130_fd_sc_hd__buf_6)
                                                         _2895_ (net)
                      0.047457    0.002913   13.617107 v _3771_/B2 (sky130_fd_sc_hd__a221o_2)
     2    0.008978    0.070099    0.397236   14.014344 v _3771_/X (sky130_fd_sc_hd__a221o_2)
                                                         _2977_ (net)
                      0.070100    0.000433   14.014777 v _3775_/A1 (sky130_fd_sc_hd__a21o_2)
     3    0.014455    0.060839    0.239062   14.253839 v _3775_/X (sky130_fd_sc_hd__a21o_2)
                                                         _2981_ (net)
                      0.060846    0.000700   14.254539 v _3822_/A2 (sky130_fd_sc_hd__a2111o_2)
     2    0.025342    0.122430    0.574757   14.829296 v _3822_/X (sky130_fd_sc_hd__a2111o_2)
                                                         _3027_ (net)
                      0.122481    0.002448   14.831744 v _4006_/A (sky130_fd_sc_hd__or4b_4)
     4    0.020980    0.114689    0.638798   15.470543 v _4006_/X (sky130_fd_sc_hd__or4b_4)
                                                         _3207_ (net)
                      0.114689    0.002219   15.472761 v _4091_/A (sky130_fd_sc_hd__or3_4)
     1    0.005384    0.067332    0.427375   15.900137 v _4091_/X (sky130_fd_sc_hd__or3_4)
                                                         _0073_ (net)
                      0.067333    0.000419   15.900556 v _4092_/A (sky130_fd_sc_hd__buf_6)
     8    0.060667    0.067906    0.167518   16.068073 v _4092_/X (sky130_fd_sc_hd__buf_6)
                                                         _0074_ (net)
                      0.069608    0.008995   16.077068 v _4401_/A (sky130_fd_sc_hd__or3b_2)
     1    0.004976    0.084489    0.502695   16.579763 v _4401_/X (sky130_fd_sc_hd__or3b_2)
                                                         _0376_ (net)
                      0.084489    0.000327   16.580091 v _4428_/A2 (sky130_fd_sc_hd__a31o_2)
     2    0.018865    0.073521    0.303517   16.883608 v _4428_/X (sky130_fd_sc_hd__a31o_2)
                                                         net152 (net)
                      0.073557    0.001586   16.885195 v output152/A (sky130_fd_sc_hd__clkdlybuf4s25_1)
     1    0.035838    0.266680    0.455795   17.340990 v output152/X (sky130_fd_sc_hd__clkdlybuf4s25_1)
                                                         result[23] (net)
                      0.266691    0.001975   17.342964 v result[23] (out)
                                             17.342964   data arrival time

                      0.000000   40.000000   40.000000   clock __VIRTUAL_CLK__ (rise edge)
                                  0.000000   40.000000   clock network delay (ideal)
                                 -0.250000   39.750000   clock uncertainty
                                  0.000000   39.750000   clock reconvergence pessimism
                                 -8.000000   31.750000   output external delay
                                             31.750000   data required time
---------------------------------------------------------------------------------------------
                                             31.750000   data required time
                                            -17.342964   data arrival time
---------------------------------------------------------------------------------------------
                                             14.407034   slack (MET)


Startpoint: operand_b[1] (input port clocked by __VIRTUAL_CLK__)
Endpoint: result[20] (output port clocked by __VIRTUAL_CLK__)
Path Group: __VIRTUAL_CLK__
Path Type: max

Fanout         Cap        Slew       Delay        Time   Description
---------------------------------------------------------------------------------------------
                      0.000000    0.000000    0.000000   clock __VIRTUAL_CLK__ (rise edge)
                                  0.000000    0.000000   clock network delay (ideal)
                                  8.000000    8.000000 ^ input external delay
     1    0.009144    0.047534    0.033130    8.033130 ^ operand_b[1] (in)
                                                         operand_b[1] (net)
                      0.047549    0.000000    8.033130 ^ input81/A (sky130_fd_sc_hd__clkdlybuf4s25_1)
     1    0.006236    0.075597    0.281335    8.314465 ^ input81/X (sky130_fd_sc_hd__clkdlybuf4s25_1)
                                                         net81 (net)
                      0.075598    0.000409    8.314874 ^ fanout406/A (sky130_fd_sc_hd__clkdlybuf4s25_1)
     7    0.101761    1.009030    0.973063    9.287937 ^ fanout406/X (sky130_fd_sc_hd__clkdlybuf4s25_1)
                                                         net406 (net)
                      1.009044    0.003321    9.291258 ^ fanout404/A (sky130_fd_sc_hd__clkdlybuf4s25_1)
     8    0.063200    0.628611    0.836630   10.127888 ^ fanout404/X (sky130_fd_sc_hd__clkdlybuf4s25_1)
                                                         net404 (net)
                      0.628611    0.001861   10.129749 ^ fanout402/A (sky130_fd_sc_hd__clkdlybuf4s25_1)
     3    0.028626    0.291253    0.559948   10.689696 ^ fanout402/X (sky130_fd_sc_hd__clkdlybuf4s25_1)
                                                         net402 (net)
                      0.291270    0.002610   10.692307 ^ load_slew403/A (sky130_fd_sc_hd__buf_4)
     8    0.060777    0.172050    0.290256   10.982563 ^ load_slew403/X (sky130_fd_sc_hd__buf_4)
                                                         net403 (net)
                      0.172352    0.005465   10.988028 ^ fanout400/A (sky130_fd_sc_hd__clkdlybuf4s25_1)
     5    0.049851    0.498841    0.632431   11.620459 ^ fanout400/X (sky130_fd_sc_hd__clkdlybuf4s25_1)
                                                         net400 (net)
                      0.499066    0.005632   11.626091 ^ load_slew401/A (sky130_fd_sc_hd__clkbuf_2)
     6    0.056358    0.305807    0.405150   12.031240 ^ load_slew401/X (sky130_fd_sc_hd__clkbuf_2)
                                                         net401 (net)
                      0.306048    0.007440   12.038681 ^ _3412_/B_N (sky130_fd_sc_hd__nor2b_2)
     4    0.022652    0.259363    0.358341   12.397021 ^ _3412_/Y (sky130_fd_sc_hd__nor2b_2)
                                                         _2625_ (net)
                      0.259391    0.002358   12.399380 ^ _3477_/C1 (sky130_fd_sc_hd__a221o_2)
     9    0.055991    0.289620    0.364719   12.764098 ^ _3477_/X (sky130_fd_sc_hd__a221o_2)
                                                         _2689_ (net)
                      0.289781    0.004052   12.768150 ^ _3684_/A2 (sky130_fd_sc_hd__a21oi_2)
     3    0.017096    0.117853    0.153912   12.922062 v _3684_/Y (sky130_fd_sc_hd__a21oi_2)
                                                         _2892_ (net)
                      0.117867    0.001078   12.923141 v _3686_/C (sky130_fd_sc_hd__or4_4)
     1    0.005284    0.085690    0.525774   13.448915 v _3686_/X (sky130_fd_sc_hd__or4_4)
                                                         _2894_ (net)
                      0.085691    0.000421   13.449335 v _3687_/A (sky130_fd_sc_hd__buf_6)
     8    0.038183    0.047158    0.164859   13.614195 v _3687_/X (sky130_fd_sc_hd__buf_6)
                                                         _2895_ (net)
                      0.047457    0.002913   13.617107 v _3771_/B2 (sky130_fd_sc_hd__a221o_2)
     2    0.008978    0.070099    0.397236   14.014344 v _3771_/X (sky130_fd_sc_hd__a221o_2)
                                                         _2977_ (net)
                      0.070100    0.000433   14.014777 v _3775_/A1 (sky130_fd_sc_hd__a21o_2)
     3    0.014455    0.060839    0.239062   14.253839 v _3775_/X (sky130_fd_sc_hd__a21o_2)
                                                         _2981_ (net)
                      0.060846    0.000700   14.254539 v _3822_/A2 (sky130_fd_sc_hd__a2111o_2)
     2    0.025342    0.122430    0.574757   14.829296 v _3822_/X (sky130_fd_sc_hd__a2111o_2)
                                                         _3027_ (net)
                      0.122481    0.002448   14.831744 v _4006_/A (sky130_fd_sc_hd__or4b_4)
     4    0.020980    0.114689    0.638798   15.470543 v _4006_/X (sky130_fd_sc_hd__or4b_4)
                                                         _3207_ (net)
                      0.114689    0.002251   15.472794 v _4265_/A (sky130_fd_sc_hd__or4_2)
     5    0.032253    0.198750    0.863443   16.336235 v _4265_/X (sky130_fd_sc_hd__or4_2)
                                                         _0243_ (net)
                      0.198761    0.001736   16.337971 v _4266_/B (sky130_fd_sc_hd__xnor2_2)
     1    0.003778    0.120672    0.184667   16.522638 ^ _4266_/Y (sky130_fd_sc_hd__xnor2_2)
                                                         _0244_ (net)
                      0.120672    0.000167   16.522804 ^ _4297_/A2 (sky130_fd_sc_hd__a21o_2)
     2    0.022019    0.117770    0.214154   16.736959 ^ _4297_/X (sky130_fd_sc_hd__a21o_2)
                                                         net149 (net)
                      0.117771    0.000689   16.737648 ^ output149/A (sky130_fd_sc_hd__clkdlybuf4s25_1)
     1    0.039169    0.394849    0.542418   17.280066 ^ output149/X (sky130_fd_sc_hd__clkdlybuf4s25_1)
                                                         result[20] (net)
                      0.394862    0.002823   17.282888 ^ result[20] (out)
                                             17.282888   data arrival time

                      0.000000   40.000000   40.000000   clock __VIRTUAL_CLK__ (rise edge)
                                  0.000000   40.000000   clock network delay (ideal)
                                 -0.250000   39.750000   clock uncertainty
                                  0.000000   39.750000   clock reconvergence pessimism
                                 -8.000000   31.750000   output external delay
                                             31.750000   data required time
---------------------------------------------------------------------------------------------
                                             31.750000   data required time
                                            -17.282888   data arrival time
---------------------------------------------------------------------------------------------
                                             14.467111   slack (MET)


Startpoint: operand_b[1] (input port clocked by __VIRTUAL_CLK__)
Endpoint: result[18] (output port clocked by __VIRTUAL_CLK__)
Path Group: __VIRTUAL_CLK__
Path Type: max

Fanout         Cap        Slew       Delay        Time   Description
---------------------------------------------------------------------------------------------
                      0.000000    0.000000    0.000000   clock __VIRTUAL_CLK__ (rise edge)
                                  0.000000    0.000000   clock network delay (ideal)
                                  8.000000    8.000000 ^ input external delay
     1    0.009144    0.047534    0.033130    8.033130 ^ operand_b[1] (in)
                                                         operand_b[1] (net)
                      0.047549    0.000000    8.033130 ^ input81/A (sky130_fd_sc_hd__clkdlybuf4s25_1)
     1    0.006236    0.075597    0.281335    8.314465 ^ input81/X (sky130_fd_sc_hd__clkdlybuf4s25_1)
                                                         net81 (net)
                      0.075598    0.000409    8.314874 ^ fanout406/A (sky130_fd_sc_hd__clkdlybuf4s25_1)
     7    0.101761    1.009030    0.973063    9.287937 ^ fanout406/X (sky130_fd_sc_hd__clkdlybuf4s25_1)
                                                         net406 (net)
                      1.009044    0.003321    9.291258 ^ fanout404/A (sky130_fd_sc_hd__clkdlybuf4s25_1)
     8    0.063200    0.628611    0.836630   10.127888 ^ fanout404/X (sky130_fd_sc_hd__clkdlybuf4s25_1)
                                                         net404 (net)
                      0.628611    0.001861   10.129749 ^ fanout402/A (sky130_fd_sc_hd__clkdlybuf4s25_1)
     3    0.028626    0.291253    0.559948   10.689696 ^ fanout402/X (sky130_fd_sc_hd__clkdlybuf4s25_1)
                                                         net402 (net)
                      0.291270    0.002610   10.692307 ^ load_slew403/A (sky130_fd_sc_hd__buf_4)
     8    0.060777    0.172050    0.290256   10.982563 ^ load_slew403/X (sky130_fd_sc_hd__buf_4)
                                                         net403 (net)
                      0.172352    0.005465   10.988028 ^ fanout400/A (sky130_fd_sc_hd__clkdlybuf4s25_1)
     5    0.049851    0.498841    0.632431   11.620459 ^ fanout400/X (sky130_fd_sc_hd__clkdlybuf4s25_1)
                                                         net400 (net)
                      0.499066    0.005632   11.626091 ^ load_slew401/A (sky130_fd_sc_hd__clkbuf_2)
     6    0.056358    0.305807    0.405150   12.031240 ^ load_slew401/X (sky130_fd_sc_hd__clkbuf_2)
                                                         net401 (net)
                      0.306048    0.007440   12.038681 ^ _3412_/B_N (sky130_fd_sc_hd__nor2b_2)
     4    0.022652    0.259363    0.358341   12.397021 ^ _3412_/Y (sky130_fd_sc_hd__nor2b_2)
                                                         _2625_ (net)
                      0.259391    0.002358   12.399380 ^ _3477_/C1 (sky130_fd_sc_hd__a221o_2)
     9    0.055991    0.289620    0.364719   12.764098 ^ _3477_/X (sky130_fd_sc_hd__a221o_2)
                                                         _2689_ (net)
                      0.289781    0.004052   12.768150 ^ _3684_/A2 (sky130_fd_sc_hd__a21oi_2)
     3    0.017096    0.117853    0.153912   12.922062 v _3684_/Y (sky130_fd_sc_hd__a21oi_2)
                                                         _2892_ (net)
                      0.117867    0.001078   12.923141 v _3686_/C (sky130_fd_sc_hd__or4_4)
     1    0.005284    0.085690    0.525774   13.448915 v _3686_/X (sky130_fd_sc_hd__or4_4)
                                                         _2894_ (net)
                      0.085691    0.000421   13.449335 v _3687_/A (sky130_fd_sc_hd__buf_6)
     8    0.038183    0.047158    0.164859   13.614195 v _3687_/X (sky130_fd_sc_hd__buf_6)
                                                         _2895_ (net)
                      0.047457    0.002913   13.617107 v _3771_/B2 (sky130_fd_sc_hd__a221o_2)
     2    0.008978    0.070099    0.397236   14.014344 v _3771_/X (sky130_fd_sc_hd__a221o_2)
                                                         _2977_ (net)
                      0.070100    0.000433   14.014777 v _3775_/A1 (sky130_fd_sc_hd__a21o_2)
     3    0.014455    0.060839    0.239062   14.253839 v _3775_/X (sky130_fd_sc_hd__a21o_2)
                                                         _2981_ (net)
                      0.060846    0.000700   14.254539 v _3822_/A2 (sky130_fd_sc_hd__a2111o_2)
     2    0.025342    0.122430    0.574757   14.829296 v _3822_/X (sky130_fd_sc_hd__a2111o_2)
                                                         _3027_ (net)
                      0.122481    0.002448   14.831744 v _4006_/A (sky130_fd_sc_hd__or4b_4)
     4    0.020980    0.114689    0.638798   15.470543 v _4006_/X (sky130_fd_sc_hd__or4b_4)
                                                         _3207_ (net)
                      0.114689    0.002059   15.472602 v _4178_/A (sky130_fd_sc_hd__or4_4)
     3    0.017577    0.110265    0.625459   16.098061 v _4178_/X (sky130_fd_sc_hd__or4_4)
                                                         _0158_ (net)
                      0.110265    0.001783   16.099844 v _4179_/B (sky130_fd_sc_hd__xnor2_2)
     1    0.004028    0.085481    0.159078   16.258923 v _4179_/Y (sky130_fd_sc_hd__xnor2_2)
                                                         _0159_ (net)
                      0.085481    0.000178   16.259100 v _4210_/B1 (sky130_fd_sc_hd__a221o_2)
     2    0.026292    0.113490    0.442476   16.701576 v _4210_/X (sky130_fd_sc_hd__a221o_2)
                                                         net146 (net)
                      0.113549    0.002510   16.704086 v output146/A (sky130_fd_sc_hd__clkdlybuf4s25_1)
     1    0.037097    0.275047    0.480817   17.184902 v output146/X (sky130_fd_sc_hd__clkdlybuf4s25_1)
                                                         result[18] (net)
                      0.275062    0.002295   17.187199 v result[18] (out)
                                             17.187199   data arrival time

                      0.000000   40.000000   40.000000   clock __VIRTUAL_CLK__ (rise edge)
                                  0.000000   40.000000   clock network delay (ideal)
                                 -0.250000   39.750000   clock uncertainty
                                  0.000000   39.750000   clock reconvergence pessimism
                                 -8.000000   31.750000   output external delay
                                             31.750000   data required time
---------------------------------------------------------------------------------------------
                                             31.750000   data required time
                                            -17.187199   data arrival time
---------------------------------------------------------------------------------------------
                                             14.562801   slack (MET)


Startpoint: operand_b[1] (input port clocked by __VIRTUAL_CLK__)
Endpoint: result[16] (output port clocked by __VIRTUAL_CLK__)
Path Group: __VIRTUAL_CLK__
Path Type: max

Fanout         Cap        Slew       Delay        Time   Description
---------------------------------------------------------------------------------------------
                      0.000000    0.000000    0.000000   clock __VIRTUAL_CLK__ (rise edge)
                                  0.000000    0.000000   clock network delay (ideal)
                                  8.000000    8.000000 ^ input external delay
     1    0.009144    0.047534    0.033130    8.033130 ^ operand_b[1] (in)
                                                         operand_b[1] (net)
                      0.047549    0.000000    8.033130 ^ input81/A (sky130_fd_sc_hd__clkdlybuf4s25_1)
     1    0.006236    0.075597    0.281335    8.314465 ^ input81/X (sky130_fd_sc_hd__clkdlybuf4s25_1)
                                                         net81 (net)
                      0.075598    0.000409    8.314874 ^ fanout406/A (sky130_fd_sc_hd__clkdlybuf4s25_1)
     7    0.101761    1.009030    0.973063    9.287937 ^ fanout406/X (sky130_fd_sc_hd__clkdlybuf4s25_1)
                                                         net406 (net)
                      1.009044    0.003321    9.291258 ^ fanout404/A (sky130_fd_sc_hd__clkdlybuf4s25_1)
     8    0.063200    0.628611    0.836630   10.127888 ^ fanout404/X (sky130_fd_sc_hd__clkdlybuf4s25_1)
                                                         net404 (net)
                      0.628611    0.001861   10.129749 ^ fanout402/A (sky130_fd_sc_hd__clkdlybuf4s25_1)
     3    0.028626    0.291253    0.559948   10.689696 ^ fanout402/X (sky130_fd_sc_hd__clkdlybuf4s25_1)
                                                         net402 (net)
                      0.291270    0.002610   10.692307 ^ load_slew403/A (sky130_fd_sc_hd__buf_4)
     8    0.060777    0.172050    0.290256   10.982563 ^ load_slew403/X (sky130_fd_sc_hd__buf_4)
                                                         net403 (net)
                      0.172352    0.005465   10.988028 ^ fanout400/A (sky130_fd_sc_hd__clkdlybuf4s25_1)
     5    0.049851    0.498841    0.632431   11.620459 ^ fanout400/X (sky130_fd_sc_hd__clkdlybuf4s25_1)
                                                         net400 (net)
                      0.499066    0.005632   11.626091 ^ load_slew401/A (sky130_fd_sc_hd__clkbuf_2)
     6    0.056358    0.305807    0.405150   12.031240 ^ load_slew401/X (sky130_fd_sc_hd__clkbuf_2)
                                                         net401 (net)
                      0.306048    0.007440   12.038681 ^ _3412_/B_N (sky130_fd_sc_hd__nor2b_2)
     4    0.022652    0.259363    0.358341   12.397021 ^ _3412_/Y (sky130_fd_sc_hd__nor2b_2)
                                                         _2625_ (net)
                      0.259391    0.002358   12.399380 ^ _3477_/C1 (sky130_fd_sc_hd__a221o_2)
     9    0.055991    0.289620    0.364719   12.764098 ^ _3477_/X (sky130_fd_sc_hd__a221o_2)
                                                         _2689_ (net)
                      0.289781    0.004052   12.768150 ^ _3684_/A2 (sky130_fd_sc_hd__a21oi_2)
     3    0.017096    0.117853    0.153912   12.922062 v _3684_/Y (sky130_fd_sc_hd__a21oi_2)
                                                         _2892_ (net)
                      0.117867    0.001078   12.923141 v _3686_/C (sky130_fd_sc_hd__or4_4)
     1    0.005284    0.085690    0.525774   13.448915 v _3686_/X (sky130_fd_sc_hd__or4_4)
                                                         _2894_ (net)
                      0.085691    0.000421   13.449335 v _3687_/A (sky130_fd_sc_hd__buf_6)
     8    0.038183    0.047158    0.164859   13.614195 v _3687_/X (sky130_fd_sc_hd__buf_6)
                                                         _2895_ (net)
                      0.047457    0.002913   13.617107 v _3771_/B2 (sky130_fd_sc_hd__a221o_2)
     2    0.008978    0.070099    0.397236   14.014344 v _3771_/X (sky130_fd_sc_hd__a221o_2)
                                                         _2977_ (net)
                      0.070100    0.000433   14.014777 v _3775_/A1 (sky130_fd_sc_hd__a21o_2)
     3    0.014455    0.060839    0.239062   14.253839 v _3775_/X (sky130_fd_sc_hd__a21o_2)
                                                         _2981_ (net)
                      0.060846    0.000700   14.254539 v _3822_/A2 (sky130_fd_sc_hd__a2111o_2)
     2    0.025342    0.122430    0.574757   14.829296 v _3822_/X (sky130_fd_sc_hd__a2111o_2)
                                                         _3027_ (net)
                      0.122481    0.002448   14.831744 v _4006_/A (sky130_fd_sc_hd__or4b_4)
     4    0.020980    0.114689    0.638798   15.470543 v _4006_/X (sky130_fd_sc_hd__or4b_4)
                                                         _3207_ (net)
                      0.114689    0.002219   15.472761 v _4091_/A (sky130_fd_sc_hd__or3_4)
     1    0.005384    0.067332    0.427375   15.900137 v _4091_/X (sky130_fd_sc_hd__or3_4)
                                                         _0073_ (net)
                      0.067333    0.000419   15.900556 v _4092_/A (sky130_fd_sc_hd__buf_6)
     8    0.060667    0.067906    0.167518   16.068073 v _4092_/X (sky130_fd_sc_hd__buf_6)
                                                         _0074_ (net)
                      0.068922    0.007093   16.075167 v _4093_/B (sky130_fd_sc_hd__xnor2_2)
     1    0.003211    0.065228    0.137828   16.212994 v _4093_/Y (sky130_fd_sc_hd__xnor2_2)
                                                         _0075_ (net)
                      0.065229    0.000224   16.213219 v _4117_/B1 (sky130_fd_sc_hd__a221o_2)
     2    0.017827    0.091673    0.410648   16.623865 v _4117_/X (sky130_fd_sc_hd__a221o_2)
                                                         net144 (net)
                      0.091697    0.001508   16.625374 v output144/A (sky130_fd_sc_hd__clkdlybuf4s25_1)
     1    0.038643    0.286475    0.479034   17.104406 v output144/X (sky130_fd_sc_hd__clkdlybuf4s25_1)
                                                         result[16] (net)
                      0.286497    0.002741   17.107149 v result[16] (out)
                                             17.107149   data arrival time

                      0.000000   40.000000   40.000000   clock __VIRTUAL_CLK__ (rise edge)
                                  0.000000   40.000000   clock network delay (ideal)
                                 -0.250000   39.750000   clock uncertainty
                                  0.000000   39.750000   clock reconvergence pessimism
                                 -8.000000   31.750000   output external delay
                                             31.750000   data required time
---------------------------------------------------------------------------------------------
                                             31.750000   data required time
                                            -17.107149   data arrival time
---------------------------------------------------------------------------------------------
                                             14.642851   slack (MET)


Startpoint: operand_b[1] (input port clocked by __VIRTUAL_CLK__)
Endpoint: result[15] (output port clocked by __VIRTUAL_CLK__)
Path Group: __VIRTUAL_CLK__
Path Type: max

Fanout         Cap        Slew       Delay        Time   Description
---------------------------------------------------------------------------------------------
                      0.000000    0.000000    0.000000   clock __VIRTUAL_CLK__ (rise edge)
                                  0.000000    0.000000   clock network delay (ideal)
                                  8.000000    8.000000 ^ input external delay
     1    0.009144    0.047534    0.033130    8.033130 ^ operand_b[1] (in)
                                                         operand_b[1] (net)
                      0.047549    0.000000    8.033130 ^ input81/A (sky130_fd_sc_hd__clkdlybuf4s25_1)
     1    0.006236    0.075597    0.281335    8.314465 ^ input81/X (sky130_fd_sc_hd__clkdlybuf4s25_1)
                                                         net81 (net)
                      0.075598    0.000409    8.314874 ^ fanout406/A (sky130_fd_sc_hd__clkdlybuf4s25_1)
     7    0.101761    1.009030    0.973063    9.287937 ^ fanout406/X (sky130_fd_sc_hd__clkdlybuf4s25_1)
                                                         net406 (net)
                      1.009044    0.003321    9.291258 ^ fanout404/A (sky130_fd_sc_hd__clkdlybuf4s25_1)
     8    0.063200    0.628611    0.836630   10.127888 ^ fanout404/X (sky130_fd_sc_hd__clkdlybuf4s25_1)
                                                         net404 (net)
                      0.628611    0.001861   10.129749 ^ fanout402/A (sky130_fd_sc_hd__clkdlybuf4s25_1)
     3    0.028626    0.291253    0.559948   10.689696 ^ fanout402/X (sky130_fd_sc_hd__clkdlybuf4s25_1)
                                                         net402 (net)
                      0.291270    0.002610   10.692307 ^ load_slew403/A (sky130_fd_sc_hd__buf_4)
     8    0.060777    0.172050    0.290256   10.982563 ^ load_slew403/X (sky130_fd_sc_hd__buf_4)
                                                         net403 (net)
                      0.172352    0.005465   10.988028 ^ fanout400/A (sky130_fd_sc_hd__clkdlybuf4s25_1)
     5    0.049851    0.498841    0.632431   11.620459 ^ fanout400/X (sky130_fd_sc_hd__clkdlybuf4s25_1)
                                                         net400 (net)
                      0.499066    0.005632   11.626091 ^ load_slew401/A (sky130_fd_sc_hd__clkbuf_2)
     6    0.056358    0.305807    0.405150   12.031240 ^ load_slew401/X (sky130_fd_sc_hd__clkbuf_2)
                                                         net401 (net)
                      0.306048    0.007440   12.038681 ^ _3412_/B_N (sky130_fd_sc_hd__nor2b_2)
     4    0.022652    0.259363    0.358341   12.397021 ^ _3412_/Y (sky130_fd_sc_hd__nor2b_2)
                                                         _2625_ (net)
                      0.259391    0.002358   12.399380 ^ _3477_/C1 (sky130_fd_sc_hd__a221o_2)
     9    0.055991    0.289620    0.364719   12.764098 ^ _3477_/X (sky130_fd_sc_hd__a221o_2)
                                                         _2689_ (net)
                      0.289781    0.004052   12.768150 ^ _3684_/A2 (sky130_fd_sc_hd__a21oi_2)
     3    0.017096    0.117853    0.153912   12.922062 v _3684_/Y (sky130_fd_sc_hd__a21oi_2)
                                                         _2892_ (net)
                      0.117867    0.001078   12.923141 v _3686_/C (sky130_fd_sc_hd__or4_4)
     1    0.005284    0.085690    0.525774   13.448915 v _3686_/X (sky130_fd_sc_hd__or4_4)
                                                         _2894_ (net)
                      0.085691    0.000421   13.449335 v _3687_/A (sky130_fd_sc_hd__buf_6)
     8    0.038183    0.047158    0.164859   13.614195 v _3687_/X (sky130_fd_sc_hd__buf_6)
                                                         _2895_ (net)
                      0.047457    0.002913   13.617107 v _3771_/B2 (sky130_fd_sc_hd__a221o_2)
     2    0.008978    0.070099    0.397236   14.014344 v _3771_/X (sky130_fd_sc_hd__a221o_2)
                                                         _2977_ (net)
                      0.070100    0.000433   14.014777 v _3775_/A1 (sky130_fd_sc_hd__a21o_2)
     3    0.014455    0.060839    0.239062   14.253839 v _3775_/X (sky130_fd_sc_hd__a21o_2)
                                                         _2981_ (net)
                      0.060845    0.000640   14.254479 v _3857_/A2 (sky130_fd_sc_hd__a2111o_2)
     3    0.025206    0.122294    0.574173   14.828652 v _3857_/X (sky130_fd_sc_hd__a2111o_2)
                                                         _3061_ (net)
                      0.122360    0.002752   14.831405 v _3960_/A (sky130_fd_sc_hd__or4b_4)
     3    0.031367    0.129440    0.661815   15.493219 v _3960_/X (sky130_fd_sc_hd__or4b_4)
                                                         _3162_ (net)
                      0.129632    0.003782   15.497002 v _4047_/B (sky130_fd_sc_hd__or4_4)
     1    0.008853    0.092137    0.578634   16.075636 v _4047_/X (sky130_fd_sc_hd__or4_4)
                                                         _0030_ (net)
                      0.092137    0.000512   16.076147 v _4048_/B (sky130_fd_sc_hd__xor2_2)
     1    0.003843    0.042631    0.163071   16.239218 v _4048_/X (sky130_fd_sc_hd__xor2_2)
                                                         _0031_ (net)
                      0.042631    0.000247   16.239466 v _4065_/B1 (sky130_fd_sc_hd__a221o_2)
     2    0.010808    0.076529    0.379460   16.618925 v _4065_/X (sky130_fd_sc_hd__a221o_2)
                                                         net143 (net)
                      0.076529    0.000808   16.619734 v output143/A (sky130_fd_sc_hd__clkdlybuf4s25_1)
     1    0.035267    0.262575    0.454015   17.073750 v output143/X (sky130_fd_sc_hd__clkdlybuf4s25_1)
                                                         result[15] (net)
                      0.262586    0.001947   17.075697 v result[15] (out)
                                             17.075697   data arrival time

                      0.000000   40.000000   40.000000   clock __VIRTUAL_CLK__ (rise edge)
                                  0.000000   40.000000   clock network delay (ideal)
                                 -0.250000   39.750000   clock uncertainty
                                  0.000000   39.750000   clock reconvergence pessimism
                                 -8.000000   31.750000   output external delay
                                             31.750000   data required time
---------------------------------------------------------------------------------------------
                                             31.750000   data required time
                                            -17.075697   data arrival time
---------------------------------------------------------------------------------------------
                                             14.674303   slack (MET)


Startpoint: operand_b[1] (input port clocked by __VIRTUAL_CLK__)
Endpoint: result[14] (output port clocked by __VIRTUAL_CLK__)
Path Group: __VIRTUAL_CLK__
Path Type: max

Fanout         Cap        Slew       Delay        Time   Description
---------------------------------------------------------------------------------------------
                      0.000000    0.000000    0.000000   clock __VIRTUAL_CLK__ (rise edge)
                                  0.000000    0.000000   clock network delay (ideal)
                                  8.000000    8.000000 ^ input external delay
     1    0.009144    0.047534    0.033130    8.033130 ^ operand_b[1] (in)
                                                         operand_b[1] (net)
                      0.047549    0.000000    8.033130 ^ input81/A (sky130_fd_sc_hd__clkdlybuf4s25_1)
     1    0.006236    0.075597    0.281335    8.314465 ^ input81/X (sky130_fd_sc_hd__clkdlybuf4s25_1)
                                                         net81 (net)
                      0.075598    0.000409    8.314874 ^ fanout406/A (sky130_fd_sc_hd__clkdlybuf4s25_1)
     7    0.101761    1.009030    0.973063    9.287937 ^ fanout406/X (sky130_fd_sc_hd__clkdlybuf4s25_1)
                                                         net406 (net)
                      1.009044    0.003321    9.291258 ^ fanout404/A (sky130_fd_sc_hd__clkdlybuf4s25_1)
     8    0.063200    0.628611    0.836630   10.127888 ^ fanout404/X (sky130_fd_sc_hd__clkdlybuf4s25_1)
                                                         net404 (net)
                      0.628611    0.001861   10.129749 ^ fanout402/A (sky130_fd_sc_hd__clkdlybuf4s25_1)
     3    0.028626    0.291253    0.559948   10.689696 ^ fanout402/X (sky130_fd_sc_hd__clkdlybuf4s25_1)
                                                         net402 (net)
                      0.291270    0.002610   10.692307 ^ load_slew403/A (sky130_fd_sc_hd__buf_4)
     8    0.060777    0.172050    0.290256   10.982563 ^ load_slew403/X (sky130_fd_sc_hd__buf_4)
                                                         net403 (net)
                      0.172352    0.005465   10.988028 ^ fanout400/A (sky130_fd_sc_hd__clkdlybuf4s25_1)
     5    0.049851    0.498841    0.632431   11.620459 ^ fanout400/X (sky130_fd_sc_hd__clkdlybuf4s25_1)
                                                         net400 (net)
                      0.499066    0.005632   11.626091 ^ load_slew401/A (sky130_fd_sc_hd__clkbuf_2)
     6    0.056358    0.305807    0.405150   12.031240 ^ load_slew401/X (sky130_fd_sc_hd__clkbuf_2)
                                                         net401 (net)
                      0.306048    0.007440   12.038681 ^ _3412_/B_N (sky130_fd_sc_hd__nor2b_2)
     4    0.022652    0.259363    0.358341   12.397021 ^ _3412_/Y (sky130_fd_sc_hd__nor2b_2)
                                                         _2625_ (net)
                      0.259391    0.002358   12.399380 ^ _3477_/C1 (sky130_fd_sc_hd__a221o_2)
     9    0.055991    0.289620    0.364719   12.764098 ^ _3477_/X (sky130_fd_sc_hd__a221o_2)
                                                         _2689_ (net)
                      0.289781    0.004052   12.768150 ^ _3684_/A2 (sky130_fd_sc_hd__a21oi_2)
     3    0.017096    0.117853    0.153912   12.922062 v _3684_/Y (sky130_fd_sc_hd__a21oi_2)
                                                         _2892_ (net)
                      0.117867    0.001078   12.923141 v _3686_/C (sky130_fd_sc_hd__or4_4)
     1    0.005284    0.085690    0.525774   13.448915 v _3686_/X (sky130_fd_sc_hd__or4_4)
                                                         _2894_ (net)
                      0.085691    0.000421   13.449335 v _3687_/A (sky130_fd_sc_hd__buf_6)
     8    0.038183    0.047158    0.164859   13.614195 v _3687_/X (sky130_fd_sc_hd__buf_6)
                                                         _2895_ (net)
                      0.047457    0.002913   13.617107 v _3771_/B2 (sky130_fd_sc_hd__a221o_2)
     2    0.008978    0.070099    0.397236   14.014344 v _3771_/X (sky130_fd_sc_hd__a221o_2)
                                                         _2977_ (net)
                      0.070100    0.000433   14.014777 v _3775_/A1 (sky130_fd_sc_hd__a21o_2)
     3    0.014455    0.060839    0.239062   14.253839 v _3775_/X (sky130_fd_sc_hd__a21o_2)
                                                         _2981_ (net)
                      0.060846    0.000700   14.254539 v _3822_/A2 (sky130_fd_sc_hd__a2111o_2)
     2    0.025342    0.122430    0.574757   14.829296 v _3822_/X (sky130_fd_sc_hd__a2111o_2)
                                                         _3027_ (net)
                      0.122481    0.002448   14.831744 v _4006_/A (sky130_fd_sc_hd__or4b_4)
     4    0.020980    0.114689    0.638798   15.470543 v _4006_/X (sky130_fd_sc_hd__or4b_4)
                                                         _3207_ (net)
                      0.114689    0.001382   15.471925 v _4007_/A (sky130_fd_sc_hd__or2_2)
     1    0.009065    0.071915    0.358787   15.830711 v _4007_/X (sky130_fd_sc_hd__or2_2)
                                                         _3208_ (net)
                      0.071921    0.000730   15.831442 v _4008_/B (sky130_fd_sc_hd__xnor2_2)
     1    0.002620    0.074383    0.136827   15.968269 v _4008_/Y (sky130_fd_sc_hd__xnor2_2)
                                                         _3209_ (net)
                      0.074383    0.000128   15.968397 v _4031_/B1 (sky130_fd_sc_hd__a221o_2)
     2    0.010109    0.073812    0.387001   16.355398 v _4031_/X (sky130_fd_sc_hd__a221o_2)
                                                         net142 (net)
                      0.073907    0.001149   16.356546 v output142/A (sky130_fd_sc_hd__clkdlybuf4s25_1)
     1    0.035515    0.264383    0.454174   16.810720 v output142/X (sky130_fd_sc_hd__clkdlybuf4s25_1)
                                                         result[14] (net)
                      0.264394    0.001970   16.812691 v result[14] (out)
                                             16.812691   data arrival time

                      0.000000   40.000000   40.000000   clock __VIRTUAL_CLK__ (rise edge)
                                  0.000000   40.000000   clock network delay (ideal)
                                 -0.250000   39.750000   clock uncertainty
                                  0.000000   39.750000   clock reconvergence pessimism
                                 -8.000000   31.750000   output external delay
                                             31.750000   data required time
---------------------------------------------------------------------------------------------
                                             31.750000   data required time
                                            -16.812691   data arrival time
---------------------------------------------------------------------------------------------
                                             14.937308   slack (MET)


Startpoint: operand_b[1] (input port clocked by __VIRTUAL_CLK__)
Endpoint: result[13] (output port clocked by __VIRTUAL_CLK__)
Path Group: __VIRTUAL_CLK__
Path Type: max

Fanout         Cap        Slew       Delay        Time   Description
---------------------------------------------------------------------------------------------
                      0.000000    0.000000    0.000000   clock __VIRTUAL_CLK__ (rise edge)
                                  0.000000    0.000000   clock network delay (ideal)
                                  8.000000    8.000000 ^ input external delay
     1    0.009144    0.047534    0.033130    8.033130 ^ operand_b[1] (in)
                                                         operand_b[1] (net)
                      0.047549    0.000000    8.033130 ^ input81/A (sky130_fd_sc_hd__clkdlybuf4s25_1)
     1    0.006236    0.075597    0.281335    8.314465 ^ input81/X (sky130_fd_sc_hd__clkdlybuf4s25_1)
                                                         net81 (net)
                      0.075598    0.000409    8.314874 ^ fanout406/A (sky130_fd_sc_hd__clkdlybuf4s25_1)
     7    0.101761    1.009030    0.973063    9.287937 ^ fanout406/X (sky130_fd_sc_hd__clkdlybuf4s25_1)
                                                         net406 (net)
                      1.009044    0.003321    9.291258 ^ fanout404/A (sky130_fd_sc_hd__clkdlybuf4s25_1)
     8    0.063200    0.628611    0.836630   10.127888 ^ fanout404/X (sky130_fd_sc_hd__clkdlybuf4s25_1)
                                                         net404 (net)
                      0.628611    0.001861   10.129749 ^ fanout402/A (sky130_fd_sc_hd__clkdlybuf4s25_1)
     3    0.028626    0.291253    0.559948   10.689696 ^ fanout402/X (sky130_fd_sc_hd__clkdlybuf4s25_1)
                                                         net402 (net)
                      0.291270    0.002610   10.692307 ^ load_slew403/A (sky130_fd_sc_hd__buf_4)
     8    0.060777    0.172050    0.290256   10.982563 ^ load_slew403/X (sky130_fd_sc_hd__buf_4)
                                                         net403 (net)
                      0.172352    0.005465   10.988028 ^ fanout400/A (sky130_fd_sc_hd__clkdlybuf4s25_1)
     5    0.049851    0.498841    0.632431   11.620459 ^ fanout400/X (sky130_fd_sc_hd__clkdlybuf4s25_1)
                                                         net400 (net)
                      0.499066    0.005632   11.626091 ^ load_slew401/A (sky130_fd_sc_hd__clkbuf_2)
     6    0.056358    0.305807    0.405150   12.031240 ^ load_slew401/X (sky130_fd_sc_hd__clkbuf_2)
                                                         net401 (net)
                      0.306048    0.007440   12.038681 ^ _3412_/B_N (sky130_fd_sc_hd__nor2b_2)
     4    0.022652    0.259363    0.358341   12.397021 ^ _3412_/Y (sky130_fd_sc_hd__nor2b_2)
                                                         _2625_ (net)
                      0.259391    0.002358   12.399380 ^ _3477_/C1 (sky130_fd_sc_hd__a221o_2)
     9    0.055991    0.289620    0.364719   12.764098 ^ _3477_/X (sky130_fd_sc_hd__a221o_2)
                                                         _2689_ (net)
                      0.289781    0.004052   12.768150 ^ _3684_/A2 (sky130_fd_sc_hd__a21oi_2)
     3    0.017096    0.117853    0.153912   12.922062 v _3684_/Y (sky130_fd_sc_hd__a21oi_2)
                                                         _2892_ (net)
                      0.117867    0.001078   12.923141 v _3686_/C (sky130_fd_sc_hd__or4_4)
     1    0.005284    0.085690    0.525774   13.448915 v _3686_/X (sky130_fd_sc_hd__or4_4)
                                                         _2894_ (net)
                      0.085691    0.000421   13.449335 v _3687_/A (sky130_fd_sc_hd__buf_6)
     8    0.038183    0.047158    0.164859   13.614195 v _3687_/X (sky130_fd_sc_hd__buf_6)
                                                         _2895_ (net)
                      0.047457    0.002913   13.617107 v _3771_/B2 (sky130_fd_sc_hd__a221o_2)
     2    0.008978    0.070099    0.397236   14.014344 v _3771_/X (sky130_fd_sc_hd__a221o_2)
                                                         _2977_ (net)
                      0.070100    0.000433   14.014777 v _3775_/A1 (sky130_fd_sc_hd__a21o_2)
     3    0.014455    0.060839    0.239062   14.253839 v _3775_/X (sky130_fd_sc_hd__a21o_2)
                                                         _2981_ (net)
                      0.060845    0.000640   14.254479 v _3857_/A2 (sky130_fd_sc_hd__a2111o_2)
     3    0.025206    0.122294    0.574173   14.828652 v _3857_/X (sky130_fd_sc_hd__a2111o_2)
                                                         _3061_ (net)
                      0.122360    0.002752   14.831405 v _3960_/A (sky130_fd_sc_hd__or4b_4)
     3    0.031367    0.129440    0.661815   15.493219 v _3960_/X (sky130_fd_sc_hd__or4b_4)
                                                         _3162_ (net)
                      0.129599    0.003336   15.496555 v _3969_/A (sky130_fd_sc_hd__xor2_2)
     1    0.002855    0.050538    0.203498   15.700053 v _3969_/X (sky130_fd_sc_hd__xor2_2)
                                                         _3171_ (net)
                      0.050538    0.000142   15.700195 v _3991_/A2 (sky130_fd_sc_hd__o21a_2)
     1    0.005433    0.040192    0.208276   15.908471 v _3991_/X (sky130_fd_sc_hd__o21a_2)
                                                         _3193_ (net)
                      0.040192    0.000259   15.908731 v _3992_/B1 (sky130_fd_sc_hd__o21ai_2)
     2    0.011100    0.171008    0.081092   15.989823 ^ _3992_/Y (sky130_fd_sc_hd__o21ai_2)
                                                         net141 (net)
                      0.171009    0.000776   15.990600 ^ output141/A (sky130_fd_sc_hd__clkdlybuf4s25_1)
     1    0.035370    0.357502    0.529713   16.520313 ^ output141/X (sky130_fd_sc_hd__clkdlybuf4s25_1)
                                                         result[13] (net)
                      0.357506    0.001892   16.522205 ^ result[13] (out)
                                             16.522205   data arrival time

                      0.000000   40.000000   40.000000   clock __VIRTUAL_CLK__ (rise edge)
                                  0.000000   40.000000   clock network delay (ideal)
                                 -0.250000   39.750000   clock uncertainty
                                  0.000000   39.750000   clock reconvergence pessimism
                                 -8.000000   31.750000   output external delay
                                             31.750000   data required time
---------------------------------------------------------------------------------------------
                                             31.750000   data required time
                                            -16.522205   data arrival time
---------------------------------------------------------------------------------------------
                                             15.227795   slack (MET)


Startpoint: operand_b[1] (input port clocked by __VIRTUAL_CLK__)
Endpoint: result[11] (output port clocked by __VIRTUAL_CLK__)
Path Group: __VIRTUAL_CLK__
Path Type: max

Fanout         Cap        Slew       Delay        Time   Description
---------------------------------------------------------------------------------------------
                      0.000000    0.000000    0.000000   clock __VIRTUAL_CLK__ (rise edge)
                                  0.000000    0.000000   clock network delay (ideal)
                                  8.000000    8.000000 ^ input external delay
     1    0.009144    0.047534    0.033130    8.033130 ^ operand_b[1] (in)
                                                         operand_b[1] (net)
                      0.047549    0.000000    8.033130 ^ input81/A (sky130_fd_sc_hd__clkdlybuf4s25_1)
     1    0.006236    0.075597    0.281335    8.314465 ^ input81/X (sky130_fd_sc_hd__clkdlybuf4s25_1)
                                                         net81 (net)
                      0.075598    0.000409    8.314874 ^ fanout406/A (sky130_fd_sc_hd__clkdlybuf4s25_1)
     7    0.101761    1.009030    0.973063    9.287937 ^ fanout406/X (sky130_fd_sc_hd__clkdlybuf4s25_1)
                                                         net406 (net)
                      1.009044    0.003321    9.291258 ^ fanout404/A (sky130_fd_sc_hd__clkdlybuf4s25_1)
     8    0.063200    0.628611    0.836630   10.127888 ^ fanout404/X (sky130_fd_sc_hd__clkdlybuf4s25_1)
                                                         net404 (net)
                      0.628611    0.001861   10.129749 ^ fanout402/A (sky130_fd_sc_hd__clkdlybuf4s25_1)
     3    0.028626    0.291253    0.559948   10.689696 ^ fanout402/X (sky130_fd_sc_hd__clkdlybuf4s25_1)
                                                         net402 (net)
                      0.291270    0.002610   10.692307 ^ load_slew403/A (sky130_fd_sc_hd__buf_4)
     8    0.060777    0.172050    0.290256   10.982563 ^ load_slew403/X (sky130_fd_sc_hd__buf_4)
                                                         net403 (net)
                      0.172352    0.005465   10.988028 ^ fanout400/A (sky130_fd_sc_hd__clkdlybuf4s25_1)
     5    0.049851    0.498841    0.632431   11.620459 ^ fanout400/X (sky130_fd_sc_hd__clkdlybuf4s25_1)
                                                         net400 (net)
                      0.499066    0.005632   11.626091 ^ load_slew401/A (sky130_fd_sc_hd__clkbuf_2)
     6    0.056358    0.305807    0.405150   12.031240 ^ load_slew401/X (sky130_fd_sc_hd__clkbuf_2)
                                                         net401 (net)
                      0.306048    0.007440   12.038681 ^ _3412_/B_N (sky130_fd_sc_hd__nor2b_2)
     4    0.022652    0.259363    0.358341   12.397021 ^ _3412_/Y (sky130_fd_sc_hd__nor2b_2)
                                                         _2625_ (net)
                      0.259391    0.002358   12.399380 ^ _3477_/C1 (sky130_fd_sc_hd__a221o_2)
     9    0.055991    0.289620    0.364719   12.764098 ^ _3477_/X (sky130_fd_sc_hd__a221o_2)
                                                         _2689_ (net)
                      0.289781    0.004052   12.768150 ^ _3684_/A2 (sky130_fd_sc_hd__a21oi_2)
     3    0.017096    0.117853    0.153912   12.922062 v _3684_/Y (sky130_fd_sc_hd__a21oi_2)
                                                         _2892_ (net)
                      0.117867    0.001078   12.923141 v _3686_/C (sky130_fd_sc_hd__or4_4)
     1    0.005284    0.085690    0.525774   13.448915 v _3686_/X (sky130_fd_sc_hd__or4_4)
                                                         _2894_ (net)
                      0.085691    0.000421   13.449335 v _3687_/A (sky130_fd_sc_hd__buf_6)
     8    0.038183    0.047158    0.164859   13.614195 v _3687_/X (sky130_fd_sc_hd__buf_6)
                                                         _2895_ (net)
                      0.047457    0.002913   13.617107 v _3771_/B2 (sky130_fd_sc_hd__a221o_2)
     2    0.008978    0.070099    0.397236   14.014344 v _3771_/X (sky130_fd_sc_hd__a221o_2)
                                                         _2977_ (net)
                      0.070100    0.000433   14.014777 v _3775_/A1 (sky130_fd_sc_hd__a21o_2)
     3    0.014455    0.060839    0.239062   14.253839 v _3775_/X (sky130_fd_sc_hd__a21o_2)
                                                         _2981_ (net)
                      0.060845    0.000640   14.254479 v _3857_/A2 (sky130_fd_sc_hd__a2111o_2)
     3    0.025206    0.122294    0.574173   14.828652 v _3857_/X (sky130_fd_sc_hd__a2111o_2)
                                                         _3061_ (net)
                      0.122364    0.002829   14.831481 v _3872_/B (sky130_fd_sc_hd__or4_2)
     1    0.003556    0.102013    0.695844   15.527326 v _3872_/X (sky130_fd_sc_hd__or4_2)
                                                         _3076_ (net)
                      0.102013    0.000250   15.527576 v _3905_/A3 (sky130_fd_sc_hd__a31o_2)
     2    0.007746    0.049708    0.293060   15.820636 v _3905_/X (sky130_fd_sc_hd__a31o_2)
                                                         net139 (net)
                      0.049708    0.000519   15.821155 v output139/A (sky130_fd_sc_hd__clkdlybuf4s25_1)
     1    0.036902    0.274588    0.450639   16.271793 v output139/X (sky130_fd_sc_hd__clkdlybuf4s25_1)
                                                         result[11] (net)
                      0.274602    0.002185   16.273977 v result[11] (out)
                                             16.273977   data arrival time

                      0.000000   40.000000   40.000000   clock __VIRTUAL_CLK__ (rise edge)
                                  0.000000   40.000000   clock network delay (ideal)
                                 -0.250000   39.750000   clock uncertainty
                                  0.000000   39.750000   clock reconvergence pessimism
                                 -8.000000   31.750000   output external delay
                                             31.750000   data required time
---------------------------------------------------------------------------------------------
                                             31.750000   data required time
                                            -16.273977   data arrival time
---------------------------------------------------------------------------------------------
                                             15.476021   slack (MET)


Startpoint: operand_b[1] (input port clocked by __VIRTUAL_CLK__)
Endpoint: result[12] (output port clocked by __VIRTUAL_CLK__)
Path Group: __VIRTUAL_CLK__
Path Type: max

Fanout         Cap        Slew       Delay        Time   Description
---------------------------------------------------------------------------------------------
                      0.000000    0.000000    0.000000   clock __VIRTUAL_CLK__ (rise edge)
                                  0.000000    0.000000   clock network delay (ideal)
                                  8.000000    8.000000 ^ input external delay
     1    0.009144    0.047534    0.033130    8.033130 ^ operand_b[1] (in)
                                                         operand_b[1] (net)
                      0.047549    0.000000    8.033130 ^ input81/A (sky130_fd_sc_hd__clkdlybuf4s25_1)
     1    0.006236    0.075597    0.281335    8.314465 ^ input81/X (sky130_fd_sc_hd__clkdlybuf4s25_1)
                                                         net81 (net)
                      0.075598    0.000409    8.314874 ^ fanout406/A (sky130_fd_sc_hd__clkdlybuf4s25_1)
     7    0.101761    1.009030    0.973063    9.287937 ^ fanout406/X (sky130_fd_sc_hd__clkdlybuf4s25_1)
                                                         net406 (net)
                      1.009044    0.003321    9.291258 ^ fanout404/A (sky130_fd_sc_hd__clkdlybuf4s25_1)
     8    0.063200    0.628611    0.836630   10.127888 ^ fanout404/X (sky130_fd_sc_hd__clkdlybuf4s25_1)
                                                         net404 (net)
                      0.628611    0.001861   10.129749 ^ fanout402/A (sky130_fd_sc_hd__clkdlybuf4s25_1)
     3    0.028626    0.291253    0.559948   10.689696 ^ fanout402/X (sky130_fd_sc_hd__clkdlybuf4s25_1)
                                                         net402 (net)
                      0.291270    0.002610   10.692307 ^ load_slew403/A (sky130_fd_sc_hd__buf_4)
     8    0.060777    0.172050    0.290256   10.982563 ^ load_slew403/X (sky130_fd_sc_hd__buf_4)
                                                         net403 (net)
                      0.172352    0.005465   10.988028 ^ fanout400/A (sky130_fd_sc_hd__clkdlybuf4s25_1)
     5    0.049851    0.498841    0.632431   11.620459 ^ fanout400/X (sky130_fd_sc_hd__clkdlybuf4s25_1)
                                                         net400 (net)
                      0.499066    0.005632   11.626091 ^ load_slew401/A (sky130_fd_sc_hd__clkbuf_2)
     6    0.056358    0.305807    0.405150   12.031240 ^ load_slew401/X (sky130_fd_sc_hd__clkbuf_2)
                                                         net401 (net)
                      0.306048    0.007440   12.038681 ^ _3412_/B_N (sky130_fd_sc_hd__nor2b_2)
     4    0.022652    0.259363    0.358341   12.397021 ^ _3412_/Y (sky130_fd_sc_hd__nor2b_2)
                                                         _2625_ (net)
                      0.259391    0.002358   12.399380 ^ _3477_/C1 (sky130_fd_sc_hd__a221o_2)
     9    0.055991    0.289620    0.364719   12.764098 ^ _3477_/X (sky130_fd_sc_hd__a221o_2)
                                                         _2689_ (net)
                      0.289781    0.004052   12.768150 ^ _3684_/A2 (sky130_fd_sc_hd__a21oi_2)
     3    0.017096    0.117853    0.153912   12.922062 v _3684_/Y (sky130_fd_sc_hd__a21oi_2)
                                                         _2892_ (net)
                      0.117867    0.001078   12.923141 v _3686_/C (sky130_fd_sc_hd__or4_4)
     1    0.005284    0.085690    0.525774   13.448915 v _3686_/X (sky130_fd_sc_hd__or4_4)
                                                         _2894_ (net)
                      0.085691    0.000421   13.449335 v _3687_/A (sky130_fd_sc_hd__buf_6)
     8    0.038183    0.047158    0.164859   13.614195 v _3687_/X (sky130_fd_sc_hd__buf_6)
                                                         _2895_ (net)
                      0.047556    0.003420   13.617615 v _3814_/B (sky130_fd_sc_hd__or3_2)
     2    0.011929    0.106487    0.518936   14.136551 v _3814_/X (sky130_fd_sc_hd__or3_2)
                                                         _3019_ (net)
                      0.106487    0.001008   14.137559 v _3867_/B1 (sky130_fd_sc_hd__o2111a_2)
     1    0.001746    0.036806    0.179947   14.317506 v _3867_/X (sky130_fd_sc_hd__o2111a_2)
                                                         _3071_ (net)
                      0.036806    0.000083   14.317589 v _3870_/B (sky130_fd_sc_hd__or3b_2)
     5    0.028398    0.153827    0.570488   14.888076 v _3870_/X (sky130_fd_sc_hd__or3b_2)
                                                         _3074_ (net)
                      0.153833    0.001224   14.889300 v _3928_/D (sky130_fd_sc_hd__nand4_2)
     2    0.022467    0.163280    0.211103   15.100403 ^ _3928_/Y (sky130_fd_sc_hd__nand4_2)
                                                         _3131_ (net)
                      0.163336    0.002489   15.102892 ^ _3929_/B (sky130_fd_sc_hd__xnor2_2)
     1    0.002619    0.074463    0.072534   15.175426 v _3929_/Y (sky130_fd_sc_hd__xnor2_2)
                                                         _3132_ (net)
                      0.074463    0.000128   15.175553 v _3953_/B1 (sky130_fd_sc_hd__a221o_2)
     2    0.006871    0.064101    0.372314   15.547868 v _3953_/X (sky130_fd_sc_hd__a221o_2)
                                                         net140 (net)
                      0.064101    0.000549   15.548416 v output140/A (sky130_fd_sc_hd__clkdlybuf4s25_1)
     1    0.035955    0.267662    0.452106   16.000523 v output140/X (sky130_fd_sc_hd__clkdlybuf4s25_1)
                                                         result[12] (net)
                      0.267673    0.001993   16.002516 v result[12] (out)
                                             16.002516   data arrival time

                      0.000000   40.000000   40.000000   clock __VIRTUAL_CLK__ (rise edge)
                                  0.000000   40.000000   clock network delay (ideal)
                                 -0.250000   39.750000   clock uncertainty
                                  0.000000   39.750000   clock reconvergence pessimism
                                 -8.000000   31.750000   output external delay
                                             31.750000   data required time
---------------------------------------------------------------------------------------------
                                             31.750000   data required time
                                            -16.002516   data arrival time
---------------------------------------------------------------------------------------------
                                             15.747484   slack (MET)


Startpoint: operand_b[1] (input port clocked by __VIRTUAL_CLK__)
Endpoint: result[10] (output port clocked by __VIRTUAL_CLK__)
Path Group: __VIRTUAL_CLK__
Path Type: max

Fanout         Cap        Slew       Delay        Time   Description
---------------------------------------------------------------------------------------------
                      0.000000    0.000000    0.000000   clock __VIRTUAL_CLK__ (rise edge)
                                  0.000000    0.000000   clock network delay (ideal)
                                  8.000000    8.000000 ^ input external delay
     1    0.009144    0.047534    0.033130    8.033130 ^ operand_b[1] (in)
                                                         operand_b[1] (net)
                      0.047549    0.000000    8.033130 ^ input81/A (sky130_fd_sc_hd__clkdlybuf4s25_1)
     1    0.006236    0.075597    0.281335    8.314465 ^ input81/X (sky130_fd_sc_hd__clkdlybuf4s25_1)
                                                         net81 (net)
                      0.075598    0.000409    8.314874 ^ fanout406/A (sky130_fd_sc_hd__clkdlybuf4s25_1)
     7    0.101761    1.009030    0.973063    9.287937 ^ fanout406/X (sky130_fd_sc_hd__clkdlybuf4s25_1)
                                                         net406 (net)
                      1.009044    0.003321    9.291258 ^ fanout404/A (sky130_fd_sc_hd__clkdlybuf4s25_1)
     8    0.063200    0.628611    0.836630   10.127888 ^ fanout404/X (sky130_fd_sc_hd__clkdlybuf4s25_1)
                                                         net404 (net)
                      0.628611    0.001861   10.129749 ^ fanout402/A (sky130_fd_sc_hd__clkdlybuf4s25_1)
     3    0.028626    0.291253    0.559948   10.689696 ^ fanout402/X (sky130_fd_sc_hd__clkdlybuf4s25_1)
                                                         net402 (net)
                      0.291270    0.002610   10.692307 ^ load_slew403/A (sky130_fd_sc_hd__buf_4)
     8    0.060777    0.172050    0.290256   10.982563 ^ load_slew403/X (sky130_fd_sc_hd__buf_4)
                                                         net403 (net)
                      0.172352    0.005465   10.988028 ^ fanout400/A (sky130_fd_sc_hd__clkdlybuf4s25_1)
     5    0.049851    0.498841    0.632431   11.620459 ^ fanout400/X (sky130_fd_sc_hd__clkdlybuf4s25_1)
                                                         net400 (net)
                      0.499066    0.005632   11.626091 ^ load_slew401/A (sky130_fd_sc_hd__clkbuf_2)
     6    0.056358    0.305807    0.405150   12.031240 ^ load_slew401/X (sky130_fd_sc_hd__clkbuf_2)
                                                         net401 (net)
                      0.306048    0.007440   12.038681 ^ _3412_/B_N (sky130_fd_sc_hd__nor2b_2)
     4    0.022652    0.259363    0.358341   12.397021 ^ _3412_/Y (sky130_fd_sc_hd__nor2b_2)
                                                         _2625_ (net)
                      0.259391    0.002358   12.399380 ^ _3477_/C1 (sky130_fd_sc_hd__a221o_2)
     9    0.055991    0.289620    0.364719   12.764098 ^ _3477_/X (sky130_fd_sc_hd__a221o_2)
                                                         _2689_ (net)
                      0.289781    0.004052   12.768150 ^ _3684_/A2 (sky130_fd_sc_hd__a21oi_2)
     3    0.017096    0.117853    0.153912   12.922062 v _3684_/Y (sky130_fd_sc_hd__a21oi_2)
                                                         _2892_ (net)
                      0.117867    0.001078   12.923141 v _3686_/C (sky130_fd_sc_hd__or4_4)
     1    0.005284    0.085690    0.525774   13.448915 v _3686_/X (sky130_fd_sc_hd__or4_4)
                                                         _2894_ (net)
                      0.085691    0.000421   13.449335 v _3687_/A (sky130_fd_sc_hd__buf_6)
     8    0.038183    0.047158    0.164859   13.614195 v _3687_/X (sky130_fd_sc_hd__buf_6)
                                                         _2895_ (net)
                      0.047457    0.002913   13.617107 v _3771_/B2 (sky130_fd_sc_hd__a221o_2)
     2    0.008978    0.070099    0.397236   14.014344 v _3771_/X (sky130_fd_sc_hd__a221o_2)
                                                         _2977_ (net)
                      0.070100    0.000433   14.014777 v _3775_/A1 (sky130_fd_sc_hd__a21o_2)
     3    0.014455    0.060839    0.239062   14.253839 v _3775_/X (sky130_fd_sc_hd__a21o_2)
                                                         _2981_ (net)
                      0.060846    0.000700   14.254539 v _3822_/A2 (sky130_fd_sc_hd__a2111o_2)
     2    0.025342    0.122430    0.574757   14.829296 v _3822_/X (sky130_fd_sc_hd__a2111o_2)
                                                         _3027_ (net)
                      0.122478    0.002396   14.831693 v _3823_/A (sky130_fd_sc_hd__xnor2_2)
     1    0.005768    0.061710    0.177168   15.008861 v _3823_/Y (sky130_fd_sc_hd__xnor2_2)
                                                         _3028_ (net)
                      0.061713    0.000448   15.009308 v _3854_/B1 (sky130_fd_sc_hd__o221ai_2)
     2    0.007529    0.188373    0.194024   15.203332 ^ _3854_/Y (sky130_fd_sc_hd__o221ai_2)
                                                         net138 (net)
                      0.188374    0.000481   15.203814 ^ output138/A (sky130_fd_sc_hd__clkdlybuf4s25_1)
     1    0.035809    0.361691    0.537353   15.741167 ^ output138/X (sky130_fd_sc_hd__clkdlybuf4s25_1)
                                                         result[10] (net)
                      0.361694    0.001794   15.742961 ^ result[10] (out)
                                             15.742961   data arrival time

                      0.000000   40.000000   40.000000   clock __VIRTUAL_CLK__ (rise edge)
                                  0.000000   40.000000   clock network delay (ideal)
                                 -0.250000   39.750000   clock uncertainty
                                  0.000000   39.750000   clock reconvergence pessimism
                                 -8.000000   31.750000   output external delay
                                             31.750000   data required time
---------------------------------------------------------------------------------------------
                                             31.750000   data required time
                                            -15.742961   data arrival time
---------------------------------------------------------------------------------------------
                                             16.007038   slack (MET)


Startpoint: operand_b[1] (input port clocked by __VIRTUAL_CLK__)
Endpoint: result[8] (output port clocked by __VIRTUAL_CLK__)
Path Group: __VIRTUAL_CLK__
Path Type: max

Fanout         Cap        Slew       Delay        Time   Description
---------------------------------------------------------------------------------------------
                      0.000000    0.000000    0.000000   clock __VIRTUAL_CLK__ (rise edge)
                                  0.000000    0.000000   clock network delay (ideal)
                                  8.000000    8.000000 ^ input external delay
     1    0.009144    0.047534    0.033130    8.033130 ^ operand_b[1] (in)
                                                         operand_b[1] (net)
                      0.047549    0.000000    8.033130 ^ input81/A (sky130_fd_sc_hd__clkdlybuf4s25_1)
     1    0.006236    0.075597    0.281335    8.314465 ^ input81/X (sky130_fd_sc_hd__clkdlybuf4s25_1)
                                                         net81 (net)
                      0.075598    0.000409    8.314874 ^ fanout406/A (sky130_fd_sc_hd__clkdlybuf4s25_1)
     7    0.101761    1.009030    0.973063    9.287937 ^ fanout406/X (sky130_fd_sc_hd__clkdlybuf4s25_1)
                                                         net406 (net)
                      1.009044    0.003321    9.291258 ^ fanout404/A (sky130_fd_sc_hd__clkdlybuf4s25_1)
     8    0.063200    0.628611    0.836630   10.127888 ^ fanout404/X (sky130_fd_sc_hd__clkdlybuf4s25_1)
                                                         net404 (net)
                      0.628611    0.001861   10.129749 ^ fanout402/A (sky130_fd_sc_hd__clkdlybuf4s25_1)
     3    0.028626    0.291253    0.559948   10.689696 ^ fanout402/X (sky130_fd_sc_hd__clkdlybuf4s25_1)
                                                         net402 (net)
                      0.291270    0.002610   10.692307 ^ load_slew403/A (sky130_fd_sc_hd__buf_4)
     8    0.060777    0.172050    0.290256   10.982563 ^ load_slew403/X (sky130_fd_sc_hd__buf_4)
                                                         net403 (net)
                      0.172352    0.005465   10.988028 ^ fanout400/A (sky130_fd_sc_hd__clkdlybuf4s25_1)
     5    0.049851    0.498841    0.632431   11.620459 ^ fanout400/X (sky130_fd_sc_hd__clkdlybuf4s25_1)
                                                         net400 (net)
                      0.499066    0.005632   11.626091 ^ load_slew401/A (sky130_fd_sc_hd__clkbuf_2)
     6    0.056358    0.305807    0.405150   12.031240 ^ load_slew401/X (sky130_fd_sc_hd__clkbuf_2)
                                                         net401 (net)
                      0.306048    0.007440   12.038681 ^ _3412_/B_N (sky130_fd_sc_hd__nor2b_2)
     4    0.022652    0.259363    0.358341   12.397021 ^ _3412_/Y (sky130_fd_sc_hd__nor2b_2)
                                                         _2625_ (net)
                      0.259391    0.002358   12.399380 ^ _3477_/C1 (sky130_fd_sc_hd__a221o_2)
     9    0.055991    0.289620    0.364719   12.764098 ^ _3477_/X (sky130_fd_sc_hd__a221o_2)
                                                         _2689_ (net)
                      0.289781    0.004052   12.768150 ^ _3684_/A2 (sky130_fd_sc_hd__a21oi_2)
     3    0.017096    0.117853    0.153912   12.922062 v _3684_/Y (sky130_fd_sc_hd__a21oi_2)
                                                         _2892_ (net)
                      0.117867    0.001078   12.923141 v _3686_/C (sky130_fd_sc_hd__or4_4)
     1    0.005284    0.085690    0.525774   13.448915 v _3686_/X (sky130_fd_sc_hd__or4_4)
                                                         _2894_ (net)
                      0.085691    0.000421   13.449335 v _3687_/A (sky130_fd_sc_hd__buf_6)
     8    0.038183    0.047158    0.164859   13.614195 v _3687_/X (sky130_fd_sc_hd__buf_6)
                                                         _2895_ (net)
                      0.047201    0.001463   13.615658 v _3689_/C (sky130_fd_sc_hd__and3_2)
     3    0.015132    0.065442    0.254837   13.870495 v _3689_/X (sky130_fd_sc_hd__and3_2)
                                                         _2897_ (net)
                      0.065451    0.000826   13.871321 v _3734_/C (sky130_fd_sc_hd__or3_2)
     2    0.006085    0.087731    0.450539   14.321859 v _3734_/X (sky130_fd_sc_hd__or3_2)
                                                         _2941_ (net)
                      0.087731    0.000393   14.322252 v _3735_/D (sky130_fd_sc_hd__or4_2)
     1    0.006635    0.114627    0.599707   14.921959 v _3735_/X (sky130_fd_sc_hd__or4_2)
                                                         _2942_ (net)
                      0.114627    0.000536   14.922496 v _3765_/A3 (sky130_fd_sc_hd__a31o_2)
     2    0.022713    0.083491    0.339119   15.261615 v _3765_/X (sky130_fd_sc_hd__a31o_2)
                                                         net199 (net)
                      0.083613    0.002967   15.264581 v output199/A (sky130_fd_sc_hd__clkdlybuf4s25_1)
     1    0.036333    0.270027    0.463178   15.727759 v output199/X (sky130_fd_sc_hd__clkdlybuf4s25_1)
                                                         result[8] (net)
                      0.270036    0.001906   15.729665 v result[8] (out)
                                             15.729665   data arrival time

                      0.000000   40.000000   40.000000   clock __VIRTUAL_CLK__ (rise edge)
                                  0.000000   40.000000   clock network delay (ideal)
                                 -0.250000   39.750000   clock uncertainty
                                  0.000000   39.750000   clock reconvergence pessimism
                                 -8.000000   31.750000   output external delay
                                             31.750000   data required time
---------------------------------------------------------------------------------------------
                                             31.750000   data required time
                                            -15.729665   data arrival time
---------------------------------------------------------------------------------------------
                                             16.020334   slack (MET)


Startpoint: operand_b[1] (input port clocked by __VIRTUAL_CLK__)
Endpoint: result[9] (output port clocked by __VIRTUAL_CLK__)
Path Group: __VIRTUAL_CLK__
Path Type: max

Fanout         Cap        Slew       Delay        Time   Description
---------------------------------------------------------------------------------------------
                      0.000000    0.000000    0.000000   clock __VIRTUAL_CLK__ (rise edge)
                                  0.000000    0.000000   clock network delay (ideal)
                                  8.000000    8.000000 ^ input external delay
     1    0.009144    0.047534    0.033130    8.033130 ^ operand_b[1] (in)
                                                         operand_b[1] (net)
                      0.047549    0.000000    8.033130 ^ input81/A (sky130_fd_sc_hd__clkdlybuf4s25_1)
     1    0.006236    0.075597    0.281335    8.314465 ^ input81/X (sky130_fd_sc_hd__clkdlybuf4s25_1)
                                                         net81 (net)
                      0.075598    0.000409    8.314874 ^ fanout406/A (sky130_fd_sc_hd__clkdlybuf4s25_1)
     7    0.101761    1.009030    0.973063    9.287937 ^ fanout406/X (sky130_fd_sc_hd__clkdlybuf4s25_1)
                                                         net406 (net)
                      1.009044    0.003321    9.291258 ^ fanout404/A (sky130_fd_sc_hd__clkdlybuf4s25_1)
     8    0.063200    0.628611    0.836630   10.127888 ^ fanout404/X (sky130_fd_sc_hd__clkdlybuf4s25_1)
                                                         net404 (net)
                      0.628611    0.001861   10.129749 ^ fanout402/A (sky130_fd_sc_hd__clkdlybuf4s25_1)
     3    0.028626    0.291253    0.559948   10.689696 ^ fanout402/X (sky130_fd_sc_hd__clkdlybuf4s25_1)
                                                         net402 (net)
                      0.291270    0.002610   10.692307 ^ load_slew403/A (sky130_fd_sc_hd__buf_4)
     8    0.060777    0.172050    0.290256   10.982563 ^ load_slew403/X (sky130_fd_sc_hd__buf_4)
                                                         net403 (net)
                      0.172352    0.005465   10.988028 ^ fanout400/A (sky130_fd_sc_hd__clkdlybuf4s25_1)
     5    0.049851    0.498841    0.632431   11.620459 ^ fanout400/X (sky130_fd_sc_hd__clkdlybuf4s25_1)
                                                         net400 (net)
                      0.499066    0.005632   11.626091 ^ load_slew401/A (sky130_fd_sc_hd__clkbuf_2)
     6    0.056358    0.305807    0.405150   12.031240 ^ load_slew401/X (sky130_fd_sc_hd__clkbuf_2)
                                                         net401 (net)
                      0.306048    0.007440   12.038681 ^ _3412_/B_N (sky130_fd_sc_hd__nor2b_2)
     4    0.022652    0.259363    0.358341   12.397021 ^ _3412_/Y (sky130_fd_sc_hd__nor2b_2)
                                                         _2625_ (net)
                      0.259391    0.002358   12.399380 ^ _3477_/C1 (sky130_fd_sc_hd__a221o_2)
     9    0.055991    0.289620    0.364719   12.764098 ^ _3477_/X (sky130_fd_sc_hd__a221o_2)
                                                         _2689_ (net)
                      0.289781    0.004052   12.768150 ^ _3684_/A2 (sky130_fd_sc_hd__a21oi_2)
     3    0.017096    0.117853    0.153912   12.922062 v _3684_/Y (sky130_fd_sc_hd__a21oi_2)
                                                         _2892_ (net)
                      0.117867    0.001078   12.923141 v _3686_/C (sky130_fd_sc_hd__or4_4)
     1    0.005284    0.085690    0.525774   13.448915 v _3686_/X (sky130_fd_sc_hd__or4_4)
                                                         _2894_ (net)
                      0.085691    0.000421   13.449335 v _3687_/A (sky130_fd_sc_hd__buf_6)
     8    0.038183    0.047158    0.164859   13.614195 v _3687_/X (sky130_fd_sc_hd__buf_6)
                                                         _2895_ (net)
                      0.047201    0.001463   13.615658 v _3689_/C (sky130_fd_sc_hd__and3_2)
     3    0.015132    0.065442    0.254837   13.870495 v _3689_/X (sky130_fd_sc_hd__and3_2)
                                                         _2897_ (net)
                      0.065454    0.000898   13.871392 v _3690_/B (sky130_fd_sc_hd__nor2_2)
     3    0.019389    0.226955    0.210878   14.082270 ^ _3690_/Y (sky130_fd_sc_hd__nor2_2)
                                                         _2898_ (net)
                      0.226961    0.001057   14.083327 ^ _3777_/C (sky130_fd_sc_hd__and4b_2)
     2    0.022300    0.141938    0.355362   14.438689 ^ _3777_/X (sky130_fd_sc_hd__and4b_2)
                                                         _2983_ (net)
                      0.141992    0.002742   14.441431 ^ _3778_/B (sky130_fd_sc_hd__xnor2_2)
     1    0.003395    0.046441    0.073884   14.515315 v _3778_/Y (sky130_fd_sc_hd__xnor2_2)
                                                         _2984_ (net)
                      0.046441    0.000244   14.515559 v _3810_/B1 (sky130_fd_sc_hd__a221o_2)
     2    0.008788    0.069434    0.371464   14.887023 v _3810_/X (sky130_fd_sc_hd__a221o_2)
                                                         net200 (net)
                      0.069434    0.000673   14.887696 v output200/A (sky130_fd_sc_hd__clkdlybuf4s25_1)
     1    0.036530    0.271687    0.457685   15.345381 v output200/X (sky130_fd_sc_hd__clkdlybuf4s25_1)
                                                         result[9] (net)
                      0.271698    0.002048   15.347428 v result[9] (out)
                                             15.347428   data arrival time

                      0.000000   40.000000   40.000000   clock __VIRTUAL_CLK__ (rise edge)
                                  0.000000   40.000000   clock network delay (ideal)
                                 -0.250000   39.750000   clock uncertainty
                                  0.000000   39.750000   clock reconvergence pessimism
                                 -8.000000   31.750000   output external delay
                                             31.750000   data required time
---------------------------------------------------------------------------------------------
                                             31.750000   data required time
                                            -15.347428   data arrival time
---------------------------------------------------------------------------------------------
                                             16.402571   slack (MET)


Startpoint: operand_b[1] (input port clocked by __VIRTUAL_CLK__)
Endpoint: result[7] (output port clocked by __VIRTUAL_CLK__)
Path Group: __VIRTUAL_CLK__
Path Type: max

Fanout         Cap        Slew       Delay        Time   Description
---------------------------------------------------------------------------------------------
                      0.000000    0.000000    0.000000   clock __VIRTUAL_CLK__ (rise edge)
                                  0.000000    0.000000   clock network delay (ideal)
                                  8.000000    8.000000 ^ input external delay
     1    0.009144    0.047534    0.033130    8.033130 ^ operand_b[1] (in)
                                                         operand_b[1] (net)
                      0.047549    0.000000    8.033130 ^ input81/A (sky130_fd_sc_hd__clkdlybuf4s25_1)
     1    0.006236    0.075597    0.281335    8.314465 ^ input81/X (sky130_fd_sc_hd__clkdlybuf4s25_1)
                                                         net81 (net)
                      0.075598    0.000409    8.314874 ^ fanout406/A (sky130_fd_sc_hd__clkdlybuf4s25_1)
     7    0.101761    1.009030    0.973063    9.287937 ^ fanout406/X (sky130_fd_sc_hd__clkdlybuf4s25_1)
                                                         net406 (net)
                      1.009044    0.003321    9.291258 ^ fanout404/A (sky130_fd_sc_hd__clkdlybuf4s25_1)
     8    0.063200    0.628611    0.836630   10.127888 ^ fanout404/X (sky130_fd_sc_hd__clkdlybuf4s25_1)
                                                         net404 (net)
                      0.628611    0.001861   10.129749 ^ fanout402/A (sky130_fd_sc_hd__clkdlybuf4s25_1)
     3    0.028626    0.291253    0.559948   10.689696 ^ fanout402/X (sky130_fd_sc_hd__clkdlybuf4s25_1)
                                                         net402 (net)
                      0.291270    0.002610   10.692307 ^ load_slew403/A (sky130_fd_sc_hd__buf_4)
     8    0.060777    0.172050    0.290256   10.982563 ^ load_slew403/X (sky130_fd_sc_hd__buf_4)
                                                         net403 (net)
                      0.172352    0.005465   10.988028 ^ fanout400/A (sky130_fd_sc_hd__clkdlybuf4s25_1)
     5    0.049851    0.498841    0.632431   11.620459 ^ fanout400/X (sky130_fd_sc_hd__clkdlybuf4s25_1)
                                                         net400 (net)
                      0.499066    0.005632   11.626091 ^ load_slew401/A (sky130_fd_sc_hd__clkbuf_2)
     6    0.056358    0.305807    0.405150   12.031240 ^ load_slew401/X (sky130_fd_sc_hd__clkbuf_2)
                                                         net401 (net)
                      0.306048    0.007440   12.038681 ^ _3412_/B_N (sky130_fd_sc_hd__nor2b_2)
     4    0.022652    0.259363    0.358341   12.397021 ^ _3412_/Y (sky130_fd_sc_hd__nor2b_2)
                                                         _2625_ (net)
                      0.259391    0.002358   12.399380 ^ _3477_/C1 (sky130_fd_sc_hd__a221o_2)
     9    0.055991    0.289620    0.364719   12.764098 ^ _3477_/X (sky130_fd_sc_hd__a221o_2)
                                                         _2689_ (net)
                      0.289774    0.003865   12.767964 ^ _3511_/A3 (sky130_fd_sc_hd__a31o_2)
     4    0.018580    0.119248    0.276401   13.044365 ^ _3511_/X (sky130_fd_sc_hd__a31o_2)
                                                         _2722_ (net)
                      0.119258    0.001278   13.045643 ^ _3549_/A2 (sky130_fd_sc_hd__a211oi_2)
     1    0.002248    0.055191    0.080013   13.125656 v _3549_/Y (sky130_fd_sc_hd__a211oi_2)
                                                         _2759_ (net)
                      0.055191    0.000152   13.125809 v _3551_/B (sky130_fd_sc_hd__or3_2)
     1    0.005189    0.085067    0.482147   13.607955 v _3551_/X (sky130_fd_sc_hd__or3_2)
                                                         _2761_ (net)
                      0.085067    0.000385   13.608339 v _3552_/A (sky130_fd_sc_hd__buf_1)
     5    0.032473    0.189779    0.242397   13.850737 v _3552_/X (sky130_fd_sc_hd__buf_1)
                                                         _2762_ (net)
                      0.189792    0.001748   13.852485 v _3692_/B (sky130_fd_sc_hd__and4_2)
     2    0.013632    0.064124    0.317617   14.170102 v _3692_/X (sky130_fd_sc_hd__and4_2)
                                                         _2900_ (net)
                      0.064167    0.000956   14.171058 v _3693_/B (sky130_fd_sc_hd__xnor2_2)
     1    0.005397    0.063484    0.143620   14.314678 v _3693_/Y (sky130_fd_sc_hd__xnor2_2)
                                                         _2901_ (net)
                      0.063485    0.000392   14.315069 v _3721_/B1 (sky130_fd_sc_hd__a221oi_2)
     2    0.013825    0.337053    0.363563   14.678633 ^ _3721_/Y (sky130_fd_sc_hd__a221oi_2)
                                                         _2929_ (net)
                      0.337053    0.000722   14.679355 ^ _3722_/A (sky130_fd_sc_hd__inv_2)
     1    0.003137    0.052696    0.049694   14.729049 v _3722_/Y (sky130_fd_sc_hd__inv_2)
                                                         net198 (net)
                      0.052697    0.000243   14.729292 v output198/A (sky130_fd_sc_hd__clkdlybuf4s25_1)
     1    0.035499    0.264542    0.444489   15.173780 v output198/X (sky130_fd_sc_hd__clkdlybuf4s25_1)
                                                         result[7] (net)
                      0.264551    0.001831   15.175612 v result[7] (out)
                                             15.175612   data arrival time

                      0.000000   40.000000   40.000000   clock __VIRTUAL_CLK__ (rise edge)
                                  0.000000   40.000000   clock network delay (ideal)
                                 -0.250000   39.750000   clock uncertainty
                                  0.000000   39.750000   clock reconvergence pessimism
                                 -8.000000   31.750000   output external delay
                                             31.750000   data required time
---------------------------------------------------------------------------------------------
                                             31.750000   data required time
                                            -15.175612   data arrival time
---------------------------------------------------------------------------------------------
                                             16.574387   slack (MET)


Startpoint: operand_b[1] (input port clocked by __VIRTUAL_CLK__)
Endpoint: result[6] (output port clocked by __VIRTUAL_CLK__)
Path Group: __VIRTUAL_CLK__
Path Type: max

Fanout         Cap        Slew       Delay        Time   Description
---------------------------------------------------------------------------------------------
                      0.000000    0.000000    0.000000   clock __VIRTUAL_CLK__ (rise edge)
                                  0.000000    0.000000   clock network delay (ideal)
                                  8.000000    8.000000 ^ input external delay
     1    0.009144    0.047534    0.033130    8.033130 ^ operand_b[1] (in)
                                                         operand_b[1] (net)
                      0.047549    0.000000    8.033130 ^ input81/A (sky130_fd_sc_hd__clkdlybuf4s25_1)
     1    0.006236    0.075597    0.281335    8.314465 ^ input81/X (sky130_fd_sc_hd__clkdlybuf4s25_1)
                                                         net81 (net)
                      0.075598    0.000409    8.314874 ^ fanout406/A (sky130_fd_sc_hd__clkdlybuf4s25_1)
     7    0.101761    1.009030    0.973063    9.287937 ^ fanout406/X (sky130_fd_sc_hd__clkdlybuf4s25_1)
                                                         net406 (net)
                      1.009044    0.003321    9.291258 ^ fanout404/A (sky130_fd_sc_hd__clkdlybuf4s25_1)
     8    0.063200    0.628611    0.836630   10.127888 ^ fanout404/X (sky130_fd_sc_hd__clkdlybuf4s25_1)
                                                         net404 (net)
                      0.628611    0.001861   10.129749 ^ fanout402/A (sky130_fd_sc_hd__clkdlybuf4s25_1)
     3    0.028626    0.291253    0.559948   10.689696 ^ fanout402/X (sky130_fd_sc_hd__clkdlybuf4s25_1)
                                                         net402 (net)
                      0.291270    0.002610   10.692307 ^ load_slew403/A (sky130_fd_sc_hd__buf_4)
     8    0.060777    0.172050    0.290256   10.982563 ^ load_slew403/X (sky130_fd_sc_hd__buf_4)
                                                         net403 (net)
                      0.172352    0.005465   10.988028 ^ fanout400/A (sky130_fd_sc_hd__clkdlybuf4s25_1)
     5    0.049851    0.498841    0.632431   11.620459 ^ fanout400/X (sky130_fd_sc_hd__clkdlybuf4s25_1)
                                                         net400 (net)
                      0.499066    0.005632   11.626091 ^ load_slew401/A (sky130_fd_sc_hd__clkbuf_2)
     6    0.056358    0.305807    0.405150   12.031240 ^ load_slew401/X (sky130_fd_sc_hd__clkbuf_2)
                                                         net401 (net)
                      0.306048    0.007440   12.038681 ^ _3412_/B_N (sky130_fd_sc_hd__nor2b_2)
     4    0.022652    0.259363    0.358341   12.397021 ^ _3412_/Y (sky130_fd_sc_hd__nor2b_2)
                                                         _2625_ (net)
                      0.259391    0.002358   12.399380 ^ _3477_/C1 (sky130_fd_sc_hd__a221o_2)
     9    0.055991    0.289620    0.364719   12.764098 ^ _3477_/X (sky130_fd_sc_hd__a221o_2)
                                                         _2689_ (net)
                      0.289774    0.003865   12.767964 ^ _3511_/A3 (sky130_fd_sc_hd__a31o_2)
     4    0.018580    0.119248    0.276401   13.044365 ^ _3511_/X (sky130_fd_sc_hd__a31o_2)
                                                         _2722_ (net)
                      0.119258    0.001278   13.045643 ^ _3549_/A2 (sky130_fd_sc_hd__a211oi_2)
     1    0.002248    0.055191    0.080013   13.125656 v _3549_/Y (sky130_fd_sc_hd__a211oi_2)
                                                         _2759_ (net)
                      0.055191    0.000152   13.125809 v _3551_/B (sky130_fd_sc_hd__or3_2)
     1    0.005189    0.085067    0.482147   13.607955 v _3551_/X (sky130_fd_sc_hd__or3_2)
                                                         _2761_ (net)
                      0.085067    0.000385   13.608339 v _3552_/A (sky130_fd_sc_hd__buf_1)
     5    0.032473    0.189779    0.242397   13.850737 v _3552_/X (sky130_fd_sc_hd__buf_1)
                                                         _2762_ (net)
                      0.189805    0.002299   13.853036 v _3617_/A (sky130_fd_sc_hd__nand2_2)
     4    0.016211    0.106687    0.165405   14.018441 ^ _3617_/Y (sky130_fd_sc_hd__nand2_2)
                                                         _2826_ (net)
                      0.106690    0.000774   14.019216 ^ _3618_/B (sky130_fd_sc_hd__nor2_2)
     1    0.010943    0.131851    0.065003   14.084219 v _3618_/Y (sky130_fd_sc_hd__nor2_2)
                                                         _2827_ (net)
                      0.131851    0.000589   14.084807 v _3619_/B (sky130_fd_sc_hd__xnor2_2)
     2    0.008783    0.073369    0.185251   14.270059 v _3619_/Y (sky130_fd_sc_hd__xnor2_2)
                                                         _2828_ (net)
                      0.073370    0.000546   14.270605 v _3661_/A2 (sky130_fd_sc_hd__o21ai_2)
     1    0.005646    0.127878    0.138032   14.408636 ^ _3661_/Y (sky130_fd_sc_hd__o21ai_2)
                                                         net197 (net)
                      0.127878    0.000340   14.408977 ^ output197/A (sky130_fd_sc_hd__clkdlybuf4s25_1)
     1    0.036773    0.371368    0.528861   14.937838 ^ output197/X (sky130_fd_sc_hd__clkdlybuf4s25_1)
                                                         result[6] (net)
                      0.371372    0.001952   14.939791 ^ result[6] (out)
                                             14.939791   data arrival time

                      0.000000   40.000000   40.000000   clock __VIRTUAL_CLK__ (rise edge)
                                  0.000000   40.000000   clock network delay (ideal)
                                 -0.250000   39.750000   clock uncertainty
                                  0.000000   39.750000   clock reconvergence pessimism
                                 -8.000000   31.750000   output external delay
                                             31.750000   data required time
---------------------------------------------------------------------------------------------
                                             31.750000   data required time
                                            -14.939791   data arrival time
---------------------------------------------------------------------------------------------
                                             16.810209   slack (MET)


Startpoint: operand_b[1] (input port clocked by __VIRTUAL_CLK__)
Endpoint: result[5] (output port clocked by __VIRTUAL_CLK__)
Path Group: __VIRTUAL_CLK__
Path Type: max

Fanout         Cap        Slew       Delay        Time   Description
---------------------------------------------------------------------------------------------
                      0.000000    0.000000    0.000000   clock __VIRTUAL_CLK__ (rise edge)
                                  0.000000    0.000000   clock network delay (ideal)
                                  8.000000    8.000000 ^ input external delay
     1    0.009144    0.047534    0.033130    8.033130 ^ operand_b[1] (in)
                                                         operand_b[1] (net)
                      0.047549    0.000000    8.033130 ^ input81/A (sky130_fd_sc_hd__clkdlybuf4s25_1)
     1    0.006236    0.075597    0.281335    8.314465 ^ input81/X (sky130_fd_sc_hd__clkdlybuf4s25_1)
                                                         net81 (net)
                      0.075598    0.000409    8.314874 ^ fanout406/A (sky130_fd_sc_hd__clkdlybuf4s25_1)
     7    0.101761    1.009030    0.973063    9.287937 ^ fanout406/X (sky130_fd_sc_hd__clkdlybuf4s25_1)
                                                         net406 (net)
                      1.009044    0.003321    9.291258 ^ fanout404/A (sky130_fd_sc_hd__clkdlybuf4s25_1)
     8    0.063200    0.628611    0.836630   10.127888 ^ fanout404/X (sky130_fd_sc_hd__clkdlybuf4s25_1)
                                                         net404 (net)
                      0.628611    0.001861   10.129749 ^ fanout402/A (sky130_fd_sc_hd__clkdlybuf4s25_1)
     3    0.028626    0.291253    0.559948   10.689696 ^ fanout402/X (sky130_fd_sc_hd__clkdlybuf4s25_1)
                                                         net402 (net)
                      0.291270    0.002610   10.692307 ^ load_slew403/A (sky130_fd_sc_hd__buf_4)
     8    0.060777    0.172050    0.290256   10.982563 ^ load_slew403/X (sky130_fd_sc_hd__buf_4)
                                                         net403 (net)
                      0.172352    0.005465   10.988028 ^ fanout400/A (sky130_fd_sc_hd__clkdlybuf4s25_1)
     5    0.049851    0.498841    0.632431   11.620459 ^ fanout400/X (sky130_fd_sc_hd__clkdlybuf4s25_1)
                                                         net400 (net)
                      0.499066    0.005632   11.626091 ^ load_slew401/A (sky130_fd_sc_hd__clkbuf_2)
     6    0.056358    0.305807    0.405150   12.031240 ^ load_slew401/X (sky130_fd_sc_hd__clkbuf_2)
                                                         net401 (net)
                      0.306048    0.007440   12.038681 ^ _3412_/B_N (sky130_fd_sc_hd__nor2b_2)
     4    0.022652    0.259363    0.358341   12.397021 ^ _3412_/Y (sky130_fd_sc_hd__nor2b_2)
                                                         _2625_ (net)
                      0.259391    0.002358   12.399380 ^ _3477_/C1 (sky130_fd_sc_hd__a221o_2)
     9    0.055991    0.289620    0.364719   12.764098 ^ _3477_/X (sky130_fd_sc_hd__a221o_2)
                                                         _2689_ (net)
                      0.289774    0.003865   12.767964 ^ _3511_/A3 (sky130_fd_sc_hd__a31o_2)
     4    0.018580    0.119248    0.276401   13.044365 ^ _3511_/X (sky130_fd_sc_hd__a31o_2)
                                                         _2722_ (net)
                      0.119258    0.001278   13.045643 ^ _3549_/A2 (sky130_fd_sc_hd__a211oi_2)
     1    0.002248    0.055191    0.080013   13.125656 v _3549_/Y (sky130_fd_sc_hd__a211oi_2)
                                                         _2759_ (net)
                      0.055191    0.000152   13.125809 v _3551_/B (sky130_fd_sc_hd__or3_2)
     1    0.005189    0.085067    0.482147   13.607955 v _3551_/X (sky130_fd_sc_hd__or3_2)
                                                         _2761_ (net)
                      0.085067    0.000385   13.608339 v _3552_/A (sky130_fd_sc_hd__buf_1)
     5    0.032473    0.189779    0.242397   13.850737 v _3552_/X (sky130_fd_sc_hd__buf_1)
                                                         _2762_ (net)
                      0.189798    0.001997   13.852734 v _3561_/A (sky130_fd_sc_hd__xnor2_2)
     1    0.002716    0.071445    0.193980   14.046714 v _3561_/Y (sky130_fd_sc_hd__xnor2_2)
                                                         _2771_ (net)
                      0.071445    0.000134   14.046847 v _3605_/A2 (sky130_fd_sc_hd__a211o_2)
     2    0.008598    0.062978    0.374676   14.421524 v _3605_/X (sky130_fd_sc_hd__a211o_2)
                                                         net192 (net)
                      0.063033    0.000507   14.422031 v output192/A (sky130_fd_sc_hd__clkdlybuf4s25_1)
     1    0.037624    0.279561    0.460846   14.882876 v output192/X (sky130_fd_sc_hd__clkdlybuf4s25_1)
                                                         result[5] (net)
                      0.279571    0.001985   14.884862 v result[5] (out)
                                             14.884862   data arrival time

                      0.000000   40.000000   40.000000   clock __VIRTUAL_CLK__ (rise edge)
                                  0.000000   40.000000   clock network delay (ideal)
                                 -0.250000   39.750000   clock uncertainty
                                  0.000000   39.750000   clock reconvergence pessimism
                                 -8.000000   31.750000   output external delay
                                             31.750000   data required time
---------------------------------------------------------------------------------------------
                                             31.750000   data required time
                                            -14.884862   data arrival time
---------------------------------------------------------------------------------------------
                                             16.865137   slack (MET)


Startpoint: cmd[2] (input port clocked by __VIRTUAL_CLK__)
Endpoint: result[1] (output port clocked by __VIRTUAL_CLK__)
Path Group: __VIRTUAL_CLK__
Path Type: max

Fanout         Cap        Slew       Delay        Time   Description
---------------------------------------------------------------------------------------------
                      0.000000    0.000000    0.000000   clock __VIRTUAL_CLK__ (rise edge)
                                  0.000000    0.000000   clock network delay (ideal)
                                  8.000000    8.000000 ^ input external delay
     1    0.009406    0.048800    0.033945    8.033945 ^ cmd[2] (in)
                                                         cmd[2] (net)
                      0.048808    0.000000    8.033945 ^ input4/A (sky130_fd_sc_hd__clkdlybuf4s25_1)
     4    0.085850    0.852099    0.848609    8.882554 ^ input4/X (sky130_fd_sc_hd__clkdlybuf4s25_1)
                                                         net4 (net)
                      0.852140    0.005294    8.887849 ^ fanout526/A (sky130_fd_sc_hd__clkdlybuf4s25_1)
     7    0.082845    0.821506    0.958152    9.846001 ^ fanout526/X (sky130_fd_sc_hd__clkdlybuf4s25_1)
                                                         net526 (net)
                      0.821545    0.005069    9.851069 ^ fanout525/A (sky130_fd_sc_hd__clkdlybuf4s25_1)
     6    0.038596    0.388595    0.647886   10.498956 ^ fanout525/X (sky130_fd_sc_hd__clkdlybuf4s25_1)
                                                         net525 (net)
                      0.388595    0.001070   10.500026 ^ fanout524/A (sky130_fd_sc_hd__clkdlybuf4s25_1)
    10    0.065826    0.654700    0.791212   11.291239 ^ fanout524/X (sky130_fd_sc_hd__clkdlybuf4s25_1)
                                                         net524 (net)
                      0.654713    0.003962   11.295200 ^ _3289_/A (sky130_fd_sc_hd__inv_2)
     4    0.020973    0.152177    0.167894   11.463095 v _3289_/Y (sky130_fd_sc_hd__inv_2)
                                                         _1760_ (net)
                      0.152239    0.002603   11.465698 v _3290_/C (sky130_fd_sc_hd__and4b_2)
     1    0.015927    0.072649    0.320408   11.786106 v _3290_/X (sky130_fd_sc_hd__and4b_2)
                                                         _1770_ (net)
                      0.072837    0.003022   11.789128 v _3291_/A (sky130_fd_sc_hd__buf_1)
     5    0.044893    0.259941    0.290721   12.079849 v _3291_/X (sky130_fd_sc_hd__buf_1)
                                                         _1781_ (net)
                      0.260040    0.003046   12.082895 v _3294_/A (sky130_fd_sc_hd__nor2_2)
     2    0.013396    0.172078    0.265001   12.347897 ^ _3294_/Y (sky130_fd_sc_hd__nor2_2)
                                                         _1813_ (net)
                      0.172081    0.001182   12.349078 ^ _3302_/A (sky130_fd_sc_hd__clkbuf_2)
    10    0.095870    0.513968    0.483498   12.832576 ^ _3302_/X (sky130_fd_sc_hd__clkbuf_2)
                                                         _1897_ (net)
                      0.514047    0.005646   12.838223 ^ _3303_/B (sky130_fd_sc_hd__nor2_2)
     4    0.025888    0.157150    0.174260   13.012482 v _3303_/Y (sky130_fd_sc_hd__nor2_2)
                                                         _1908_ (net)
                      0.157218    0.001032   13.013515 v max_cap243/A (sky130_fd_sc_hd__buf_2)
     6    0.047288    0.115347    0.262368   13.275882 v max_cap243/X (sky130_fd_sc_hd__buf_2)
                                                         net243 (net)
                      0.115661    0.005484   13.281365 v _3336_/A1 (sky130_fd_sc_hd__a22oi_2)
     1    0.028405    0.388604    0.393207   13.674573 ^ _3336_/Y (sky130_fd_sc_hd__a22oi_2)
                                                         _2267_ (net)
                      0.388625    0.002434   13.677007 ^ _3337_/B (sky130_fd_sc_hd__nor2_2)
     2    0.014352    0.097933    0.113767   13.790773 v _3337_/Y (sky130_fd_sc_hd__nor2_2)
                                                         _2278_ (net)
                      0.097962    0.001435   13.792209 v _3375_/B1 (sky130_fd_sc_hd__a211o_2)
     1    0.007992    0.061281    0.356447   14.148656 v _3375_/X (sky130_fd_sc_hd__a211o_2)
                                                         net148 (net)
                      0.061281    0.000783   14.149440 v output148/A (sky130_fd_sc_hd__clkdlybuf4s25_1)
     1    0.035498    0.264453    0.448304   14.597743 v output148/X (sky130_fd_sc_hd__clkdlybuf4s25_1)
                                                         result[1] (net)
                      0.264464    0.001957   14.599700 v result[1] (out)
                                             14.599700   data arrival time

                      0.000000   40.000000   40.000000   clock __VIRTUAL_CLK__ (rise edge)
                                  0.000000   40.000000   clock network delay (ideal)
                                 -0.250000   39.750000   clock uncertainty
                                  0.000000   39.750000   clock reconvergence pessimism
                                 -8.000000   31.750000   output external delay
                                             31.750000   data required time
---------------------------------------------------------------------------------------------
                                             31.750000   data required time
                                            -14.599700   data arrival time
---------------------------------------------------------------------------------------------
                                             17.150299   slack (MET)


Startpoint: cmd[2] (input port clocked by __VIRTUAL_CLK__)
Endpoint: result[2] (output port clocked by __VIRTUAL_CLK__)
Path Group: __VIRTUAL_CLK__
Path Type: max

Fanout         Cap        Slew       Delay        Time   Description
---------------------------------------------------------------------------------------------
                      0.000000    0.000000    0.000000   clock __VIRTUAL_CLK__ (rise edge)
                                  0.000000    0.000000   clock network delay (ideal)
                                  8.000000    8.000000 ^ input external delay
     1    0.009406    0.048800    0.033945    8.033945 ^ cmd[2] (in)
                                                         cmd[2] (net)
                      0.048808    0.000000    8.033945 ^ input4/A (sky130_fd_sc_hd__clkdlybuf4s25_1)
     4    0.085850    0.852099    0.848609    8.882554 ^ input4/X (sky130_fd_sc_hd__clkdlybuf4s25_1)
                                                         net4 (net)
                      0.852140    0.005294    8.887849 ^ fanout526/A (sky130_fd_sc_hd__clkdlybuf4s25_1)
     7    0.082845    0.821506    0.958152    9.846001 ^ fanout526/X (sky130_fd_sc_hd__clkdlybuf4s25_1)
                                                         net526 (net)
                      0.821545    0.005069    9.851069 ^ fanout525/A (sky130_fd_sc_hd__clkdlybuf4s25_1)
     6    0.038596    0.388595    0.647886   10.498956 ^ fanout525/X (sky130_fd_sc_hd__clkdlybuf4s25_1)
                                                         net525 (net)
                      0.388595    0.001070   10.500026 ^ fanout524/A (sky130_fd_sc_hd__clkdlybuf4s25_1)
    10    0.065826    0.654700    0.791212   11.291239 ^ fanout524/X (sky130_fd_sc_hd__clkdlybuf4s25_1)
                                                         net524 (net)
                      0.654713    0.003962   11.295200 ^ _3289_/A (sky130_fd_sc_hd__inv_2)
     4    0.020973    0.152177    0.167894   11.463095 v _3289_/Y (sky130_fd_sc_hd__inv_2)
                                                         _1760_ (net)
                      0.152239    0.002603   11.465698 v _3290_/C (sky130_fd_sc_hd__and4b_2)
     1    0.015927    0.072649    0.320408   11.786106 v _3290_/X (sky130_fd_sc_hd__and4b_2)
                                                         _1770_ (net)
                      0.072837    0.003022   11.789128 v _3291_/A (sky130_fd_sc_hd__buf_1)
     5    0.044893    0.259941    0.290721   12.079849 v _3291_/X (sky130_fd_sc_hd__buf_1)
                                                         _1781_ (net)
                      0.260040    0.003046   12.082895 v _3294_/A (sky130_fd_sc_hd__nor2_2)
     2    0.013396    0.172078    0.265001   12.347897 ^ _3294_/Y (sky130_fd_sc_hd__nor2_2)
                                                         _1813_ (net)
                      0.172081    0.001182   12.349078 ^ _3302_/A (sky130_fd_sc_hd__clkbuf_2)
    10    0.095870    0.513968    0.483498   12.832576 ^ _3302_/X (sky130_fd_sc_hd__clkbuf_2)
                                                         _1897_ (net)
                      0.514047    0.005646   12.838223 ^ _3303_/B (sky130_fd_sc_hd__nor2_2)
     4    0.025888    0.157150    0.174260   13.012482 v _3303_/Y (sky130_fd_sc_hd__nor2_2)
                                                         _1908_ (net)
                      0.157218    0.001032   13.013515 v max_cap243/A (sky130_fd_sc_hd__buf_2)
     6    0.047288    0.115347    0.262368   13.275882 v max_cap243/X (sky130_fd_sc_hd__buf_2)
                                                         net243 (net)
                      0.115539    0.004392   13.280274 v _3386_/B2 (sky130_fd_sc_hd__a221o_2)
     1    0.010345    0.074757    0.430656   13.710930 v _3386_/X (sky130_fd_sc_hd__a221o_2)
                                                         _2599_ (net)
                      0.074768    0.000942   13.711872 v _3436_/A1 (sky130_fd_sc_hd__a221o_2)
     2    0.013390    0.081821    0.420131   14.132003 v _3436_/X (sky130_fd_sc_hd__a221o_2)
                                                         net159 (net)
                      0.081836    0.001011   14.133014 v output159/A (sky130_fd_sc_hd__clkdlybuf4s25_1)
     1    0.035914    0.267110    0.459962   14.592976 v output159/X (sky130_fd_sc_hd__clkdlybuf4s25_1)
                                                         result[2] (net)
                      0.267121    0.002036   14.595011 v result[2] (out)
                                             14.595011   data arrival time

                      0.000000   40.000000   40.000000   clock __VIRTUAL_CLK__ (rise edge)
                                  0.000000   40.000000   clock network delay (ideal)
                                 -0.250000   39.750000   clock uncertainty
                                  0.000000   39.750000   clock reconvergence pessimism
                                 -8.000000   31.750000   output external delay
                                             31.750000   data required time
---------------------------------------------------------------------------------------------
                                             31.750000   data required time
                                            -14.595011   data arrival time
---------------------------------------------------------------------------------------------
                                             17.154989   slack (MET)


Startpoint: operand_b[2] (input port clocked by __VIRTUAL_CLK__)
Endpoint: result[0] (output port clocked by __VIRTUAL_CLK__)
Path Group: __VIRTUAL_CLK__
Path Type: max

Fanout         Cap        Slew       Delay        Time   Description
---------------------------------------------------------------------------------------------
                      0.000000    0.000000    0.000000   clock __VIRTUAL_CLK__ (rise edge)
                                  0.000000    0.000000   clock network delay (ideal)
                                  8.000000    8.000000 v input external delay
     1    0.004321    0.012159    0.007406    8.007405 v operand_b[2] (in)
                                                         operand_b[2] (net)
                      0.012162    0.000000    8.007405 v input92/A (sky130_fd_sc_hd__clkdlybuf4s25_1)
     1    0.013741    0.112369    0.305190    8.312595 v input92/X (sky130_fd_sc_hd__clkdlybuf4s25_1)
                                                         net92 (net)
                      0.112390    0.001593    8.314189 v fanout355/A (sky130_fd_sc_hd__clkdlybuf4s25_1)
     6    0.050678    0.371695    0.553217    8.867406 v fanout355/X (sky130_fd_sc_hd__clkdlybuf4s25_1)
                                                         net355 (net)
                      0.372063    0.008555    8.875960 v fanout353/A (sky130_fd_sc_hd__clkdlybuf4s25_1)
     4    0.044530    0.327874    0.601115    9.477076 v fanout353/X (sky130_fd_sc_hd__clkdlybuf4s25_1)
                                                         net353 (net)
                      0.327910    0.003691    9.480766 v load_slew354/A (sky130_fd_sc_hd__buf_2)
     6    0.062897    0.151000    0.360595    9.841362 v load_slew354/X (sky130_fd_sc_hd__buf_2)
                                                         net354 (net)
                      0.151558    0.007445    9.848806 v fanout351/A (sky130_fd_sc_hd__clkdlybuf4s25_1)
     5    0.064761    0.471904    0.646796   10.495602 v fanout351/X (sky130_fd_sc_hd__clkdlybuf4s25_1)
                                                         net351 (net)
                      0.471943    0.004565   10.500167 v load_slew352/A (sky130_fd_sc_hd__buf_4)
     6    0.062754    0.094004    0.390378   10.890545 v load_slew352/X (sky130_fd_sc_hd__buf_4)
                                                         net352 (net)
                      0.094299    0.004785   10.895329 v _3266_/B (sky130_fd_sc_hd__or3_2)
     1    0.007720    0.093059    0.510532   11.405862 v _3266_/X (sky130_fd_sc_hd__or3_2)
                                                         _1513_ (net)
                      0.093059    0.000796   11.406657 v _3267_/A (sky130_fd_sc_hd__clkbuf_1)
     3    0.021603    0.128282    0.199380   11.606037 v _3267_/X (sky130_fd_sc_hd__clkbuf_1)
                                                         _1523_ (net)
                      0.128283    0.000661   11.606698 v max_cap310/A (sky130_fd_sc_hd__buf_2)
     6    0.049451    0.120102    0.252058   11.858756 v max_cap310/X (sky130_fd_sc_hd__buf_2)
                                                         net310 (net)
                      0.120404    0.004754   11.863509 v _3268_/B (sky130_fd_sc_hd__or2_2)
     1    0.005006    0.062325    0.322333   12.185843 v _3268_/X (sky130_fd_sc_hd__or2_2)
                                                         _1534_ (net)
                      0.062325    0.000380   12.186223 v _3269_/A (sky130_fd_sc_hd__clkbuf_1)
     3    0.020136    0.120263    0.178422   12.364645 v _3269_/X (sky130_fd_sc_hd__clkbuf_1)
                                                         _1545_ (net)
                      0.120272    0.001139   12.365784 v max_cap275/A (sky130_fd_sc_hd__buf_2)
     6    0.049598    0.120668    0.247541   12.613324 v max_cap275/X (sky130_fd_sc_hd__buf_2)
                                                         net275 (net)
                      0.121323    0.007288   12.620612 v _3270_/B (sky130_fd_sc_hd__or2_2)
     4    0.029231    0.120951    0.405122   13.025735 v _3270_/X (sky130_fd_sc_hd__or2_2)
                                                         _1556_ (net)
                      0.120967    0.001519   13.027253 v _3271_/D (sky130_fd_sc_hd__or4_2)
     1    0.009121    0.123483    0.627312   13.654566 v _3271_/X (sky130_fd_sc_hd__or4_2)
                                                         _1566_ (net)
                      0.123483    0.000528   13.655094 v _3272_/C1 (sky130_fd_sc_hd__o221a_2)
     1    0.006829    0.054066    0.173404   13.828499 v _3272_/X (sky130_fd_sc_hd__o221a_2)
                                                         _1577_ (net)
                      0.054066    0.000536   13.829034 v _3297_/B1 (sky130_fd_sc_hd__o211ai_2)
     2    0.016754    0.265279    0.122461   13.951495 ^ _3297_/Y (sky130_fd_sc_hd__o211ai_2)
                                                         net137 (net)
                      0.265284    0.001548   13.953044 ^ output137/A (sky130_fd_sc_hd__clkdlybuf4s25_1)
     1    0.037143    0.374490    0.565938   14.518981 ^ output137/X (sky130_fd_sc_hd__clkdlybuf4s25_1)
                                                         result[0] (net)
                      0.374498    0.002339   14.521320 ^ result[0] (out)
                                             14.521320   data arrival time

                      0.000000   40.000000   40.000000   clock __VIRTUAL_CLK__ (rise edge)
                                  0.000000   40.000000   clock network delay (ideal)
                                 -0.250000   39.750000   clock uncertainty
                                  0.000000   39.750000   clock reconvergence pessimism
                                 -8.000000   31.750000   output external delay
                                             31.750000   data required time
---------------------------------------------------------------------------------------------
                                             31.750000   data required time
                                            -14.521320   data arrival time
---------------------------------------------------------------------------------------------
                                             17.228680   slack (MET)


Startpoint: operand_b[1] (input port clocked by __VIRTUAL_CLK__)
Endpoint: result[4] (output port clocked by __VIRTUAL_CLK__)
Path Group: __VIRTUAL_CLK__
Path Type: max

Fanout         Cap        Slew       Delay        Time   Description
---------------------------------------------------------------------------------------------
                      0.000000    0.000000    0.000000   clock __VIRTUAL_CLK__ (rise edge)
                                  0.000000    0.000000   clock network delay (ideal)
                                  8.000000    8.000000 ^ input external delay
     1    0.009144    0.047534    0.033130    8.033130 ^ operand_b[1] (in)
                                                         operand_b[1] (net)
                      0.047549    0.000000    8.033130 ^ input81/A (sky130_fd_sc_hd__clkdlybuf4s25_1)
     1    0.006236    0.075597    0.281335    8.314465 ^ input81/X (sky130_fd_sc_hd__clkdlybuf4s25_1)
                                                         net81 (net)
                      0.075598    0.000409    8.314874 ^ fanout406/A (sky130_fd_sc_hd__clkdlybuf4s25_1)
     7    0.101761    1.009030    0.973063    9.287937 ^ fanout406/X (sky130_fd_sc_hd__clkdlybuf4s25_1)
                                                         net406 (net)
                      1.009044    0.003321    9.291258 ^ fanout404/A (sky130_fd_sc_hd__clkdlybuf4s25_1)
     8    0.063200    0.628611    0.836630   10.127888 ^ fanout404/X (sky130_fd_sc_hd__clkdlybuf4s25_1)
                                                         net404 (net)
                      0.628611    0.001861   10.129749 ^ fanout402/A (sky130_fd_sc_hd__clkdlybuf4s25_1)
     3    0.028626    0.291253    0.559948   10.689696 ^ fanout402/X (sky130_fd_sc_hd__clkdlybuf4s25_1)
                                                         net402 (net)
                      0.291270    0.002610   10.692307 ^ load_slew403/A (sky130_fd_sc_hd__buf_4)
     8    0.060777    0.172050    0.290256   10.982563 ^ load_slew403/X (sky130_fd_sc_hd__buf_4)
                                                         net403 (net)
                      0.172352    0.005465   10.988028 ^ fanout400/A (sky130_fd_sc_hd__clkdlybuf4s25_1)
     5    0.049851    0.498841    0.632431   11.620459 ^ fanout400/X (sky130_fd_sc_hd__clkdlybuf4s25_1)
                                                         net400 (net)
                      0.499066    0.005632   11.626091 ^ load_slew401/A (sky130_fd_sc_hd__clkbuf_2)
     6    0.056358    0.305807    0.405150   12.031240 ^ load_slew401/X (sky130_fd_sc_hd__clkbuf_2)
                                                         net401 (net)
                      0.306050    0.007466   12.038707 ^ _3341_/A (sky130_fd_sc_hd__xor2_2)
     4    0.034289    0.428356    0.423126   12.461833 ^ _3341_/X (sky130_fd_sc_hd__xor2_2)
                                                         _2322_ (net)
                      0.428361    0.002448   12.464281 ^ _3486_/C (sky130_fd_sc_hd__nor4_2)
     2    0.017673    0.117777    0.156754   12.621035 v _3486_/Y (sky130_fd_sc_hd__nor4_2)
                                                         _2698_ (net)
                      0.117892    0.002944   12.623979 v _3487_/B1 (sky130_fd_sc_hd__a21oi_2)
     4    0.038460    0.468437    0.414287   13.038266 ^ _3487_/Y (sky130_fd_sc_hd__a21oi_2)
                                                         _2699_ (net)
                      0.468455    0.002559   13.040825 ^ _3538_/B (sky130_fd_sc_hd__nand2_2)
     2    0.014726    0.158133    0.161724   13.202549 v _3538_/Y (sky130_fd_sc_hd__nand2_2)
                                                         _2749_ (net)
                      0.158201    0.001293   13.203842 v _3539_/C (sky130_fd_sc_hd__and3_2)
     1    0.002649    0.036609    0.264865   13.468707 v _3539_/X (sky130_fd_sc_hd__and3_2)
                                                         _2750_ (net)
                      0.036609    0.000131   13.468838 v _3544_/A2 (sky130_fd_sc_hd__o32a_2)
     1    0.005390    0.060478    0.383032   13.851871 v _3544_/X (sky130_fd_sc_hd__o32a_2)
                                                         _2755_ (net)
                      0.060478    0.000424   13.852294 v _3545_/C1 (sky130_fd_sc_hd__o211ai_2)
     2    0.011670    0.199818    0.096230   13.948524 ^ _3545_/Y (sky130_fd_sc_hd__o211ai_2)
                                                         net181 (net)
                      0.199818    0.000803   13.949327 ^ output181/A (sky130_fd_sc_hd__clkdlybuf4s25_1)
     1    0.036822    0.371606    0.547195   14.496522 ^ output181/X (sky130_fd_sc_hd__clkdlybuf4s25_1)
                                                         result[4] (net)
                      0.371613    0.002232   14.498754 ^ result[4] (out)
                                             14.498754   data arrival time

                      0.000000   40.000000   40.000000   clock __VIRTUAL_CLK__ (rise edge)
                                  0.000000   40.000000   clock network delay (ideal)
                                 -0.250000   39.750000   clock uncertainty
                                  0.000000   39.750000   clock reconvergence pessimism
                                 -8.000000   31.750000   output external delay
                                             31.750000   data required time
---------------------------------------------------------------------------------------------
                                             31.750000   data required time
                                            -14.498754   data arrival time
---------------------------------------------------------------------------------------------
                                             17.251245   slack (MET)


Startpoint: cmd[2] (input port clocked by __VIRTUAL_CLK__)
Endpoint: result[3] (output port clocked by __VIRTUAL_CLK__)
Path Group: __VIRTUAL_CLK__
Path Type: max

Fanout         Cap        Slew       Delay        Time   Description
---------------------------------------------------------------------------------------------
                      0.000000    0.000000    0.000000   clock __VIRTUAL_CLK__ (rise edge)
                                  0.000000    0.000000   clock network delay (ideal)
                                  8.000000    8.000000 ^ input external delay
     1    0.009406    0.048800    0.033945    8.033945 ^ cmd[2] (in)
                                                         cmd[2] (net)
                      0.048808    0.000000    8.033945 ^ input4/A (sky130_fd_sc_hd__clkdlybuf4s25_1)
     4    0.085850    0.852099    0.848609    8.882554 ^ input4/X (sky130_fd_sc_hd__clkdlybuf4s25_1)
                                                         net4 (net)
                      0.852140    0.005294    8.887849 ^ fanout526/A (sky130_fd_sc_hd__clkdlybuf4s25_1)
     7    0.082845    0.821506    0.958152    9.846001 ^ fanout526/X (sky130_fd_sc_hd__clkdlybuf4s25_1)
                                                         net526 (net)
                      0.821545    0.005069    9.851069 ^ fanout525/A (sky130_fd_sc_hd__clkdlybuf4s25_1)
     6    0.038596    0.388595    0.647886   10.498956 ^ fanout525/X (sky130_fd_sc_hd__clkdlybuf4s25_1)
                                                         net525 (net)
                      0.388595    0.001070   10.500026 ^ fanout524/A (sky130_fd_sc_hd__clkdlybuf4s25_1)
    10    0.065826    0.654700    0.791212   11.291239 ^ fanout524/X (sky130_fd_sc_hd__clkdlybuf4s25_1)
                                                         net524 (net)
                      0.654713    0.003962   11.295200 ^ _3289_/A (sky130_fd_sc_hd__inv_2)
     4    0.020973    0.152177    0.167894   11.463095 v _3289_/Y (sky130_fd_sc_hd__inv_2)
                                                         _1760_ (net)
                      0.152239    0.002603   11.465698 v _3290_/C (sky130_fd_sc_hd__and4b_2)
     1    0.015927    0.072649    0.320408   11.786106 v _3290_/X (sky130_fd_sc_hd__and4b_2)
                                                         _1770_ (net)
                      0.072837    0.003022   11.789128 v _3291_/A (sky130_fd_sc_hd__buf_1)
     5    0.044893    0.259941    0.290721   12.079849 v _3291_/X (sky130_fd_sc_hd__buf_1)
                                                         _1781_ (net)
                      0.260040    0.003046   12.082895 v _3294_/A (sky130_fd_sc_hd__nor2_2)
     2    0.013396    0.172078    0.265001   12.347897 ^ _3294_/Y (sky130_fd_sc_hd__nor2_2)
                                                         _1813_ (net)
                      0.172081    0.001182   12.349078 ^ _3302_/A (sky130_fd_sc_hd__clkbuf_2)
    10    0.095870    0.513968    0.483498   12.832576 ^ _3302_/X (sky130_fd_sc_hd__clkbuf_2)
                                                         _1897_ (net)
                      0.514047    0.005646   12.838223 ^ _3303_/B (sky130_fd_sc_hd__nor2_2)
     4    0.025888    0.157150    0.174260   13.012482 v _3303_/Y (sky130_fd_sc_hd__nor2_2)
                                                         _1908_ (net)
                      0.157218    0.001032   13.013515 v max_cap243/A (sky130_fd_sc_hd__buf_2)
     6    0.047288    0.115347    0.262368   13.275882 v max_cap243/X (sky130_fd_sc_hd__buf_2)
                                                         net243 (net)
                      0.115555    0.004547   13.280430 v _3447_/A1 (sky130_fd_sc_hd__a22o_2)
     1    0.006366    0.048399    0.282576   13.563005 v _3447_/X (sky130_fd_sc_hd__a22o_2)
                                                         _2659_ (net)
                      0.048413    0.000487   13.563492 v _3448_/B (sky130_fd_sc_hd__and2_2)
     2    0.005019    0.042327    0.202323   13.765816 v _3448_/X (sky130_fd_sc_hd__and2_2)
                                                         _2660_ (net)
                      0.042327    0.000168   13.765984 v _3492_/A_N (sky130_fd_sc_hd__nand3b_2)
     1    0.007307    0.078086    0.222048   13.988031 v _3492_/Y (sky130_fd_sc_hd__nand3b_2)
                                                         net170 (net)
                      0.078087    0.000680   13.988712 v output170/A (sky130_fd_sc_hd__clkdlybuf4s25_1)
     1    0.040184    0.298008    0.480200   14.468912 v output170/X (sky130_fd_sc_hd__clkdlybuf4s25_1)
                                                         result[3] (net)
                      0.298070    0.004315   14.473227 v result[3] (out)
                                             14.473227   data arrival time

                      0.000000   40.000000   40.000000   clock __VIRTUAL_CLK__ (rise edge)
                                  0.000000   40.000000   clock network delay (ideal)
                                 -0.250000   39.750000   clock uncertainty
                                  0.000000   39.750000   clock reconvergence pessimism
                                 -8.000000   31.750000   output external delay
                                             31.750000   data required time
---------------------------------------------------------------------------------------------
                                             31.750000   data required time
                                            -14.473227   data arrival time
---------------------------------------------------------------------------------------------
                                             17.276773   slack (MET)



