+ define_corners nom_ss_100C_1v60
Reading timing models for corner nom_ss_100C_1v60…
Reading cell library for the 'nom_ss_100C_1v60' corner at '/home/ubuntu/.ciel/ciel/sky130/versions/8afc8346a57fe1ab7934ba5a6056ea8b43078e71/sky130A/libs.ref/sky130_fd_sc_hd/lib/sky130_fd_sc_hd__ss_100C_1v60.lib'…
Reading top-level netlist at '/home/ubuntu/asic_projects1/alu64/runs/RUN_2026-09-02_10-53-20/52-openroad-fillinsertion/alu64_top.nl.v'…
Linking design 'alu64_top' from netlist…
Warning: /home/ubuntu/asic_projects1/alu64/runs/RUN_2026-09-02_10-53-20/52-openroad-fillinsertion/alu64_top.nl.v line 3978, module sky130_fd_sc_hd__fill_1 not found. Creating black box for FILLER_0_144.
Warning: /home/ubuntu/asic_projects1/alu64/runs/RUN_2026-09-02_10-53-20/52-openroad-fillinsertion/alu64_top.nl.v line 3979, module sky130_fd_sc_hd__fill_2 not found. Creating black box for FILLER_0_253.
Warning: /home/ubuntu/asic_projects1/alu64/runs/RUN_2026-09-02_10-53-20/52-openroad-fillinsertion/alu64_top.nl.v line 8277, module sky130_fd_sc_hd__tapvpwrvgnd_1 not found. Creating black box for TAP_TAPCELL_ROW_0_166.
Reading design constraints file at '/nix/store/pyjad0nmv834qyrz9qicmvljgxnyd00p-python3-3.13.9-env/lib/python3.13/site-packages/librelane/scripts/base.sdc'…
Warning: base.sdc line 15, port '__VIRTUAL_CLK__' not found.
[INFO] Using clock __VIRTUAL_CLK__…
[INFO] Setting output delay to: 8.0
[INFO] Setting input delay to: 8.0
Warning: base.sdc line 32, port '__VIRTUAL_CLK__' not found.
[INFO] Setting load to: 0.033442
[INFO] Setting clock uncertainty to: 0.25
[INFO] Setting clock transition to: 0.1499999999999999944488848768742172978818416595458984375
Warning: base.sdc line 69, transition time can not be specified for virtual clocks.
[INFO] Setting timing derate to: 5.0%
Warning: base.sdc line 79, virtual clock __VIRTUAL_CLK__ can not be propagated.
Reading top-level design parasitics for the 'nom_ss_100C_1v60' corner at '/home/ubuntu/asic_projects1/alu64/runs/RUN_2026-09-02_10-53-20/54-openroad-rcx/nom/alu64_top.nom.spef'…
%OL_CREATE_REPORT min.rpt

===========================================================================
report_checks -path_delay min (Hold)
============================================================================
======================= nom_ss_100C_1v60 Corner ===================================

Startpoint: operand_b[63] (input port clocked by __VIRTUAL_CLK__)
Endpoint: overflow_flag (output port clocked by __VIRTUAL_CLK__)
Path Group: __VIRTUAL_CLK__
Path Type: min

Fanout         Cap        Slew       Delay        Time   Description
---------------------------------------------------------------------------------------------
                      0.000000    0.000000    0.000000   clock __VIRTUAL_CLK__ (rise edge)
                                  0.000000    0.000000   clock network delay (ideal)
                                  8.000000    8.000000 v input external delay
     1    0.003966    0.023002    0.012275    8.012275 v operand_b[63] (in)
                                                         operand_b[63] (net)
                      0.023002    0.000000    8.012275 v input129/A (sky130_fd_sc_hd__buf_1)
     2    0.011861    0.143639    0.204723    8.216998 v input129/X (sky130_fd_sc_hd__buf_1)
                                                         net129 (net)
                      0.143639    0.000423    8.217421 v _6476_/B (sky130_fd_sc_hd__nand2_2)
     2    0.007804    0.097715    0.148037    8.365458 ^ _6476_/Y (sky130_fd_sc_hd__nand2_2)
                                                         _2554_ (net)
                      0.097715    0.000138    8.365596 ^ _6490_/A0 (sky130_fd_sc_hd__mux2_2)
     1    0.005253    0.084809    0.288355    8.653951 ^ _6490_/X (sky130_fd_sc_hd__mux2_2)
                                                         _2568_ (net)
                      0.084809    0.000148    8.654099 ^ _6500_/A2 (sky130_fd_sc_hd__o21ai_2)
     1    0.009512    0.095335    0.130549    8.784648 v _6500_/Y (sky130_fd_sc_hd__o21ai_2)
                                                         net136 (net)
                      0.095336    0.000477    8.785125 v output136/A (sky130_fd_sc_hd__clkdlybuf4s25_1)
     1    0.036277    0.489530    0.757952    9.543077 v output136/X (sky130_fd_sc_hd__clkdlybuf4s25_1)
                                                         overflow_flag (net)
                      0.489530    0.001096    9.544173 v overflow_flag (out)
                                              9.544173   data arrival time

                      0.000000    0.000000    0.000000   clock __VIRTUAL_CLK__ (rise edge)
                                  0.000000    0.000000   clock network delay (ideal)
                                  0.250000    0.250000   clock uncertainty
                                  0.000000    0.250000   clock reconvergence pessimism
                                 -8.000000   -7.750000   output external delay
                                             -7.750000   data required time
---------------------------------------------------------------------------------------------
                                             -7.750000   data required time
                                             -9.544173   data arrival time
---------------------------------------------------------------------------------------------
                                             17.294174   slack (MET)


Startpoint: operand_b[63] (input port clocked by __VIRTUAL_CLK__)
Endpoint: carry_out (output port clocked by __VIRTUAL_CLK__)
Path Group: __VIRTUAL_CLK__
Path Type: min

Fanout         Cap        Slew       Delay        Time   Description
---------------------------------------------------------------------------------------------
                      0.000000    0.000000    0.000000   clock __VIRTUAL_CLK__ (rise edge)
                                  0.000000    0.000000   clock network delay (ideal)
                                  8.000000    8.000000 ^ input external delay
     1    0.004095    0.040968    0.021508    8.021508 ^ operand_b[63] (in)
                                                         operand_b[63] (net)
                      0.040968    0.000000    8.021508 ^ input129/A (sky130_fd_sc_hd__buf_1)
     2    0.012365    0.243965    0.248638    8.270145 ^ input129/X (sky130_fd_sc_hd__buf_1)
                                                         net129 (net)
                      0.243966    0.000444    8.270590 ^ _6476_/B (sky130_fd_sc_hd__nand2_2)
     2    0.007149    0.089765    0.169691    8.440281 v _6476_/Y (sky130_fd_sc_hd__nand2_2)
                                                         _2554_ (net)
                      0.089765    0.000114    8.440394 v _6477_/B (sky130_fd_sc_hd__nor2_2)
     1    0.003087    0.105361    0.123267    8.563662 ^ _6477_/Y (sky130_fd_sc_hd__nor2_2)
                                                         _2555_ (net)
                      0.105361    0.000086    8.563747 ^ _6478_/B1 (sky130_fd_sc_hd__a41o_2)
     1    0.003581    0.054773    0.168376    8.732122 ^ _6478_/X (sky130_fd_sc_hd__a41o_2)
                                                         _2556_ (net)
                      0.054773    0.000101    8.732224 ^ _6483_/B1 (sky130_fd_sc_hd__a311o_2)
     1    0.002725    0.053154    0.159080    8.891304 ^ _6483_/X (sky130_fd_sc_hd__a311o_2)
                                                         _2561_ (net)
                      0.053154    0.000077    8.891381 ^ _6488_/B (sky130_fd_sc_hd__or3b_2)
     1    0.010353    0.109778    0.211368    9.102749 ^ _6488_/X (sky130_fd_sc_hd__or3b_2)
                                                         _2567_ (net)
                      0.109778    0.000421    9.103170 ^ _6489_/A (sky130_fd_sc_hd__buf_1)
     1    0.003229    0.080047    0.164331    9.267501 ^ _6489_/X (sky130_fd_sc_hd__buf_1)
                                                         net134 (net)
                      0.080047    0.000090    9.267591 ^ output134/A (sky130_fd_sc_hd__clkdlybuf4s25_1)
     1    0.035683    0.575039    0.789536   10.057127 ^ output134/X (sky130_fd_sc_hd__clkdlybuf4s25_1)
                                                         carry_out (net)
                      0.575039    0.000981   10.058107 ^ carry_out (out)
                                             10.058107   data arrival time

                      0.000000    0.000000    0.000000   clock __VIRTUAL_CLK__ (rise edge)
                                  0.000000    0.000000   clock network delay (ideal)
                                  0.250000    0.250000   clock uncertainty
                                  0.000000    0.250000   clock reconvergence pessimism
                                 -8.000000   -7.750000   output external delay
                                             -7.750000   data required time
---------------------------------------------------------------------------------------------
                                             -7.750000   data required time
                                            -10.058107   data arrival time
---------------------------------------------------------------------------------------------
                                             17.808107   slack (MET)


Startpoint: operand_b[62] (input port clocked by __VIRTUAL_CLK__)
Endpoint: negative_flag (output port clocked by __VIRTUAL_CLK__)
Path Group: __VIRTUAL_CLK__
Path Type: min

Fanout         Cap        Slew       Delay        Time   Description
---------------------------------------------------------------------------------------------
                      0.000000    0.000000    0.000000   clock __VIRTUAL_CLK__ (rise edge)
                                  0.000000    0.000000   clock network delay (ideal)
                                  8.000000    8.000000 v input external delay
     1    0.003775    0.022247    0.011700    8.011700 v operand_b[62] (in)
                                                         operand_b[62] (net)
                      0.022247    0.000000    8.011700 v input128/A (sky130_fd_sc_hd__buf_1)
     2    0.015478    0.182849    0.231615    8.243315 v input128/X (sky130_fd_sc_hd__buf_1)
                                                         net128 (net)
                      0.182849    0.000486    8.243800 v _5962_/B (sky130_fd_sc_hd__nand2_2)
     3    0.007725    0.100557    0.165565    8.409366 ^ _5962_/Y (sky130_fd_sc_hd__nand2_2)
                                                         _1990_ (net)
                      0.100557    0.000171    8.409536 ^ _5975_/C (sky130_fd_sc_hd__and3_2)
     1    0.003916    0.087286    0.357981    8.767518 ^ _5975_/X (sky130_fd_sc_hd__and3_2)
                                                         _2004_ (net)
                      0.087286    0.000123    8.767640 ^ _5979_/A0 (sky130_fd_sc_hd__mux2_2)
     1    0.004323    0.077258    0.275031    9.042671 ^ _5979_/X (sky130_fd_sc_hd__mux2_2)
                                                         _2009_ (net)
                      0.077258    0.000134    9.042805 ^ _5980_/C1 (sky130_fd_sc_hd__a211o_2)
     3    0.027176    0.210411    0.280507    9.323312 ^ _5980_/X (sky130_fd_sc_hd__a211o_2)
                                                         net135 (net)
                      0.210411    0.000775    9.324087 ^ output135/A (sky130_fd_sc_hd__clkdlybuf4s25_1)
     1    0.035751    0.576631    0.845787   10.169875 ^ output135/X (sky130_fd_sc_hd__clkdlybuf4s25_1)
                                                         negative_flag (net)
                      0.576631    0.000983   10.170858 ^ negative_flag (out)
                                             10.170858   data arrival time

                      0.000000    0.000000    0.000000   clock __VIRTUAL_CLK__ (rise edge)
                                  0.000000    0.000000   clock network delay (ideal)
                                  0.250000    0.250000   clock uncertainty
                                  0.000000    0.250000   clock reconvergence pessimism
                                 -8.000000   -7.750000   output external delay
                                             -7.750000   data required time
---------------------------------------------------------------------------------------------
                                             -7.750000   data required time
                                            -10.170858   data arrival time
---------------------------------------------------------------------------------------------
                                             17.920858   slack (MET)


Startpoint: operand_b[62] (input port clocked by __VIRTUAL_CLK__)
Endpoint: zero_flag (output port clocked by __VIRTUAL_CLK__)
Path Group: __VIRTUAL_CLK__
Path Type: min

Fanout         Cap        Slew       Delay        Time   Description
---------------------------------------------------------------------------------------------
                      0.000000    0.000000    0.000000   clock __VIRTUAL_CLK__ (rise edge)
                                  0.000000    0.000000   clock network delay (ideal)
                                  8.000000    8.000000 v input external delay
     1    0.003775    0.022247    0.011700    8.011700 v operand_b[62] (in)
                                                         operand_b[62] (net)
                      0.022247    0.000000    8.011700 v input128/A (sky130_fd_sc_hd__buf_1)
     2    0.015478    0.182849    0.231615    8.243315 v input128/X (sky130_fd_sc_hd__buf_1)
                                                         net128 (net)
                      0.182849    0.000486    8.243800 v _5962_/B (sky130_fd_sc_hd__nand2_2)
     3    0.007725    0.100557    0.165565    8.409366 ^ _5962_/Y (sky130_fd_sc_hd__nand2_2)
                                                         _1990_ (net)
                      0.100557    0.000171    8.409536 ^ _5975_/C (sky130_fd_sc_hd__and3_2)
     1    0.003916    0.087286    0.357981    8.767518 ^ _5975_/X (sky130_fd_sc_hd__and3_2)
                                                         _2004_ (net)
                      0.087286    0.000123    8.767640 ^ _5979_/A0 (sky130_fd_sc_hd__mux2_2)
     1    0.004323    0.077258    0.275031    9.042671 ^ _5979_/X (sky130_fd_sc_hd__mux2_2)
                                                         _2009_ (net)
                      0.077258    0.000134    9.042805 ^ _5980_/C1 (sky130_fd_sc_hd__a211o_2)
     3    0.027176    0.210411    0.280507    9.323312 ^ _5980_/X (sky130_fd_sc_hd__a211o_2)
                                                         net135 (net)
                      0.210412    0.000852    9.324164 ^ _6005_/C (sky130_fd_sc_hd__nor4_4)
     1    0.006087    0.034094    0.124366    9.448530 v _6005_/Y (sky130_fd_sc_hd__nor4_4)
                                                         net201 (net)
                      0.034094    0.000237    9.448768 v output201/A (sky130_fd_sc_hd__clkdlybuf4s25_1)
     1    0.036971    0.498213    0.737779   10.186546 v output201/X (sky130_fd_sc_hd__clkdlybuf4s25_1)
                                                         zero_flag (net)
                      0.498213    0.001224   10.187770 v zero_flag (out)
                                             10.187770   data arrival time

                      0.000000    0.000000    0.000000   clock __VIRTUAL_CLK__ (rise edge)
                                  0.000000    0.000000   clock network delay (ideal)
                                  0.250000    0.250000   clock uncertainty
                                  0.000000    0.250000   clock reconvergence pessimism
                                 -8.000000   -7.750000   output external delay
                                             -7.750000   data required time
---------------------------------------------------------------------------------------------
                                             -7.750000   data required time
                                            -10.187770   data arrival time
---------------------------------------------------------------------------------------------
                                             17.937769   slack (MET)


Startpoint: operand_b[61] (input port clocked by __VIRTUAL_CLK__)
Endpoint: result[62] (output port clocked by __VIRTUAL_CLK__)
Path Group: __VIRTUAL_CLK__
Path Type: min

Fanout         Cap        Slew       Delay        Time   Description
---------------------------------------------------------------------------------------------
                      0.000000    0.000000    0.000000   clock __VIRTUAL_CLK__ (rise edge)
                                  0.000000    0.000000   clock network delay (ideal)
                                  8.000000    8.000000 v input external delay
     1    0.005153    0.027726    0.015839    8.015839 v operand_b[61] (in)
                                                         operand_b[61] (net)
                      0.027727    0.000000    8.015839 v input127/A (sky130_fd_sc_hd__buf_1)
     4    0.026860    0.306503    0.319166    8.335005 v input127/X (sky130_fd_sc_hd__buf_1)
                                                         net127 (net)
                      0.306503    0.000902    8.335906 v _5932_/B (sky130_fd_sc_hd__nand2_2)
     2    0.010734    0.137658    0.232169    8.568075 ^ _5932_/Y (sky130_fd_sc_hd__nand2_2)
                                                         _1958_ (net)
                      0.137658    0.000390    8.568465 ^ _5933_/B1 (sky130_fd_sc_hd__o21ai_2)
     2    0.008106    0.098202    0.144301    8.712767 v _5933_/Y (sky130_fd_sc_hd__o21ai_2)
                                                         _1959_ (net)
                      0.098202    0.000243    8.713010 v _5934_/A (sky130_fd_sc_hd__inv_2)
     2    0.005804    0.057203    0.089640    8.802650 ^ _5934_/Y (sky130_fd_sc_hd__inv_2)
                                                         _1960_ (net)
                      0.057203    0.000086    8.802736 ^ _5950_/A2 (sky130_fd_sc_hd__a311o_2)
     1    0.006061    0.077593    0.356929    9.159665 ^ _5950_/X (sky130_fd_sc_hd__a311o_2)
                                                         _1978_ (net)
                      0.077593    0.000248    9.159913 ^ _5951_/C1 (sky130_fd_sc_hd__a221o_2)
     2    0.014171    0.135696    0.242597    9.402510 ^ _5951_/X (sky130_fd_sc_hd__a221o_2)
                                                         net195 (net)
                      0.135696    0.000363    9.402873 ^ output195/A (sky130_fd_sc_hd__clkdlybuf4s25_1)
     1    0.035551    0.573223    0.811891   10.214765 ^ output195/X (sky130_fd_sc_hd__clkdlybuf4s25_1)
                                                         result[62] (net)
                      0.573223    0.000937   10.215701 ^ result[62] (out)
                                             10.215701   data arrival time

                      0.000000    0.000000    0.000000   clock __VIRTUAL_CLK__ (rise edge)
                                  0.000000    0.000000   clock network delay (ideal)
                                  0.250000    0.250000   clock uncertainty
                                  0.000000    0.250000   clock reconvergence pessimism
                                 -8.000000   -7.750000   output external delay
                                             -7.750000   data required time
---------------------------------------------------------------------------------------------
                                             -7.750000   data required time
                                            -10.215701   data arrival time
---------------------------------------------------------------------------------------------
                                             17.965700   slack (MET)


Startpoint: operand_b[62] (input port clocked by __VIRTUAL_CLK__)
Endpoint: result[63] (output port clocked by __VIRTUAL_CLK__)
Path Group: __VIRTUAL_CLK__
Path Type: min

Fanout         Cap        Slew       Delay        Time   Description
---------------------------------------------------------------------------------------------
                      0.000000    0.000000    0.000000   clock __VIRTUAL_CLK__ (rise edge)
                                  0.000000    0.000000   clock network delay (ideal)
                                  8.000000    8.000000 v input external delay
     1    0.003775    0.022247    0.011700    8.011700 v operand_b[62] (in)
                                                         operand_b[62] (net)
                      0.022247    0.000000    8.011700 v input128/A (sky130_fd_sc_hd__buf_1)
     2    0.015478    0.182849    0.231615    8.243315 v input128/X (sky130_fd_sc_hd__buf_1)
                                                         net128 (net)
                      0.182849    0.000486    8.243800 v _5962_/B (sky130_fd_sc_hd__nand2_2)
     3    0.007725    0.100557    0.165565    8.409366 ^ _5962_/Y (sky130_fd_sc_hd__nand2_2)
                                                         _1990_ (net)
                      0.100557    0.000171    8.409536 ^ _5975_/C (sky130_fd_sc_hd__and3_2)
     1    0.003916    0.087286    0.357981    8.767518 ^ _5975_/X (sky130_fd_sc_hd__and3_2)
                                                         _2004_ (net)
                      0.087286    0.000123    8.767640 ^ _5979_/A0 (sky130_fd_sc_hd__mux2_2)
     1    0.004323    0.077258    0.275031    9.042671 ^ _5979_/X (sky130_fd_sc_hd__mux2_2)
                                                         _2009_ (net)
                      0.077258    0.000134    9.042805 ^ _5980_/C1 (sky130_fd_sc_hd__a211o_2)
     3    0.027176    0.210411    0.280507    9.323312 ^ _5980_/X (sky130_fd_sc_hd__a211o_2)
                                                         net135 (net)
                      0.210411    0.000751    9.324062 ^ _6501_/A (sky130_fd_sc_hd__buf_2)
     1    0.002498    0.044607    0.220076    9.544138 ^ _6501_/X (sky130_fd_sc_hd__buf_2)
                                                         net196 (net)
                      0.044607    0.000047    9.544186 ^ output196/A (sky130_fd_sc_hd__clkdlybuf4s25_1)
     1    0.036012    0.580112    0.778454   10.322639 ^ output196/X (sky130_fd_sc_hd__clkdlybuf4s25_1)
                                                         result[63] (net)
                      0.580112    0.001064   10.323703 ^ result[63] (out)
                                             10.323703   data arrival time

                      0.000000    0.000000    0.000000   clock __VIRTUAL_CLK__ (rise edge)
                                  0.000000    0.000000   clock network delay (ideal)
                                  0.250000    0.250000   clock uncertainty
                                  0.000000    0.250000   clock reconvergence pessimism
                                 -8.000000   -7.750000   output external delay
                                             -7.750000   data required time
---------------------------------------------------------------------------------------------
                                             -7.750000   data required time
                                            -10.323703   data arrival time
---------------------------------------------------------------------------------------------
                                             18.073704   slack (MET)


Startpoint: operand_b[49] (input port clocked by __VIRTUAL_CLK__)
Endpoint: result[50] (output port clocked by __VIRTUAL_CLK__)
Path Group: __VIRTUAL_CLK__
Path Type: min

Fanout         Cap        Slew       Delay        Time   Description
---------------------------------------------------------------------------------------------
                      0.000000    0.000000    0.000000   clock __VIRTUAL_CLK__ (rise edge)
                                  0.000000    0.000000   clock network delay (ideal)
                                  8.000000    8.000000 ^ input external delay
     1    0.005072    0.047678    0.026423    8.026423 ^ operand_b[49] (in)
                                                         operand_b[49] (net)
                      0.047679    0.000000    8.026423 ^ input113/A (sky130_fd_sc_hd__clkdlybuf4s25_1)
     3    0.013413    0.231259    0.543008    8.569431 ^ input113/X (sky130_fd_sc_hd__clkdlybuf4s25_1)
                                                         net113 (net)
                      0.231259    0.000554    8.569985 ^ _5503_/A2 (sky130_fd_sc_hd__o21a_2)
     3    0.013640    0.135064    0.334087    8.904074 ^ _5503_/X (sky130_fd_sc_hd__o21a_2)
                                                         _1499_ (net)
                      0.135064    0.000330    8.904403 ^ _5504_/B1 (sky130_fd_sc_hd__a21oi_2)
     2    0.016864    0.088612    0.120347    9.024750 v _5504_/Y (sky130_fd_sc_hd__a21oi_2)
                                                         _1500_ (net)
                      0.088618    0.000772    9.025522 v _5505_/B (sky130_fd_sc_hd__xnor2_2)
     1    0.004118    0.069868    0.191870    9.217392 ^ _5505_/Y (sky130_fd_sc_hd__xnor2_2)
                                                         _1501_ (net)
                      0.069868    0.000124    9.217516 ^ _5520_/B1 (sky130_fd_sc_hd__a221o_2)
     2    0.013030    0.127101    0.328040    9.545556 ^ _5520_/X (sky130_fd_sc_hd__a221o_2)
                                                         net182 (net)
                      0.127101    0.000474    9.546030 ^ output182/A (sky130_fd_sc_hd__clkdlybuf4s25_1)
     1    0.036766    0.592105    0.821155   10.367185 ^ output182/X (sky130_fd_sc_hd__clkdlybuf4s25_1)
                                                         result[50] (net)
                      0.592105    0.000691   10.367876 ^ result[50] (out)
                                             10.367876   data arrival time

                      0.000000    0.000000    0.000000   clock __VIRTUAL_CLK__ (rise edge)
                                  0.000000    0.000000   clock network delay (ideal)
                                  0.250000    0.250000   clock uncertainty
                                  0.000000    0.250000   clock reconvergence pessimism
                                 -8.000000   -7.750000   output external delay
                                             -7.750000   data required time
---------------------------------------------------------------------------------------------
                                             -7.750000   data required time
                                            -10.367876   data arrival time
---------------------------------------------------------------------------------------------
                                             18.117876   slack (MET)


Startpoint: operand_b[60] (input port clocked by __VIRTUAL_CLK__)
Endpoint: result[61] (output port clocked by __VIRTUAL_CLK__)
Path Group: __VIRTUAL_CLK__
Path Type: min

Fanout         Cap        Slew       Delay        Time   Description
---------------------------------------------------------------------------------------------
                      0.000000    0.000000    0.000000   clock __VIRTUAL_CLK__ (rise edge)
                                  0.000000    0.000000   clock network delay (ideal)
                                  8.000000    8.000000 v input external delay
     1    0.007573    0.037474    0.022897    8.022897 v operand_b[60] (in)
                                                         operand_b[60] (net)
                      0.037478    0.000000    8.022897 v input126/A (sky130_fd_sc_hd__clkdlybuf4s25_1)
     4    0.025637    0.354841    0.636852    8.659750 v input126/X (sky130_fd_sc_hd__clkdlybuf4s25_1)
                                                         net126 (net)
                      0.354841    0.001105    8.660854 v _5897_/B (sky130_fd_sc_hd__nand2_2)
     3    0.025252    0.243253    0.335215    8.996069 ^ _5897_/Y (sky130_fd_sc_hd__nand2_2)
                                                         _1921_ (net)
                      0.243253    0.000887    8.996956 ^ _5913_/A2 (sky130_fd_sc_hd__a31o_2)
     1    0.004523    0.067963    0.368730    9.365686 ^ _5913_/X (sky130_fd_sc_hd__a31o_2)
                                                         _1938_ (net)
                      0.067963    0.000137    9.365823 ^ _5915_/B1 (sky130_fd_sc_hd__a211o_2)
     2    0.014677    0.124109    0.219013    9.584836 ^ _5915_/X (sky130_fd_sc_hd__a211o_2)
                                                         net194 (net)
                      0.124109    0.000357    9.585194 ^ output194/A (sky130_fd_sc_hd__clkdlybuf4s25_1)
     1    0.035978    0.579778    0.811404   10.396598 ^ output194/X (sky130_fd_sc_hd__clkdlybuf4s25_1)
                                                         result[61] (net)
                      0.579778    0.000977   10.397574 ^ result[61] (out)
                                             10.397574   data arrival time

                      0.000000    0.000000    0.000000   clock __VIRTUAL_CLK__ (rise edge)
                                  0.000000    0.000000   clock network delay (ideal)
                                  0.250000    0.250000   clock uncertainty
                                  0.000000    0.250000   clock reconvergence pessimism
                                 -8.000000   -7.750000   output external delay
                                             -7.750000   data required time
---------------------------------------------------------------------------------------------
                                             -7.750000   data required time
                                            -10.397574   data arrival time
---------------------------------------------------------------------------------------------
                                             18.147575   slack (MET)


Startpoint: operand_b[57] (input port clocked by __VIRTUAL_CLK__)
Endpoint: result[57] (output port clocked by __VIRTUAL_CLK__)
Path Group: __VIRTUAL_CLK__
Path Type: min

Fanout         Cap        Slew       Delay        Time   Description
---------------------------------------------------------------------------------------------
                      0.000000    0.000000    0.000000   clock __VIRTUAL_CLK__ (rise edge)
                                  0.000000    0.000000   clock network delay (ideal)
                                  8.000000    8.000000 ^ input external delay
     1    0.007902    0.066834    0.039999    8.039999 ^ operand_b[57] (in)
                                                         operand_b[57] (net)
                      0.066836    0.000000    8.039999 ^ input122/A (sky130_fd_sc_hd__clkdlybuf4s25_1)
     2    0.017951    0.301214    0.598396    8.638395 ^ input122/X (sky130_fd_sc_hd__clkdlybuf4s25_1)
                                                         net122 (net)
                      0.301214    0.000639    8.639033 ^ _5773_/A1 (sky130_fd_sc_hd__a22o_2)
     1    0.006088    0.084927    0.377552    9.016586 ^ _5773_/X (sky130_fd_sc_hd__a22o_2)
                                                         _1789_ (net)
                      0.084927    0.000182    9.016768 ^ _5774_/A2 (sky130_fd_sc_hd__o21ai_2)
     1    0.004693    0.058887    0.103539    9.120307 v _5774_/Y (sky130_fd_sc_hd__o21ai_2)
                                                         _1790_ (net)
                      0.058887    0.000155    9.120462 v _5775_/B1 (sky130_fd_sc_hd__o211a_2)
     1    0.006978    0.066207    0.242692    9.363154 v _5775_/X (sky130_fd_sc_hd__o211a_2)
                                                         _1791_ (net)
                      0.066208    0.000295    9.363449 v _5776_/B1 (sky130_fd_sc_hd__o21ai_2)
     1    0.003719    0.064591    0.079115    9.442564 ^ _5776_/Y (sky130_fd_sc_hd__o21ai_2)
                                                         _1793_ (net)
                      0.064591    0.000111    9.442676 ^ _5777_/C1 (sky130_fd_sc_hd__a221o_2)
     2    0.012764    0.125116    0.228271    9.670946 ^ _5777_/X (sky130_fd_sc_hd__a221o_2)
                                                         net189 (net)
                      0.125118    0.000607    9.671553 ^ output189/A (sky130_fd_sc_hd__clkdlybuf4s25_1)
     1    0.036875    0.593977    0.821053   10.492606 ^ output189/X (sky130_fd_sc_hd__clkdlybuf4s25_1)
                                                         result[57] (net)
                      0.593977    0.001243   10.493849 ^ result[57] (out)
                                             10.493849   data arrival time

                      0.000000    0.000000    0.000000   clock __VIRTUAL_CLK__ (rise edge)
                                  0.000000    0.000000   clock network delay (ideal)
                                  0.250000    0.250000   clock uncertainty
                                  0.000000    0.250000   clock reconvergence pessimism
                                 -8.000000   -7.750000   output external delay
                                             -7.750000   data required time
---------------------------------------------------------------------------------------------
                                             -7.750000   data required time
                                            -10.493849   data arrival time
---------------------------------------------------------------------------------------------
                                             18.243849   slack (MET)


Startpoint: operand_b[36] (input port clocked by __VIRTUAL_CLK__)
Endpoint: result[37] (output port clocked by __VIRTUAL_CLK__)
Path Group: __VIRTUAL_CLK__
Path Type: min

Fanout         Cap        Slew       Delay        Time   Description
---------------------------------------------------------------------------------------------
                      0.000000    0.000000    0.000000   clock __VIRTUAL_CLK__ (rise edge)
                                  0.000000    0.000000   clock network delay (ideal)
                                  8.000000    8.000000 v input external delay
     1    0.004099    0.023534    0.012673    8.012672 v operand_b[36] (in)
                                                         operand_b[36] (net)
                      0.023534    0.000000    8.012672 v input99/A (sky130_fd_sc_hd__clkdlybuf4s25_1)
     3    0.015576    0.227473    0.540433    8.553106 v input99/X (sky130_fd_sc_hd__clkdlybuf4s25_1)
                                                         net99 (net)
                      0.227473    0.000551    8.553657 v _5002_/A (sky130_fd_sc_hd__inv_2)
     2    0.007412    0.092105    0.149677    8.703334 ^ _5002_/Y (sky130_fd_sc_hd__inv_2)
                                                         _0963_ (net)
                      0.092105    0.000235    8.703568 ^ _5003_/B1 (sky130_fd_sc_hd__a21o_2)
     1    0.009079    0.087320    0.184206    8.887774 ^ _5003_/X (sky130_fd_sc_hd__a21o_2)
                                                         _0964_ (net)
                      0.087320    0.000350    8.888124 ^ _5005_/A2 (sky130_fd_sc_hd__a21oi_2)
     1    0.009235    0.057554    0.138129    9.026253 v _5005_/Y (sky130_fd_sc_hd__a21oi_2)
                                                         _0966_ (net)
                      0.057555    0.000276    9.026529 v _5006_/B (sky130_fd_sc_hd__xnor2_2)
     1    0.012483    0.139974    0.265466    9.291995 v _5006_/Y (sky130_fd_sc_hd__xnor2_2)
                                                         _0967_ (net)
                      0.139974    0.000557    9.292552 v _5007_/B (sky130_fd_sc_hd__nor2_2)
     1    0.004617    0.131786    0.161493    9.454045 ^ _5007_/Y (sky130_fd_sc_hd__nor2_2)
                                                         _0968_ (net)
                      0.131786    0.000114    9.454159 ^ _5025_/B1 (sky130_fd_sc_hd__a211o_2)
     2    0.015051    0.126752    0.248800    9.702959 ^ _5025_/X (sky130_fd_sc_hd__a211o_2)
                                                         net167 (net)
                      0.126754    0.000600    9.703558 ^ output167/A (sky130_fd_sc_hd__clkdlybuf4s25_1)
     1    0.036568    0.589094    0.818589   10.522147 ^ output167/X (sky130_fd_sc_hd__clkdlybuf4s25_1)
                                                         result[37] (net)
                      0.589094    0.001161   10.523308 ^ result[37] (out)
                                             10.523308   data arrival time

                      0.000000    0.000000    0.000000   clock __VIRTUAL_CLK__ (rise edge)
                                  0.000000    0.000000   clock network delay (ideal)
                                  0.250000    0.250000   clock uncertainty
                                  0.000000    0.250000   clock reconvergence pessimism
                                 -8.000000   -7.750000   output external delay
                                             -7.750000   data required time
---------------------------------------------------------------------------------------------
                                             -7.750000   data required time
                                            -10.523308   data arrival time
---------------------------------------------------------------------------------------------
                                             18.273308   slack (MET)


Startpoint: operand_a[1] (input port clocked by __VIRTUAL_CLK__)
Endpoint: result[2] (output port clocked by __VIRTUAL_CLK__)
Path Group: __VIRTUAL_CLK__
Path Type: min

Fanout         Cap        Slew       Delay        Time   Description
---------------------------------------------------------------------------------------------
                      0.000000    0.000000    0.000000   clock __VIRTUAL_CLK__ (rise edge)
                                  0.000000    0.000000   clock network delay (ideal)
                                  8.000000    8.000000 v input external delay
     1    0.007635    0.037722    0.023084    8.023084 v operand_a[1] (in)
                                                         operand_a[1] (net)
                      0.037726    0.000000    8.023084 v input17/A (sky130_fd_sc_hd__clkdlybuf4s25_1)
     4    0.021632    0.303986    0.600981    8.624064 v input17/X (sky130_fd_sc_hd__clkdlybuf4s25_1)
                                                         net17 (net)
                      0.303986    0.000786    8.624850 v _3408_/B (sky130_fd_sc_hd__nand2b_2)
     4    0.016916    0.158705    0.265176    8.890027 ^ _3408_/Y (sky130_fd_sc_hd__nand2b_2)
                                                         _2621_ (net)
                      0.158705    0.000720    8.890747 ^ _3422_/A1 (sky130_fd_sc_hd__a21o_2)
     1    0.010904    0.104638    0.295852    9.186600 ^ _3422_/X (sky130_fd_sc_hd__a21o_2)
                                                         _2635_ (net)
                      0.104638    0.000307    9.186907 ^ _3423_/B (sky130_fd_sc_hd__xnor2_2)
     1    0.009679    0.115701    0.157397    9.344303 v _3423_/Y (sky130_fd_sc_hd__xnor2_2)
                                                         _2636_ (net)
                      0.115701    0.000436    9.344740 v _3435_/A2 (sky130_fd_sc_hd__o221ai_2)
     1    0.003399    0.088133    0.255862    9.600601 ^ _3435_/Y (sky130_fd_sc_hd__o221ai_2)
                                                         _2648_ (net)
                      0.088133    0.000096    9.600698 ^ _3436_/C1 (sky130_fd_sc_hd__a221o_2)
     2    0.012297    0.121636    0.236178    9.836876 ^ _3436_/X (sky130_fd_sc_hd__a221o_2)
                                                         net159 (net)
                      0.121636    0.000488    9.837364 ^ output159/A (sky130_fd_sc_hd__clkdlybuf4s25_1)
     1    0.035628    0.574342    0.806715   10.644079 ^ output159/X (sky130_fd_sc_hd__clkdlybuf4s25_1)
                                                         result[2] (net)
                      0.574342    0.000932   10.645011 ^ result[2] (out)
                                             10.645011   data arrival time

                      0.000000    0.000000    0.000000   clock __VIRTUAL_CLK__ (rise edge)
                                  0.000000    0.000000   clock network delay (ideal)
                                  0.250000    0.250000   clock uncertainty
                                  0.000000    0.250000   clock reconvergence pessimism
                                 -8.000000   -7.750000   output external delay
                                             -7.750000   data required time
---------------------------------------------------------------------------------------------
                                             -7.750000   data required time
                                            -10.645011   data arrival time
---------------------------------------------------------------------------------------------
                                             18.395010   slack (MET)


Startpoint: operand_b[16] (input port clocked by __VIRTUAL_CLK__)
Endpoint: result[17] (output port clocked by __VIRTUAL_CLK__)
Path Group: __VIRTUAL_CLK__
Path Type: min

Fanout         Cap        Slew       Delay        Time   Description
---------------------------------------------------------------------------------------------
                      0.000000    0.000000    0.000000   clock __VIRTUAL_CLK__ (rise edge)
                                  0.000000    0.000000   clock network delay (ideal)
                                  8.000000    8.000000 v input external delay
     1    0.007704    0.038005    0.023283    8.023283 v operand_b[16] (in)
                                                         operand_b[16] (net)
                      0.038009    0.000000    8.023283 v input77/A (sky130_fd_sc_hd__clkdlybuf4s25_1)
     5    0.030530    0.416981    0.681239    8.704522 v input77/X (sky130_fd_sc_hd__clkdlybuf4s25_1)
                                                         net77 (net)
                      0.416982    0.001550    8.706072 v _4129_/A1 (sky130_fd_sc_hd__o211ai_2)
     1    0.004386    0.081040    0.378939    9.085011 ^ _4129_/Y (sky130_fd_sc_hd__o211ai_2)
                                                         _0110_ (net)
                      0.081040    0.000131    9.085142 ^ _4166_/A2 (sky130_fd_sc_hd__a31o_2)
     1    0.005584    0.076495    0.322392    9.407534 ^ _4166_/X (sky130_fd_sc_hd__a31o_2)
                                                         _0147_ (net)
                      0.076495    0.000207    9.407741 ^ _4167_/B1 (sky130_fd_sc_hd__a31o_2)
     2    0.035505    0.317598    0.354913    9.762653 ^ _4167_/X (sky130_fd_sc_hd__a31o_2)
                                                         net145 (net)
                      0.317700    0.001452    9.764106 ^ output145/A (sky130_fd_sc_hd__clkdlybuf4s25_1)
     1    0.037702    0.608031    0.903431   10.667537 ^ output145/X (sky130_fd_sc_hd__clkdlybuf4s25_1)
                                                         result[17] (net)
                      0.608031    0.001352   10.668888 ^ result[17] (out)
                                             10.668888   data arrival time

                      0.000000    0.000000    0.000000   clock __VIRTUAL_CLK__ (rise edge)
                                  0.000000    0.000000   clock network delay (ideal)
                                  0.250000    0.250000   clock uncertainty
                                  0.000000    0.250000   clock reconvergence pessimism
                                 -8.000000   -7.750000   output external delay
                                             -7.750000   data required time
---------------------------------------------------------------------------------------------
                                             -7.750000   data required time
                                            -10.668888   data arrival time
---------------------------------------------------------------------------------------------
                                             18.418888   slack (MET)


Startpoint: operand_b[32] (input port clocked by __VIRTUAL_CLK__)
Endpoint: result[33] (output port clocked by __VIRTUAL_CLK__)
Path Group: __VIRTUAL_CLK__
Path Type: min

Fanout         Cap        Slew       Delay        Time   Description
---------------------------------------------------------------------------------------------
                      0.000000    0.000000    0.000000   clock __VIRTUAL_CLK__ (rise edge)
                                  0.000000    0.000000   clock network delay (ideal)
                                  8.000000    8.000000 v input external delay
     1    0.005519    0.029169    0.016938    8.016937 v operand_b[32] (in)
                                                         operand_b[32] (net)
                      0.029171    0.000000    8.016937 v input95/A (sky130_fd_sc_hd__clkdlybuf4s25_1)
     4    0.028859    0.395681    0.662647    8.679585 v input95/X (sky130_fd_sc_hd__clkdlybuf4s25_1)
                                                         net95 (net)
                      0.395681    0.000810    8.680394 v _4827_/A1 (sky130_fd_sc_hd__a21oi_2)
     1    0.009288    0.234016    0.382602    9.062997 ^ _4827_/Y (sky130_fd_sc_hd__a21oi_2)
                                                         _0792_ (net)
                      0.234016    0.000276    9.063273 ^ _4828_/B (sky130_fd_sc_hd__xnor2_2)
     2    0.012248    0.137974    0.216637    9.279910 v _4828_/Y (sky130_fd_sc_hd__xnor2_2)
                                                         _0793_ (net)
                      0.137974    0.000481    9.280392 v _4852_/A1 (sky130_fd_sc_hd__o221ai_2)
     1    0.005581    0.112070    0.327193    9.607585 ^ _4852_/Y (sky130_fd_sc_hd__o221ai_2)
                                                         _0817_ (net)
                      0.112070    0.000203    9.607788 ^ _4859_/B1 (sky130_fd_sc_hd__a311o_2)
     2    0.013675    0.133939    0.255776    9.863564 ^ _4859_/X (sky130_fd_sc_hd__a311o_2)
                                                         net163 (net)
                      0.133939    0.000473    9.864037 ^ output163/A (sky130_fd_sc_hd__clkdlybuf4s25_1)
     1    0.038397    0.617914    0.840647   10.704682 ^ output163/X (sky130_fd_sc_hd__clkdlybuf4s25_1)
                                                         result[33] (net)
                      0.617914    0.001489   10.706171 ^ result[33] (out)
                                             10.706171   data arrival time

                      0.000000    0.000000    0.000000   clock __VIRTUAL_CLK__ (rise edge)
                                  0.000000    0.000000   clock network delay (ideal)
                                  0.250000    0.250000   clock uncertainty
                                  0.000000    0.250000   clock reconvergence pessimism
                                 -8.000000   -7.750000   output external delay
                                             -7.750000   data required time
---------------------------------------------------------------------------------------------
                                             -7.750000   data required time
                                            -10.706171   data arrival time
---------------------------------------------------------------------------------------------
                                             18.456171   slack (MET)


Startpoint: operand_b[40] (input port clocked by __VIRTUAL_CLK__)
Endpoint: result[41] (output port clocked by __VIRTUAL_CLK__)
Path Group: __VIRTUAL_CLK__
Path Type: min

Fanout         Cap        Slew       Delay        Time   Description
---------------------------------------------------------------------------------------------
                      0.000000    0.000000    0.000000   clock __VIRTUAL_CLK__ (rise edge)
                                  0.000000    0.000000   clock network delay (ideal)
                                  8.000000    8.000000 ^ input external delay
     1    0.005899    0.053285    0.030456    8.030456 ^ operand_b[40] (in)
                                                         operand_b[40] (net)
                      0.053285    0.000000    8.030456 ^ input104/A (sky130_fd_sc_hd__clkdlybuf4s25_1)
     2    0.017902    0.300427    0.592320    8.622776 ^ input104/X (sky130_fd_sc_hd__clkdlybuf4s25_1)
                                                         net104 (net)
                      0.300427    0.000719    8.623494 ^ _5196_/A2 (sky130_fd_sc_hd__a2111o_2)
     1    0.005329    0.061225    0.351672    8.975165 ^ _5196_/X (sky130_fd_sc_hd__a2111o_2)
                                                         _1171_ (net)
                      0.061225    0.000109    8.975275 ^ _5197_/C1 (sky130_fd_sc_hd__o211ai_2)
     1    0.003342    0.091473    0.134589    9.109864 v _5197_/Y (sky130_fd_sc_hd__o211ai_2)
                                                         _1172_ (net)
                      0.091473    0.000098    9.109962 v _5198_/B1 (sky130_fd_sc_hd__a41o_2)
     1    0.002442    0.056791    0.392939    9.502901 v _5198_/X (sky130_fd_sc_hd__a41o_2)
                                                         _1173_ (net)
                      0.056791    0.000044    9.502945 v _5199_/B1 (sky130_fd_sc_hd__a31o_2)
     2    0.015464    0.116772    0.433274    9.936219 v _5199_/X (sky130_fd_sc_hd__a31o_2)
                                                         net172 (net)
                      0.116778    0.000846    9.937066 v output172/A (sky130_fd_sc_hd__clkdlybuf4s25_1)
     1    0.036461    0.491770    0.768961   10.706027 v output172/X (sky130_fd_sc_hd__clkdlybuf4s25_1)
                                                         result[41] (net)
                      0.491770    0.001112   10.707139 v result[41] (out)
                                             10.707139   data arrival time

                      0.000000    0.000000    0.000000   clock __VIRTUAL_CLK__ (rise edge)
                                  0.000000    0.000000   clock network delay (ideal)
                                  0.250000    0.250000   clock uncertainty
                                  0.000000    0.250000   clock reconvergence pessimism
                                 -8.000000   -7.750000   output external delay
                                             -7.750000   data required time
---------------------------------------------------------------------------------------------
                                             -7.750000   data required time
                                            -10.707139   data arrival time
---------------------------------------------------------------------------------------------
                                             18.457138   slack (MET)


Startpoint: operand_b[49] (input port clocked by __VIRTUAL_CLK__)
Endpoint: result[51] (output port clocked by __VIRTUAL_CLK__)
Path Group: __VIRTUAL_CLK__
Path Type: min

Fanout         Cap        Slew       Delay        Time   Description
---------------------------------------------------------------------------------------------
                      0.000000    0.000000    0.000000   clock __VIRTUAL_CLK__ (rise edge)
                                  0.000000    0.000000   clock network delay (ideal)
                                  8.000000    8.000000 ^ input external delay
     1    0.005072    0.047678    0.026423    8.026423 ^ operand_b[49] (in)
                                                         operand_b[49] (net)
                      0.047679    0.000000    8.026423 ^ input113/A (sky130_fd_sc_hd__clkdlybuf4s25_1)
     3    0.013413    0.231259    0.543008    8.569431 ^ input113/X (sky130_fd_sc_hd__clkdlybuf4s25_1)
                                                         net113 (net)
                      0.231259    0.000554    8.569985 ^ _5503_/A2 (sky130_fd_sc_hd__o21a_2)
     3    0.013640    0.135064    0.334087    8.904074 ^ _5503_/X (sky130_fd_sc_hd__o21a_2)
                                                         _1499_ (net)
                      0.135064    0.000330    8.904403 ^ _5504_/B1 (sky130_fd_sc_hd__a21oi_2)
     2    0.016864    0.088612    0.120347    9.024750 v _5504_/Y (sky130_fd_sc_hd__a21oi_2)
                                                         _1500_ (net)
                      0.088615    0.000608    9.025358 v _5543_/S (sky130_fd_sc_hd__mux2_2)
     1    0.004804    0.081731    0.424920    9.450278 ^ _5543_/X (sky130_fd_sc_hd__mux2_2)
                                                         _1542_ (net)
                      0.081731    0.000161    9.450438 ^ _5561_/A2 (sky130_fd_sc_hd__a211o_2)
     1    0.003005    0.046369    0.237025    9.687464 ^ _5561_/X (sky130_fd_sc_hd__a211o_2)
                                                         _1562_ (net)
                      0.046369    0.000058    9.687521 ^ _5562_/B1 (sky130_fd_sc_hd__a21o_2)
     2    0.016286    0.138811    0.202496    9.890018 ^ _5562_/X (sky130_fd_sc_hd__a21o_2)
                                                         net183 (net)
                      0.138812    0.000556    9.890574 ^ output183/A (sky130_fd_sc_hd__clkdlybuf4s25_1)
     1    0.037861    0.609563    0.837274   10.727847 ^ output183/X (sky130_fd_sc_hd__clkdlybuf4s25_1)
                                                         result[51] (net)
                      0.609563    0.001233   10.729080 ^ result[51] (out)
                                             10.729080   data arrival time

                      0.000000    0.000000    0.000000   clock __VIRTUAL_CLK__ (rise edge)
                                  0.000000    0.000000   clock network delay (ideal)
                                  0.250000    0.250000   clock uncertainty
                                  0.000000    0.250000   clock reconvergence pessimism
                                 -8.000000   -7.750000   output external delay
                                             -7.750000   data required time
---------------------------------------------------------------------------------------------
                                             -7.750000   data required time
                                            -10.729080   data arrival time
---------------------------------------------------------------------------------------------
                                             18.479080   slack (MET)


Startpoint: operand_b[44] (input port clocked by __VIRTUAL_CLK__)
Endpoint: result[47] (output port clocked by __VIRTUAL_CLK__)
Path Group: __VIRTUAL_CLK__
Path Type: min

Fanout         Cap        Slew       Delay        Time   Description
---------------------------------------------------------------------------------------------
                      0.000000    0.000000    0.000000   clock __VIRTUAL_CLK__ (rise edge)
                                  0.000000    0.000000   clock network delay (ideal)
                                  8.000000    8.000000 ^ input external delay
     1    0.004977    0.047031    0.025927    8.025927 ^ operand_b[44] (in)
                                                         operand_b[44] (net)
                      0.047031    0.000000    8.025927 ^ input108/A (sky130_fd_sc_hd__clkdlybuf4s25_1)
     4    0.026845    0.438434    0.683495    8.709422 ^ input108/X (sky130_fd_sc_hd__clkdlybuf4s25_1)
                                                         net108 (net)
                      0.438434    0.000703    8.710125 ^ _5321_/A1 (sky130_fd_sc_hd__a21boi_2)
     6    0.031333    0.174478    0.380429    9.090554 v _5321_/Y (sky130_fd_sc_hd__a21boi_2)
                                                         _1304_ (net)
                      0.174485    0.001236    9.091791 v _5397_/C1 (sky130_fd_sc_hd__o211ai_2)
     1    0.003138    0.088053    0.126469    9.218259 ^ _5397_/Y (sky130_fd_sc_hd__o211ai_2)
                                                         _1386_ (net)
                      0.088053    0.000063    9.218323 ^ _5398_/D1 (sky130_fd_sc_hd__o2111a_2)
     1    0.004418    0.094156    0.391098    9.609420 ^ _5398_/X (sky130_fd_sc_hd__o2111a_2)
                                                         _1387_ (net)
                      0.094156    0.000108    9.609529 ^ _5399_/C1 (sky130_fd_sc_hd__a211o_2)
     1    0.003683    0.050762    0.165988    9.775517 ^ _5399_/X (sky130_fd_sc_hd__a211o_2)
                                                         _1388_ (net)
                      0.050762    0.000105    9.775621 ^ _5400_/B1 (sky130_fd_sc_hd__a21o_2)
     2    0.013440    0.118333    0.189357    9.964978 ^ _5400_/X (sky130_fd_sc_hd__a21o_2)
                                                         net178 (net)
                      0.118335    0.000655    9.965634 ^ output178/A (sky130_fd_sc_hd__clkdlybuf4s25_1)
     1    0.037073    0.596921    0.820565   10.786199 ^ output178/X (sky130_fd_sc_hd__clkdlybuf4s25_1)
                                                         result[47] (net)
                      0.596921    0.000807   10.787006 ^ result[47] (out)
                                             10.787006   data arrival time

                      0.000000    0.000000    0.000000   clock __VIRTUAL_CLK__ (rise edge)
                                  0.000000    0.000000   clock network delay (ideal)
                                  0.250000    0.250000   clock uncertainty
                                  0.000000    0.250000   clock reconvergence pessimism
                                 -8.000000   -7.750000   output external delay
                                             -7.750000   data required time
---------------------------------------------------------------------------------------------
                                             -7.750000   data required time
                                            -10.787006   data arrival time
---------------------------------------------------------------------------------------------
                                             18.537004   slack (MET)


Startpoint: operand_b[9] (input port clocked by __VIRTUAL_CLK__)
Endpoint: result[9] (output port clocked by __VIRTUAL_CLK__)
Path Group: __VIRTUAL_CLK__
Path Type: min

Fanout         Cap        Slew       Delay        Time   Description
---------------------------------------------------------------------------------------------
                      0.000000    0.000000    0.000000   clock __VIRTUAL_CLK__ (rise edge)
                                  0.000000    0.000000   clock network delay (ideal)
                                  8.000000    8.000000 ^ input external delay
     1    0.005590    0.051211    0.029006    8.029006 ^ operand_b[9] (in)
                                                         operand_b[9] (net)
                      0.051212    0.000000    8.029006 ^ input133/A (sky130_fd_sc_hd__clkdlybuf4s25_1)
     5    0.031230    0.506249    0.730961    8.759967 ^ input133/X (sky130_fd_sc_hd__clkdlybuf4s25_1)
                                                         net133 (net)
                      0.506249    0.001505    8.761472 ^ _3789_/A1 (sky130_fd_sc_hd__a221o_2)
     1    0.010426    0.107643    0.502629    9.264101 ^ _3789_/X (sky130_fd_sc_hd__a221o_2)
                                                         _2995_ (net)
                      0.107643    0.000444    9.264544 ^ _3796_/A2 (sky130_fd_sc_hd__a22oi_2)
     1    0.002851    0.091491    0.150777    9.415322 v _3796_/Y (sky130_fd_sc_hd__a22oi_2)
                                                         _3002_ (net)
                      0.091491    0.000079    9.415401 v _3808_/B1 (sky130_fd_sc_hd__o211a_2)
     1    0.010331    0.077872    0.272965    9.688366 v _3808_/X (sky130_fd_sc_hd__o211a_2)
                                                         _3014_ (net)
                      0.077876    0.000614    9.688980 v _3809_/B1 (sky130_fd_sc_hd__o21ai_2)
     1    0.005501    0.079313    0.094403    9.783382 ^ _3809_/Y (sky130_fd_sc_hd__o21ai_2)
                                                         _3015_ (net)
                      0.079313    0.000200    9.783583 ^ _3810_/C1 (sky130_fd_sc_hd__a221o_2)
     2    0.008465    0.093284    0.209576    9.993158 ^ _3810_/X (sky130_fd_sc_hd__a221o_2)
                                                         net200 (net)
                      0.093284    0.000330    9.993489 ^ output200/A (sky130_fd_sc_hd__clkdlybuf4s25_1)
     1    0.036241    0.583676    0.801150   10.794640 ^ output200/X (sky130_fd_sc_hd__clkdlybuf4s25_1)
                                                         result[9] (net)
                      0.583676    0.000817   10.795456 ^ result[9] (out)
                                             10.795456   data arrival time

                      0.000000    0.000000    0.000000   clock __VIRTUAL_CLK__ (rise edge)
                                  0.000000    0.000000   clock network delay (ideal)
                                  0.250000    0.250000   clock uncertainty
                                  0.000000    0.250000   clock reconvergence pessimism
                                 -8.000000   -7.750000   output external delay
                                             -7.750000   data required time
---------------------------------------------------------------------------------------------
                                             -7.750000   data required time
                                            -10.795456   data arrival time
---------------------------------------------------------------------------------------------
                                             18.545458   slack (MET)


Startpoint: operand_b[30] (input port clocked by __VIRTUAL_CLK__)
Endpoint: result[31] (output port clocked by __VIRTUAL_CLK__)
Path Group: __VIRTUAL_CLK__
Path Type: min

Fanout         Cap        Slew       Delay        Time   Description
---------------------------------------------------------------------------------------------
                      0.000000    0.000000    0.000000   clock __VIRTUAL_CLK__ (rise edge)
                                  0.000000    0.000000   clock network delay (ideal)
                                  8.000000    8.000000 ^ input external delay
     1    0.006432    0.056873    0.033016    8.033016 ^ operand_b[30] (in)
                                                         operand_b[30] (net)
                      0.056875    0.000000    8.033016 ^ input93/A (sky130_fd_sc_hd__clkdlybuf4s25_1)
     4    0.015481    0.263107    0.568516    8.601532 ^ input93/X (sky130_fd_sc_hd__clkdlybuf4s25_1)
                                                         net93 (net)
                      0.263107    0.000466    8.601998 ^ _4738_/B1 (sky130_fd_sc_hd__a21o_2)
     1    0.002941    0.048469    0.215501    8.817499 ^ _4738_/X (sky130_fd_sc_hd__a21o_2)
                                                         _0705_ (net)
                      0.048469    0.000081    8.817580 ^ _4740_/B1 (sky130_fd_sc_hd__a32o_2)
     1    0.009465    0.124060    0.247732    9.065311 ^ _4740_/X (sky130_fd_sc_hd__a32o_2)
                                                         _0707_ (net)
                      0.124060    0.000285    9.065597 ^ _4741_/B (sky130_fd_sc_hd__xnor2_2)
     4    0.029306    0.282882    0.284999    9.350595 v _4741_/Y (sky130_fd_sc_hd__xnor2_2)
                                                         _0708_ (net)
                      0.282883    0.001190    9.351786 v _4745_/A (sky130_fd_sc_hd__xnor2_2)
     1    0.002885    0.058873    0.289332    9.641117 ^ _4745_/Y (sky130_fd_sc_hd__xnor2_2)
                                                         _0712_ (net)
                      0.058873    0.000078    9.641195 ^ _4764_/B1 (sky130_fd_sc_hd__a221o_2)
     2    0.014703    0.139752    0.334652    9.975848 ^ _4764_/X (sky130_fd_sc_hd__a221o_2)
                                                         net161 (net)
                      0.139754    0.000786    9.976634 ^ output161/A (sky130_fd_sc_hd__clkdlybuf4s25_1)
     1    0.037437    0.603081    0.832919   10.809553 ^ output161/X (sky130_fd_sc_hd__clkdlybuf4s25_1)
                                                         result[31] (net)
                      0.603081    0.001613   10.811166 ^ result[31] (out)
                                             10.811166   data arrival time

                      0.000000    0.000000    0.000000   clock __VIRTUAL_CLK__ (rise edge)
                                  0.000000    0.000000   clock network delay (ideal)
                                  0.250000    0.250000   clock uncertainty
                                  0.000000    0.250000   clock reconvergence pessimism
                                 -8.000000   -7.750000   output external delay
                                             -7.750000   data required time
---------------------------------------------------------------------------------------------
                                             -7.750000   data required time
                                            -10.811166   data arrival time
---------------------------------------------------------------------------------------------
                                             18.561165   slack (MET)


Startpoint: operand_a[11] (input port clocked by __VIRTUAL_CLK__)
Endpoint: result[13] (output port clocked by __VIRTUAL_CLK__)
Path Group: __VIRTUAL_CLK__
Path Type: min

Fanout         Cap        Slew       Delay        Time   Description
---------------------------------------------------------------------------------------------
                      0.000000    0.000000    0.000000   clock __VIRTUAL_CLK__ (rise edge)
                                  0.000000    0.000000   clock network delay (ideal)
                                  8.000000    8.000000 ^ input external delay
     1    0.006191    0.055249    0.031846    8.031846 ^ operand_a[11] (in)
                                                         operand_a[11] (net)
                      0.055249    0.000000    8.031846 ^ input8/A (sky130_fd_sc_hd__clkdlybuf4s25_1)
     5    0.025416    0.416291    0.672125    8.703970 ^ input8/X (sky130_fd_sc_hd__clkdlybuf4s25_1)
                                                         net8 (net)
                      0.416291    0.000464    8.704433 ^ _3909_/A (sky130_fd_sc_hd__nand2_2)
     1    0.007906    0.134451    0.210670    8.915104 v _3909_/Y (sky130_fd_sc_hd__nand2_2)
                                                         _3112_ (net)
                      0.134451    0.000296    8.915400 v _3910_/B1 (sky130_fd_sc_hd__o31a_2)
     2    0.012815    0.089716    0.265079    9.180478 v _3910_/X (sky130_fd_sc_hd__o31a_2)
                                                         _3113_ (net)
                      0.089717    0.000404    9.180882 v _3911_/B1 (sky130_fd_sc_hd__o21ai_2)
     6    0.039219    0.361254    0.287914    9.468796 ^ _3911_/Y (sky130_fd_sc_hd__o21ai_2)
                                                         _3114_ (net)
                      0.361259    0.001054    9.469850 ^ _3958_/A2 (sky130_fd_sc_hd__o21ai_2)
     1    0.010247    0.113284    0.220059    9.689909 v _3958_/Y (sky130_fd_sc_hd__o21ai_2)
                                                         _3160_ (net)
                      0.113284    0.000335    9.690244 v _3959_/B (sky130_fd_sc_hd__xnor2_2)
     1    0.007272    0.087404    0.242481    9.932724 ^ _3959_/Y (sky130_fd_sc_hd__xnor2_2)
                                                         _3161_ (net)
                      0.087404    0.000203    9.932928 ^ _3992_/A2 (sky130_fd_sc_hd__o21ai_2)
     2    0.010001    0.099195    0.134274   10.067202 v _3992_/Y (sky130_fd_sc_hd__o21ai_2)
                                                         net141 (net)
                      0.099195    0.000297   10.067498 v output141/A (sky130_fd_sc_hd__clkdlybuf4s25_1)
     1    0.035284    0.476819    0.750944   10.818442 v output141/X (sky130_fd_sc_hd__clkdlybuf4s25_1)
                                                         result[13] (net)
                      0.476819    0.000719   10.819161 v result[13] (out)
                                             10.819161   data arrival time

                      0.000000    0.000000    0.000000   clock __VIRTUAL_CLK__ (rise edge)
                                  0.000000    0.000000   clock network delay (ideal)
                                  0.250000    0.250000   clock uncertainty
                                  0.000000    0.250000   clock reconvergence pessimism
                                 -8.000000   -7.750000   output external delay
                                             -7.750000   data required time
---------------------------------------------------------------------------------------------
                                             -7.750000   data required time
                                            -10.819161   data arrival time
---------------------------------------------------------------------------------------------
                                             18.569160   slack (MET)


Startpoint: operand_b[44] (input port clocked by __VIRTUAL_CLK__)
Endpoint: result[45] (output port clocked by __VIRTUAL_CLK__)
Path Group: __VIRTUAL_CLK__
Path Type: min

Fanout         Cap        Slew       Delay        Time   Description
---------------------------------------------------------------------------------------------
                      0.000000    0.000000    0.000000   clock __VIRTUAL_CLK__ (rise edge)
                                  0.000000    0.000000   clock network delay (ideal)
                                  8.000000    8.000000 ^ input external delay
     1    0.004977    0.047031    0.025927    8.025927 ^ operand_b[44] (in)
                                                         operand_b[44] (net)
                      0.047031    0.000000    8.025927 ^ input108/A (sky130_fd_sc_hd__clkdlybuf4s25_1)
     4    0.026845    0.438434    0.683495    8.709422 ^ input108/X (sky130_fd_sc_hd__clkdlybuf4s25_1)
                                                         net108 (net)
                      0.438434    0.000703    8.710125 ^ _5321_/A1 (sky130_fd_sc_hd__a21boi_2)
     6    0.031333    0.174478    0.380429    9.090554 v _5321_/Y (sky130_fd_sc_hd__a21boi_2)
                                                         _1304_ (net)
                      0.174478    0.000506    9.091061 v _5322_/B (sky130_fd_sc_hd__xnor2_2)
     1    0.007720    0.090877    0.271960    9.363021 ^ _5322_/Y (sky130_fd_sc_hd__xnor2_2)
                                                         _1305_ (net)
                      0.090877    0.000248    9.363269 ^ _5332_/A2 (sky130_fd_sc_hd__a221o_2)
     1    0.006582    0.079733    0.316108    9.679377 ^ _5332_/X (sky130_fd_sc_hd__a221o_2)
                                                         _1316_ (net)
                      0.079733    0.000247    9.679624 ^ _5333_/C1 (sky130_fd_sc_hd__a221o_2)
     2    0.024407    0.211705    0.300328    9.979951 ^ _5333_/X (sky130_fd_sc_hd__a221o_2)
                                                         net176 (net)
                      0.211706    0.000850    9.980802 ^ output176/A (sky130_fd_sc_hd__clkdlybuf4s25_1)
     1    0.035827    0.577769    0.847234   10.828035 ^ output176/X (sky130_fd_sc_hd__clkdlybuf4s25_1)
                                                         result[45] (net)
                      0.577769    0.000842   10.828877 ^ result[45] (out)
                                             10.828877   data arrival time

                      0.000000    0.000000    0.000000   clock __VIRTUAL_CLK__ (rise edge)
                                  0.000000    0.000000   clock network delay (ideal)
                                  0.250000    0.250000   clock uncertainty
                                  0.000000    0.250000   clock reconvergence pessimism
                                 -8.000000   -7.750000   output external delay
                                             -7.750000   data required time
---------------------------------------------------------------------------------------------
                                             -7.750000   data required time
                                            -10.828877   data arrival time
---------------------------------------------------------------------------------------------
                                             18.578878   slack (MET)


Startpoint: operand_b[23] (input port clocked by __VIRTUAL_CLK__)
Endpoint: result[23] (output port clocked by __VIRTUAL_CLK__)
Path Group: __VIRTUAL_CLK__
Path Type: min

Fanout         Cap        Slew       Delay        Time   Description
---------------------------------------------------------------------------------------------
                      0.000000    0.000000    0.000000   clock __VIRTUAL_CLK__ (rise edge)
                                  0.000000    0.000000   clock network delay (ideal)
                                  8.000000    8.000000 v input external delay
     1    0.007469    0.037047    0.022585    8.022586 v operand_b[23] (in)
                                                         operand_b[23] (net)
                      0.037050    0.000000    8.022586 v input85/A (sky130_fd_sc_hd__buf_1)
     5    0.030931    0.350735    0.354040    8.376626 v input85/X (sky130_fd_sc_hd__buf_1)
                                                         net85 (net)
                      0.350735    0.000542    8.377168 v _4397_/B (sky130_fd_sc_hd__xor2_2)
     3    0.015907    0.111364    0.406096    8.783263 v _4397_/X (sky130_fd_sc_hd__xor2_2)
                                                         _0372_ (net)
                      0.111364    0.000498    8.783762 v max_cap321/A (sky130_fd_sc_hd__buf_2)
     6    0.036544    0.175208    0.352339    9.136100 v max_cap321/X (sky130_fd_sc_hd__buf_2)
                                                         net321 (net)
                      0.175233    0.002020    9.138120 v _4407_/A (sky130_fd_sc_hd__xor2_2)
     1    0.008275    0.198772    0.317534    9.455654 ^ _4407_/X (sky130_fd_sc_hd__xor2_2)
                                                         _0382_ (net)
                      0.198772    0.000353    9.456007 ^ _4427_/B1 (sky130_fd_sc_hd__a221o_2)
     1    0.003651    0.059276    0.313573    9.769580 ^ _4427_/X (sky130_fd_sc_hd__a221o_2)
                                                         _0402_ (net)
                      0.059276    0.000107    9.769687 ^ _4428_/B1 (sky130_fd_sc_hd__a31o_2)
     2    0.017570    0.168747    0.245958   10.015645 ^ _4428_/X (sky130_fd_sc_hd__a31o_2)
                                                         net152 (net)
                      0.168748    0.000831   10.016476 ^ output152/A (sky130_fd_sc_hd__clkdlybuf4s25_1)
     1    0.035618    0.574376    0.826701   10.843177 ^ output152/X (sky130_fd_sc_hd__clkdlybuf4s25_1)
                                                         result[23] (net)
                      0.574376    0.000896   10.844072 ^ result[23] (out)
                                             10.844072   data arrival time

                      0.000000    0.000000    0.000000   clock __VIRTUAL_CLK__ (rise edge)
                                  0.000000    0.000000   clock network delay (ideal)
                                  0.250000    0.250000   clock uncertainty
                                  0.000000    0.250000   clock reconvergence pessimism
                                 -8.000000   -7.750000   output external delay
                                             -7.750000   data required time
---------------------------------------------------------------------------------------------
                                             -7.750000   data required time
                                            -10.844072   data arrival time
---------------------------------------------------------------------------------------------
                                             18.594072   slack (MET)


Startpoint: operand_b[14] (input port clocked by __VIRTUAL_CLK__)
Endpoint: result[15] (output port clocked by __VIRTUAL_CLK__)
Path Group: __VIRTUAL_CLK__
Path Type: min

Fanout         Cap        Slew       Delay        Time   Description
---------------------------------------------------------------------------------------------
                      0.000000    0.000000    0.000000   clock __VIRTUAL_CLK__ (rise edge)
                                  0.000000    0.000000   clock network delay (ideal)
                                  8.000000    8.000000 ^ input external delay
     1    0.006748    0.059008    0.034510    8.034511 ^ operand_b[14] (in)
                                                         operand_b[14] (net)
                      0.059010    0.000000    8.034511 ^ input75/A (sky130_fd_sc_hd__clkdlybuf4s25_1)
     4    0.027483    0.448438    0.694665    8.729175 ^ input75/X (sky130_fd_sc_hd__clkdlybuf4s25_1)
                                                         net75 (net)
                      0.448439    0.001634    8.730809 ^ _4040_/A2 (sky130_fd_sc_hd__o2111a_2)
     1    0.005618    0.105559    0.513812    9.244621 ^ _4040_/X (sky130_fd_sc_hd__o2111a_2)
                                                         _0023_ (net)
                      0.105559    0.000179    9.244801 ^ _4046_/A (sky130_fd_sc_hd__or3_2)
     3    0.014522    0.131345    0.258288    9.503088 ^ _4046_/X (sky130_fd_sc_hd__or3_2)
                                                         _0029_ (net)
                      0.131345    0.000471    9.503559 ^ _4048_/A (sky130_fd_sc_hd__xor2_2)
     1    0.003907    0.127199    0.216018    9.719578 ^ _4048_/X (sky130_fd_sc_hd__xor2_2)
                                                         _0031_ (net)
                      0.127199    0.000114    9.719691 ^ _4065_/B1 (sky130_fd_sc_hd__a221o_2)
     2    0.010445    0.107758    0.334185   10.053876 ^ _4065_/X (sky130_fd_sc_hd__a221o_2)
                                                         net143 (net)
                      0.107758    0.000356   10.054233 ^ output143/A (sky130_fd_sc_hd__clkdlybuf4s25_1)
     1    0.035090    0.565933    0.795266   10.849499 ^ output143/X (sky130_fd_sc_hd__clkdlybuf4s25_1)
                                                         result[15] (net)
                      0.565933    0.000769   10.850267 ^ result[15] (out)
                                             10.850267   data arrival time

                      0.000000    0.000000    0.000000   clock __VIRTUAL_CLK__ (rise edge)
                                  0.000000    0.000000   clock network delay (ideal)
                                  0.250000    0.250000   clock uncertainty
                                  0.000000    0.250000   clock reconvergence pessimism
                                 -8.000000   -7.750000   output external delay
                                             -7.750000   data required time
---------------------------------------------------------------------------------------------
                                             -7.750000   data required time
                                            -10.850267   data arrival time
---------------------------------------------------------------------------------------------
                                             18.600269   slack (MET)


Startpoint: operand_b[44] (input port clocked by __VIRTUAL_CLK__)
Endpoint: result[46] (output port clocked by __VIRTUAL_CLK__)
Path Group: __VIRTUAL_CLK__
Path Type: min

Fanout         Cap        Slew       Delay        Time   Description
---------------------------------------------------------------------------------------------
                      0.000000    0.000000    0.000000   clock __VIRTUAL_CLK__ (rise edge)
                                  0.000000    0.000000   clock network delay (ideal)
                                  8.000000    8.000000 ^ input external delay
     1    0.004977    0.047031    0.025927    8.025927 ^ operand_b[44] (in)
                                                         operand_b[44] (net)
                      0.047031    0.000000    8.025927 ^ input108/A (sky130_fd_sc_hd__clkdlybuf4s25_1)
     4    0.026845    0.438434    0.683495    8.709422 ^ input108/X (sky130_fd_sc_hd__clkdlybuf4s25_1)
                                                         net108 (net)
                      0.438434    0.000703    8.710125 ^ _5321_/A1 (sky130_fd_sc_hd__a21boi_2)
     6    0.031333    0.174478    0.380429    9.090554 v _5321_/Y (sky130_fd_sc_hd__a21boi_2)
                                                         _1304_ (net)
                      0.174479    0.000770    9.091325 v _5336_/A2 (sky130_fd_sc_hd__o21a_2)
     1    0.009968    0.078318    0.419127    9.510451 v _5336_/X (sky130_fd_sc_hd__o21a_2)
                                                         _1320_ (net)
                      0.078318    0.000329    9.510780 v _5337_/B (sky130_fd_sc_hd__xnor2_2)
     1    0.003783    0.064296    0.183464    9.694243 ^ _5337_/Y (sky130_fd_sc_hd__xnor2_2)
                                                         _1321_ (net)
                      0.064296    0.000112    9.694356 ^ _5362_/A2 (sky130_fd_sc_hd__a211o_2)
     2    0.019560    0.156333    0.329599   10.023954 ^ _5362_/X (sky130_fd_sc_hd__a211o_2)
                                                         net177 (net)
                      0.156340    0.001157   10.025112 ^ output177/A (sky130_fd_sc_hd__clkdlybuf4s25_1)
     1    0.036079    0.581402    0.826397   10.851508 ^ output177/X (sky130_fd_sc_hd__clkdlybuf4s25_1)
                                                         result[46] (net)
                      0.581402    0.000703   10.852211 ^ result[46] (out)
                                             10.852211   data arrival time

                      0.000000    0.000000    0.000000   clock __VIRTUAL_CLK__ (rise edge)
                                  0.000000    0.000000   clock network delay (ideal)
                                  0.250000    0.250000   clock uncertainty
                                  0.000000    0.250000   clock reconvergence pessimism
                                 -8.000000   -7.750000   output external delay
                                             -7.750000   data required time
---------------------------------------------------------------------------------------------
                                             -7.750000   data required time
                                            -10.852211   data arrival time
---------------------------------------------------------------------------------------------
                                             18.602211   slack (MET)


Startpoint: operand_b[27] (input port clocked by __VIRTUAL_CLK__)
Endpoint: result[29] (output port clocked by __VIRTUAL_CLK__)
Path Group: __VIRTUAL_CLK__
Path Type: min

Fanout         Cap        Slew       Delay        Time   Description
---------------------------------------------------------------------------------------------
                      0.000000    0.000000    0.000000   clock __VIRTUAL_CLK__ (rise edge)
                                  0.000000    0.000000   clock network delay (ideal)
                                  8.000000    8.000000 ^ input external delay
     1    0.004069    0.040793    0.021376    8.021376 ^ operand_b[27] (in)
                                                         operand_b[27] (net)
                      0.040793    0.000000    8.021376 ^ input89/A (sky130_fd_sc_hd__clkdlybuf4s25_1)
     4    0.018105    0.303514    0.589385    8.610762 ^ input89/X (sky130_fd_sc_hd__clkdlybuf4s25_1)
                                                         net89 (net)
                      0.303514    0.000719    8.611480 ^ _4626_/A2 (sky130_fd_sc_hd__a22o_2)
     3    0.013476    0.138518    0.421851    9.033331 ^ _4626_/X (sky130_fd_sc_hd__a22o_2)
                                                         _0596_ (net)
                      0.138518    0.000364    9.033695 ^ _4687_/C (sky130_fd_sc_hd__and4b_2)
     1    0.006316    0.127191    0.491461    9.525156 ^ _4687_/X (sky130_fd_sc_hd__and4b_2)
                                                         _0656_ (net)
                      0.127191    0.000246    9.525402 ^ _4688_/C1 (sky130_fd_sc_hd__a211o_2)
     1    0.005747    0.063751    0.194205    9.719606 ^ _4688_/X (sky130_fd_sc_hd__a211o_2)
                                                         _0657_ (net)
                      0.063751    0.000171    9.719777 ^ _4689_/C1 (sky130_fd_sc_hd__a221oi_2)
     1    0.008652    0.063684    0.070726    9.790503 v _4689_/Y (sky130_fd_sc_hd__a221oi_2)
                                                         _0658_ (net)
                      0.063684    0.000380    9.790883 v _4690_/B1 (sky130_fd_sc_hd__o21ai_2)
     1    0.003137    0.059958    0.074563    9.865446 ^ _4690_/Y (sky130_fd_sc_hd__o21ai_2)
                                                         _0659_ (net)
                      0.059958    0.000089    9.865535 ^ _4691_/C1 (sky130_fd_sc_hd__a221o_2)
     2    0.010723    0.109802    0.214211   10.079745 ^ _4691_/X (sky130_fd_sc_hd__a221o_2)
                                                         net158 (net)
                      0.109802    0.000279   10.080024 ^ output158/A (sky130_fd_sc_hd__clkdlybuf4s25_1)
     1    0.037110    0.597550    0.816975   10.896999 ^ output158/X (sky130_fd_sc_hd__clkdlybuf4s25_1)
                                                         result[29] (net)
                      0.597550    0.001273   10.898272 ^ result[29] (out)
                                             10.898272   data arrival time

                      0.000000    0.000000    0.000000   clock __VIRTUAL_CLK__ (rise edge)
                                  0.000000    0.000000   clock network delay (ideal)
                                  0.250000    0.250000   clock uncertainty
                                  0.000000    0.250000   clock reconvergence pessimism
                                 -8.000000   -7.750000   output external delay
                                             -7.750000   data required time
---------------------------------------------------------------------------------------------
                                             -7.750000   data required time
                                            -10.898272   data arrival time
---------------------------------------------------------------------------------------------
                                             18.648273   slack (MET)


Startpoint: operand_b[5] (input port clocked by __VIRTUAL_CLK__)
Endpoint: result[18] (output port clocked by __VIRTUAL_CLK__)
Path Group: __VIRTUAL_CLK__
Path Type: min

Fanout         Cap        Slew       Delay        Time   Description
---------------------------------------------------------------------------------------------
                      0.000000    0.000000    0.000000   clock __VIRTUAL_CLK__ (rise edge)
                                  0.000000    0.000000   clock network delay (ideal)
                                  8.000000    8.000000 v input external delay
     1    0.004038    0.023290    0.012485    8.012486 v operand_b[5] (in)
                                                         operand_b[5] (net)
                      0.023290    0.000000    8.012486 v input125/A (sky130_fd_sc_hd__clkdlybuf4s25_1)
     2    0.026329    0.363711    0.637333    8.649818 v input125/X (sky130_fd_sc_hd__clkdlybuf4s25_1)
                                                         net125 (net)
                      0.363711    0.000862    8.650681 v fanout622/A (sky130_fd_sc_hd__clkdlybuf4s25_1)
     4    0.023403    0.326425    0.743421    9.394102 v fanout622/X (sky130_fd_sc_hd__clkdlybuf4s25_1)
                                                         net622 (net)
                      0.326425    0.000915    9.395017 v _4209_/B2 (sky130_fd_sc_hd__o221ai_2)
     1    0.005805    0.108899    0.332385    9.727402 ^ _4209_/Y (sky130_fd_sc_hd__o221ai_2)
                                                         _0189_ (net)
                      0.108899    0.000176    9.727577 ^ _4210_/C1 (sky130_fd_sc_hd__a221o_2)
     2    0.024576    0.213146    0.313962   10.041539 ^ _4210_/X (sky130_fd_sc_hd__a221o_2)
                                                         net146 (net)
                      0.213149    0.001071   10.042610 ^ output146/A (sky130_fd_sc_hd__clkdlybuf4s25_1)
     1    0.036624    0.590564    0.856019   10.898630 ^ output146/X (sky130_fd_sc_hd__clkdlybuf4s25_1)
                                                         result[18] (net)
                      0.590564    0.001107   10.899736 ^ result[18] (out)
                                             10.899736   data arrival time

                      0.000000    0.000000    0.000000   clock __VIRTUAL_CLK__ (rise edge)
                                  0.000000    0.000000   clock network delay (ideal)
                                  0.250000    0.250000   clock uncertainty
                                  0.000000    0.250000   clock reconvergence pessimism
                                 -8.000000   -7.750000   output external delay
                                             -7.750000   data required time
---------------------------------------------------------------------------------------------
                                             -7.750000   data required time
                                            -10.899736   data arrival time
---------------------------------------------------------------------------------------------
                                             18.649736   slack (MET)


Startpoint: operand_a[11] (input port clocked by __VIRTUAL_CLK__)
Endpoint: result[12] (output port clocked by __VIRTUAL_CLK__)
Path Group: __VIRTUAL_CLK__
Path Type: min

Fanout         Cap        Slew       Delay        Time   Description
---------------------------------------------------------------------------------------------
                      0.000000    0.000000    0.000000   clock __VIRTUAL_CLK__ (rise edge)
                                  0.000000    0.000000   clock network delay (ideal)
                                  8.000000    8.000000 ^ input external delay
     1    0.006191    0.055249    0.031846    8.031846 ^ operand_a[11] (in)
                                                         operand_a[11] (net)
                      0.055249    0.000000    8.031846 ^ input8/A (sky130_fd_sc_hd__clkdlybuf4s25_1)
     5    0.025416    0.416291    0.672125    8.703970 ^ input8/X (sky130_fd_sc_hd__clkdlybuf4s25_1)
                                                         net8 (net)
                      0.416291    0.000464    8.704433 ^ _3909_/A (sky130_fd_sc_hd__nand2_2)
     1    0.007906    0.134451    0.210670    8.915104 v _3909_/Y (sky130_fd_sc_hd__nand2_2)
                                                         _3112_ (net)
                      0.134451    0.000296    8.915400 v _3910_/B1 (sky130_fd_sc_hd__o31a_2)
     2    0.012815    0.089716    0.265079    9.180478 v _3910_/X (sky130_fd_sc_hd__o31a_2)
                                                         _3113_ (net)
                      0.089717    0.000404    9.180882 v _3911_/B1 (sky130_fd_sc_hd__o21ai_2)
     6    0.039219    0.361254    0.287914    9.468796 ^ _3911_/Y (sky130_fd_sc_hd__o21ai_2)
                                                         _3114_ (net)
                      0.361258    0.000897    9.469693 ^ _3912_/B (sky130_fd_sc_hd__xor2_2)
     1    0.005075    0.145787    0.308297    9.777989 ^ _3912_/X (sky130_fd_sc_hd__xor2_2)
                                                         _3115_ (net)
                      0.145787    0.000130    9.778119 ^ _3953_/A2 (sky130_fd_sc_hd__a221o_2)
     2    0.006880    0.081853    0.337923   10.116042 ^ _3953_/X (sky130_fd_sc_hd__a221o_2)
                                                         net140 (net)
                      0.081853    0.000217   10.116260 ^ output140/A (sky130_fd_sc_hd__clkdlybuf4s25_1)
     1    0.035771    0.576355    0.791364   10.907623 ^ output140/X (sky130_fd_sc_hd__clkdlybuf4s25_1)
                                                         result[12] (net)
                      0.576355    0.000793   10.908417 ^ result[12] (out)
                                             10.908417   data arrival time

                      0.000000    0.000000    0.000000   clock __VIRTUAL_CLK__ (rise edge)
                                  0.000000    0.000000   clock network delay (ideal)
                                  0.250000    0.250000   clock uncertainty
                                  0.000000    0.250000   clock reconvergence pessimism
                                 -8.000000   -7.750000   output external delay
                                             -7.750000   data required time
---------------------------------------------------------------------------------------------
                                             -7.750000   data required time
                                            -10.908417   data arrival time
---------------------------------------------------------------------------------------------
                                             18.658415   slack (MET)


Startpoint: operand_b[27] (input port clocked by __VIRTUAL_CLK__)
Endpoint: result[28] (output port clocked by __VIRTUAL_CLK__)
Path Group: __VIRTUAL_CLK__
Path Type: min

Fanout         Cap        Slew       Delay        Time   Description
---------------------------------------------------------------------------------------------
                      0.000000    0.000000    0.000000   clock __VIRTUAL_CLK__ (rise edge)
                                  0.000000    0.000000   clock network delay (ideal)
                                  8.000000    8.000000 ^ input external delay
     1    0.004069    0.040793    0.021376    8.021376 ^ operand_b[27] (in)
                                                         operand_b[27] (net)
                      0.040793    0.000000    8.021376 ^ input89/A (sky130_fd_sc_hd__clkdlybuf4s25_1)
     4    0.018105    0.303514    0.589385    8.610762 ^ input89/X (sky130_fd_sc_hd__clkdlybuf4s25_1)
                                                         net89 (net)
                      0.303514    0.000719    8.611480 ^ _4626_/A2 (sky130_fd_sc_hd__a22o_2)
     3    0.013476    0.138518    0.421851    9.033331 ^ _4626_/X (sky130_fd_sc_hd__a22o_2)
                                                         _0596_ (net)
                      0.138518    0.000405    9.033736 ^ _4629_/A_N (sky130_fd_sc_hd__nand2b_2)
     4    0.024527    0.213461    0.320256    9.353992 ^ _4629_/Y (sky130_fd_sc_hd__nand2b_2)
                                                         _0599_ (net)
                      0.213461    0.000203    9.354194 ^ _4630_/B (sky130_fd_sc_hd__xnor2_2)
     1    0.004634    0.069975    0.237395    9.591589 ^ _4630_/Y (sky130_fd_sc_hd__xnor2_2)
                                                         _0600_ (net)
                      0.069975    0.000157    9.591746 ^ _4652_/A2 (sky130_fd_sc_hd__o221a_2)
     1    0.005436    0.100000    0.393592    9.985338 ^ _4652_/X (sky130_fd_sc_hd__o221a_2)
                                                         _0622_ (net)
                      0.100000    0.000114    9.985452 ^ _4653_/B1 (sky130_fd_sc_hd__o21ai_2)
     2    0.012211    0.115803    0.152892   10.138344 v _4653_/Y (sky130_fd_sc_hd__o21ai_2)
                                                         net157 (net)
                      0.115804    0.000532   10.138876 v output157/A (sky130_fd_sc_hd__clkdlybuf4s25_1)
     1    0.036618    0.493712    0.769939   10.908814 v output157/X (sky130_fd_sc_hd__clkdlybuf4s25_1)
                                                         result[28] (net)
                      0.493712    0.001126   10.909941 v result[28] (out)
                                             10.909941   data arrival time

                      0.000000    0.000000    0.000000   clock __VIRTUAL_CLK__ (rise edge)
                                  0.000000    0.000000   clock network delay (ideal)
                                  0.250000    0.250000   clock uncertainty
                                  0.000000    0.250000   clock reconvergence pessimism
                                 -8.000000   -7.750000   output external delay
                                             -7.750000   data required time
---------------------------------------------------------------------------------------------
                                             -7.750000   data required time
                                            -10.909941   data arrival time
---------------------------------------------------------------------------------------------
                                             18.659941   slack (MET)


Startpoint: operand_b[13] (input port clocked by __VIRTUAL_CLK__)
Endpoint: result[14] (output port clocked by __VIRTUAL_CLK__)
Path Group: __VIRTUAL_CLK__
Path Type: min

Fanout         Cap        Slew       Delay        Time   Description
---------------------------------------------------------------------------------------------
                      0.000000    0.000000    0.000000   clock __VIRTUAL_CLK__ (rise edge)
                                  0.000000    0.000000   clock network delay (ideal)
                                  8.000000    8.000000 ^ input external delay
     1    0.006061    0.054378    0.031260    8.031260 ^ operand_b[13] (in)
                                                         operand_b[13] (net)
                      0.054379    0.000000    8.031260 ^ input74/A (sky130_fd_sc_hd__clkdlybuf4s25_1)
     4    0.038154    0.613688    0.803758    8.835018 ^ input74/X (sky130_fd_sc_hd__clkdlybuf4s25_1)
                                                         net74 (net)
                      0.613688    0.001311    8.836329 ^ _3996_/A2 (sky130_fd_sc_hd__o21a_2)
     1    0.003393    0.061332    0.386548    9.222877 ^ _3996_/X (sky130_fd_sc_hd__o21a_2)
                                                         _3197_ (net)
                      0.061332    0.000095    9.222972 ^ _3997_/B1 (sky130_fd_sc_hd__a31o_2)
     1    0.015333    0.152906    0.233168    9.456141 ^ _3997_/X (sky130_fd_sc_hd__a31o_2)
                                                         _3198_ (net)
                      0.152907    0.000681    9.456821 ^ _3998_/B (sky130_fd_sc_hd__xor2_2)
     1    0.009032    0.211585    0.300679    9.757501 ^ _3998_/X (sky130_fd_sc_hd__xor2_2)
                                                         _3199_ (net)
                      0.211585    0.000326    9.757827 ^ _4031_/A2 (sky130_fd_sc_hd__a221o_2)
     2    0.009809    0.103100    0.381254   10.139081 ^ _4031_/X (sky130_fd_sc_hd__a221o_2)
                                                         net142 (net)
                      0.103101    0.000523   10.139605 ^ output142/A (sky130_fd_sc_hd__clkdlybuf4s25_1)
     1    0.035338    0.569758    0.795876   10.935480 ^ output142/X (sky130_fd_sc_hd__clkdlybuf4s25_1)
                                                         result[14] (net)
                      0.569758    0.000786   10.936267 ^ result[14] (out)
                                             10.936267   data arrival time

                      0.000000    0.000000    0.000000   clock __VIRTUAL_CLK__ (rise edge)
                                  0.000000    0.000000   clock network delay (ideal)
                                  0.250000    0.250000   clock uncertainty
                                  0.000000    0.250000   clock reconvergence pessimism
                                 -8.000000   -7.750000   output external delay
                                             -7.750000   data required time
---------------------------------------------------------------------------------------------
                                             -7.750000   data required time
                                            -10.936267   data arrival time
---------------------------------------------------------------------------------------------
                                             18.686266   slack (MET)


Startpoint: operand_b[32] (input port clocked by __VIRTUAL_CLK__)
Endpoint: result[36] (output port clocked by __VIRTUAL_CLK__)
Path Group: __VIRTUAL_CLK__
Path Type: min

Fanout         Cap        Slew       Delay        Time   Description
---------------------------------------------------------------------------------------------
                      0.000000    0.000000    0.000000   clock __VIRTUAL_CLK__ (rise edge)
                                  0.000000    0.000000   clock network delay (ideal)
                                  8.000000    8.000000 v input external delay
     1    0.005519    0.029169    0.016938    8.016937 v operand_b[32] (in)
                                                         operand_b[32] (net)
                      0.029171    0.000000    8.016937 v input95/A (sky130_fd_sc_hd__clkdlybuf4s25_1)
     4    0.028859    0.395681    0.662647    8.679585 v input95/X (sky130_fd_sc_hd__clkdlybuf4s25_1)
                                                         net95 (net)
                      0.395681    0.000944    8.680529 v _4854_/A (sky130_fd_sc_hd__xnor2_2)
     1    0.003633    0.067679    0.338542    9.019071 ^ _4854_/Y (sky130_fd_sc_hd__xnor2_2)
                                                         _0819_ (net)
                      0.067679    0.000106    9.019176 ^ _4855_/A2 (sky130_fd_sc_hd__a211o_2)
     1    0.003629    0.050482    0.236653    9.255829 ^ _4855_/X (sky130_fd_sc_hd__a211o_2)
                                                         _0820_ (net)
                      0.050508    0.000106    9.255935 ^ _4856_/B1 (sky130_fd_sc_hd__o31a_2)
     2    0.010070    0.114562    0.284454    9.540389 ^ _4856_/X (sky130_fd_sc_hd__o31a_2)
                                                         _0821_ (net)
                      0.114562    0.000465    9.540854 ^ _4953_/A (sky130_fd_sc_hd__or2b_2)
     1    0.003245    0.048921    0.182262    9.723117 ^ _4953_/X (sky130_fd_sc_hd__or2b_2)
                                                         _0915_ (net)
                      0.048921    0.000090    9.723207 ^ _4992_/A2 (sky130_fd_sc_hd__a31o_2)
     2    0.015922    0.157637    0.382387   10.105594 ^ _4992_/X (sky130_fd_sc_hd__a31o_2)
                                                         net166 (net)
                      0.157637    0.000604   10.106198 ^ output166/A (sky130_fd_sc_hd__clkdlybuf4s25_1)
     1    0.037251    0.600317    0.838778   10.944976 ^ output166/X (sky130_fd_sc_hd__clkdlybuf4s25_1)
                                                         result[36] (net)
                      0.600317    0.001345   10.946321 ^ result[36] (out)
                                             10.946321   data arrival time

                      0.000000    0.000000    0.000000   clock __VIRTUAL_CLK__ (rise edge)
                                  0.000000    0.000000   clock network delay (ideal)
                                  0.250000    0.250000   clock uncertainty
                                  0.000000    0.250000   clock reconvergence pessimism
                                 -8.000000   -7.750000   output external delay
                                             -7.750000   data required time
---------------------------------------------------------------------------------------------
                                             -7.750000   data required time
                                            -10.946321   data arrival time
---------------------------------------------------------------------------------------------
                                             18.696320   slack (MET)


Startpoint: operand_b[18] (input port clocked by __VIRTUAL_CLK__)
Endpoint: result[19] (output port clocked by __VIRTUAL_CLK__)
Path Group: __VIRTUAL_CLK__
Path Type: min

Fanout         Cap        Slew       Delay        Time   Description
---------------------------------------------------------------------------------------------
                      0.000000    0.000000    0.000000   clock __VIRTUAL_CLK__ (rise edge)
                                  0.000000    0.000000   clock network delay (ideal)
                                  8.000000    8.000000 v input external delay
     1    0.007922    0.038895    0.023902    8.023902 v operand_b[18] (in)
                                                         operand_b[18] (net)
                      0.038898    0.000000    8.023902 v input79/A (sky130_fd_sc_hd__clkdlybuf4s25_1)
     5    0.038762    0.521116    0.755824    8.779726 v input79/X (sky130_fd_sc_hd__clkdlybuf4s25_1)
                                                         net79 (net)
                      0.521118    0.001936    8.781662 v _4227_/B (sky130_fd_sc_hd__nand2_2)
     2    0.022399    0.247214    0.393761    9.175424 ^ _4227_/Y (sky130_fd_sc_hd__nand2_2)
                                                         _0206_ (net)
                      0.247215    0.000974    9.176397 ^ _4228_/A (sky130_fd_sc_hd__nand2_2)
     1    0.008711    0.111346    0.171380    9.347778 v _4228_/Y (sky130_fd_sc_hd__nand2_2)
                                                         _0207_ (net)
                      0.111346    0.000330    9.348107 v _4232_/A2 (sky130_fd_sc_hd__o21ai_2)
     1    0.011199    0.138011    0.278844    9.626951 ^ _4232_/Y (sky130_fd_sc_hd__o21ai_2)
                                                         _0211_ (net)
                      0.138011    0.000565    9.627516 ^ _4245_/B1 (sky130_fd_sc_hd__a221o_2)
     1    0.003349    0.057560    0.285961    9.913478 ^ _4245_/X (sky130_fd_sc_hd__a221o_2)
                                                         _0224_ (net)
                      0.057560    0.000093    9.913570 ^ _4246_/B1 (sky130_fd_sc_hd__a31o_2)
     2    0.014592    0.146970    0.226829   10.140400 ^ _4246_/X (sky130_fd_sc_hd__a31o_2)
                                                         net147 (net)
                      0.146973    0.000899   10.141298 ^ output147/A (sky130_fd_sc_hd__clkdlybuf4s25_1)
     1    0.036227    0.583814    0.823485   10.964784 ^ output147/X (sky130_fd_sc_hd__clkdlybuf4s25_1)
                                                         result[19] (net)
                      0.583814    0.001346   10.966129 ^ result[19] (out)
                                             10.966129   data arrival time

                      0.000000    0.000000    0.000000   clock __VIRTUAL_CLK__ (rise edge)
                                  0.000000    0.000000   clock network delay (ideal)
                                  0.250000    0.250000   clock uncertainty
                                  0.000000    0.250000   clock reconvergence pessimism
                                 -8.000000   -7.750000   output external delay
                                             -7.750000   data required time
---------------------------------------------------------------------------------------------
                                             -7.750000   data required time
                                            -10.966129   data arrival time
---------------------------------------------------------------------------------------------
                                             18.716129   slack (MET)


Startpoint: operand_b[55] (input port clocked by __VIRTUAL_CLK__)
Endpoint: result[56] (output port clocked by __VIRTUAL_CLK__)
Path Group: __VIRTUAL_CLK__
Path Type: min

Fanout         Cap        Slew       Delay        Time   Description
---------------------------------------------------------------------------------------------
                      0.000000    0.000000    0.000000   clock __VIRTUAL_CLK__ (rise edge)
                                  0.000000    0.000000   clock network delay (ideal)
                                  8.000000    8.000000 ^ input external delay
     1    0.008041    0.067776    0.040652    8.040652 ^ operand_b[55] (in)
                                                         operand_b[55] (net)
                      0.067778    0.000000    8.040652 ^ input120/A (sky130_fd_sc_hd__clkdlybuf4s25_1)
     3    0.015266    0.259874    0.570561    8.611213 ^ input120/X (sky130_fd_sc_hd__clkdlybuf4s25_1)
                                                         net120 (net)
                      0.259874    0.000650    8.611862 ^ _5709_/C1 (sky130_fd_sc_hd__a211o_2)
     6    0.026696    0.207040    0.355806    8.967669 ^ _5709_/X (sky130_fd_sc_hd__a211o_2)
                                                         _1720_ (net)
                      0.207040    0.000501    8.968169 ^ _5722_/A1 (sky130_fd_sc_hd__a21o_2)
     2    0.007554    0.077130    0.295787    9.263957 ^ _5722_/X (sky130_fd_sc_hd__a21o_2)
                                                         _1734_ (net)
                      0.077130    0.000131    9.264089 ^ _5724_/A (sky130_fd_sc_hd__and2_2)
     2    0.015699    0.159574    0.324492    9.588580 ^ _5724_/X (sky130_fd_sc_hd__and2_2)
                                                         _1736_ (net)
                      0.159574    0.000509    9.589088 ^ _5726_/A (sky130_fd_sc_hd__xnor2_2)
     1    0.003928    0.068023    0.157931    9.747020 v _5726_/Y (sky130_fd_sc_hd__xnor2_2)
                                                         _1739_ (net)
                      0.068023    0.000113    9.747132 v _5746_/A2 (sky130_fd_sc_hd__a21o_2)
     2    0.017585    0.120959    0.431666   10.178799 v _5746_/X (sky130_fd_sc_hd__a21o_2)
                                                         net188 (net)
                      0.120959    0.000527   10.179325 v output188/A (sky130_fd_sc_hd__clkdlybuf4s25_1)
     1    0.039034    0.524804    0.793411   10.972736 v output188/X (sky130_fd_sc_hd__clkdlybuf4s25_1)
                                                         result[56] (net)
                      0.524807    0.001922   10.974658 v result[56] (out)
                                             10.974658   data arrival time

                      0.000000    0.000000    0.000000   clock __VIRTUAL_CLK__ (rise edge)
                                  0.000000    0.000000   clock network delay (ideal)
                                  0.250000    0.250000   clock uncertainty
                                  0.000000    0.250000   clock reconvergence pessimism
                                 -8.000000   -7.750000   output external delay
                                             -7.750000   data required time
---------------------------------------------------------------------------------------------
                                             -7.750000   data required time
                                            -10.974658   data arrival time
---------------------------------------------------------------------------------------------
                                             18.724657   slack (MET)


Startpoint: operand_b[33] (input port clocked by __VIRTUAL_CLK__)
Endpoint: result[34] (output port clocked by __VIRTUAL_CLK__)
Path Group: __VIRTUAL_CLK__
Path Type: min

Fanout         Cap        Slew       Delay        Time   Description
---------------------------------------------------------------------------------------------
                      0.000000    0.000000    0.000000   clock __VIRTUAL_CLK__ (rise edge)
                                  0.000000    0.000000   clock network delay (ideal)
                                  8.000000    8.000000 v input external delay
     1    0.005295    0.028286    0.016266    8.016266 v operand_b[33] (in)
                                                         operand_b[33] (net)
                      0.028288    0.000000    8.016266 v input96/A (sky130_fd_sc_hd__clkdlybuf4s25_1)
     7    0.028726    0.393965    0.661160    8.677426 v input96/X (sky130_fd_sc_hd__clkdlybuf4s25_1)
                                                         net96 (net)
                      0.393965    0.000504    8.677931 v _4815_/B (sky130_fd_sc_hd__nand2_2)
     7    0.032362    0.298655    0.390312    9.068242 ^ _4815_/Y (sky130_fd_sc_hd__nand2_2)
                                                         _0780_ (net)
                      0.298655    0.000900    9.069142 ^ _4865_/A1 (sky130_fd_sc_hd__a21bo_2)
     3    0.022212    0.196287    0.429185    9.498327 ^ _4865_/X (sky130_fd_sc_hd__a21bo_2)
                                                         _0829_ (net)
                      0.196287    0.000437    9.498764 ^ _4866_/B (sky130_fd_sc_hd__xnor2_2)
     1    0.010974    0.112688    0.266610    9.765373 ^ _4866_/Y (sky130_fd_sc_hd__xnor2_2)
                                                         _0830_ (net)
                      0.112688    0.000452    9.765826 ^ _4893_/A2 (sky130_fd_sc_hd__a221o_2)
     2    0.015319    0.144537    0.382784   10.148609 ^ _4893_/X (sky130_fd_sc_hd__a221o_2)
                                                         net164 (net)
                      0.144537    0.000507   10.149117 ^ output164/A (sky130_fd_sc_hd__clkdlybuf4s25_1)
     1    0.036962    0.595521    0.830244   10.979361 ^ output164/X (sky130_fd_sc_hd__clkdlybuf4s25_1)
                                                         result[34] (net)
                      0.595521    0.001227   10.980588 ^ result[34] (out)
                                             10.980588   data arrival time

                      0.000000    0.000000    0.000000   clock __VIRTUAL_CLK__ (rise edge)
                                  0.000000    0.000000   clock network delay (ideal)
                                  0.250000    0.250000   clock uncertainty
                                  0.000000    0.250000   clock reconvergence pessimism
                                 -8.000000   -7.750000   output external delay
                                             -7.750000   data required time
---------------------------------------------------------------------------------------------
                                             -7.750000   data required time
                                            -10.980588   data arrival time
---------------------------------------------------------------------------------------------
                                             18.730589   slack (MET)


Startpoint: operand_b[47] (input port clocked by __VIRTUAL_CLK__)
Endpoint: result[48] (output port clocked by __VIRTUAL_CLK__)
Path Group: __VIRTUAL_CLK__
Path Type: min

Fanout         Cap        Slew       Delay        Time   Description
---------------------------------------------------------------------------------------------
                      0.000000    0.000000    0.000000   clock __VIRTUAL_CLK__ (rise edge)
                                  0.000000    0.000000   clock network delay (ideal)
                                  8.000000    8.000000 ^ input external delay
     1    0.004825    0.045997    0.025161    8.025161 ^ operand_b[47] (in)
                                                         operand_b[47] (net)
                      0.045997    0.000000    8.025161 ^ input111/A (sky130_fd_sc_hd__clkdlybuf4s25_1)
     3    0.014239    0.243965    0.550996    8.576157 ^ input111/X (sky130_fd_sc_hd__clkdlybuf4s25_1)
                                                         net111 (net)
                      0.243965    0.000553    8.576711 ^ _5409_/A (sky130_fd_sc_hd__nor2_2)
     1    0.002051    0.035802    0.119442    8.696153 v _5409_/Y (sky130_fd_sc_hd__nor2_2)
                                                         _1398_ (net)
                      0.035802    0.000055    8.696208 v _5410_/A2_N (sky130_fd_sc_hd__a2bb2o_2)
     3    0.014451    0.136909    0.455651    9.151858 ^ _5410_/X (sky130_fd_sc_hd__a2bb2o_2)
                                                         _1399_ (net)
                      0.136909    0.000466    9.152325 ^ _5411_/B1 (sky130_fd_sc_hd__a31o_2)
     4    0.022329    0.208206    0.306875    9.459199 ^ _5411_/X (sky130_fd_sc_hd__a31o_2)
                                                         _1400_ (net)
                      0.208206    0.000533    9.459732 ^ _5412_/B (sky130_fd_sc_hd__xor2_2)
     1    0.007771    0.190282    0.304595    9.764326 ^ _5412_/X (sky130_fd_sc_hd__xor2_2)
                                                         _1401_ (net)
                      0.190282    0.000300    9.764627 ^ _5453_/A2 (sky130_fd_sc_hd__a221o_2)
     2    0.015674    0.147057    0.413081   10.177708 ^ _5453_/X (sky130_fd_sc_hd__a221o_2)
                                                         net179 (net)
                      0.147058    0.000607   10.178314 ^ output179/A (sky130_fd_sc_hd__clkdlybuf4s25_1)
     1    0.035582    0.573698    0.817204   10.995519 ^ output179/X (sky130_fd_sc_hd__clkdlybuf4s25_1)
                                                         result[48] (net)
                      0.573698    0.000737   10.996256 ^ result[48] (out)
                                             10.996256   data arrival time

                      0.000000    0.000000    0.000000   clock __VIRTUAL_CLK__ (rise edge)
                                  0.000000    0.000000   clock network delay (ideal)
                                  0.250000    0.250000   clock uncertainty
                                  0.000000    0.250000   clock reconvergence pessimism
                                 -8.000000   -7.750000   output external delay
                                             -7.750000   data required time
---------------------------------------------------------------------------------------------
                                             -7.750000   data required time
                                            -10.996256   data arrival time
---------------------------------------------------------------------------------------------
                                             18.746256   slack (MET)


Startpoint: operand_b[58] (input port clocked by __VIRTUAL_CLK__)
Endpoint: result[59] (output port clocked by __VIRTUAL_CLK__)
Path Group: __VIRTUAL_CLK__
Path Type: min

Fanout         Cap        Slew       Delay        Time   Description
---------------------------------------------------------------------------------------------
                      0.000000    0.000000    0.000000   clock __VIRTUAL_CLK__ (rise edge)
                                  0.000000    0.000000   clock network delay (ideal)
                                  8.000000    8.000000 v input external delay
     1    0.004222    0.024022    0.013043    8.013042 v operand_b[58] (in)
                                                         operand_b[58] (net)
                      0.024031    0.000000    8.013042 v input123/A (sky130_fd_sc_hd__buf_1)
     4    0.038403    0.432999    0.404420    8.417463 v input123/X (sky130_fd_sc_hd__buf_1)
                                                         net123 (net)
                      0.433098    0.000929    8.418392 v max_cap625/A (sky130_fd_sc_hd__buf_2)
     6    0.065911    0.289464    0.585883    9.004276 v max_cap625/X (sky130_fd_sc_hd__buf_2)
                                                         net625 (net)
                      0.289475    0.001990    9.006266 v _5819_/B1 (sky130_fd_sc_hd__o21ai_2)
     2    0.008646    0.136050    0.199188    9.205454 ^ _5819_/Y (sky130_fd_sc_hd__o21ai_2)
                                                         _1838_ (net)
                      0.136050    0.000189    9.205643 ^ _5820_/B1 (sky130_fd_sc_hd__o21a_2)
     1    0.009240    0.102358    0.293650    9.499292 ^ _5820_/X (sky130_fd_sc_hd__o21a_2)
                                                         _1839_ (net)
                      0.102358    0.000266    9.499558 ^ _5821_/B (sky130_fd_sc_hd__xnor2_2)
     1    0.007373    0.096204    0.141659    9.641218 v _5821_/Y (sky130_fd_sc_hd__xnor2_2)
                                                         _1840_ (net)
                      0.096204    0.000271    9.641489 v _5827_/A2 (sky130_fd_sc_hd__o21a_2)
     1    0.006595    0.063485    0.370406   10.011895 v _5827_/X (sky130_fd_sc_hd__o21a_2)
                                                         _1846_ (net)
                      0.063485    0.000171   10.012065 v _5839_/B1 (sky130_fd_sc_hd__o211ai_2)
     2    0.013013    0.153251    0.149860   10.161925 ^ _5839_/Y (sky130_fd_sc_hd__o211ai_2)
                                                         net191 (net)
                      0.153302    0.000859   10.162784 ^ output191/A (sky130_fd_sc_hd__clkdlybuf4s25_1)
     1    0.037305    0.601166    0.837334   11.000117 ^ output191/X (sky130_fd_sc_hd__clkdlybuf4s25_1)
                                                         result[59] (net)
                      0.601166    0.001563   11.001680 ^ result[59] (out)
                                             11.001680   data arrival time

                      0.000000    0.000000    0.000000   clock __VIRTUAL_CLK__ (rise edge)
                                  0.000000    0.000000   clock network delay (ideal)
                                  0.250000    0.250000   clock uncertainty
                                  0.000000    0.250000   clock reconvergence pessimism
                                 -8.000000   -7.750000   output external delay
                                             -7.750000   data required time
---------------------------------------------------------------------------------------------
                                             -7.750000   data required time
                                            -11.001680   data arrival time
---------------------------------------------------------------------------------------------
                                             18.751682   slack (MET)


Startpoint: operand_b[41] (input port clocked by __VIRTUAL_CLK__)
Endpoint: result[42] (output port clocked by __VIRTUAL_CLK__)
Path Group: __VIRTUAL_CLK__
Path Type: min

Fanout         Cap        Slew       Delay        Time   Description
---------------------------------------------------------------------------------------------
                      0.000000    0.000000    0.000000   clock __VIRTUAL_CLK__ (rise edge)
                                  0.000000    0.000000   clock network delay (ideal)
                                  8.000000    8.000000 ^ input external delay
     1    0.006275    0.055816    0.032239    8.032239 ^ operand_b[41] (in)
                                                         operand_b[41] (net)
                      0.055816    0.000000    8.032239 ^ input105/A (sky130_fd_sc_hd__clkdlybuf4s25_1)
     4    0.031233    0.506267    0.732964    8.765203 ^ input105/X (sky130_fd_sc_hd__clkdlybuf4s25_1)
                                                         net105 (net)
                      0.506267    0.000987    8.766190 ^ _5158_/A (sky130_fd_sc_hd__nor2b_2)
     4    0.019381    0.131682    0.275028    9.041218 v _5158_/Y (sky130_fd_sc_hd__nor2b_2)
                                                         _1129_ (net)
                      0.131809    0.000449    9.041667 v _5201_/A1 (sky130_fd_sc_hd__o31ai_2)
     1    0.009952    0.135099    0.518933    9.560600 ^ _5201_/Y (sky130_fd_sc_hd__o31ai_2)
                                                         _1175_ (net)
                      0.135099    0.000235    9.560836 ^ _5202_/B (sky130_fd_sc_hd__xor2_2)
     4    0.021029    0.130994    0.233472    9.794308 v _5202_/X (sky130_fd_sc_hd__xor2_2)
                                                         _1176_ (net)
                      0.130996    0.000714    9.795022 v _5209_/A (sky130_fd_sc_hd__xor2_2)
     1    0.004936    0.143745    0.258417   10.053439 ^ _5209_/X (sky130_fd_sc_hd__xor2_2)
                                                         _1184_ (net)
                      0.143745    0.000092   10.053532 ^ _5232_/A2 (sky130_fd_sc_hd__o21ai_2)
     2    0.013041    0.123760    0.171064   10.224596 v _5232_/Y (sky130_fd_sc_hd__o21ai_2)
                                                         net173 (net)
                      0.123760    0.000545   10.225141 v output173/A (sky130_fd_sc_hd__clkdlybuf4s25_1)
     1    0.037396    0.503228    0.780769   11.005910 v output173/X (sky130_fd_sc_hd__clkdlybuf4s25_1)
                                                         result[42] (net)
                      0.503228    0.000715   11.006625 v result[42] (out)
                                             11.006625   data arrival time

                      0.000000    0.000000    0.000000   clock __VIRTUAL_CLK__ (rise edge)
                                  0.000000    0.000000   clock network delay (ideal)
                                  0.250000    0.250000   clock uncertainty
                                  0.000000    0.250000   clock reconvergence pessimism
                                 -8.000000   -7.750000   output external delay
                                             -7.750000   data required time
---------------------------------------------------------------------------------------------
                                             -7.750000   data required time
                                            -11.006625   data arrival time
---------------------------------------------------------------------------------------------
                                             18.756626   slack (MET)


Startpoint: operand_b[43] (input port clocked by __VIRTUAL_CLK__)
Endpoint: result[44] (output port clocked by __VIRTUAL_CLK__)
Path Group: __VIRTUAL_CLK__
Path Type: min

Fanout         Cap        Slew       Delay        Time   Description
---------------------------------------------------------------------------------------------
                      0.000000    0.000000    0.000000   clock __VIRTUAL_CLK__ (rise edge)
                                  0.000000    0.000000   clock network delay (ideal)
                                  8.000000    8.000000 ^ input external delay
     1    0.005128    0.048064    0.026692    8.026692 ^ operand_b[43] (in)
                                                         operand_b[43] (net)
                      0.048064    0.000000    8.026692 ^ input107/A (sky130_fd_sc_hd__clkdlybuf4s25_1)
     2    0.008544    0.157881    0.491326    8.518019 ^ input107/X (sky130_fd_sc_hd__clkdlybuf4s25_1)
                                                         net107 (net)
                      0.157881    0.000293    8.518312 ^ fanout672/A (sky130_fd_sc_hd__clkdlybuf4s25_1)
     5    0.013455    0.232088    0.589965    9.108276 ^ fanout672/X (sky130_fd_sc_hd__clkdlybuf4s25_1)
                                                         net672 (net)
                      0.232088    0.000386    9.108663 ^ _5270_/A2 (sky130_fd_sc_hd__a21o_2)
     2    0.013206    0.116684    0.344422    9.453085 ^ _5270_/X (sky130_fd_sc_hd__a21o_2)
                                                         _1249_ (net)
                      0.116685    0.000514    9.453599 ^ _5271_/B1 (sky130_fd_sc_hd__a21o_2)
     3    0.020807    0.170693    0.255877    9.709476 ^ _5271_/X (sky130_fd_sc_hd__a21o_2)
                                                         _1250_ (net)
                      0.170693    0.000537    9.710013 ^ _5272_/B (sky130_fd_sc_hd__xnor2_2)
     1    0.005724    0.077496    0.227287    9.937300 ^ _5272_/Y (sky130_fd_sc_hd__xnor2_2)
                                                         _1251_ (net)
                      0.077496    0.000213    9.937513 ^ _5304_/A2 (sky130_fd_sc_hd__a211o_2)
     2    0.011777    0.104171    0.290959   10.228473 ^ _5304_/X (sky130_fd_sc_hd__a211o_2)
                                                         net175 (net)
                      0.104173    0.000647   10.229119 ^ output175/A (sky130_fd_sc_hd__clkdlybuf4s25_1)
     1    0.037608    0.605149    0.820091   11.049210 ^ output175/X (sky130_fd_sc_hd__clkdlybuf4s25_1)
                                                         result[44] (net)
                      0.605149    0.000898   11.050108 ^ result[44] (out)
                                             11.050108   data arrival time

                      0.000000    0.000000    0.000000   clock __VIRTUAL_CLK__ (rise edge)
                                  0.000000    0.000000   clock network delay (ideal)
                                  0.250000    0.250000   clock uncertainty
                                  0.000000    0.250000   clock reconvergence pessimism
                                 -8.000000   -7.750000   output external delay
                                             -7.750000   data required time
---------------------------------------------------------------------------------------------
                                             -7.750000   data required time
                                            -11.050108   data arrival time
---------------------------------------------------------------------------------------------
                                             18.800108   slack (MET)


Startpoint: operand_b[15] (input port clocked by __VIRTUAL_CLK__)
Endpoint: result[16] (output port clocked by __VIRTUAL_CLK__)
Path Group: __VIRTUAL_CLK__
Path Type: min

Fanout         Cap        Slew       Delay        Time   Description
---------------------------------------------------------------------------------------------
                      0.000000    0.000000    0.000000   clock __VIRTUAL_CLK__ (rise edge)
                                  0.000000    0.000000   clock network delay (ideal)
                                  8.000000    8.000000 ^ input external delay
     1    0.005108    0.047927    0.026627    8.026627 ^ operand_b[15] (in)
                                                         operand_b[15] (net)
                      0.047928    0.000000    8.026627 ^ input76/A (sky130_fd_sc_hd__clkdlybuf4s25_1)
     3    0.017846    0.299549    0.589566    8.616193 ^ input76/X (sky130_fd_sc_hd__clkdlybuf4s25_1)
                                                         net76 (net)
                      0.299549    0.000745    8.616938 ^ _4072_/A2 (sky130_fd_sc_hd__o22a_2)
     2    0.011352    0.119122    0.382355    8.999293 ^ _4072_/X (sky130_fd_sc_hd__o22a_2)
                                                         _0054_ (net)
                      0.119122    0.000322    8.999615 ^ _4073_/B1 (sky130_fd_sc_hd__a21o_2)
     3    0.016331    0.139198    0.233895    9.233509 ^ _4073_/X (sky130_fd_sc_hd__a21o_2)
                                                         _0055_ (net)
                      0.139198    0.000480    9.233989 ^ _4074_/B1 (sky130_fd_sc_hd__a31o_2)
     4    0.022752    0.211822    0.309893    9.543882 ^ _4074_/X (sky130_fd_sc_hd__a31o_2)
                                                         _0056_ (net)
                      0.211824    0.000960    9.544843 ^ _4075_/B (sky130_fd_sc_hd__xnor2_2)
     1    0.010036    0.106654    0.267256    9.812099 ^ _4075_/Y (sky130_fd_sc_hd__xnor2_2)
                                                         _0057_ (net)
                      0.106654    0.000414    9.812512 ^ _4117_/A2 (sky130_fd_sc_hd__a221o_2)
     2    0.016366    0.152319    0.387598   10.200109 ^ _4117_/X (sky130_fd_sc_hd__a221o_2)
                                                         net144 (net)
                      0.152320    0.000666   10.200776 ^ output144/A (sky130_fd_sc_hd__clkdlybuf4s25_1)
     1    0.038433    0.618602    0.849084   11.049860 ^ output144/X (sky130_fd_sc_hd__clkdlybuf4s25_1)
                                                         result[16] (net)
                      0.618602    0.001188   11.051048 ^ result[16] (out)
                                             11.051048   data arrival time

                      0.000000    0.000000    0.000000   clock __VIRTUAL_CLK__ (rise edge)
                                  0.000000    0.000000   clock network delay (ideal)
                                  0.250000    0.250000   clock uncertainty
                                  0.000000    0.250000   clock reconvergence pessimism
                                 -8.000000   -7.750000   output external delay
                                             -7.750000   data required time
---------------------------------------------------------------------------------------------
                                             -7.750000   data required time
                                            -11.051048   data arrival time
---------------------------------------------------------------------------------------------
                                             18.801048   slack (MET)


Startpoint: operand_b[5] (input port clocked by __VIRTUAL_CLK__)
Endpoint: result[20] (output port clocked by __VIRTUAL_CLK__)
Path Group: __VIRTUAL_CLK__
Path Type: min

Fanout         Cap        Slew       Delay        Time   Description
---------------------------------------------------------------------------------------------
                      0.000000    0.000000    0.000000   clock __VIRTUAL_CLK__ (rise edge)
                                  0.000000    0.000000   clock network delay (ideal)
                                  8.000000    8.000000 v input external delay
     1    0.004038    0.023290    0.012485    8.012486 v operand_b[5] (in)
                                                         operand_b[5] (net)
                      0.023290    0.000000    8.012486 v input125/A (sky130_fd_sc_hd__clkdlybuf4s25_1)
     2    0.026329    0.363711    0.637333    8.649818 v input125/X (sky130_fd_sc_hd__clkdlybuf4s25_1)
                                                         net125 (net)
                      0.363711    0.000862    8.650681 v fanout622/A (sky130_fd_sc_hd__clkdlybuf4s25_1)
     4    0.023403    0.326425    0.743421    9.394102 v fanout622/X (sky130_fd_sc_hd__clkdlybuf4s25_1)
                                                         net622 (net)
                      0.326425    0.000859    9.394960 v _4295_/A1 (sky130_fd_sc_hd__o21ai_2)
     1    0.009839    0.115725    0.378487    9.773447 ^ _4295_/Y (sky130_fd_sc_hd__o21ai_2)
                                                         _0273_ (net)
                      0.115726    0.000522    9.773970 ^ _4296_/C1 (sky130_fd_sc_hd__a221o_2)
     1    0.003671    0.059581    0.194077    9.968046 ^ _4296_/X (sky130_fd_sc_hd__a221o_2)
                                                         _0274_ (net)
                      0.059581    0.000103    9.968149 ^ _4297_/B1 (sky130_fd_sc_hd__a21o_2)
     2    0.020384    0.167475    0.229462   10.197611 ^ _4297_/X (sky130_fd_sc_hd__a21o_2)
                                                         net149 (net)
                      0.167475    0.000291   10.197903 ^ output149/A (sky130_fd_sc_hd__clkdlybuf4s25_1)
     1    0.038411    0.618515    0.855102   11.053004 ^ output149/X (sky130_fd_sc_hd__clkdlybuf4s25_1)
                                                         result[20] (net)
                      0.618515    0.001486   11.054490 ^ result[20] (out)
                                             11.054490   data arrival time

                      0.000000    0.000000    0.000000   clock __VIRTUAL_CLK__ (rise edge)
                                  0.000000    0.000000   clock network delay (ideal)
                                  0.250000    0.250000   clock uncertainty
                                  0.000000    0.250000   clock reconvergence pessimism
                                 -8.000000   -7.750000   output external delay
                                             -7.750000   data required time
---------------------------------------------------------------------------------------------
                                             -7.750000   data required time
                                            -11.054490   data arrival time
---------------------------------------------------------------------------------------------
                                             18.804489   slack (MET)


Startpoint: operand_b[37] (input port clocked by __VIRTUAL_CLK__)
Endpoint: result[38] (output port clocked by __VIRTUAL_CLK__)
Path Group: __VIRTUAL_CLK__
Path Type: min

Fanout         Cap        Slew       Delay        Time   Description
---------------------------------------------------------------------------------------------
                      0.000000    0.000000    0.000000   clock __VIRTUAL_CLK__ (rise edge)
                                  0.000000    0.000000   clock network delay (ideal)
                                  8.000000    8.000000 v input external delay
     1    0.003626    0.021662    0.011251    8.011251 v operand_b[37] (in)
                                                         operand_b[37] (net)
                      0.021662    0.000000    8.011251 v input100/A (sky130_fd_sc_hd__clkdlybuf4s25_1)
     3    0.021285    0.299720    0.591250    8.602501 v input100/X (sky130_fd_sc_hd__clkdlybuf4s25_1)
                                                         net100 (net)
                      0.299720    0.000631    8.603132 v _5031_/B_N (sky130_fd_sc_hd__nor2b_2)
     6    0.022521    0.136694    0.478177    9.081308 v _5031_/Y (sky130_fd_sc_hd__nor2b_2)
                                                         _0992_ (net)
                      0.136695    0.000541    9.081849 v _5034_/S (sky130_fd_sc_hd__mux2_2)
     1    0.003585    0.072260    0.435604    9.517453 ^ _5034_/X (sky130_fd_sc_hd__mux2_2)
                                                         _0995_ (net)
                      0.072260    0.000102    9.517555 ^ _5035_/C1 (sky130_fd_sc_hd__a211o_2)
     4    0.029259    0.225354    0.287868    9.805424 ^ _5035_/X (sky130_fd_sc_hd__a211o_2)
                                                         _0996_ (net)
                      0.225370    0.001936    9.807360 ^ _5037_/A (sky130_fd_sc_hd__xnor2_2)
     1    0.006157    0.079935    0.257672   10.065032 ^ _5037_/Y (sky130_fd_sc_hd__xnor2_2)
                                                         _0999_ (net)
                      0.079935    0.000194   10.065226 ^ _5064_/A2 (sky130_fd_sc_hd__o21ai_2)
     2    0.020067    0.177207    0.186809   10.252034 v _5064_/Y (sky130_fd_sc_hd__o21ai_2)
                                                         net168 (net)
                      0.177216    0.001003   10.253036 v output168/A (sky130_fd_sc_hd__clkdlybuf4s25_1)
     1    0.037400    0.503343    0.803620   11.056657 v output168/X (sky130_fd_sc_hd__clkdlybuf4s25_1)
                                                         result[38] (net)
                      0.503343    0.001354   11.058011 v result[38] (out)
                                             11.058011   data arrival time

                      0.000000    0.000000    0.000000   clock __VIRTUAL_CLK__ (rise edge)
                                  0.000000    0.000000   clock network delay (ideal)
                                  0.250000    0.250000   clock uncertainty
                                  0.000000    0.250000   clock reconvergence pessimism
                                 -8.000000   -7.750000   output external delay
                                             -7.750000   data required time
---------------------------------------------------------------------------------------------
                                             -7.750000   data required time
                                            -11.058011   data arrival time
---------------------------------------------------------------------------------------------
                                             18.808010   slack (MET)


Startpoint: operand_a[1] (input port clocked by __VIRTUAL_CLK__)
Endpoint: result[4] (output port clocked by __VIRTUAL_CLK__)
Path Group: __VIRTUAL_CLK__
Path Type: min

Fanout         Cap        Slew       Delay        Time   Description
---------------------------------------------------------------------------------------------
                      0.000000    0.000000    0.000000   clock __VIRTUAL_CLK__ (rise edge)
                                  0.000000    0.000000   clock network delay (ideal)
                                  8.000000    8.000000 ^ input external delay
     1    0.007812    0.066222    0.039571    8.039571 ^ operand_a[1] (in)
                                                         operand_a[1] (net)
                      0.066224    0.000000    8.039571 ^ input17/A (sky130_fd_sc_hd__clkdlybuf4s25_1)
     4    0.022670    0.374030    0.647503    8.687074 ^ input17/X (sky130_fd_sc_hd__clkdlybuf4s25_1)
                                                         net17 (net)
                      0.374030    0.000884    8.687957 ^ _3465_/A2 (sky130_fd_sc_hd__a31o_2)
     2    0.012460    0.146429    0.469274    9.157231 ^ _3465_/X (sky130_fd_sc_hd__a31o_2)
                                                         _2677_ (net)
                      0.146429    0.000425    9.157657 ^ _3466_/B2 (sky130_fd_sc_hd__o22a_2)
     4    0.021542    0.193392    0.368198    9.525855 ^ _3466_/X (sky130_fd_sc_hd__o22a_2)
                                                         _2678_ (net)
                      0.193392    0.000388    9.526243 ^ _3497_/A1 (sky130_fd_sc_hd__o21a_2)
     1    0.009952    0.110051    0.330918    9.857161 ^ _3497_/X (sky130_fd_sc_hd__o21a_2)
                                                         _2708_ (net)
                      0.110051    0.000310    9.857471 ^ _3498_/B (sky130_fd_sc_hd__xnor2_2)
     1    0.006290    0.080830    0.207395   10.064866 ^ _3498_/Y (sky130_fd_sc_hd__xnor2_2)
                                                         _2709_ (net)
                      0.080830    0.000199   10.065064 ^ _3545_/A2 (sky130_fd_sc_hd__o211ai_2)
     2    0.010434    0.173150    0.211086   10.276151 v _3545_/Y (sky130_fd_sc_hd__o211ai_2)
                                                         net181 (net)
                      0.173150    0.000356   10.276507 v output181/A (sky130_fd_sc_hd__clkdlybuf4s25_1)
     1    0.036393    0.490771    0.793028   11.069535 v output181/X (sky130_fd_sc_hd__clkdlybuf4s25_1)
                                                         result[4] (net)
                      0.490771    0.000959   11.070494 v result[4] (out)
                                             11.070494   data arrival time

                      0.000000    0.000000    0.000000   clock __VIRTUAL_CLK__ (rise edge)
                                  0.000000    0.000000   clock network delay (ideal)
                                  0.250000    0.250000   clock uncertainty
                                  0.000000    0.250000   clock reconvergence pessimism
                                 -8.000000   -7.750000   output external delay
                                             -7.750000   data required time
---------------------------------------------------------------------------------------------
                                             -7.750000   data required time
                                            -11.070494   data arrival time
---------------------------------------------------------------------------------------------
                                             18.820494   slack (MET)


Startpoint: operand_b[53] (input port clocked by __VIRTUAL_CLK__)
Endpoint: result[53] (output port clocked by __VIRTUAL_CLK__)
Path Group: __VIRTUAL_CLK__
Path Type: min

Fanout         Cap        Slew       Delay        Time   Description
---------------------------------------------------------------------------------------------
                      0.000000    0.000000    0.000000   clock __VIRTUAL_CLK__ (rise edge)
                                  0.000000    0.000000   clock network delay (ideal)
                                  8.000000    8.000000 ^ input external delay
     1    0.004667    0.044916    0.024383    8.024384 ^ operand_b[53] (in)
                                                         operand_b[53] (net)
                      0.044916    0.000000    8.024384 ^ input118/A (sky130_fd_sc_hd__clkdlybuf4s25_1)
     6    0.036784    0.592071    0.786595    8.810978 ^ input118/X (sky130_fd_sc_hd__clkdlybuf4s25_1)
                                                         net118 (net)
                      0.592071    0.001332    8.812310 ^ _5612_/A1 (sky130_fd_sc_hd__a221o_2)
     1    0.005778    0.074335    0.506379    9.318689 ^ _5612_/X (sky130_fd_sc_hd__a221o_2)
                                                         _1616_ (net)
                      0.074335    0.000161    9.318850 ^ _5621_/A2 (sky130_fd_sc_hd__a221o_2)
     1    0.003041    0.059369    0.279442    9.598292 ^ _5621_/X (sky130_fd_sc_hd__a221o_2)
                                                         _1626_ (net)
                      0.059369    0.000083    9.598375 ^ _5622_/C1 (sky130_fd_sc_hd__a211o_2)
     1    0.003307    0.048236    0.148125    9.746501 ^ _5622_/X (sky130_fd_sc_hd__a211o_2)
                                                         _1627_ (net)
                      0.048236    0.000105    9.746606 ^ _5629_/A (sky130_fd_sc_hd__or3b_2)
     1    0.002715    0.050400    0.163167    9.909773 ^ _5629_/X (sky130_fd_sc_hd__or3b_2)
                                                         _1635_ (net)
                      0.050400    0.000053    9.909826 ^ _5630_/A (sky130_fd_sc_hd__buf_1)
     2    0.016920    0.327306    0.308768   10.218595 ^ _5630_/X (sky130_fd_sc_hd__buf_1)
                                                         net185 (net)
                      0.327308    0.000732   10.219326 ^ output185/A (sky130_fd_sc_hd__clkdlybuf4s25_1)
     1    0.036035    0.581067    0.889392   11.108718 ^ output185/X (sky130_fd_sc_hd__clkdlybuf4s25_1)
                                                         result[53] (net)
                      0.581067    0.001043   11.109760 ^ result[53] (out)
                                             11.109760   data arrival time

                      0.000000    0.000000    0.000000   clock __VIRTUAL_CLK__ (rise edge)
                                  0.000000    0.000000   clock network delay (ideal)
                                  0.250000    0.250000   clock uncertainty
                                  0.000000    0.250000   clock reconvergence pessimism
                                 -8.000000   -7.750000   output external delay
                                             -7.750000   data required time
---------------------------------------------------------------------------------------------
                                             -7.750000   data required time
                                            -11.109760   data arrival time
---------------------------------------------------------------------------------------------
                                             18.859760   slack (MET)


Startpoint: operand_a[1] (input port clocked by __VIRTUAL_CLK__)
Endpoint: result[3] (output port clocked by __VIRTUAL_CLK__)
Path Group: __VIRTUAL_CLK__
Path Type: min

Fanout         Cap        Slew       Delay        Time   Description
---------------------------------------------------------------------------------------------
                      0.000000    0.000000    0.000000   clock __VIRTUAL_CLK__ (rise edge)
                                  0.000000    0.000000   clock network delay (ideal)
                                  8.000000    8.000000 ^ input external delay
     1    0.007812    0.066222    0.039571    8.039571 ^ operand_a[1] (in)
                                                         operand_a[1] (net)
                      0.066224    0.000000    8.039571 ^ input17/A (sky130_fd_sc_hd__clkdlybuf4s25_1)
     4    0.022670    0.374030    0.647503    8.687074 ^ input17/X (sky130_fd_sc_hd__clkdlybuf4s25_1)
                                                         net17 (net)
                      0.374030    0.000884    8.687957 ^ _3465_/A2 (sky130_fd_sc_hd__a31o_2)
     2    0.012460    0.146429    0.469274    9.157231 ^ _3465_/X (sky130_fd_sc_hd__a31o_2)
                                                         _2677_ (net)
                      0.146429    0.000425    9.157657 ^ _3466_/B2 (sky130_fd_sc_hd__o22a_2)
     4    0.021542    0.193392    0.368198    9.525855 ^ _3466_/X (sky130_fd_sc_hd__o22a_2)
                                                         _2678_ (net)
                      0.193392    0.000484    9.526340 ^ _3467_/B (sky130_fd_sc_hd__xnor2_2)
     1    0.005536    0.084561    0.158957    9.685296 v _3467_/Y (sky130_fd_sc_hd__xnor2_2)
                                                         _2679_ (net)
                      0.084561    0.000163    9.685460 v _3491_/A2 (sky130_fd_sc_hd__o2111a_2)
     2    0.007646    0.072115    0.462836   10.148295 v _3491_/X (sky130_fd_sc_hd__o2111a_2)
                                                         _2703_ (net)
                      0.072115    0.000210   10.148505 v _3492_/C (sky130_fd_sc_hd__nand3b_2)
     1    0.006723    0.090898    0.134199   10.282704 ^ _3492_/Y (sky130_fd_sc_hd__nand3b_2)
                                                         net170 (net)
                      0.090899    0.000274   10.282978 ^ output170/A (sky130_fd_sc_hd__clkdlybuf4s25_1)
     1    0.039362    0.632516    0.832067   11.115046 ^ output170/X (sky130_fd_sc_hd__clkdlybuf4s25_1)
                                                         result[3] (net)
                      0.632516    0.002021   11.117065 ^ result[3] (out)
                                             11.117065   data arrival time

                      0.000000    0.000000    0.000000   clock __VIRTUAL_CLK__ (rise edge)
                                  0.000000    0.000000   clock network delay (ideal)
                                  0.250000    0.250000   clock uncertainty
                                  0.000000    0.250000   clock reconvergence pessimism
                                 -8.000000   -7.750000   output external delay
                                             -7.750000   data required time
---------------------------------------------------------------------------------------------
                                             -7.750000   data required time
                                            -11.117065   data arrival time
---------------------------------------------------------------------------------------------
                                             18.867067   slack (MET)


Startpoint: operand_b[35] (input port clocked by __VIRTUAL_CLK__)
Endpoint: result[35] (output port clocked by __VIRTUAL_CLK__)
Path Group: __VIRTUAL_CLK__
Path Type: min

Fanout         Cap        Slew       Delay        Time   Description
---------------------------------------------------------------------------------------------
                      0.000000    0.000000    0.000000   clock __VIRTUAL_CLK__ (rise edge)
                                  0.000000    0.000000   clock network delay (ideal)
                                  8.000000    8.000000 v input external delay
     1    0.005421    0.028782    0.016644    8.016644 v operand_b[35] (in)
                                                         operand_b[35] (net)
                      0.028783    0.000000    8.016644 v input98/A (sky130_fd_sc_hd__clkdlybuf4s25_1)
     9    0.035076    0.474675    0.718657    8.735302 v input98/X (sky130_fd_sc_hd__clkdlybuf4s25_1)
                                                         net98 (net)
                      0.474675    0.000695    8.735996 v _4894_/A_N (sky130_fd_sc_hd__and2b_2)
     3    0.013642    0.139113    0.639007    9.375003 ^ _4894_/X (sky130_fd_sc_hd__and2b_2)
                                                         _0857_ (net)
                      0.139113    0.000377    9.375381 ^ _4896_/A (sky130_fd_sc_hd__nor2_2)
     6    0.024987    0.121572    0.157142    9.532522 v _4896_/Y (sky130_fd_sc_hd__nor2_2)
                                                         _0859_ (net)
                      0.121638    0.001243    9.533766 v _4902_/A1 (sky130_fd_sc_hd__o21ai_2)
     1    0.017076    0.180599    0.387841    9.921607 ^ _4902_/Y (sky130_fd_sc_hd__o21ai_2)
                                                         _0865_ (net)
                      0.180599    0.000555    9.922162 ^ _4952_/A2 (sky130_fd_sc_hd__a221o_2)
     2    0.013096    0.127803    0.392297   10.314459 ^ _4952_/X (sky130_fd_sc_hd__a221o_2)
                                                         net165 (net)
                      0.127803    0.000457   10.314917 ^ output165/A (sky130_fd_sc_hd__clkdlybuf4s25_1)
     1    0.037548    0.604587    0.829199   11.144115 ^ output165/X (sky130_fd_sc_hd__clkdlybuf4s25_1)
                                                         result[35] (net)
                      0.604587    0.001322   11.145438 ^ result[35] (out)
                                             11.145438   data arrival time

                      0.000000    0.000000    0.000000   clock __VIRTUAL_CLK__ (rise edge)
                                  0.000000    0.000000   clock network delay (ideal)
                                  0.250000    0.250000   clock uncertainty
                                  0.000000    0.250000   clock reconvergence pessimism
                                 -8.000000   -7.750000   output external delay
                                             -7.750000   data required time
---------------------------------------------------------------------------------------------
                                             -7.750000   data required time
                                            -11.145438   data arrival time
---------------------------------------------------------------------------------------------
                                             18.895439   slack (MET)


Startpoint: operand_b[42] (input port clocked by __VIRTUAL_CLK__)
Endpoint: result[43] (output port clocked by __VIRTUAL_CLK__)
Path Group: __VIRTUAL_CLK__
Path Type: min

Fanout         Cap        Slew       Delay        Time   Description
---------------------------------------------------------------------------------------------
                      0.000000    0.000000    0.000000   clock __VIRTUAL_CLK__ (rise edge)
                                  0.000000    0.000000   clock network delay (ideal)
                                  8.000000    8.000000 v input external delay
     1    0.005649    0.029679    0.017311    8.017311 v operand_b[42] (in)
                                                         operand_b[42] (net)
                      0.029680    0.000000    8.017311 v input106/A (sky130_fd_sc_hd__clkdlybuf4s25_1)
     1    0.007337    0.128111    0.463539    8.480851 v input106/X (sky130_fd_sc_hd__clkdlybuf4s25_1)
                                                         net106 (net)
                      0.128111    0.000279    8.481130 v fanout674/A (sky130_fd_sc_hd__clkdlybuf4s25_1)
     9    0.037548    0.505683    0.782749    9.263879 v fanout674/X (sky130_fd_sc_hd__clkdlybuf4s25_1)
                                                         net674 (net)
                      0.505696    0.002950    9.266829 v _5235_/A1 (sky130_fd_sc_hd__o21a_2)
     1    0.009044    0.074103    0.559229    9.826057 v _5235_/X (sky130_fd_sc_hd__o21a_2)
                                                         _1211_ (net)
                      0.074103    0.000271    9.826328 v _5236_/B (sky130_fd_sc_hd__xnor2_2)
     1    0.004425    0.068548    0.190608   10.016936 ^ _5236_/Y (sky130_fd_sc_hd__xnor2_2)
                                                         _1213_ (net)
                      0.068548    0.000136   10.017072 ^ _5265_/A2 (sky130_fd_sc_hd__a211o_2)
     2    0.015511    0.129871    0.308967   10.326039 ^ _5265_/X (sky130_fd_sc_hd__a211o_2)
                                                         net174 (net)
                      0.129873    0.000650   10.326689 ^ output174/A (sky130_fd_sc_hd__clkdlybuf4s25_1)
     1    0.036514    0.588210    0.819457   11.146146 ^ output174/X (sky130_fd_sc_hd__clkdlybuf4s25_1)
                                                         result[43] (net)
                      0.588210    0.001007   11.147153 ^ result[43] (out)
                                             11.147153   data arrival time

                      0.000000    0.000000    0.000000   clock __VIRTUAL_CLK__ (rise edge)
                                  0.000000    0.000000   clock network delay (ideal)
                                  0.250000    0.250000   clock uncertainty
                                  0.000000    0.250000   clock reconvergence pessimism
                                 -8.000000   -7.750000   output external delay
                                             -7.750000   data required time
---------------------------------------------------------------------------------------------
                                             -7.750000   data required time
                                            -11.147153   data arrival time
---------------------------------------------------------------------------------------------
                                             18.897152   slack (MET)


Startpoint: operand_b[5] (input port clocked by __VIRTUAL_CLK__)
Endpoint: result[26] (output port clocked by __VIRTUAL_CLK__)
Path Group: __VIRTUAL_CLK__
Path Type: min

Fanout         Cap        Slew       Delay        Time   Description
---------------------------------------------------------------------------------------------
                      0.000000    0.000000    0.000000   clock __VIRTUAL_CLK__ (rise edge)
                                  0.000000    0.000000   clock network delay (ideal)
                                  8.000000    8.000000 v input external delay
     1    0.004038    0.023290    0.012485    8.012486 v operand_b[5] (in)
                                                         operand_b[5] (net)
                      0.023290    0.000000    8.012486 v input125/A (sky130_fd_sc_hd__clkdlybuf4s25_1)
     2    0.026329    0.363711    0.637333    8.649818 v input125/X (sky130_fd_sc_hd__clkdlybuf4s25_1)
                                                         net125 (net)
                      0.363712    0.001226    8.651044 v fanout617/A (sky130_fd_sc_hd__clkdlybuf4s25_1)
     3    0.016565    0.239935    0.681657    9.332701 v fanout617/X (sky130_fd_sc_hd__clkdlybuf4s25_1)
                                                         net617 (net)
                      0.239935    0.000692    9.333393 v _4568_/A1 (sky130_fd_sc_hd__o221a_2)
     1    0.006028    0.067737    0.587263    9.920655 v _4568_/X (sky130_fd_sc_hd__o221a_2)
                                                         _0540_ (net)
                      0.067737    0.000195    9.920851 v _4569_/B1 (sky130_fd_sc_hd__o21ai_2)
     1    0.003581    0.063531    0.078956    9.999806 ^ _4569_/Y (sky130_fd_sc_hd__o21ai_2)
                                                         _0541_ (net)
                      0.063531    0.000106    9.999912 ^ _4570_/B1 (sky130_fd_sc_hd__a21o_2)
     2    0.007477    0.076023    0.163559   10.163471 ^ _4570_/X (sky130_fd_sc_hd__a21o_2)
                                                         _0542_ (net)
                      0.076023    0.000172   10.163644 ^ _4571_/B1 (sky130_fd_sc_hd__a21o_2)
     1    0.008372    0.082282    0.173676   10.337319 ^ _4571_/X (sky130_fd_sc_hd__a21o_2)
                                                         net155 (net)
                      0.082282    0.000330   10.337650 ^ output155/A (sky130_fd_sc_hd__clkdlybuf4s25_1)
     1    0.037482    0.603045    0.809136   11.146786 ^ output155/X (sky130_fd_sc_hd__clkdlybuf4s25_1)
                                                         result[26] (net)
                      0.603045    0.001293   11.148079 ^ result[26] (out)
                                             11.148079   data arrival time

                      0.000000    0.000000    0.000000   clock __VIRTUAL_CLK__ (rise edge)
                                  0.000000    0.000000   clock network delay (ideal)
                                  0.250000    0.250000   clock uncertainty
                                  0.000000    0.250000   clock reconvergence pessimism
                                 -8.000000   -7.750000   output external delay
                                             -7.750000   data required time
---------------------------------------------------------------------------------------------
                                             -7.750000   data required time
                                            -11.148079   data arrival time
---------------------------------------------------------------------------------------------
                                             18.898079   slack (MET)


Startpoint: operand_a[1] (input port clocked by __VIRTUAL_CLK__)
Endpoint: result[7] (output port clocked by __VIRTUAL_CLK__)
Path Group: __VIRTUAL_CLK__
Path Type: min

Fanout         Cap        Slew       Delay        Time   Description
---------------------------------------------------------------------------------------------
                      0.000000    0.000000    0.000000   clock __VIRTUAL_CLK__ (rise edge)
                                  0.000000    0.000000   clock network delay (ideal)
                                  8.000000    8.000000 ^ input external delay
     1    0.007812    0.066222    0.039571    8.039571 ^ operand_a[1] (in)
                                                         operand_a[1] (net)
                      0.066224    0.000000    8.039571 ^ input17/A (sky130_fd_sc_hd__clkdlybuf4s25_1)
     4    0.022670    0.374030    0.647503    8.687074 ^ input17/X (sky130_fd_sc_hd__clkdlybuf4s25_1)
                                                         net17 (net)
                      0.374030    0.000884    8.687957 ^ _3465_/A2 (sky130_fd_sc_hd__a31o_2)
     2    0.012460    0.146429    0.469274    9.157231 ^ _3465_/X (sky130_fd_sc_hd__a31o_2)
                                                         _2677_ (net)
                      0.146429    0.000349    9.157580 ^ _3666_/B (sky130_fd_sc_hd__or3_2)
     2    0.014711    0.132422    0.273408    9.430988 ^ _3666_/X (sky130_fd_sc_hd__or3_2)
                                                         _2874_ (net)
                      0.132422    0.000522    9.431511 ^ _3675_/A1 (sky130_fd_sc_hd__a31o_2)
     1    0.016697    0.162688    0.401498    9.833009 ^ _3675_/X (sky130_fd_sc_hd__a31o_2)
                                                         _2883_ (net)
                      0.162689    0.000746    9.833755 ^ _3676_/B (sky130_fd_sc_hd__xor2_2)
     1    0.007928    0.192978    0.290733   10.124487 ^ _3676_/X (sky130_fd_sc_hd__xor2_2)
                                                         _2884_ (net)
                      0.192978    0.000292   10.124780 ^ _3721_/A2 (sky130_fd_sc_hd__a221oi_2)
     2    0.012624    0.079355    0.220442   10.345222 v _3721_/Y (sky130_fd_sc_hd__a221oi_2)
                                                         _2929_ (net)
                      0.079355    0.000325   10.345547 v _3722_/A (sky130_fd_sc_hd__inv_2)
     1    0.003227    0.038835    0.069302   10.414849 ^ _3722_/Y (sky130_fd_sc_hd__inv_2)
                                                         net198 (net)
                      0.038835    0.000093   10.414942 ^ output198/A (sky130_fd_sc_hd__clkdlybuf4s25_1)
     1    0.035331    0.569487    0.769224   11.184166 ^ output198/X (sky130_fd_sc_hd__clkdlybuf4s25_1)
                                                         result[7] (net)
                      0.569487    0.000679   11.184844 ^ result[7] (out)
                                             11.184844   data arrival time

                      0.000000    0.000000    0.000000   clock __VIRTUAL_CLK__ (rise edge)
                                  0.000000    0.000000   clock network delay (ideal)
                                  0.250000    0.250000   clock uncertainty
                                  0.000000    0.250000   clock reconvergence pessimism
                                 -8.000000   -7.750000   output external delay
                                             -7.750000   data required time
---------------------------------------------------------------------------------------------
                                             -7.750000   data required time
                                            -11.184844   data arrival time
---------------------------------------------------------------------------------------------
                                             18.934845   slack (MET)


Startpoint: operand_b[55] (input port clocked by __VIRTUAL_CLK__)
Endpoint: result[58] (output port clocked by __VIRTUAL_CLK__)
Path Group: __VIRTUAL_CLK__
Path Type: min

Fanout         Cap        Slew       Delay        Time   Description
---------------------------------------------------------------------------------------------
                      0.000000    0.000000    0.000000   clock __VIRTUAL_CLK__ (rise edge)
                                  0.000000    0.000000   clock network delay (ideal)
                                  8.000000    8.000000 ^ input external delay
     1    0.008041    0.067776    0.040652    8.040652 ^ operand_b[55] (in)
                                                         operand_b[55] (net)
                      0.067778    0.000000    8.040652 ^ input120/A (sky130_fd_sc_hd__clkdlybuf4s25_1)
     3    0.015266    0.259874    0.570561    8.611213 ^ input120/X (sky130_fd_sc_hd__clkdlybuf4s25_1)
                                                         net120 (net)
                      0.259874    0.000650    8.611862 ^ _5709_/C1 (sky130_fd_sc_hd__a211o_2)
     6    0.026696    0.207040    0.355806    8.967669 ^ _5709_/X (sky130_fd_sc_hd__a211o_2)
                                                         _1720_ (net)
                      0.207040    0.000501    8.968169 ^ _5722_/A1 (sky130_fd_sc_hd__a21o_2)
     2    0.007554    0.077130    0.295787    9.263957 ^ _5722_/X (sky130_fd_sc_hd__a21o_2)
                                                         _1734_ (net)
                      0.077130    0.000141    9.264098 ^ _5761_/A1 (sky130_fd_sc_hd__a21oi_2)
     4    0.014664    0.082302    0.152844    9.416943 v _5761_/Y (sky130_fd_sc_hd__a21oi_2)
                                                         _1776_ (net)
                      0.082303    0.000424    9.417366 v _5788_/A2 (sky130_fd_sc_hd__a31oi_2)
     1    0.002851    0.121069    0.238026    9.655392 ^ _5788_/Y (sky130_fd_sc_hd__a31oi_2)
                                                         _1805_ (net)
                      0.121069    0.000109    9.655500 ^ _5790_/A (sky130_fd_sc_hd__or2_2)
     1    0.004581    0.060919    0.199498    9.854999 ^ _5790_/X (sky130_fd_sc_hd__or2_2)
                                                         _1807_ (net)
                      0.060919    0.000146    9.855145 ^ _5807_/A2 (sky130_fd_sc_hd__a21bo_2)
     1    0.002457    0.050293    0.222014   10.077158 ^ _5807_/X (sky130_fd_sc_hd__a21bo_2)
                                                         _1826_ (net)
                      0.050293    0.000045   10.077204 ^ _5808_/A (sky130_fd_sc_hd__buf_1)
     2    0.012894    0.253782    0.259175   10.336378 ^ _5808_/X (sky130_fd_sc_hd__buf_1)
                                                         net190 (net)
                      0.253783    0.000500   10.336879 ^ output190/A (sky130_fd_sc_hd__clkdlybuf4s25_1)
     1    0.036300    0.585253    0.867318   11.204196 ^ output190/X (sky130_fd_sc_hd__clkdlybuf4s25_1)
                                                         result[58] (net)
                      0.585253    0.001041   11.205237 ^ result[58] (out)
                                             11.205237   data arrival time

                      0.000000    0.000000    0.000000   clock __VIRTUAL_CLK__ (rise edge)
                                  0.000000    0.000000   clock network delay (ideal)
                                  0.250000    0.250000   clock uncertainty
                                  0.000000    0.250000   clock reconvergence pessimism
                                 -8.000000   -7.750000   output external delay
                                             -7.750000   data required time
---------------------------------------------------------------------------------------------
                                             -7.750000   data required time
                                            -11.205237   data arrival time
---------------------------------------------------------------------------------------------
                                             18.955238   slack (MET)


Startpoint: operand_b[47] (input port clocked by __VIRTUAL_CLK__)
Endpoint: result[49] (output port clocked by __VIRTUAL_CLK__)
Path Group: __VIRTUAL_CLK__
Path Type: min

Fanout         Cap        Slew       Delay        Time   Description
---------------------------------------------------------------------------------------------
                      0.000000    0.000000    0.000000   clock __VIRTUAL_CLK__ (rise edge)
                                  0.000000    0.000000   clock network delay (ideal)
                                  8.000000    8.000000 ^ input external delay
     1    0.004825    0.045997    0.025161    8.025161 ^ operand_b[47] (in)
                                                         operand_b[47] (net)
                      0.045997    0.000000    8.025161 ^ input111/A (sky130_fd_sc_hd__clkdlybuf4s25_1)
     3    0.014239    0.243965    0.550996    8.576157 ^ input111/X (sky130_fd_sc_hd__clkdlybuf4s25_1)
                                                         net111 (net)
                      0.243965    0.000553    8.576711 ^ _5409_/A (sky130_fd_sc_hd__nor2_2)
     1    0.002051    0.035802    0.119442    8.696153 v _5409_/Y (sky130_fd_sc_hd__nor2_2)
                                                         _1398_ (net)
                      0.035802    0.000055    8.696208 v _5410_/A2_N (sky130_fd_sc_hd__a2bb2o_2)
     3    0.014451    0.136909    0.455651    9.151858 ^ _5410_/X (sky130_fd_sc_hd__a2bb2o_2)
                                                         _1399_ (net)
                      0.136909    0.000466    9.152325 ^ _5411_/B1 (sky130_fd_sc_hd__a31o_2)
     4    0.022329    0.208206    0.306875    9.459199 ^ _5411_/X (sky130_fd_sc_hd__a31o_2)
                                                         _1400_ (net)
                      0.208206    0.000304    9.459503 ^ _5472_/A2 (sky130_fd_sc_hd__o21a_2)
     1    0.008822    0.098131    0.296944    9.756447 ^ _5472_/X (sky130_fd_sc_hd__o21a_2)
                                                         _1466_ (net)
                      0.098131    0.000243    9.756690 ^ _5473_/B (sky130_fd_sc_hd__xnor2_2)
     1    0.011377    0.129653    0.166314    9.923004 v _5473_/Y (sky130_fd_sc_hd__xnor2_2)
                                                         _1467_ (net)
                      0.129653    0.000481    9.923486 v _5488_/A2 (sky130_fd_sc_hd__o21ai_2)
     1    0.003820    0.073069    0.195612   10.119097 ^ _5488_/Y (sky130_fd_sc_hd__o21ai_2)
                                                         _1484_ (net)
                      0.073070    0.000122   10.119219 ^ _5489_/C1 (sky130_fd_sc_hd__a221o_2)
     2    0.017676    0.159889    0.261263   10.380482 ^ _5489_/X (sky130_fd_sc_hd__a221o_2)
                                                         net180 (net)
                      0.159889    0.000642   10.381124 ^ output180/A (sky130_fd_sc_hd__clkdlybuf4s25_1)
     1    0.037915    0.610656    0.846800   11.227923 ^ output180/X (sky130_fd_sc_hd__clkdlybuf4s25_1)
                                                         result[49] (net)
                      0.610656    0.001264   11.229188 ^ result[49] (out)
                                             11.229188   data arrival time

                      0.000000    0.000000    0.000000   clock __VIRTUAL_CLK__ (rise edge)
                                  0.000000    0.000000   clock network delay (ideal)
                                  0.250000    0.250000   clock uncertainty
                                  0.000000    0.250000   clock reconvergence pessimism
                                 -8.000000   -7.750000   output external delay
                                             -7.750000   data required time
---------------------------------------------------------------------------------------------
                                             -7.750000   data required time
                                            -11.229188   data arrival time
---------------------------------------------------------------------------------------------
                                             18.979187   slack (MET)


Startpoint: operand_b[6] (input port clocked by __VIRTUAL_CLK__)
Endpoint: result[10] (output port clocked by __VIRTUAL_CLK__)
Path Group: __VIRTUAL_CLK__
Path Type: min

Fanout         Cap        Slew       Delay        Time   Description
---------------------------------------------------------------------------------------------
                      0.000000    0.000000    0.000000   clock __VIRTUAL_CLK__ (rise edge)
                                  0.000000    0.000000   clock network delay (ideal)
                                  8.000000    8.000000 v input external delay
     1    0.004894    0.026699    0.015048    8.015047 v operand_b[6] (in)
                                                         operand_b[6] (net)
                      0.026700    0.000000    8.015047 v input130/A (sky130_fd_sc_hd__clkdlybuf4s25_1)
     4    0.021921    0.307632    0.599076    8.614124 v input130/X (sky130_fd_sc_hd__clkdlybuf4s25_1)
                                                         net130 (net)
                      0.307632    0.000555    8.614679 v _3678_/B1 (sky130_fd_sc_hd__a21oi_2)
     2    0.009311    0.225020    0.320669    8.935348 ^ _3678_/Y (sky130_fd_sc_hd__a21oi_2)
                                                         _2886_ (net)
                      0.225020    0.000295    8.935642 ^ _3818_/B (sky130_fd_sc_hd__or3_2)
     1    0.016263    0.143631    0.317039    9.252682 ^ _3818_/X (sky130_fd_sc_hd__or3_2)
                                                         _3023_ (net)
                      0.143631    0.000642    9.253324 ^ _3819_/B2 (sky130_fd_sc_hd__o22a_2)
     2    0.011907    0.123124    0.310336    9.563660 ^ _3819_/X (sky130_fd_sc_hd__o22a_2)
                                                         _3024_ (net)
                      0.123124    0.000452    9.564112 ^ _3820_/B (sky130_fd_sc_hd__nand2_2)
     2    0.021318    0.191427    0.210526    9.774637 v _3820_/Y (sky130_fd_sc_hd__nand2_2)
                                                         _3025_ (net)
                      0.191485    0.000455    9.775092 v _3821_/B (sky130_fd_sc_hd__xor2_2)
     3    0.019051    0.122630    0.356956   10.132049 v _3821_/X (sky130_fd_sc_hd__xor2_2)
                                                         _3026_ (net)
                      0.122630    0.000533   10.132582 v _3854_/A2 (sky130_fd_sc_hd__o221ai_2)
     2    0.007074    0.119808    0.307431   10.440012 ^ _3854_/Y (sky130_fd_sc_hd__o221ai_2)
                                                         net138 (net)
                      0.119808    0.000213   10.440225 ^ output138/A (sky130_fd_sc_hd__clkdlybuf4s25_1)
     1    0.035598    0.573810    0.805831   11.246056 ^ output138/X (sky130_fd_sc_hd__clkdlybuf4s25_1)
                                                         result[10] (net)
                      0.573810    0.000655   11.246711 ^ result[10] (out)
                                             11.246711   data arrival time

                      0.000000    0.000000    0.000000   clock __VIRTUAL_CLK__ (rise edge)
                                  0.000000    0.000000   clock network delay (ideal)
                                  0.250000    0.250000   clock uncertainty
                                  0.000000    0.250000   clock reconvergence pessimism
                                 -8.000000   -7.750000   output external delay
                                             -7.750000   data required time
---------------------------------------------------------------------------------------------
                                             -7.750000   data required time
                                            -11.246711   data arrival time
---------------------------------------------------------------------------------------------
                                             18.996710   slack (MET)


Startpoint: operand_b[55] (input port clocked by __VIRTUAL_CLK__)
Endpoint: result[60] (output port clocked by __VIRTUAL_CLK__)
Path Group: __VIRTUAL_CLK__
Path Type: min

Fanout         Cap        Slew       Delay        Time   Description
---------------------------------------------------------------------------------------------
                      0.000000    0.000000    0.000000   clock __VIRTUAL_CLK__ (rise edge)
                                  0.000000    0.000000   clock network delay (ideal)
                                  8.000000    8.000000 ^ input external delay
     1    0.008041    0.067776    0.040652    8.040652 ^ operand_b[55] (in)
                                                         operand_b[55] (net)
                      0.067778    0.000000    8.040652 ^ input120/A (sky130_fd_sc_hd__clkdlybuf4s25_1)
     3    0.015266    0.259874    0.570561    8.611213 ^ input120/X (sky130_fd_sc_hd__clkdlybuf4s25_1)
                                                         net120 (net)
                      0.259874    0.000650    8.611862 ^ _5709_/C1 (sky130_fd_sc_hd__a211o_2)
     6    0.026696    0.207040    0.355806    8.967669 ^ _5709_/X (sky130_fd_sc_hd__a211o_2)
                                                         _1720_ (net)
                      0.207040    0.000501    8.968169 ^ _5722_/A1 (sky130_fd_sc_hd__a21o_2)
     2    0.007554    0.077130    0.295787    9.263957 ^ _5722_/X (sky130_fd_sc_hd__a21o_2)
                                                         _1734_ (net)
                      0.077130    0.000141    9.264098 ^ _5761_/A1 (sky130_fd_sc_hd__a21oi_2)
     4    0.014664    0.082302    0.152844    9.416943 v _5761_/Y (sky130_fd_sc_hd__a21oi_2)
                                                         _1776_ (net)
                      0.082304    0.000493    9.417435 v _5789_/C1 (sky130_fd_sc_hd__o2111a_2)
     3    0.013385    0.099471    0.305617    9.723052 v _5789_/X (sky130_fd_sc_hd__o2111a_2)
                                                         _1806_ (net)
                      0.099472    0.000463    9.723515 v _5825_/A (sky130_fd_sc_hd__nand3_2)
     4    0.018885    0.171940    0.177558    9.901073 ^ _5825_/Y (sky130_fd_sc_hd__nand3_2)
                                                         _1844_ (net)
                      0.171943    0.000514    9.901587 ^ _5853_/B (sky130_fd_sc_hd__nor2_2)
     1    0.012076    0.072582    0.125723   10.027310 v _5853_/Y (sky130_fd_sc_hd__nor2_2)
                                                         _1873_ (net)
                      0.072584    0.000477   10.027787 v _5854_/B (sky130_fd_sc_hd__xnor2_2)
     1    0.002905    0.058698    0.169803   10.197590 ^ _5854_/Y (sky130_fd_sc_hd__xnor2_2)
                                                         _1874_ (net)
                      0.058698    0.000078   10.197668 ^ _5871_/A2 (sky130_fd_sc_hd__a211o_2)
     2    0.009936    0.091612    0.273404   10.471071 ^ _5871_/X (sky130_fd_sc_hd__a211o_2)
                                                         net193 (net)
                      0.091613    0.000453   10.471524 ^ output193/A (sky130_fd_sc_hd__clkdlybuf4s25_1)
     1    0.037539    0.604132    0.813405   11.284930 ^ output193/X (sky130_fd_sc_hd__clkdlybuf4s25_1)
                                                         result[60] (net)
                      0.604132    0.001738   11.286668 ^ result[60] (out)
                                             11.286668   data arrival time

                      0.000000    0.000000    0.000000   clock __VIRTUAL_CLK__ (rise edge)
                                  0.000000    0.000000   clock network delay (ideal)
                                  0.250000    0.250000   clock uncertainty
                                  0.000000    0.250000   clock reconvergence pessimism
                                 -8.000000   -7.750000   output external delay
                                             -7.750000   data required time
---------------------------------------------------------------------------------------------
                                             -7.750000   data required time
                                            -11.286668   data arrival time
---------------------------------------------------------------------------------------------
                                             19.036669   slack (MET)


Startpoint: operand_b[7] (input port clocked by __VIRTUAL_CLK__)
Endpoint: result[8] (output port clocked by __VIRTUAL_CLK__)
Path Group: __VIRTUAL_CLK__
Path Type: min

Fanout         Cap        Slew       Delay        Time   Description
---------------------------------------------------------------------------------------------
                      0.000000    0.000000    0.000000   clock __VIRTUAL_CLK__ (rise edge)
                                  0.000000    0.000000   clock network delay (ideal)
                                  8.000000    8.000000 ^ input external delay
     1    0.005176    0.048390    0.026915    8.026916 ^ operand_b[7] (in)
                                                         operand_b[7] (net)
                      0.048390    0.000000    8.026916 ^ input131/A (sky130_fd_sc_hd__clkdlybuf4s25_1)
     3    0.017322    0.291521    0.584042    8.610957 ^ input131/X (sky130_fd_sc_hd__clkdlybuf4s25_1)
                                                         net131 (net)
                      0.291521    0.001029    8.611987 ^ _3740_/A1 (sky130_fd_sc_hd__o21a_2)
     1    0.007845    0.090922    0.351854    8.963840 ^ _3740_/X (sky130_fd_sc_hd__o21a_2)
                                                         _2947_ (net)
                      0.090922    0.000259    8.964100 ^ _3741_/B1 (sky130_fd_sc_hd__a41oi_2)
     3    0.044165    0.214005    0.188021    9.152122 v _3741_/Y (sky130_fd_sc_hd__a41oi_2)
                                                         _2948_ (net)
                      0.214221    0.005258    9.157379 v _3744_/A (sky130_fd_sc_hd__nand2_2)
     4    0.058400    0.474798    0.431862    9.589241 ^ _3744_/Y (sky130_fd_sc_hd__nand2_2)
                                                         _2951_ (net)
                      0.474818    0.002511    9.591752 ^ _3745_/B (sky130_fd_sc_hd__xnor2_2)
     1    0.010254    0.107971    0.344763    9.936515 ^ _3745_/Y (sky130_fd_sc_hd__xnor2_2)
                                                         _2952_ (net)
                      0.107971    0.000373    9.936888 ^ _3764_/B1 (sky130_fd_sc_hd__a221o_2)
     1    0.006586    0.080394    0.300767   10.237655 ^ _3764_/X (sky130_fd_sc_hd__a221o_2)
                                                         _2971_ (net)
                      0.080394    0.000273   10.237927 ^ _3765_/B1 (sky130_fd_sc_hd__a31o_2)
     2    0.020959    0.196735    0.274327   10.512255 ^ _3765_/X (sky130_fd_sc_hd__a31o_2)
                                                         net199 (net)
                      0.196740    0.001230   10.513485 ^ output199/A (sky130_fd_sc_hd__clkdlybuf4s25_1)
     1    0.036167    0.582931    0.844525   11.358010 ^ output199/X (sky130_fd_sc_hd__clkdlybuf4s25_1)
                                                         result[8] (net)
                      0.582931    0.000703   11.358713 ^ result[8] (out)
                                             11.358713   data arrival time

                      0.000000    0.000000    0.000000   clock __VIRTUAL_CLK__ (rise edge)
                                  0.000000    0.000000   clock network delay (ideal)
                                  0.250000    0.250000   clock uncertainty
                                  0.000000    0.250000   clock reconvergence pessimism
                                 -8.000000   -7.750000   output external delay
                                             -7.750000   data required time
---------------------------------------------------------------------------------------------
                                             -7.750000   data required time
                                            -11.358713   data arrival time
---------------------------------------------------------------------------------------------
                                             19.108713   slack (MET)


Startpoint: operand_b[5] (input port clocked by __VIRTUAL_CLK__)
Endpoint: result[25] (output port clocked by __VIRTUAL_CLK__)
Path Group: __VIRTUAL_CLK__
Path Type: min

Fanout         Cap        Slew       Delay        Time   Description
---------------------------------------------------------------------------------------------
                      0.000000    0.000000    0.000000   clock __VIRTUAL_CLK__ (rise edge)
                                  0.000000    0.000000   clock network delay (ideal)
                                  8.000000    8.000000 v input external delay
     1    0.004038    0.023290    0.012485    8.012486 v operand_b[5] (in)
                                                         operand_b[5] (net)
                      0.023290    0.000000    8.012486 v input125/A (sky130_fd_sc_hd__clkdlybuf4s25_1)
     2    0.026329    0.363711    0.637333    8.649818 v input125/X (sky130_fd_sc_hd__clkdlybuf4s25_1)
                                                         net125 (net)
                      0.363712    0.001226    8.651044 v fanout617/A (sky130_fd_sc_hd__clkdlybuf4s25_1)
     3    0.016565    0.239935    0.681657    9.332701 v fanout617/X (sky130_fd_sc_hd__clkdlybuf4s25_1)
                                                         net617 (net)
                      0.239935    0.000205    9.332907 v _4521_/A1 (sky130_fd_sc_hd__o2111a_2)
     1    0.006380    0.066689    0.543708    9.876615 v _4521_/X (sky130_fd_sc_hd__o2111a_2)
                                                         _0494_ (net)
                      0.066690    0.000210    9.876825 v _4522_/B1 (sky130_fd_sc_hd__o21ai_2)
     1    0.003594    0.063614    0.078579    9.955404 ^ _4522_/Y (sky130_fd_sc_hd__o21ai_2)
                                                         _0495_ (net)
                      0.063614    0.000105    9.955508 ^ _4523_/B1 (sky130_fd_sc_hd__a21o_2)
     1    0.003272    0.047710    0.138574   10.094082 ^ _4523_/X (sky130_fd_sc_hd__a21o_2)
                                                         _0496_ (net)
                      0.047710    0.000093   10.094175 ^ _4524_/C1 (sky130_fd_sc_hd__a311o_2)
     1    0.003130    0.056069    0.154607   10.248782 ^ _4524_/X (sky130_fd_sc_hd__a311o_2)
                                                         _0497_ (net)
                      0.056069    0.000087   10.248870 ^ _4525_/B1 (sky130_fd_sc_hd__a31o_2)
     2    0.019601    0.185543    0.256160   10.505030 ^ _4525_/X (sky130_fd_sc_hd__a31o_2)
                                                         net154 (net)
                      0.185543    0.000578   10.505609 ^ output154/A (sky130_fd_sc_hd__clkdlybuf4s25_1)
     1    0.037396    0.602927    0.852106   11.357715 ^ output154/X (sky130_fd_sc_hd__clkdlybuf4s25_1)
                                                         result[25] (net)
                      0.602927    0.001455   11.359169 ^ result[25] (out)
                                             11.359169   data arrival time

                      0.000000    0.000000    0.000000   clock __VIRTUAL_CLK__ (rise edge)
                                  0.000000    0.000000   clock network delay (ideal)
                                  0.250000    0.250000   clock uncertainty
                                  0.000000    0.250000   clock reconvergence pessimism
                                 -8.000000   -7.750000   output external delay
                                             -7.750000   data required time
---------------------------------------------------------------------------------------------
                                             -7.750000   data required time
                                            -11.359169   data arrival time
---------------------------------------------------------------------------------------------
                                             19.109169   slack (MET)


Startpoint: operand_b[53] (input port clocked by __VIRTUAL_CLK__)
Endpoint: result[54] (output port clocked by __VIRTUAL_CLK__)
Path Group: __VIRTUAL_CLK__
Path Type: min

Fanout         Cap        Slew       Delay        Time   Description
---------------------------------------------------------------------------------------------
                      0.000000    0.000000    0.000000   clock __VIRTUAL_CLK__ (rise edge)
                                  0.000000    0.000000   clock network delay (ideal)
                                  8.000000    8.000000 ^ input external delay
     1    0.004667    0.044916    0.024383    8.024384 ^ operand_b[53] (in)
                                                         operand_b[53] (net)
                      0.044916    0.000000    8.024384 ^ input118/A (sky130_fd_sc_hd__clkdlybuf4s25_1)
     6    0.036784    0.592071    0.786595    8.810978 ^ input118/X (sky130_fd_sc_hd__clkdlybuf4s25_1)
                                                         net118 (net)
                      0.592071    0.001350    8.812328 ^ _5637_/B (sky130_fd_sc_hd__or2_2)
     2    0.012041    0.121012    0.421175    9.233503 ^ _5637_/X (sky130_fd_sc_hd__or2_2)
                                                         _1643_ (net)
                      0.121013    0.000555    9.234058 ^ _5638_/B1 (sky130_fd_sc_hd__o31a_2)
     2    0.006015    0.083822    0.286174    9.520232 ^ _5638_/X (sky130_fd_sc_hd__o31a_2)
                                                         _1644_ (net)
                      0.083822    0.000140    9.520372 ^ _5639_/C (sky130_fd_sc_hd__and3_2)
     1    0.012684    0.151022    0.419436    9.939809 ^ _5639_/X (sky130_fd_sc_hd__and3_2)
                                                         _1645_ (net)
                      0.151022    0.000518    9.940326 ^ _5640_/B (sky130_fd_sc_hd__xnor2_2)
     1    0.004920    0.072125    0.215296   10.155622 ^ _5640_/Y (sky130_fd_sc_hd__xnor2_2)
                                                         _1646_ (net)
                      0.072125    0.000167   10.155789 ^ _5669_/A2 (sky130_fd_sc_hd__a221o_2)
     2    0.014157    0.135602    0.360195   10.515985 ^ _5669_/X (sky130_fd_sc_hd__a221o_2)
                                                         net186 (net)
                      0.135602    0.000537   10.516522 ^ output186/A (sky130_fd_sc_hd__clkdlybuf4s25_1)
     1    0.038835    0.624677    0.846156   11.362679 ^ output186/X (sky130_fd_sc_hd__clkdlybuf4s25_1)
                                                         result[54] (net)
                      0.624677    0.001256   11.363935 ^ result[54] (out)
                                             11.363935   data arrival time

                      0.000000    0.000000    0.000000   clock __VIRTUAL_CLK__ (rise edge)
                                  0.000000    0.000000   clock network delay (ideal)
                                  0.250000    0.250000   clock uncertainty
                                  0.000000    0.250000   clock reconvergence pessimism
                                 -8.000000   -7.750000   output external delay
                                             -7.750000   data required time
---------------------------------------------------------------------------------------------
                                             -7.750000   data required time
                                            -11.363935   data arrival time
---------------------------------------------------------------------------------------------
                                             19.113934   slack (MET)


Startpoint: operand_b[20] (input port clocked by __VIRTUAL_CLK__)
Endpoint: result[21] (output port clocked by __VIRTUAL_CLK__)
Path Group: __VIRTUAL_CLK__
Path Type: min

Fanout         Cap        Slew       Delay        Time   Description
---------------------------------------------------------------------------------------------
                      0.000000    0.000000    0.000000   clock __VIRTUAL_CLK__ (rise edge)
                                  0.000000    0.000000   clock network delay (ideal)
                                  8.000000    8.000000 ^ input external delay
     1    0.004544    0.044071    0.023759    8.023759 ^ operand_b[20] (in)
                                                         operand_b[20] (net)
                      0.044071    0.000000    8.023759 ^ input82/A (sky130_fd_sc_hd__clkdlybuf4s25_1)
     1    0.004002    0.090401    0.440877    8.464636 ^ input82/X (sky130_fd_sc_hd__clkdlybuf4s25_1)
                                                         net82 (net)
                      0.090401    0.000119    8.464754 ^ fanout370/A (sky130_fd_sc_hd__clkdlybuf4s25_1)
    10    0.054201    0.862845    0.988407    9.453161 ^ fanout370/X (sky130_fd_sc_hd__clkdlybuf4s25_1)
                                                         net370 (net)
                      0.862845    0.001265    9.454426 ^ _4317_/A1 (sky130_fd_sc_hd__a21oi_2)
     1    0.013088    0.067092    0.388844    9.843269 v _4317_/Y (sky130_fd_sc_hd__a21oi_2)
                                                         _0294_ (net)
                      0.067125    0.000546    9.843816 v _4318_/B (sky130_fd_sc_hd__xnor2_2)
     1    0.007898    0.103039    0.240987   10.084803 v _4318_/Y (sky130_fd_sc_hd__xnor2_2)
                                                         _0295_ (net)
                      0.103039    0.000300   10.085103 v _4319_/B (sky130_fd_sc_hd__nor2_2)
     1    0.002862    0.103263    0.125706   10.210809 ^ _4319_/Y (sky130_fd_sc_hd__nor2_2)
                                                         _0296_ (net)
                      0.103263    0.000078   10.210887 ^ _4345_/B1 (sky130_fd_sc_hd__a211o_2)
     2    0.029281    0.225518    0.305592   10.516479 ^ _4345_/X (sky130_fd_sc_hd__a211o_2)
                                                         net150 (net)
                      0.225633    0.002407   10.518886 ^ output150/A (sky130_fd_sc_hd__clkdlybuf4s25_1)
     1    0.036720    0.592237    0.862143   11.381029 ^ output150/X (sky130_fd_sc_hd__clkdlybuf4s25_1)
                                                         result[21] (net)
                      0.592237    0.001140   11.382170 ^ result[21] (out)
                                             11.382170   data arrival time

                      0.000000    0.000000    0.000000   clock __VIRTUAL_CLK__ (rise edge)
                                  0.000000    0.000000   clock network delay (ideal)
                                  0.250000    0.250000   clock uncertainty
                                  0.000000    0.250000   clock reconvergence pessimism
                                 -8.000000   -7.750000   output external delay
                                             -7.750000   data required time
---------------------------------------------------------------------------------------------
                                             -7.750000   data required time
                                            -11.382170   data arrival time
---------------------------------------------------------------------------------------------
                                             19.132170   slack (MET)


Startpoint: cmd[3] (input port clocked by __VIRTUAL_CLK__)
Endpoint: result[11] (output port clocked by __VIRTUAL_CLK__)
Path Group: __VIRTUAL_CLK__
Path Type: min

Fanout         Cap        Slew       Delay        Time   Description
---------------------------------------------------------------------------------------------
                      0.000000    0.000000    0.000000   clock __VIRTUAL_CLK__ (rise edge)
                                  0.000000    0.000000   clock network delay (ideal)
                                  8.000000    8.000000 v input external delay
     1    0.012360    0.057035    0.036689    8.036689 v cmd[3] (in)
                                                         cmd[3] (net)
                      0.057041    0.000000    8.036689 v input5/A (sky130_fd_sc_hd__clkdlybuf4s25_1)
     1    0.007358    0.128210    0.475512    8.512201 v input5/X (sky130_fd_sc_hd__clkdlybuf4s25_1)
                                                         net5 (net)
                      0.128210    0.000361    8.512562 v fanout501/A (sky130_fd_sc_hd__clkdlybuf4s25_1)
     6    0.074921    0.990276    1.118638    9.631199 v fanout501/X (sky130_fd_sc_hd__clkdlybuf4s25_1)
                                                         net501 (net)
                      0.990283    0.003816    9.635015 v _3893_/B1 (sky130_fd_sc_hd__a21oi_2)
     1    0.003352    0.120926    0.443939   10.078954 ^ _3893_/Y (sky130_fd_sc_hd__a21oi_2)
                                                         _3097_ (net)
                      0.120926    0.000092   10.079046 ^ _3894_/D1 (sky130_fd_sc_hd__a2111o_2)
     1    0.006130    0.066540    0.186441   10.265488 ^ _3894_/X (sky130_fd_sc_hd__a2111o_2)
                                                         _3098_ (net)
                      0.066540    0.000246   10.265734 ^ _3904_/B1 (sky130_fd_sc_hd__a211o_2)
     1    0.003357    0.048475    0.156401   10.422134 ^ _3904_/X (sky130_fd_sc_hd__a211o_2)
                                                         _3108_ (net)
                      0.048475    0.000095   10.422230 ^ _3905_/B1 (sky130_fd_sc_hd__a31o_2)
     2    0.007547    0.091133    0.179279   10.601508 ^ _3905_/X (sky130_fd_sc_hd__a31o_2)
                                                         net139 (net)
                      0.091133    0.000243   10.601751 ^ output139/A (sky130_fd_sc_hd__clkdlybuf4s25_1)
     1    0.036649    0.590060    0.804426   11.406178 ^ output139/X (sky130_fd_sc_hd__clkdlybuf4s25_1)
                                                         result[11] (net)
                      0.590060    0.000930   11.407107 ^ result[11] (out)
                                             11.407107   data arrival time

                      0.000000    0.000000    0.000000   clock __VIRTUAL_CLK__ (rise edge)
                                  0.000000    0.000000   clock network delay (ideal)
                                  0.250000    0.250000   clock uncertainty
                                  0.000000    0.250000   clock reconvergence pessimism
                                 -8.000000   -7.750000   output external delay
                                             -7.750000   data required time
---------------------------------------------------------------------------------------------
                                             -7.750000   data required time
                                            -11.407107   data arrival time
---------------------------------------------------------------------------------------------
                                             19.157106   slack (MET)


Startpoint: operand_a[1] (input port clocked by __VIRTUAL_CLK__)
Endpoint: result[5] (output port clocked by __VIRTUAL_CLK__)
Path Group: __VIRTUAL_CLK__
Path Type: min

Fanout         Cap        Slew       Delay        Time   Description
---------------------------------------------------------------------------------------------
                      0.000000    0.000000    0.000000   clock __VIRTUAL_CLK__ (rise edge)
                                  0.000000    0.000000   clock network delay (ideal)
                                  8.000000    8.000000 ^ input external delay
     1    0.007812    0.066222    0.039571    8.039571 ^ operand_a[1] (in)
                                                         operand_a[1] (net)
                      0.066224    0.000000    8.039571 ^ input17/A (sky130_fd_sc_hd__clkdlybuf4s25_1)
     4    0.022670    0.374030    0.647503    8.687074 ^ input17/X (sky130_fd_sc_hd__clkdlybuf4s25_1)
                                                         net17 (net)
                      0.374030    0.000884    8.687957 ^ _3465_/A2 (sky130_fd_sc_hd__a31o_2)
     2    0.012460    0.146429    0.469274    9.157231 ^ _3465_/X (sky130_fd_sc_hd__a31o_2)
                                                         _2677_ (net)
                      0.146429    0.000425    9.157657 ^ _3466_/B2 (sky130_fd_sc_hd__o22a_2)
     4    0.021542    0.193392    0.368198    9.525855 ^ _3466_/X (sky130_fd_sc_hd__o22a_2)
                                                         _2678_ (net)
                      0.193392    0.000405    9.526260 ^ _3567_/A1 (sky130_fd_sc_hd__o31a_2)
     3    0.020139    0.192536    0.415660    9.941919 ^ _3567_/X (sky130_fd_sc_hd__o31a_2)
                                                         _2777_ (net)
                      0.192537    0.000854    9.942774 ^ _3568_/B (sky130_fd_sc_hd__xor2_2)
     1    0.003056    0.112998    0.241524   10.184299 ^ _3568_/X (sky130_fd_sc_hd__xor2_2)
                                                         _2778_ (net)
                      0.112998    0.000085   10.184383 ^ _3604_/A2 (sky130_fd_sc_hd__a211o_2)
     1    0.003824    0.051541    0.254783   10.439166 ^ _3604_/X (sky130_fd_sc_hd__a211o_2)
                                                         _2814_ (net)
                      0.051541    0.000110   10.439277 ^ _3605_/C1 (sky130_fd_sc_hd__a211o_2)
     2    0.008198    0.079978    0.173698   10.612975 ^ _3605_/X (sky130_fd_sc_hd__a211o_2)
                                                         net192 (net)
                      0.079978    0.000200   10.613174 ^ output192/A (sky130_fd_sc_hd__clkdlybuf4s25_1)
     1    0.037250    0.599264    0.806144   11.419318 ^ output192/X (sky130_fd_sc_hd__clkdlybuf4s25_1)
                                                         result[5] (net)
                      0.599264    0.000722   11.420040 ^ result[5] (out)
                                             11.420040   data arrival time

                      0.000000    0.000000    0.000000   clock __VIRTUAL_CLK__ (rise edge)
                                  0.000000    0.000000   clock network delay (ideal)
                                  0.250000    0.250000   clock uncertainty
                                  0.000000    0.250000   clock reconvergence pessimism
                                 -8.000000   -7.750000   output external delay
                                             -7.750000   data required time
---------------------------------------------------------------------------------------------
                                             -7.750000   data required time
                                            -11.420040   data arrival time
---------------------------------------------------------------------------------------------
                                             19.170040   slack (MET)


Startpoint: operand_b[36] (input port clocked by __VIRTUAL_CLK__)
Endpoint: result[39] (output port clocked by __VIRTUAL_CLK__)
Path Group: __VIRTUAL_CLK__
Path Type: min

Fanout         Cap        Slew       Delay        Time   Description
---------------------------------------------------------------------------------------------
                      0.000000    0.000000    0.000000   clock __VIRTUAL_CLK__ (rise edge)
                                  0.000000    0.000000   clock network delay (ideal)
                                  8.000000    8.000000 ^ input external delay
     1    0.004276    0.042215    0.022418    8.022418 ^ operand_b[36] (in)
                                                         operand_b[36] (net)
                      0.042228    0.000000    8.022418 ^ input99/A (sky130_fd_sc_hd__clkdlybuf4s25_1)
     3    0.016291    0.275548    0.570974    8.593391 ^ input99/X (sky130_fd_sc_hd__clkdlybuf4s25_1)
                                                         net99 (net)
                      0.275548    0.000492    8.593884 ^ _5040_/A2 (sky130_fd_sc_hd__a22o_2)
     1    0.007381    0.093817    0.374732    8.968616 ^ _5040_/X (sky130_fd_sc_hd__a22o_2)
                                                         _1002_ (net)
                      0.093817    0.000272    8.968887 ^ _5041_/B1 (sky130_fd_sc_hd__o21ai_2)
     4    0.021328    0.196376    0.200068    9.168955 v _5041_/Y (sky130_fd_sc_hd__o21ai_2)
                                                         _1003_ (net)
                      0.196378    0.000488    9.169442 v _5080_/B1 (sky130_fd_sc_hd__o21a_2)
     1    0.005213    0.057676    0.268815    9.438257 v _5080_/X (sky130_fd_sc_hd__o21a_2)
                                                         _1045_ (net)
                      0.057676    0.000170    9.438427 v _5081_/S (sky130_fd_sc_hd__mux2_2)
     1    0.017620    0.172498    0.496853    9.935281 ^ _5081_/X (sky130_fd_sc_hd__mux2_2)
                                                         _1046_ (net)
                      0.172498    0.000652    9.935932 ^ _5105_/A2 (sky130_fd_sc_hd__a21o_2)
     1    0.004945    0.058876    0.273807   10.209739 ^ _5105_/X (sky130_fd_sc_hd__a21o_2)
                                                         _1072_ (net)
                      0.058876    0.000171   10.209909 ^ _5106_/B1 (sky130_fd_sc_hd__a31o_2)
     2    0.032396    0.291976    0.329188   10.539098 ^ _5106_/X (sky130_fd_sc_hd__a31o_2)
                                                         net169 (net)
                      0.292072    0.001358   10.540456 ^ output169/A (sky130_fd_sc_hd__clkdlybuf4s25_1)
     1    0.036409    0.587064    0.881335   11.421791 ^ output169/X (sky130_fd_sc_hd__clkdlybuf4s25_1)
                                                         result[39] (net)
                      0.587064    0.001135   11.422926 ^ result[39] (out)
                                             11.422926   data arrival time

                      0.000000    0.000000    0.000000   clock __VIRTUAL_CLK__ (rise edge)
                                  0.000000    0.000000   clock network delay (ideal)
                                  0.250000    0.250000   clock uncertainty
                                  0.000000    0.250000   clock reconvergence pessimism
                                 -8.000000   -7.750000   output external delay
                                             -7.750000   data required time
---------------------------------------------------------------------------------------------
                                             -7.750000   data required time
                                            -11.422926   data arrival time
---------------------------------------------------------------------------------------------
                                             19.172926   slack (MET)


Startpoint: operand_b[27] (input port clocked by __VIRTUAL_CLK__)
Endpoint: result[32] (output port clocked by __VIRTUAL_CLK__)
Path Group: __VIRTUAL_CLK__
Path Type: min

Fanout         Cap        Slew       Delay        Time   Description
---------------------------------------------------------------------------------------------
                      0.000000    0.000000    0.000000   clock __VIRTUAL_CLK__ (rise edge)
                                  0.000000    0.000000   clock network delay (ideal)
                                  8.000000    8.000000 ^ input external delay
     1    0.004069    0.040793    0.021376    8.021376 ^ operand_b[27] (in)
                                                         operand_b[27] (net)
                      0.040793    0.000000    8.021376 ^ input89/A (sky130_fd_sc_hd__clkdlybuf4s25_1)
     4    0.018105    0.303514    0.589385    8.610762 ^ input89/X (sky130_fd_sc_hd__clkdlybuf4s25_1)
                                                         net89 (net)
                      0.303514    0.000719    8.611480 ^ _4626_/A2 (sky130_fd_sc_hd__a22o_2)
     3    0.013476    0.138518    0.421851    9.033331 ^ _4626_/X (sky130_fd_sc_hd__a22o_2)
                                                         _0596_ (net)
                      0.138520    0.000716    9.034047 ^ _4773_/A1_N (sky130_fd_sc_hd__o2bb2a_2)
     3    0.014841    0.117348    0.488575    9.522621 v _4773_/X (sky130_fd_sc_hd__o2bb2a_2)
                                                         _0739_ (net)
                      0.117350    0.000599    9.523220 v _4776_/A (sky130_fd_sc_hd__and2_2)
     4    0.021871    0.142006    0.443605    9.966825 v _4776_/X (sky130_fd_sc_hd__and2_2)
                                                         _0742_ (net)
                      0.142007    0.000600    9.967424 v _4777_/B (sky130_fd_sc_hd__xnor2_2)
     1    0.007563    0.089466    0.257341   10.224766 ^ _4777_/Y (sky130_fd_sc_hd__xnor2_2)
                                                         _0743_ (net)
                      0.089466    0.000296   10.225061 ^ _4812_/A2 (sky130_fd_sc_hd__a221o_2)
     2    0.013853    0.133337    0.364460   10.589521 ^ _4812_/X (sky130_fd_sc_hd__a221o_2)
                                                         net162 (net)
                      0.133338    0.000626   10.590148 ^ output162/A (sky130_fd_sc_hd__clkdlybuf4s25_1)
     1    0.037607    0.605572    0.832162   11.422310 ^ output162/X (sky130_fd_sc_hd__clkdlybuf4s25_1)
                                                         result[32] (net)
                      0.605572    0.001349   11.423658 ^ result[32] (out)
                                             11.423658   data arrival time

                      0.000000    0.000000    0.000000   clock __VIRTUAL_CLK__ (rise edge)
                                  0.000000    0.000000   clock network delay (ideal)
                                  0.250000    0.250000   clock uncertainty
                                  0.000000    0.250000   clock reconvergence pessimism
                                 -8.000000   -7.750000   output external delay
                                             -7.750000   data required time
---------------------------------------------------------------------------------------------
                                             -7.750000   data required time
                                            -11.423658   data arrival time
---------------------------------------------------------------------------------------------
                                             19.173658   slack (MET)


Startpoint: operand_b[47] (input port clocked by __VIRTUAL_CLK__)
Endpoint: result[55] (output port clocked by __VIRTUAL_CLK__)
Path Group: __VIRTUAL_CLK__
Path Type: min

Fanout         Cap        Slew       Delay        Time   Description
---------------------------------------------------------------------------------------------
                      0.000000    0.000000    0.000000   clock __VIRTUAL_CLK__ (rise edge)
                                  0.000000    0.000000   clock network delay (ideal)
                                  8.000000    8.000000 ^ input external delay
     1    0.004825    0.045997    0.025161    8.025161 ^ operand_b[47] (in)
                                                         operand_b[47] (net)
                      0.045997    0.000000    8.025161 ^ input111/A (sky130_fd_sc_hd__clkdlybuf4s25_1)
     3    0.014239    0.243965    0.550996    8.576157 ^ input111/X (sky130_fd_sc_hd__clkdlybuf4s25_1)
                                                         net111 (net)
                      0.243965    0.000553    8.576711 ^ _5409_/A (sky130_fd_sc_hd__nor2_2)
     1    0.002051    0.035802    0.119442    8.696153 v _5409_/Y (sky130_fd_sc_hd__nor2_2)
                                                         _1398_ (net)
                      0.035802    0.000055    8.696208 v _5410_/A2_N (sky130_fd_sc_hd__a2bb2o_2)
     3    0.014451    0.136909    0.455651    9.151858 ^ _5410_/X (sky130_fd_sc_hd__a2bb2o_2)
                                                         _1399_ (net)
                      0.136910    0.000548    9.152406 ^ _5687_/A1 (sky130_fd_sc_hd__a211o_2)
     1    0.003191    0.047771    0.251348    9.403754 ^ _5687_/X (sky130_fd_sc_hd__a211o_2)
                                                         _1697_ (net)
                      0.047771    0.000088    9.403842 ^ _5688_/B1 (sky130_fd_sc_hd__a41o_2)
     3    0.019055    0.162990    0.237748    9.641590 ^ _5688_/X (sky130_fd_sc_hd__a41o_2)
                                                         _1698_ (net)
                      0.162990    0.000618    9.642208 ^ _5694_/A1 (sky130_fd_sc_hd__a22oi_2)
     1    0.009051    0.129365    0.198745    9.840953 v _5694_/Y (sky130_fd_sc_hd__a22oi_2)
                                                         _1704_ (net)
                      0.129365    0.000191    9.841145 v _5695_/B (sky130_fd_sc_hd__xnor2_2)
     1    0.006778    0.094118    0.260349   10.101493 v _5695_/Y (sky130_fd_sc_hd__xnor2_2)
                                                         _1705_ (net)
                      0.094118    0.000243   10.101737 v _5696_/B (sky130_fd_sc_hd__nor2_2)
     1    0.004451    0.126687    0.141519   10.243256 ^ _5696_/Y (sky130_fd_sc_hd__nor2_2)
                                                         _1707_ (net)
                      0.126687    0.000108   10.243363 ^ _5707_/B (sky130_fd_sc_hd__or4b_4)
     1    0.006277    0.060231    0.231176   10.474540 ^ _5707_/X (sky130_fd_sc_hd__or4b_4)
                                                         _1719_ (net)
                      0.060231    0.000196   10.474736 ^ _5708_/A (sky130_fd_sc_hd__buf_6)
     2    0.014959    0.068390    0.164593   10.639329 ^ _5708_/X (sky130_fd_sc_hd__buf_6)
                                                         net187 (net)
                      0.068391    0.000418   10.639748 ^ output187/A (sky130_fd_sc_hd__clkdlybuf4s25_1)
     1    0.036055    0.580770    0.788655   11.428402 ^ output187/X (sky130_fd_sc_hd__clkdlybuf4s25_1)
                                                         result[55] (net)
                      0.580770    0.000992   11.429394 ^ result[55] (out)
                                             11.429394   data arrival time

                      0.000000    0.000000    0.000000   clock __VIRTUAL_CLK__ (rise edge)
                                  0.000000    0.000000   clock network delay (ideal)
                                  0.250000    0.250000   clock uncertainty
                                  0.000000    0.250000   clock reconvergence pessimism
                                 -8.000000   -7.750000   output external delay
                                             -7.750000   data required time
---------------------------------------------------------------------------------------------
                                             -7.750000   data required time
                                            -11.429394   data arrival time
---------------------------------------------------------------------------------------------
                                             19.179394   slack (MET)


Startpoint: operand_b[52] (input port clocked by __VIRTUAL_CLK__)
Endpoint: result[52] (output port clocked by __VIRTUAL_CLK__)
Path Group: __VIRTUAL_CLK__
Path Type: min

Fanout         Cap        Slew       Delay        Time   Description
---------------------------------------------------------------------------------------------
                      0.000000    0.000000    0.000000   clock __VIRTUAL_CLK__ (rise edge)
                                  0.000000    0.000000   clock network delay (ideal)
                                  8.000000    8.000000 ^ input external delay
     1    0.005490    0.050529    0.028494    8.028494 ^ operand_b[52] (in)
                                                         operand_b[52] (net)
                      0.050530    0.000000    8.028494 ^ input117/A (sky130_fd_sc_hd__clkdlybuf4s25_1)
     2    0.012410    0.216023    0.533749    8.562243 ^ input117/X (sky130_fd_sc_hd__clkdlybuf4s25_1)
                                                         net117 (net)
                      0.216023    0.000363    8.562606 ^ fanout635/A (sky130_fd_sc_hd__clkdlybuf4s25_1)
     5    0.022353    0.369447    0.707985    9.270591 ^ fanout635/X (sky130_fd_sc_hd__clkdlybuf4s25_1)
                                                         net635 (net)
                      0.369447    0.000493    9.271084 ^ _5593_/A1 (sky130_fd_sc_hd__a221o_2)
     1    0.007804    0.088653    0.429528    9.700612 ^ _5593_/X (sky130_fd_sc_hd__a221o_2)
                                                         _1596_ (net)
                      0.088653    0.000324    9.700936 ^ _5594_/B1 (sky130_fd_sc_hd__a221o_2)
     1    0.003344    0.058941    0.265780    9.966717 ^ _5594_/X (sky130_fd_sc_hd__a221o_2)
                                                         _1597_ (net)
                      0.058941    0.000073    9.966789 ^ _5595_/C1 (sky130_fd_sc_hd__a211o_2)
     1    0.003009    0.046847    0.145930   10.112720 ^ _5595_/X (sky130_fd_sc_hd__a211o_2)
                                                         _1598_ (net)
                      0.046847    0.000083   10.112803 ^ _5596_/C1 (sky130_fd_sc_hd__a221o_2)
     2    0.047239    0.389422    0.406898   10.519701 ^ _5596_/X (sky130_fd_sc_hd__a221o_2)
                                                         net184 (net)
                      0.389535    0.001684   10.521385 ^ output184/A (sky130_fd_sc_hd__clkdlybuf4s25_1)
     1    0.038194    0.615657    0.932898   11.454283 ^ output184/X (sky130_fd_sc_hd__clkdlybuf4s25_1)
                                                         result[52] (net)
                      0.615657    0.001390   11.455673 ^ result[52] (out)
                                             11.455673   data arrival time

                      0.000000    0.000000    0.000000   clock __VIRTUAL_CLK__ (rise edge)
                                  0.000000    0.000000   clock network delay (ideal)
                                  0.250000    0.250000   clock uncertainty
                                  0.000000    0.250000   clock reconvergence pessimism
                                 -8.000000   -7.750000   output external delay
                                             -7.750000   data required time
---------------------------------------------------------------------------------------------
                                             -7.750000   data required time
                                            -11.455673   data arrival time
---------------------------------------------------------------------------------------------
                                             19.205671   slack (MET)


Startpoint: operand_b[23] (input port clocked by __VIRTUAL_CLK__)
Endpoint: result[24] (output port clocked by __VIRTUAL_CLK__)
Path Group: __VIRTUAL_CLK__
Path Type: min

Fanout         Cap        Slew       Delay        Time   Description
---------------------------------------------------------------------------------------------
                      0.000000    0.000000    0.000000   clock __VIRTUAL_CLK__ (rise edge)
                                  0.000000    0.000000   clock network delay (ideal)
                                  8.000000    8.000000 ^ input external delay
     1    0.007598    0.064767    0.038538    8.038538 ^ operand_b[23] (in)
                                                         operand_b[23] (net)
                      0.064769    0.000000    8.038538 ^ input85/A (sky130_fd_sc_hd__buf_1)
     5    0.032285    0.609076    0.505750    8.544289 ^ input85/X (sky130_fd_sc_hd__buf_1)
                                                         net85 (net)
                      0.609076    0.000475    8.544764 ^ _4451_/A1 (sky130_fd_sc_hd__a21oi_2)
     1    0.005429    0.082496    0.268767    8.813531 v _4451_/Y (sky130_fd_sc_hd__a21oi_2)
                                                         _0425_ (net)
                      0.082496    0.000163    8.813694 v _4452_/B2 (sky130_fd_sc_hd__o22ai_2)
     1    0.012797    0.274671    0.251017    9.064711 ^ _4452_/Y (sky130_fd_sc_hd__o22ai_2)
                                                         _0426_ (net)
                      0.274674    0.000750    9.065460 ^ _4453_/B1 (sky130_fd_sc_hd__a31oi_2)
     2    0.029723    0.164400    0.227047    9.292507 v _4453_/Y (sky130_fd_sc_hd__a31oi_2)
                                                         _0427_ (net)
                      0.164404    0.001037    9.293545 v _4454_/B (sky130_fd_sc_hd__nand2_2)
     5    0.023780    0.206503    0.242508    9.536053 ^ _4454_/Y (sky130_fd_sc_hd__nand2_2)
                                                         _0428_ (net)
                      0.206503    0.000411    9.536465 ^ _4455_/B (sky130_fd_sc_hd__xor2_2)
     1    0.004593    0.138454    0.265327    9.801791 ^ _4455_/X (sky130_fd_sc_hd__xor2_2)
                                                         _0429_ (net)
                      0.138454    0.000147    9.801938 ^ _4477_/A2 (sky130_fd_sc_hd__a221o_2)
     1    0.004564    0.068118    0.317248   10.119186 ^ _4477_/X (sky130_fd_sc_hd__a221o_2)
                                                         _0451_ (net)
                      0.068118    0.000150   10.119337 ^ _4479_/B (sky130_fd_sc_hd__or3b_2)
     1    0.003826    0.058448    0.176862   10.296199 ^ _4479_/X (sky130_fd_sc_hd__or3b_2)
                                                         _0453_ (net)
                      0.058448    0.000120   10.296319 ^ _4480_/A (sky130_fd_sc_hd__buf_1)
     2    0.015222    0.296461    0.291534   10.587852 ^ _4480_/X (sky130_fd_sc_hd__buf_1)
                                                         net153 (net)
                      0.296463    0.000661   10.588513 ^ output153/A (sky130_fd_sc_hd__clkdlybuf4s25_1)
     1    0.035130    0.567032    0.869578   11.458092 ^ output153/X (sky130_fd_sc_hd__clkdlybuf4s25_1)
                                                         result[24] (net)
                      0.567032    0.000892   11.458983 ^ result[24] (out)
                                             11.458983   data arrival time

                      0.000000    0.000000    0.000000   clock __VIRTUAL_CLK__ (rise edge)
                                  0.000000    0.000000   clock network delay (ideal)
                                  0.250000    0.250000   clock uncertainty
                                  0.000000    0.250000   clock reconvergence pessimism
                                 -8.000000   -7.750000   output external delay
                                             -7.750000   data required time
---------------------------------------------------------------------------------------------
                                             -7.750000   data required time
                                            -11.458983   data arrival time
---------------------------------------------------------------------------------------------
                                             19.208982   slack (MET)


Startpoint: cmd[2] (input port clocked by __VIRTUAL_CLK__)
Endpoint: result[6] (output port clocked by __VIRTUAL_CLK__)
Path Group: __VIRTUAL_CLK__
Path Type: min

Fanout         Cap        Slew       Delay        Time   Description
---------------------------------------------------------------------------------------------
                      0.000000    0.000000    0.000000   clock __VIRTUAL_CLK__ (rise edge)
                                  0.000000    0.000000   clock network delay (ideal)
                                  8.000000    8.000000 ^ input external delay
     1    0.008392    0.070170    0.042310    8.042310 ^ cmd[2] (in)
                                                         cmd[2] (net)
                      0.070172    0.000000    8.042310 ^ input4/A (sky130_fd_sc_hd__clkdlybuf4s25_1)
     4    0.079050    1.249707    1.238033    9.280343 ^ input4/X (sky130_fd_sc_hd__clkdlybuf4s25_1)
                                                         net4 (net)
                      1.250028    0.004390    9.284733 ^ _3606_/A (sky130_fd_sc_hd__or2_2)
     6    0.119328    0.940182    1.140917   10.425650 ^ _3606_/X (sky130_fd_sc_hd__or2_2)
                                                         _2815_ (net)
                      0.940216    0.004572   10.430223 ^ _3661_/A1 (sky130_fd_sc_hd__o21ai_2)
     1    0.005071    0.062769    0.339778   10.770000 v _3661_/Y (sky130_fd_sc_hd__o21ai_2)
                                                         net197 (net)
                      0.062769    0.000177   10.770177 v output197/A (sky130_fd_sc_hd__clkdlybuf4s25_1)
     1    0.036427    0.491389    0.745543   11.515720 v output197/X (sky130_fd_sc_hd__clkdlybuf4s25_1)
                                                         result[6] (net)
                      0.491389    0.000713   11.516434 v result[6] (out)
                                             11.516434   data arrival time

                      0.000000    0.000000    0.000000   clock __VIRTUAL_CLK__ (rise edge)
                                  0.000000    0.000000   clock network delay (ideal)
                                  0.250000    0.250000   clock uncertainty
                                  0.000000    0.250000   clock reconvergence pessimism
                                 -8.000000   -7.750000   output external delay
                                             -7.750000   data required time
---------------------------------------------------------------------------------------------
                                             -7.750000   data required time
                                            -11.516434   data arrival time
---------------------------------------------------------------------------------------------
                                             19.266434   slack (MET)


Startpoint: operand_b[23] (input port clocked by __VIRTUAL_CLK__)
Endpoint: result[27] (output port clocked by __VIRTUAL_CLK__)
Path Group: __VIRTUAL_CLK__
Path Type: min

Fanout         Cap        Slew       Delay        Time   Description
---------------------------------------------------------------------------------------------
                      0.000000    0.000000    0.000000   clock __VIRTUAL_CLK__ (rise edge)
                                  0.000000    0.000000   clock network delay (ideal)
                                  8.000000    8.000000 v input external delay
     1    0.007469    0.037047    0.022585    8.022586 v operand_b[23] (in)
                                                         operand_b[23] (net)
                      0.037050    0.000000    8.022586 v input85/A (sky130_fd_sc_hd__buf_1)
     5    0.030931    0.350735    0.354040    8.376626 v input85/X (sky130_fd_sc_hd__buf_1)
                                                         net85 (net)
                      0.350735    0.000542    8.377168 v _4397_/B (sky130_fd_sc_hd__xor2_2)
     3    0.015907    0.111364    0.406096    8.783263 v _4397_/X (sky130_fd_sc_hd__xor2_2)
                                                         _0372_ (net)
                      0.111364    0.000498    8.783762 v max_cap321/A (sky130_fd_sc_hd__buf_2)
     6    0.036544    0.175208    0.352339    9.136100 v max_cap321/X (sky130_fd_sc_hd__buf_2)
                                                         net321 (net)
                      0.175231    0.001950    9.138051 v _4398_/B1 (sky130_fd_sc_hd__a21oi_2)
     4    0.011236    0.259592    0.291913    9.429964 ^ _4398_/Y (sky130_fd_sc_hd__a21oi_2)
                                                         _0373_ (net)
                      0.259676    0.000384    9.430347 ^ _4586_/A (sky130_fd_sc_hd__or4b_2)
     4    0.027962    0.257610    0.417477    9.847824 ^ _4586_/X (sky130_fd_sc_hd__or4b_2)
                                                         _0557_ (net)
                      0.257617    0.001608    9.849432 ^ _4587_/C (sky130_fd_sc_hd__nor3_2)
     2    0.017210    0.107055    0.182535   10.031966 v _4587_/Y (sky130_fd_sc_hd__nor3_2)
                                                         _0558_ (net)
                      0.107055    0.000361   10.032329 v _4588_/B (sky130_fd_sc_hd__xor2_2)
     1    0.003725    0.123801    0.196745   10.229073 ^ _4588_/X (sky130_fd_sc_hd__xor2_2)
                                                         _0559_ (net)
                      0.123801    0.000113   10.229186 ^ _4610_/B1 (sky130_fd_sc_hd__a221o_2)
     2    0.028430    0.243044    0.439450   10.668636 ^ _4610_/X (sky130_fd_sc_hd__a221o_2)
                                                         net156 (net)
                      0.243044    0.000882   10.669518 ^ output156/A (sky130_fd_sc_hd__clkdlybuf4s25_1)
     1    0.034654    0.559673    0.846600   11.516118 ^ output156/X (sky130_fd_sc_hd__clkdlybuf4s25_1)
                                                         result[27] (net)
                      0.559673    0.000805   11.516923 ^ result[27] (out)
                                             11.516923   data arrival time

                      0.000000    0.000000    0.000000   clock __VIRTUAL_CLK__ (rise edge)
                                  0.000000    0.000000   clock network delay (ideal)
                                  0.250000    0.250000   clock uncertainty
                                  0.000000    0.250000   clock reconvergence pessimism
                                 -8.000000   -7.750000   output external delay
                                             -7.750000   data required time
---------------------------------------------------------------------------------------------
                                             -7.750000   data required time
                                            -11.516923   data arrival time
---------------------------------------------------------------------------------------------
                                             19.266922   slack (MET)


Startpoint: operand_b[22] (input port clocked by __VIRTUAL_CLK__)
Endpoint: result[22] (output port clocked by __VIRTUAL_CLK__)
Path Group: __VIRTUAL_CLK__
Path Type: min

Fanout         Cap        Slew       Delay        Time   Description
---------------------------------------------------------------------------------------------
                      0.000000    0.000000    0.000000   clock __VIRTUAL_CLK__ (rise edge)
                                  0.000000    0.000000   clock network delay (ideal)
                                  8.000000    8.000000 ^ input external delay
     1    0.004701    0.045151    0.024549    8.024549 ^ operand_b[22] (in)
                                                         operand_b[22] (net)
                      0.045151    0.000000    8.024549 ^ input84/A (sky130_fd_sc_hd__clkdlybuf4s25_1)
     2    0.010226    0.183297    0.508171    8.532721 ^ input84/X (sky130_fd_sc_hd__clkdlybuf4s25_1)
                                                         net84 (net)
                      0.183297    0.000197    8.532918 ^ fanout367/A (sky130_fd_sc_hd__clkdlybuf4s25_1)
    10    0.049468    0.791082    0.978160    9.511078 ^ fanout367/X (sky130_fd_sc_hd__clkdlybuf4s25_1)
                                                         net367 (net)
                      0.791083    0.002467    9.513545 ^ _4371_/A1 (sky130_fd_sc_hd__a221o_2)
     1    0.011226    0.113774    0.604986   10.118531 ^ _4371_/X (sky130_fd_sc_hd__a221o_2)
                                                         _0347_ (net)
                      0.113777    0.000712   10.119244 ^ _4391_/A2 (sky130_fd_sc_hd__a221o_2)
     1    0.005561    0.072863    0.317487   10.436731 ^ _4391_/X (sky130_fd_sc_hd__a221o_2)
                                                         _0367_ (net)
                      0.072863    0.000207   10.436938 ^ _4392_/C1 (sky130_fd_sc_hd__a221o_2)
     2    0.018711    0.167565    0.266783   10.703721 ^ _4392_/X (sky130_fd_sc_hd__a221o_2)
                                                         net151 (net)
                      0.167565    0.000765   10.704486 ^ output151/A (sky130_fd_sc_hd__clkdlybuf4s25_1)
     1    0.037178    0.599222    0.842395   11.546881 ^ output151/X (sky130_fd_sc_hd__clkdlybuf4s25_1)
                                                         result[22] (net)
                      0.599222    0.001143   11.548024 ^ result[22] (out)
                                             11.548024   data arrival time

                      0.000000    0.000000    0.000000   clock __VIRTUAL_CLK__ (rise edge)
                                  0.000000    0.000000   clock network delay (ideal)
                                  0.250000    0.250000   clock uncertainty
                                  0.000000    0.250000   clock reconvergence pessimism
                                 -8.000000   -7.750000   output external delay
                                             -7.750000   data required time
---------------------------------------------------------------------------------------------
                                             -7.750000   data required time
                                            -11.548024   data arrival time
---------------------------------------------------------------------------------------------
                                             19.298025   slack (MET)


Startpoint: cmd[1] (input port clocked by __VIRTUAL_CLK__)
Endpoint: result[0] (output port clocked by __VIRTUAL_CLK__)
Path Group: __VIRTUAL_CLK__
Path Type: min

Fanout         Cap        Slew       Delay        Time   Description
---------------------------------------------------------------------------------------------
                      0.000000    0.000000    0.000000   clock __VIRTUAL_CLK__ (rise edge)
                                  0.000000    0.000000   clock network delay (ideal)
                                  8.000000    8.000000 v input external delay
     1    0.006074    0.031397    0.018564    8.018564 v cmd[1] (in)
                                                         cmd[1] (net)
                      0.031399    0.000000    8.018564 v input3/A (sky130_fd_sc_hd__clkdlybuf4s25_1)
     1    0.003073    0.077826    0.419101    8.437665 v input3/X (sky130_fd_sc_hd__clkdlybuf4s25_1)
                                                         net3 (net)
                      0.077826    0.000061    8.437726 v fanout552/A (sky130_fd_sc_hd__clkdlybuf4s25_1)
     7    0.044093    0.590432    0.819558    9.257284 v fanout552/X (sky130_fd_sc_hd__clkdlybuf4s25_1)
                                                         net552 (net)
                      0.590435    0.002134    9.259418 v _3265_/C_N (sky130_fd_sc_hd__or3b_2)
     2    0.006140    0.078890    0.597207    9.856626 ^ _3265_/X (sky130_fd_sc_hd__or3b_2)
                                                         _1502_ (net)
                      0.078890    0.000147    9.856772 ^ _3271_/C (sky130_fd_sc_hd__or4_2)
     1    0.008702    0.089687    0.214754   10.071527 ^ _3271_/X (sky130_fd_sc_hd__or4_2)
                                                         _1566_ (net)
                      0.089687    0.000343   10.071869 ^ _3272_/C1 (sky130_fd_sc_hd__o221a_2)
     1    0.006800    0.109609    0.383780   10.455649 ^ _3272_/X (sky130_fd_sc_hd__o221a_2)
                                                         _1577_ (net)
                      0.109609    0.000237   10.455886 ^ _3297_/B1 (sky130_fd_sc_hd__o211ai_2)
     2    0.014804    0.250808    0.282008   10.737894 v _3297_/Y (sky130_fd_sc_hd__o211ai_2)
                                                         net137 (net)
                      0.250889    0.000635   10.738529 v output137/A (sky130_fd_sc_hd__clkdlybuf4s25_1)
     1    0.036638    0.493840    0.826009   11.564538 v output137/X (sky130_fd_sc_hd__clkdlybuf4s25_1)
                                                         result[0] (net)
                      0.493840    0.001139   11.565677 v result[0] (out)
                                             11.565677   data arrival time

                      0.000000    0.000000    0.000000   clock __VIRTUAL_CLK__ (rise edge)
                                  0.000000    0.000000   clock network delay (ideal)
                                  0.250000    0.250000   clock uncertainty
                                  0.000000    0.250000   clock reconvergence pessimism
                                 -8.000000   -7.750000   output external delay
                                             -7.750000   data required time
---------------------------------------------------------------------------------------------
                                             -7.750000   data required time
                                            -11.565677   data arrival time
---------------------------------------------------------------------------------------------
                                             19.315678   slack (MET)


Startpoint: operand_a[0] (input port clocked by __VIRTUAL_CLK__)
Endpoint: result[1] (output port clocked by __VIRTUAL_CLK__)
Path Group: __VIRTUAL_CLK__
Path Type: min

Fanout         Cap        Slew       Delay        Time   Description
---------------------------------------------------------------------------------------------
                      0.000000    0.000000    0.000000   clock __VIRTUAL_CLK__ (rise edge)
                                  0.000000    0.000000   clock network delay (ideal)
                                  8.000000    8.000000 ^ input external delay
     1    0.007676    0.065297    0.038903    8.038903 ^ operand_a[0] (in)
                                                         operand_a[0] (net)
                      0.065298    0.000000    8.038903 ^ input6/A (sky130_fd_sc_hd__clkdlybuf4s25_1)
     2    0.010664    0.190039    0.520956    8.559859 ^ input6/X (sky130_fd_sc_hd__clkdlybuf4s25_1)
                                                         net6 (net)
                      0.190039    0.000495    8.560353 ^ fanout472/A (sky130_fd_sc_hd__clkdlybuf4s25_1)
     6    0.051869    0.828262    1.007366    9.567719 ^ fanout472/X (sky130_fd_sc_hd__clkdlybuf4s25_1)
                                                         net472 (net)
                      0.828262    0.000687    9.568407 ^ _3371_/A (sky130_fd_sc_hd__nor2b_4)
     4    0.021477    0.083174    0.298970    9.867376 v _3371_/Y (sky130_fd_sc_hd__nor2b_4)
                                                         _2585_ (net)
                      0.083174    0.000459    9.867836 v _3372_/A (sky130_fd_sc_hd__xor2_2)
     1    0.006715    0.172593    0.260995   10.128831 ^ _3372_/X (sky130_fd_sc_hd__xor2_2)
                                                         _2586_ (net)
                      0.172593    0.000241   10.129071 ^ _3373_/B2 (sky130_fd_sc_hd__a2bb2o_2)
     1    0.006509    0.079953    0.336670   10.465741 ^ _3373_/X (sky130_fd_sc_hd__a2bb2o_2)
                                                         _2587_ (net)
                      0.079953    0.000259   10.466001 ^ _3374_/B1 (sky130_fd_sc_hd__a31o_2)
     2    0.012475    0.129840    0.223841   10.689842 ^ _3374_/X (sky130_fd_sc_hd__a31o_2)
                                                         _2588_ (net)
                      0.129840    0.000492   10.690334 ^ _3375_/C1 (sky130_fd_sc_hd__a211o_2)
     1    0.007552    0.076228    0.204770   10.895104 ^ _3375_/X (sky130_fd_sc_hd__a211o_2)
                                                         net148 (net)
                      0.076229    0.000326   10.895431 ^ output148/A (sky130_fd_sc_hd__clkdlybuf4s25_1)
     1    0.035253    0.568362    0.783526   11.678957 ^ output148/X (sky130_fd_sc_hd__clkdlybuf4s25_1)
                                                         result[1] (net)
                      0.568362    0.000877   11.679833 ^ result[1] (out)
                                             11.679833   data arrival time

                      0.000000    0.000000    0.000000   clock __VIRTUAL_CLK__ (rise edge)
                                  0.000000    0.000000   clock network delay (ideal)
                                  0.250000    0.250000   clock uncertainty
                                  0.000000    0.250000   clock reconvergence pessimism
                                 -8.000000   -7.750000   output external delay
                                             -7.750000   data required time
---------------------------------------------------------------------------------------------
                                             -7.750000   data required time
                                            -11.679833   data arrival time
---------------------------------------------------------------------------------------------
                                             19.429834   slack (MET)


Startpoint: operand_b[29] (input port clocked by __VIRTUAL_CLK__)
Endpoint: result[30] (output port clocked by __VIRTUAL_CLK__)
Path Group: __VIRTUAL_CLK__
Path Type: min

Fanout         Cap        Slew       Delay        Time   Description
---------------------------------------------------------------------------------------------
                      0.000000    0.000000    0.000000   clock __VIRTUAL_CLK__ (rise edge)
                                  0.000000    0.000000   clock network delay (ideal)
                                  8.000000    8.000000 v input external delay
     1    0.005820    0.030375    0.017822    8.017822 v operand_b[29] (in)
                                                         operand_b[29] (net)
                      0.030376    0.000000    8.017822 v input91/A (sky130_fd_sc_hd__clkdlybuf4s25_1)
     3    0.019059    0.271383    0.574710    8.592532 v input91/X (sky130_fd_sc_hd__clkdlybuf4s25_1)
                                                         net91 (net)
                      0.271383    0.000534    8.593066 v fanout356/A (sky130_fd_sc_hd__clkdlybuf4s25_1)
    10    0.047003    0.628294    0.926304    9.519369 v fanout356/X (sky130_fd_sc_hd__clkdlybuf4s25_1)
                                                         net356 (net)
                      0.628294    0.000851    9.520221 v _4695_/B (sky130_fd_sc_hd__nor2_2)
     3    0.015925    0.345723    0.490031   10.010252 ^ _4695_/Y (sky130_fd_sc_hd__nor2_2)
                                                         _0663_ (net)
                      0.345723    0.000401   10.010653 ^ _4698_/A (sky130_fd_sc_hd__or2b_2)
     2    0.017413    0.149546    0.353510   10.364163 ^ _4698_/X (sky130_fd_sc_hd__or2b_2)
                                                         _0666_ (net)
                      0.149546    0.000390   10.364553 ^ _4699_/B (sky130_fd_sc_hd__xnor2_2)
     1    0.004743    0.070966    0.213742   10.578295 ^ _4699_/Y (sky130_fd_sc_hd__xnor2_2)
                                                         _0667_ (net)
                      0.070966    0.000158   10.578453 ^ _4729_/A2 (sky130_fd_sc_hd__a221o_2)
     2    0.009411    0.100133    0.327812   10.906264 ^ _4729_/X (sky130_fd_sc_hd__a221o_2)
                                                         net160 (net)
                      0.100133    0.000369   10.906634 ^ output160/A (sky130_fd_sc_hd__clkdlybuf4s25_1)
     1    0.037306    0.600498    0.814897   11.721531 ^ output160/X (sky130_fd_sc_hd__clkdlybuf4s25_1)
                                                         result[30] (net)
                      0.600498    0.001286   11.722816 ^ result[30] (out)
                                             11.722816   data arrival time

                      0.000000    0.000000    0.000000   clock __VIRTUAL_CLK__ (rise edge)
                                  0.000000    0.000000   clock network delay (ideal)
                                  0.250000    0.250000   clock uncertainty
                                  0.000000    0.250000   clock reconvergence pessimism
                                 -8.000000   -7.750000   output external delay
                                             -7.750000   data required time
---------------------------------------------------------------------------------------------
                                             -7.750000   data required time
                                            -11.722816   data arrival time
---------------------------------------------------------------------------------------------
                                             19.472816   slack (MET)


Startpoint: operand_b[36] (input port clocked by __VIRTUAL_CLK__)
Endpoint: result[40] (output port clocked by __VIRTUAL_CLK__)
Path Group: __VIRTUAL_CLK__
Path Type: min

Fanout         Cap        Slew       Delay        Time   Description
---------------------------------------------------------------------------------------------
                      0.000000    0.000000    0.000000   clock __VIRTUAL_CLK__ (rise edge)
                                  0.000000    0.000000   clock network delay (ideal)
                                  8.000000    8.000000 ^ input external delay
     1    0.004276    0.042215    0.022418    8.022418 ^ operand_b[36] (in)
                                                         operand_b[36] (net)
                      0.042228    0.000000    8.022418 ^ input99/A (sky130_fd_sc_hd__clkdlybuf4s25_1)
     3    0.016291    0.275548    0.570974    8.593391 ^ input99/X (sky130_fd_sc_hd__clkdlybuf4s25_1)
                                                         net99 (net)
                      0.275548    0.000492    8.593884 ^ _5040_/A2 (sky130_fd_sc_hd__a22o_2)
     1    0.007381    0.093817    0.374732    8.968616 ^ _5040_/X (sky130_fd_sc_hd__a22o_2)
                                                         _1002_ (net)
                      0.093817    0.000272    8.968887 ^ _5041_/B1 (sky130_fd_sc_hd__o21ai_2)
     4    0.021328    0.196376    0.200068    9.168955 v _5041_/Y (sky130_fd_sc_hd__o21ai_2)
                                                         _1003_ (net)
                      0.196378    0.000505    9.169460 v _5126_/B1 (sky130_fd_sc_hd__o31ai_2)
     1    0.003909    0.097153    0.141165    9.310625 ^ _5126_/Y (sky130_fd_sc_hd__o31ai_2)
                                                         _1095_ (net)
                      0.097153    0.000119    9.310744 ^ _5127_/D1 (sky130_fd_sc_hd__a2111o_2)
     1    0.005145    0.060071    0.170515    9.481259 ^ _5127_/X (sky130_fd_sc_hd__a2111o_2)
                                                         _1096_ (net)
                      0.060071    0.000144    9.481403 ^ _5129_/B1 (sky130_fd_sc_hd__o211ai_2)
     2    0.015554    0.234128    0.270775    9.752179 v _5129_/Y (sky130_fd_sc_hd__o211ai_2)
                                                         _1098_ (net)
                      0.234128    0.000540    9.752719 v _5130_/B1 (sky130_fd_sc_hd__o21a_2)
     2    0.020624    0.121640    0.352745   10.105464 v _5130_/X (sky130_fd_sc_hd__o21a_2)
                                                         _1099_ (net)
                      0.121653    0.001284   10.106749 v _5131_/B (sky130_fd_sc_hd__xnor2_2)
     1    0.006149    0.089169    0.253111   10.359859 v _5131_/Y (sky130_fd_sc_hd__xnor2_2)
                                                         _1100_ (net)
                      0.089169    0.000154   10.360014 v _5151_/A2 (sky130_fd_sc_hd__o2111ai_2)
     1    0.003486    0.078162    0.245432   10.605446 ^ _5151_/Y (sky130_fd_sc_hd__o2111ai_2)
                                                         _1122_ (net)
                      0.078162    0.000102   10.605548 ^ _5152_/C1 (sky130_fd_sc_hd__a221o_2)
     2    0.024206    0.210233    0.298246   10.903793 ^ _5152_/X (sky130_fd_sc_hd__a221o_2)
                                                         net171 (net)
                      0.210238    0.001311   10.905105 ^ output171/A (sky130_fd_sc_hd__clkdlybuf4s25_1)
     1    0.037472    0.604355    0.863519   11.768623 ^ output171/X (sky130_fd_sc_hd__clkdlybuf4s25_1)
                                                         result[40] (net)
                      0.604355    0.001339   11.769963 ^ result[40] (out)
                                             11.769963   data arrival time

                      0.000000    0.000000    0.000000   clock __VIRTUAL_CLK__ (rise edge)
                                  0.000000    0.000000   clock network delay (ideal)
                                  0.250000    0.250000   clock uncertainty
                                  0.000000    0.250000   clock reconvergence pessimism
                                 -8.000000   -7.750000   output external delay
                                             -7.750000   data required time
---------------------------------------------------------------------------------------------
                                             -7.750000   data required time
                                            -11.769963   data arrival time
---------------------------------------------------------------------------------------------
                                             19.519962   slack (MET)



%OL_END_REPORT
%OL_CREATE_REPORT max.rpt

===========================================================================
report_checks -path_delay max (Setup)
============================================================================
======================= nom_ss_100C_1v60 Corner ===================================

Startpoint: operand_b[1] (input port clocked by __VIRTUAL_CLK__)
Endpoint: zero_flag (output port clocked by __VIRTUAL_CLK__)
Path Group: __VIRTUAL_CLK__
Path Type: max

Fanout         Cap        Slew       Delay        Time   Description
---------------------------------------------------------------------------------------------
                      0.000000    0.000000    0.000000   clock __VIRTUAL_CLK__ (rise edge)
                                  0.000000    0.000000   clock network delay (ideal)
                                  8.000000    8.000000 ^ input external delay
     1    0.008500    0.070905    0.047341    8.047340 ^ operand_b[1] (in)
                                                         operand_b[1] (net)
                      0.070908    0.000000    8.047340 ^ input81/A (sky130_fd_sc_hd__clkdlybuf4s25_1)
     1    0.005794    0.116615    0.520789    8.568130 ^ input81/X (sky130_fd_sc_hd__clkdlybuf4s25_1)
                                                         net81 (net)
                      0.116615    0.000236    8.568366 ^ fanout406/A (sky130_fd_sc_hd__clkdlybuf4s25_1)
     7    0.093663    1.478227    1.561354   10.129720 ^ fanout406/X (sky130_fd_sc_hd__clkdlybuf4s25_1)
                                                         net406 (net)
                      1.478227    0.001344   10.131063 ^ fanout404/A (sky130_fd_sc_hd__clkdlybuf4s25_1)
     8    0.058635    0.933058    1.565110   11.696174 ^ fanout404/X (sky130_fd_sc_hd__clkdlybuf4s25_1)
                                                         net404 (net)
                      0.933058    0.000779   11.696952 ^ fanout402/A (sky130_fd_sc_hd__clkdlybuf4s25_1)
     3    0.027065    0.442111    1.066192   12.763144 ^ fanout402/X (sky130_fd_sc_hd__clkdlybuf4s25_1)
                                                         net402 (net)
                      0.442111    0.001388   12.764532 ^ load_slew403/A (sky130_fd_sc_hd__buf_4)
     8    0.056684    0.259575    0.532008   13.296540 ^ load_slew403/X (sky130_fd_sc_hd__buf_4)
                                                         net403 (net)
                      0.259590    0.002268   13.298808 ^ fanout400/A (sky130_fd_sc_hd__clkdlybuf4s25_1)
     5    0.046645    0.747677    1.080863   14.379671 ^ fanout400/X (sky130_fd_sc_hd__clkdlybuf4s25_1)
                                                         net400 (net)
                      0.747680    0.003067   14.382738 ^ load_slew401/A (sky130_fd_sc_hd__clkbuf_2)
     6    0.052794    0.445883    0.747623   15.130362 ^ load_slew401/X (sky130_fd_sc_hd__clkbuf_2)
                                                         net401 (net)
                      0.445897    0.003203   15.133564 ^ _3412_/B_N (sky130_fd_sc_hd__nor2b_2)
     4    0.021425    0.407960    0.640013   15.773577 ^ _3412_/Y (sky130_fd_sc_hd__nor2b_2)
                                                         _2625_ (net)
                      0.407960    0.001082   15.774658 ^ _3555_/C1 (sky130_fd_sc_hd__a221oi_2)
     5    0.020224    0.232034    0.255678   16.030336 v _3555_/Y (sky130_fd_sc_hd__a221oi_2)
                                                         _2765_ (net)
                      0.232035    0.001153   16.031490 v _3683_/A3 (sky130_fd_sc_hd__o31a_2)
     3    0.015640    0.151542    0.730095   16.761585 v _3683_/X (sky130_fd_sc_hd__o31a_2)
                                                         _2891_ (net)
                      0.151544    0.000806   16.762390 v _4087_/A2 (sky130_fd_sc_hd__o41a_2)
     4    0.045430    0.316031    1.249928   18.012320 v _4087_/X (sky130_fd_sc_hd__o41a_2)
                                                         _0069_ (net)
                      0.316044    0.002364   18.014683 v _4441_/A3 (sky130_fd_sc_hd__o31ai_4)
     1    0.011144    0.354117    0.463556   18.478239 ^ _4441_/Y (sky130_fd_sc_hd__o31ai_4)
                                                         _0415_ (net)
                      0.354117    0.000604   18.478844 ^ wire248/A (sky130_fd_sc_hd__buf_2)
     5    0.048615    0.380008    0.566541   19.045385 ^ wire248/X (sky130_fd_sc_hd__buf_2)
                                                         net248 (net)
                      0.380075    0.005228   19.050611 ^ _4442_/A (sky130_fd_sc_hd__clkbuf_1)
     5    0.027343    0.516177    0.605239   19.655851 ^ _4442_/X (sky130_fd_sc_hd__clkbuf_1)
                                                         _0416_ (net)
                      0.516177    0.000680   19.656530 ^ max_cap234/A (sky130_fd_sc_hd__buf_2)
     6    0.038519    0.305327    0.578291   20.234823 ^ max_cap234/X (sky130_fd_sc_hd__buf_2)
                                                         net234 (net)
                      0.305337    0.002210   20.237032 ^ _4443_/B (sky130_fd_sc_hd__nand2_2)
     9    0.045865    0.395463    0.457604   20.694635 v _4443_/Y (sky130_fd_sc_hd__nand2_2)
                                                         _0417_ (net)
                      0.395463    0.000917   20.695553 v _4541_/S (sky130_fd_sc_hd__mux2_2)
     1    0.005964    0.108380    0.743196   21.438747 v _4541_/X (sky130_fd_sc_hd__mux2_2)
                                                         _0513_ (net)
                      0.108380    0.000211   21.438959 v _4542_/B1 (sky130_fd_sc_hd__o31ai_2)
     3    0.007395    0.375585    0.137632   21.576591 ^ _4542_/Y (sky130_fd_sc_hd__o31ai_2)
                                                         _0514_ (net)
                      0.375585    0.000190   21.576782 ^ _4586_/D_N (sky130_fd_sc_hd__or4b_2)
     4    0.026364    0.358236    1.825690   23.402472 v _4586_/X (sky130_fd_sc_hd__or4b_2)
                                                         _0557_ (net)
                      0.358237    0.001627   23.404099 v _4743_/C (sky130_fd_sc_hd__or4b_4)
     6    0.042319    0.260319    1.303441   24.707541 v _4743_/X (sky130_fd_sc_hd__or4b_4)
                                                         _0710_ (net)
                      0.260341    0.002665   24.710205 v _5301_/A (sky130_fd_sc_hd__or3_2)
     2    0.014764    0.235677    1.363134   26.073338 v _5301_/X (sky130_fd_sc_hd__or3_2)
                                                         _1283_ (net)
                      0.235677    0.000684   26.074022 v _5499_/A (sky130_fd_sc_hd__or4_2)
     1    0.009057    0.263700    1.785461   27.859482 v _5499_/X (sky130_fd_sc_hd__or4_2)
                                                         _1495_ (net)
                      0.263700    0.000293   27.859776 v _5500_/B (sky130_fd_sc_hd__xnor2_2)
     1    0.003337    0.095016    0.323267   28.183043 v _5500_/Y (sky130_fd_sc_hd__xnor2_2)
                                                         _1496_ (net)
                      0.095016    0.000103   28.183146 v _5520_/A2 (sky130_fd_sc_hd__a221o_2)
     2    0.012708    0.141973    0.834799   29.017944 v _5520_/X (sky130_fd_sc_hd__a221o_2)
                                                         net182 (net)
                      0.141973    0.000277   29.018221 v _5981_/D (sky130_fd_sc_hd__or4_2)
     1    0.015020    0.304972    1.559322   30.577543 v _5981_/X (sky130_fd_sc_hd__or4_2)
                                                         _2010_ (net)
                      0.304972    0.000675   30.578218 v _5983_/C (sky130_fd_sc_hd__or4b_4)
     1    0.003869    0.149495    1.082103   31.660322 v _5983_/X (sky130_fd_sc_hd__or4b_4)
                                                         _2012_ (net)
                      0.149495    0.000128   31.660450 v _6003_/C (sky130_fd_sc_hd__or4_4)
     1    0.008030    0.168122    1.055263   32.715714 v _6003_/X (sky130_fd_sc_hd__or4_4)
                                                         _2034_ (net)
                      0.168122    0.000355   32.716068 v _6004_/D (sky130_fd_sc_hd__or4_4)
     1    0.009463    0.171570    0.945256   33.661324 v _6004_/X (sky130_fd_sc_hd__or4_4)
                                                         _2035_ (net)
                      0.171570    0.000338   33.661659 v _6005_/D (sky130_fd_sc_hd__nor4_4)
     1    0.006264    0.348536    0.303906   33.965569 ^ _6005_/Y (sky130_fd_sc_hd__nor4_4)
                                                         net201 (net)
                      0.348536    0.000270   33.965836 ^ output201/A (sky130_fd_sc_hd__clkdlybuf4s25_1)
     1    0.036971    0.596351    1.001649   34.967487 ^ output201/X (sky130_fd_sc_hd__clkdlybuf4s25_1)
                                                         zero_flag (net)
                      0.596351    0.001354   34.968838 ^ zero_flag (out)
                                             34.968838   data arrival time

                      0.000000   40.000000   40.000000   clock __VIRTUAL_CLK__ (rise edge)
                                  0.000000   40.000000   clock network delay (ideal)
                                 -0.250000   39.750000   clock uncertainty
                                  0.000000   39.750000   clock reconvergence pessimism
                                 -8.000000   31.750000   output external delay
                                             31.750000   data required time
---------------------------------------------------------------------------------------------
                                             31.750000   data required time
                                            -34.968838   data arrival time
---------------------------------------------------------------------------------------------
                                             -3.218840   slack (VIOLATED)


Startpoint: operand_b[1] (input port clocked by __VIRTUAL_CLK__)
Endpoint: carry_out (output port clocked by __VIRTUAL_CLK__)
Path Group: __VIRTUAL_CLK__
Path Type: max

Fanout         Cap        Slew       Delay        Time   Description
---------------------------------------------------------------------------------------------
                      0.000000    0.000000    0.000000   clock __VIRTUAL_CLK__ (rise edge)
                                  0.000000    0.000000   clock network delay (ideal)
                                  8.000000    8.000000 ^ input external delay
     1    0.008500    0.070905    0.047341    8.047340 ^ operand_b[1] (in)
                                                         operand_b[1] (net)
                      0.070908    0.000000    8.047340 ^ input81/A (sky130_fd_sc_hd__clkdlybuf4s25_1)
     1    0.005794    0.116615    0.520789    8.568130 ^ input81/X (sky130_fd_sc_hd__clkdlybuf4s25_1)
                                                         net81 (net)
                      0.116615    0.000236    8.568366 ^ fanout406/A (sky130_fd_sc_hd__clkdlybuf4s25_1)
     7    0.093663    1.478227    1.561354   10.129720 ^ fanout406/X (sky130_fd_sc_hd__clkdlybuf4s25_1)
                                                         net406 (net)
                      1.478227    0.001344   10.131063 ^ fanout404/A (sky130_fd_sc_hd__clkdlybuf4s25_1)
     8    0.058635    0.933058    1.565110   11.696174 ^ fanout404/X (sky130_fd_sc_hd__clkdlybuf4s25_1)
                                                         net404 (net)
                      0.933058    0.000779   11.696952 ^ fanout402/A (sky130_fd_sc_hd__clkdlybuf4s25_1)
     3    0.027065    0.442111    1.066192   12.763144 ^ fanout402/X (sky130_fd_sc_hd__clkdlybuf4s25_1)
                                                         net402 (net)
                      0.442111    0.001388   12.764532 ^ load_slew403/A (sky130_fd_sc_hd__buf_4)
     8    0.056684    0.259575    0.532008   13.296540 ^ load_slew403/X (sky130_fd_sc_hd__buf_4)
                                                         net403 (net)
                      0.259590    0.002268   13.298808 ^ fanout400/A (sky130_fd_sc_hd__clkdlybuf4s25_1)
     5    0.046645    0.747677    1.080863   14.379671 ^ fanout400/X (sky130_fd_sc_hd__clkdlybuf4s25_1)
                                                         net400 (net)
                      0.747680    0.003067   14.382738 ^ load_slew401/A (sky130_fd_sc_hd__clkbuf_2)
     6    0.052794    0.445883    0.747623   15.130362 ^ load_slew401/X (sky130_fd_sc_hd__clkbuf_2)
                                                         net401 (net)
                      0.445884    0.001849   15.132211 ^ _6012_/B (sky130_fd_sc_hd__and3_2)
     5    0.067536    0.541489    0.918897   16.051107 ^ _6012_/X (sky130_fd_sc_hd__and3_2)
                                                         _2043_ (net)
                      0.541502    0.003586   16.054693 ^ _6015_/B (sky130_fd_sc_hd__and4_2)
     1    0.002495    0.096346    0.623853   16.678547 ^ _6015_/X (sky130_fd_sc_hd__and4_2)
                                                         _2046_ (net)
                      0.096346    0.000052   16.678598 ^ _6016_/A (sky130_fd_sc_hd__clkbuf_1)
     3    0.022337    0.427354    0.437463   17.116062 ^ _6016_/X (sky130_fd_sc_hd__clkbuf_1)
                                                         _2048_ (net)
                      0.427355    0.000760   17.116821 ^ max_cap276/A (sky130_fd_sc_hd__buf_2)
     7    0.052602    0.409493    0.618979   17.735802 ^ max_cap276/X (sky130_fd_sc_hd__buf_2)
                                                         net276 (net)
                      0.409554    0.005240   17.741041 ^ _6019_/B (sky130_fd_sc_hd__and4_2)
     5    0.041155    0.387263    0.880616   18.621658 ^ _6019_/X (sky130_fd_sc_hd__and4_2)
                                                         _2051_ (net)
                      0.387276    0.002869   18.624527 ^ _6025_/A (sky130_fd_sc_hd__and4_2)
     5    0.066069    0.562072    1.013220   19.637747 ^ _6025_/X (sky130_fd_sc_hd__and4_2)
                                                         _2057_ (net)
                      0.562080    0.003336   19.641083 ^ _6027_/B (sky130_fd_sc_hd__and3_2)
     5    0.038602    0.333796    0.791900   20.432981 ^ _6027_/X (sky130_fd_sc_hd__and3_2)
                                                         _2060_ (net)
                      0.333833    0.003851   20.436832 ^ _6283_/B (sky130_fd_sc_hd__and2_2)
     1    0.005205    0.085745    0.394692   20.831526 ^ _6283_/X (sky130_fd_sc_hd__and2_2)
                                                         _2341_ (net)
                      0.085745    0.000210   20.831736 ^ _6284_/A (sky130_fd_sc_hd__buf_1)
     6    0.034543    0.647277    0.600735   21.432470 ^ _6284_/X (sky130_fd_sc_hd__buf_1)
                                                         _2342_ (net)
                      0.647279    0.000854   21.433325 ^ _6319_/C (sky130_fd_sc_hd__and3_2)
     4    0.021898    0.217956    0.711424   22.144749 ^ _6319_/X (sky130_fd_sc_hd__and3_2)
                                                         _2381_ (net)
                      0.217956    0.000846   22.145594 ^ _6324_/S (sky130_fd_sc_hd__mux2_2)
     1    0.004972    0.101586    0.783913   22.929508 v _6324_/X (sky130_fd_sc_hd__mux2_2)
                                                         _2386_ (net)
                      0.101586    0.000163   22.929670 v _6325_/C1 (sky130_fd_sc_hd__a311oi_2)
     1    0.007587    0.405648    0.420322   23.349993 ^ _6325_/Y (sky130_fd_sc_hd__a311oi_2)
                                                         _2387_ (net)
                      0.405648    0.000323   23.350317 ^ _6336_/A2 (sky130_fd_sc_hd__o211ai_2)
     3    0.012963    0.240169    0.363718   23.714033 v _6336_/Y (sky130_fd_sc_hd__o211ai_2)
                                                         _2400_ (net)
                      0.240169    0.000453   23.714487 v _6351_/A2 (sky130_fd_sc_hd__o31a_2)
     1    0.004339    0.094226    0.728980   24.443466 v _6351_/X (sky130_fd_sc_hd__o31a_2)
                                                         _2416_ (net)
                      0.094226    0.000151   24.443617 v _6354_/C (sky130_fd_sc_hd__or4_2)
     2    0.022739    0.344717    1.773636   26.217253 v _6354_/X (sky130_fd_sc_hd__or4_2)
                                                         _2419_ (net)
                      0.344717    0.002164   26.219418 v _6355_/D (sky130_fd_sc_hd__and4b_2)
     1    0.004943    0.087935    0.676991   26.896408 v _6355_/X (sky130_fd_sc_hd__and4b_2)
                                                         _2420_ (net)
                      0.088608    0.000195   26.896603 v _6398_/A2 (sky130_fd_sc_hd__a21o_2)
     1    0.032304    0.176732    0.541924   27.438526 v _6398_/X (sky130_fd_sc_hd__a21o_2)
                                                         _2468_ (net)
                      0.176747    0.001860   27.440386 v _6399_/B1 (sky130_fd_sc_hd__a211o_2)
     1    0.003380    0.083365    0.644169   28.084557 v _6399_/X (sky130_fd_sc_hd__a211o_2)
                                                         _2469_ (net)
                      0.083365    0.000110   28.084665 v _6406_/B1 (sky130_fd_sc_hd__o311a_2)
     1    0.012237    0.141344    0.304070   28.388735 v _6406_/X (sky130_fd_sc_hd__o311a_2)
                                                         _2477_ (net)
                      0.141344    0.000457   28.389193 v _6421_/A2 (sky130_fd_sc_hd__o2111a_2)
     1    0.009814    0.100965    0.550743   28.939936 v _6421_/X (sky130_fd_sc_hd__o2111a_2)
                                                         _2493_ (net)
                      0.100966    0.000512   28.940447 v _6488_/A (sky130_fd_sc_hd__or3b_2)
     1    0.010224    0.206196    1.224537   30.164984 v _6488_/X (sky130_fd_sc_hd__or3b_2)
                                                         _2567_ (net)
                      0.206196    0.000455   30.165440 v _6489_/A (sky130_fd_sc_hd__buf_1)
     1    0.003052    0.053547    0.238575   30.404015 v _6489_/X (sky130_fd_sc_hd__buf_1)
                                                         net134 (net)
                      0.053547    0.000092   30.404106 v output134/A (sky130_fd_sc_hd__clkdlybuf4s25_1)
     1    0.035683    0.482226    0.811976   31.216084 v output134/X (sky130_fd_sc_hd__clkdlybuf4s25_1)
                                                         carry_out (net)
                      0.482226    0.001084   31.217167 v carry_out (out)
                                             31.217167   data arrival time

                      0.000000   40.000000   40.000000   clock __VIRTUAL_CLK__ (rise edge)
                                  0.000000   40.000000   clock network delay (ideal)
                                 -0.250000   39.750000   clock uncertainty
                                  0.000000   39.750000   clock reconvergence pessimism
                                 -8.000000   31.750000   output external delay
                                             31.750000   data required time
---------------------------------------------------------------------------------------------
                                             31.750000   data required time
                                            -31.217167   data arrival time
---------------------------------------------------------------------------------------------
                                              0.532832   slack (MET)


Startpoint: operand_b[1] (input port clocked by __VIRTUAL_CLK__)
Endpoint: result[63] (output port clocked by __VIRTUAL_CLK__)
Path Group: __VIRTUAL_CLK__
Path Type: max

Fanout         Cap        Slew       Delay        Time   Description
---------------------------------------------------------------------------------------------
                      0.000000    0.000000    0.000000   clock __VIRTUAL_CLK__ (rise edge)
                                  0.000000    0.000000   clock network delay (ideal)
                                  8.000000    8.000000 ^ input external delay
     1    0.008500    0.070905    0.047341    8.047340 ^ operand_b[1] (in)
                                                         operand_b[1] (net)
                      0.070908    0.000000    8.047340 ^ input81/A (sky130_fd_sc_hd__clkdlybuf4s25_1)
     1    0.005794    0.116615    0.520789    8.568130 ^ input81/X (sky130_fd_sc_hd__clkdlybuf4s25_1)
                                                         net81 (net)
                      0.116615    0.000236    8.568366 ^ fanout406/A (sky130_fd_sc_hd__clkdlybuf4s25_1)
     7    0.093663    1.478227    1.561354   10.129720 ^ fanout406/X (sky130_fd_sc_hd__clkdlybuf4s25_1)
                                                         net406 (net)
                      1.478227    0.001344   10.131063 ^ fanout404/A (sky130_fd_sc_hd__clkdlybuf4s25_1)
     8    0.058635    0.933058    1.565110   11.696174 ^ fanout404/X (sky130_fd_sc_hd__clkdlybuf4s25_1)
                                                         net404 (net)
                      0.933058    0.000779   11.696952 ^ fanout402/A (sky130_fd_sc_hd__clkdlybuf4s25_1)
     3    0.027065    0.442111    1.066192   12.763144 ^ fanout402/X (sky130_fd_sc_hd__clkdlybuf4s25_1)
                                                         net402 (net)
                      0.442111    0.001388   12.764532 ^ load_slew403/A (sky130_fd_sc_hd__buf_4)
     8    0.056684    0.259575    0.532008   13.296540 ^ load_slew403/X (sky130_fd_sc_hd__buf_4)
                                                         net403 (net)
                      0.259590    0.002268   13.298808 ^ fanout400/A (sky130_fd_sc_hd__clkdlybuf4s25_1)
     5    0.046645    0.747677    1.080863   14.379671 ^ fanout400/X (sky130_fd_sc_hd__clkdlybuf4s25_1)
                                                         net400 (net)
                      0.747680    0.003067   14.382738 ^ load_slew401/A (sky130_fd_sc_hd__clkbuf_2)
     6    0.052794    0.445883    0.747623   15.130362 ^ load_slew401/X (sky130_fd_sc_hd__clkbuf_2)
                                                         net401 (net)
                      0.445897    0.003203   15.133564 ^ _3412_/B_N (sky130_fd_sc_hd__nor2b_2)
     4    0.021425    0.407960    0.640013   15.773577 ^ _3412_/Y (sky130_fd_sc_hd__nor2b_2)
                                                         _2625_ (net)
                      0.407960    0.001082   15.774658 ^ _3555_/C1 (sky130_fd_sc_hd__a221oi_2)
     5    0.020224    0.232034    0.255678   16.030336 v _3555_/Y (sky130_fd_sc_hd__a221oi_2)
                                                         _2765_ (net)
                      0.232035    0.001153   16.031490 v _3683_/A3 (sky130_fd_sc_hd__o31a_2)
     3    0.015640    0.151542    0.730095   16.761585 v _3683_/X (sky130_fd_sc_hd__o31a_2)
                                                         _2891_ (net)
                      0.151544    0.000806   16.762390 v _4087_/A2 (sky130_fd_sc_hd__o41a_2)
     4    0.045430    0.316031    1.249928   18.012320 v _4087_/X (sky130_fd_sc_hd__o41a_2)
                                                         _0069_ (net)
                      0.316044    0.002364   18.014683 v _4441_/A3 (sky130_fd_sc_hd__o31ai_4)
     1    0.011144    0.354117    0.463556   18.478239 ^ _4441_/Y (sky130_fd_sc_hd__o31ai_4)
                                                         _0415_ (net)
                      0.354117    0.000604   18.478844 ^ wire248/A (sky130_fd_sc_hd__buf_2)
     5    0.048615    0.380008    0.566541   19.045385 ^ wire248/X (sky130_fd_sc_hd__buf_2)
                                                         net248 (net)
                      0.380075    0.005228   19.050611 ^ _4442_/A (sky130_fd_sc_hd__clkbuf_1)
     5    0.027343    0.516177    0.605239   19.655851 ^ _4442_/X (sky130_fd_sc_hd__clkbuf_1)
                                                         _0416_ (net)
                      0.516177    0.000680   19.656530 ^ max_cap234/A (sky130_fd_sc_hd__buf_2)
     6    0.038519    0.305327    0.578291   20.234823 ^ max_cap234/X (sky130_fd_sc_hd__buf_2)
                                                         net234 (net)
                      0.305337    0.002210   20.237032 ^ _4443_/B (sky130_fd_sc_hd__nand2_2)
     9    0.045865    0.395463    0.457604   20.694635 v _4443_/Y (sky130_fd_sc_hd__nand2_2)
                                                         _0417_ (net)
                      0.395463    0.000917   20.695553 v _4541_/S (sky130_fd_sc_hd__mux2_2)
     1    0.005964    0.108380    0.743196   21.438747 v _4541_/X (sky130_fd_sc_hd__mux2_2)
                                                         _0513_ (net)
                      0.108380    0.000211   21.438959 v _4542_/B1 (sky130_fd_sc_hd__o31ai_2)
     3    0.007395    0.375585    0.137632   21.576591 ^ _4542_/Y (sky130_fd_sc_hd__o31ai_2)
                                                         _0514_ (net)
                      0.375585    0.000190   21.576782 ^ _4586_/D_N (sky130_fd_sc_hd__or4b_2)
     4    0.026364    0.358236    1.825690   23.402472 v _4586_/X (sky130_fd_sc_hd__or4b_2)
                                                         _0557_ (net)
                      0.358237    0.001627   23.404099 v _4743_/C (sky130_fd_sc_hd__or4b_4)
     6    0.042319    0.260319    1.303441   24.707541 v _4743_/X (sky130_fd_sc_hd__or4b_4)
                                                         _0710_ (net)
                      0.260340    0.002636   24.710176 v _5624_/A (sky130_fd_sc_hd__or4b_4)
     2    0.019595    0.203253    1.278098   25.988274 v _5624_/X (sky130_fd_sc_hd__or4b_4)
                                                         _1629_ (net)
                      0.203442    0.001355   25.989630 v _5652_/B_N (sky130_fd_sc_hd__and4bb_4)
     7    0.031722    0.236284    0.977817   26.967445 ^ _5652_/X (sky130_fd_sc_hd__and4bb_4)
                                                         _1659_ (net)
                      0.236288    0.001478   26.968924 ^ _5789_/B1 (sky130_fd_sc_hd__o2111a_2)
     3    0.013973    0.173725    0.617694   27.586618 ^ _5789_/X (sky130_fd_sc_hd__o2111a_2)
                                                         _1806_ (net)
                      0.173725    0.000533   27.587151 ^ _5825_/A (sky130_fd_sc_hd__nand3_2)
     4    0.018043    0.286861    0.299938   27.887089 v _5825_/Y (sky130_fd_sc_hd__nand3_2)
                                                         _1844_ (net)
                      0.286861    0.000336   27.887424 v _5895_/A_N (sky130_fd_sc_hd__and3b_2)
     3    0.025530    0.239463    0.753319   28.640743 ^ _5895_/X (sky130_fd_sc_hd__and3b_2)
                                                         _1918_ (net)
                      0.239463    0.001013   28.641756 ^ _5960_/A (sky130_fd_sc_hd__nand2_2)
     1    0.022664    0.208785    0.279465   28.921223 v _5960_/Y (sky130_fd_sc_hd__nand2_2)
                                                         _1988_ (net)
                      0.208785    0.000888   28.922110 v _5961_/B (sky130_fd_sc_hd__xor2_2)
     1    0.004077    0.104665    0.330692   29.252802 v _5961_/X (sky130_fd_sc_hd__xor2_2)
                                                         _1989_ (net)
                      0.104665    0.000171   29.252972 v _5980_/A2 (sky130_fd_sc_hd__a211o_2)
     3    0.025747    0.184237    0.801771   30.054743 v _5980_/X (sky130_fd_sc_hd__a211o_2)
                                                         net135 (net)
                      0.184237    0.000789   30.055532 v _6501_/A (sky130_fd_sc_hd__buf_2)
     1    0.002321    0.041589    0.288836   30.344368 v _6501_/X (sky130_fd_sc_hd__buf_2)
                                                         net196 (net)
                      0.041589    0.000046   30.344414 v output196/A (sky130_fd_sc_hd__clkdlybuf4s25_1)
     1    0.036012    0.486541    0.809539   31.153954 v output196/X (sky130_fd_sc_hd__clkdlybuf4s25_1)
                                                         result[63] (net)
                      0.486541    0.001176   31.155128 v result[63] (out)
                                             31.155128   data arrival time

                      0.000000   40.000000   40.000000   clock __VIRTUAL_CLK__ (rise edge)
                                  0.000000   40.000000   clock network delay (ideal)
                                 -0.250000   39.750000   clock uncertainty
                                  0.000000   39.750000   clock reconvergence pessimism
                                 -8.000000   31.750000   output external delay
                                             31.750000   data required time
---------------------------------------------------------------------------------------------
                                             31.750000   data required time
                                            -31.155128   data arrival time
---------------------------------------------------------------------------------------------
                                              0.594870   slack (MET)


Startpoint: operand_b[1] (input port clocked by __VIRTUAL_CLK__)
Endpoint: result[61] (output port clocked by __VIRTUAL_CLK__)
Path Group: __VIRTUAL_CLK__
Path Type: max

Fanout         Cap        Slew       Delay        Time   Description
---------------------------------------------------------------------------------------------
                      0.000000    0.000000    0.000000   clock __VIRTUAL_CLK__ (rise edge)
                                  0.000000    0.000000   clock network delay (ideal)
                                  8.000000    8.000000 ^ input external delay
     1    0.008500    0.070905    0.047341    8.047340 ^ operand_b[1] (in)
                                                         operand_b[1] (net)
                      0.070908    0.000000    8.047340 ^ input81/A (sky130_fd_sc_hd__clkdlybuf4s25_1)
     1    0.005794    0.116615    0.520789    8.568130 ^ input81/X (sky130_fd_sc_hd__clkdlybuf4s25_1)
                                                         net81 (net)
                      0.116615    0.000236    8.568366 ^ fanout406/A (sky130_fd_sc_hd__clkdlybuf4s25_1)
     7    0.093663    1.478227    1.561354   10.129720 ^ fanout406/X (sky130_fd_sc_hd__clkdlybuf4s25_1)
                                                         net406 (net)
                      1.478227    0.001344   10.131063 ^ fanout404/A (sky130_fd_sc_hd__clkdlybuf4s25_1)
     8    0.058635    0.933058    1.565110   11.696174 ^ fanout404/X (sky130_fd_sc_hd__clkdlybuf4s25_1)
                                                         net404 (net)
                      0.933058    0.000779   11.696952 ^ fanout402/A (sky130_fd_sc_hd__clkdlybuf4s25_1)
     3    0.027065    0.442111    1.066192   12.763144 ^ fanout402/X (sky130_fd_sc_hd__clkdlybuf4s25_1)
                                                         net402 (net)
                      0.442111    0.001388   12.764532 ^ load_slew403/A (sky130_fd_sc_hd__buf_4)
     8    0.056684    0.259575    0.532008   13.296540 ^ load_slew403/X (sky130_fd_sc_hd__buf_4)
                                                         net403 (net)
                      0.259590    0.002268   13.298808 ^ fanout400/A (sky130_fd_sc_hd__clkdlybuf4s25_1)
     5    0.046645    0.747677    1.080863   14.379671 ^ fanout400/X (sky130_fd_sc_hd__clkdlybuf4s25_1)
                                                         net400 (net)
                      0.747680    0.003067   14.382738 ^ load_slew401/A (sky130_fd_sc_hd__clkbuf_2)
     6    0.052794    0.445883    0.747623   15.130362 ^ load_slew401/X (sky130_fd_sc_hd__clkbuf_2)
                                                         net401 (net)
                      0.445897    0.003203   15.133564 ^ _3412_/B_N (sky130_fd_sc_hd__nor2b_2)
     4    0.021425    0.407960    0.640013   15.773577 ^ _3412_/Y (sky130_fd_sc_hd__nor2b_2)
                                                         _2625_ (net)
                      0.407960    0.001082   15.774658 ^ _3555_/C1 (sky130_fd_sc_hd__a221oi_2)
     5    0.020224    0.232034    0.255678   16.030336 v _3555_/Y (sky130_fd_sc_hd__a221oi_2)
                                                         _2765_ (net)
                      0.232035    0.001153   16.031490 v _3683_/A3 (sky130_fd_sc_hd__o31a_2)
     3    0.015640    0.151542    0.730095   16.761585 v _3683_/X (sky130_fd_sc_hd__o31a_2)
                                                         _2891_ (net)
                      0.151544    0.000806   16.762390 v _4087_/A2 (sky130_fd_sc_hd__o41a_2)
     4    0.045430    0.316031    1.249928   18.012320 v _4087_/X (sky130_fd_sc_hd__o41a_2)
                                                         _0069_ (net)
                      0.316044    0.002364   18.014683 v _4441_/A3 (sky130_fd_sc_hd__o31ai_4)
     1    0.011144    0.354117    0.463556   18.478239 ^ _4441_/Y (sky130_fd_sc_hd__o31ai_4)
                                                         _0415_ (net)
                      0.354117    0.000604   18.478844 ^ wire248/A (sky130_fd_sc_hd__buf_2)
     5    0.048615    0.380008    0.566541   19.045385 ^ wire248/X (sky130_fd_sc_hd__buf_2)
                                                         net248 (net)
                      0.380075    0.005228   19.050611 ^ _4442_/A (sky130_fd_sc_hd__clkbuf_1)
     5    0.027343    0.516177    0.605239   19.655851 ^ _4442_/X (sky130_fd_sc_hd__clkbuf_1)
                                                         _0416_ (net)
                      0.516177    0.000680   19.656530 ^ max_cap234/A (sky130_fd_sc_hd__buf_2)
     6    0.038519    0.305327    0.578291   20.234823 ^ max_cap234/X (sky130_fd_sc_hd__buf_2)
                                                         net234 (net)
                      0.305337    0.002210   20.237032 ^ _4443_/B (sky130_fd_sc_hd__nand2_2)
     9    0.045865    0.395463    0.457604   20.694635 v _4443_/Y (sky130_fd_sc_hd__nand2_2)
                                                         _0417_ (net)
                      0.395463    0.000917   20.695553 v _4541_/S (sky130_fd_sc_hd__mux2_2)
     1    0.005964    0.108380    0.743196   21.438747 v _4541_/X (sky130_fd_sc_hd__mux2_2)
                                                         _0513_ (net)
                      0.108380    0.000211   21.438959 v _4542_/B1 (sky130_fd_sc_hd__o31ai_2)
     3    0.007395    0.375585    0.137632   21.576591 ^ _4542_/Y (sky130_fd_sc_hd__o31ai_2)
                                                         _0514_ (net)
                      0.375585    0.000190   21.576782 ^ _4586_/D_N (sky130_fd_sc_hd__or4b_2)
     4    0.026364    0.358236    1.825690   23.402472 v _4586_/X (sky130_fd_sc_hd__or4b_2)
                                                         _0557_ (net)
                      0.358237    0.001627   23.404099 v _4743_/C (sky130_fd_sc_hd__or4b_4)
     6    0.042319    0.260319    1.303441   24.707541 v _4743_/X (sky130_fd_sc_hd__or4b_4)
                                                         _0710_ (net)
                      0.260340    0.002636   24.710176 v _5624_/A (sky130_fd_sc_hd__or4b_4)
     2    0.019595    0.203253    1.278098   25.988274 v _5624_/X (sky130_fd_sc_hd__or4b_4)
                                                         _1629_ (net)
                      0.203442    0.001355   25.989630 v _5652_/B_N (sky130_fd_sc_hd__and4bb_4)
     7    0.031722    0.236284    0.977817   26.967445 ^ _5652_/X (sky130_fd_sc_hd__and4bb_4)
                                                         _1659_ (net)
                      0.236288    0.001478   26.968924 ^ _5789_/B1 (sky130_fd_sc_hd__o2111a_2)
     3    0.013973    0.173725    0.617694   27.586618 ^ _5789_/X (sky130_fd_sc_hd__o2111a_2)
                                                         _1806_ (net)
                      0.173725    0.000533   27.587151 ^ _5825_/A (sky130_fd_sc_hd__nand3_2)
     4    0.018043    0.286861    0.299938   27.887089 v _5825_/Y (sky130_fd_sc_hd__nand3_2)
                                                         _1844_ (net)
                      0.286861    0.000421   27.887510 v _5893_/A_N (sky130_fd_sc_hd__and2b_2)
     1    0.011321    0.122373    0.597577   28.485086 ^ _5893_/X (sky130_fd_sc_hd__and2b_2)
                                                         _1916_ (net)
                      0.122374    0.000663   28.485750 ^ _5894_/B (sky130_fd_sc_hd__nor2_2)
     1    0.005236    0.066988    0.089781   28.575531 v _5894_/Y (sky130_fd_sc_hd__nor2_2)
                                                         _1917_ (net)
                      0.066988    0.000210   28.575741 v _5896_/A (sky130_fd_sc_hd__or2_2)
     1    0.011415    0.154662    0.765853   29.341593 v _5896_/X (sky130_fd_sc_hd__or2_2)
                                                         _1920_ (net)
                      0.154662    0.000600   29.342194 v _5915_/A2 (sky130_fd_sc_hd__a211o_2)
     2    0.013763    0.137902    0.759002   30.101194 v _5915_/X (sky130_fd_sc_hd__a211o_2)
                                                         net194 (net)
                      0.137902    0.000369   30.101564 v output194/A (sky130_fd_sc_hd__clkdlybuf4s25_1)
     1    0.035978    0.485642    0.855362   30.956926 v output194/X (sky130_fd_sc_hd__clkdlybuf4s25_1)
                                                         result[61] (net)
                      0.485642    0.001080   30.958006 v result[61] (out)
                                             30.958006   data arrival time

                      0.000000   40.000000   40.000000   clock __VIRTUAL_CLK__ (rise edge)
                                  0.000000   40.000000   clock network delay (ideal)
                                 -0.250000   39.750000   clock uncertainty
                                  0.000000   39.750000   clock reconvergence pessimism
                                 -8.000000   31.750000   output external delay
                                             31.750000   data required time
---------------------------------------------------------------------------------------------
                                             31.750000   data required time
                                            -30.958006   data arrival time
---------------------------------------------------------------------------------------------
                                              0.791992   slack (MET)


Startpoint: operand_b[1] (input port clocked by __VIRTUAL_CLK__)
Endpoint: negative_flag (output port clocked by __VIRTUAL_CLK__)
Path Group: __VIRTUAL_CLK__
Path Type: max

Fanout         Cap        Slew       Delay        Time   Description
---------------------------------------------------------------------------------------------
                      0.000000    0.000000    0.000000   clock __VIRTUAL_CLK__ (rise edge)
                                  0.000000    0.000000   clock network delay (ideal)
                                  8.000000    8.000000 ^ input external delay
     1    0.008500    0.070905    0.047341    8.047340 ^ operand_b[1] (in)
                                                         operand_b[1] (net)
                      0.070908    0.000000    8.047340 ^ input81/A (sky130_fd_sc_hd__clkdlybuf4s25_1)
     1    0.005794    0.116615    0.520789    8.568130 ^ input81/X (sky130_fd_sc_hd__clkdlybuf4s25_1)
                                                         net81 (net)
                      0.116615    0.000236    8.568366 ^ fanout406/A (sky130_fd_sc_hd__clkdlybuf4s25_1)
     7    0.093663    1.478227    1.561354   10.129720 ^ fanout406/X (sky130_fd_sc_hd__clkdlybuf4s25_1)
                                                         net406 (net)
                      1.478227    0.001344   10.131063 ^ fanout404/A (sky130_fd_sc_hd__clkdlybuf4s25_1)
     8    0.058635    0.933058    1.565110   11.696174 ^ fanout404/X (sky130_fd_sc_hd__clkdlybuf4s25_1)
                                                         net404 (net)
                      0.933058    0.000779   11.696952 ^ fanout402/A (sky130_fd_sc_hd__clkdlybuf4s25_1)
     3    0.027065    0.442111    1.066192   12.763144 ^ fanout402/X (sky130_fd_sc_hd__clkdlybuf4s25_1)
                                                         net402 (net)
                      0.442111    0.001388   12.764532 ^ load_slew403/A (sky130_fd_sc_hd__buf_4)
     8    0.056684    0.259575    0.532008   13.296540 ^ load_slew403/X (sky130_fd_sc_hd__buf_4)
                                                         net403 (net)
                      0.259590    0.002268   13.298808 ^ fanout400/A (sky130_fd_sc_hd__clkdlybuf4s25_1)
     5    0.046645    0.747677    1.080863   14.379671 ^ fanout400/X (sky130_fd_sc_hd__clkdlybuf4s25_1)
                                                         net400 (net)
                      0.747680    0.003067   14.382738 ^ load_slew401/A (sky130_fd_sc_hd__clkbuf_2)
     6    0.052794    0.445883    0.747623   15.130362 ^ load_slew401/X (sky130_fd_sc_hd__clkbuf_2)
                                                         net401 (net)
                      0.445897    0.003203   15.133564 ^ _3412_/B_N (sky130_fd_sc_hd__nor2b_2)
     4    0.021425    0.407960    0.640013   15.773577 ^ _3412_/Y (sky130_fd_sc_hd__nor2b_2)
                                                         _2625_ (net)
                      0.407960    0.001082   15.774658 ^ _3555_/C1 (sky130_fd_sc_hd__a221oi_2)
     5    0.020224    0.232034    0.255678   16.030336 v _3555_/Y (sky130_fd_sc_hd__a221oi_2)
                                                         _2765_ (net)
                      0.232035    0.001153   16.031490 v _3683_/A3 (sky130_fd_sc_hd__o31a_2)
     3    0.015640    0.151542    0.730095   16.761585 v _3683_/X (sky130_fd_sc_hd__o31a_2)
                                                         _2891_ (net)
                      0.151544    0.000806   16.762390 v _4087_/A2 (sky130_fd_sc_hd__o41a_2)
     4    0.045430    0.316031    1.249928   18.012320 v _4087_/X (sky130_fd_sc_hd__o41a_2)
                                                         _0069_ (net)
                      0.316044    0.002364   18.014683 v _4441_/A3 (sky130_fd_sc_hd__o31ai_4)
     1    0.011144    0.354117    0.463556   18.478239 ^ _4441_/Y (sky130_fd_sc_hd__o31ai_4)
                                                         _0415_ (net)
                      0.354117    0.000604   18.478844 ^ wire248/A (sky130_fd_sc_hd__buf_2)
     5    0.048615    0.380008    0.566541   19.045385 ^ wire248/X (sky130_fd_sc_hd__buf_2)
                                                         net248 (net)
                      0.380075    0.005228   19.050611 ^ _4442_/A (sky130_fd_sc_hd__clkbuf_1)
     5    0.027343    0.516177    0.605239   19.655851 ^ _4442_/X (sky130_fd_sc_hd__clkbuf_1)
                                                         _0416_ (net)
                      0.516177    0.000680   19.656530 ^ max_cap234/A (sky130_fd_sc_hd__buf_2)
     6    0.038519    0.305327    0.578291   20.234823 ^ max_cap234/X (sky130_fd_sc_hd__buf_2)
                                                         net234 (net)
                      0.305337    0.002210   20.237032 ^ _4443_/B (sky130_fd_sc_hd__nand2_2)
     9    0.045865    0.395463    0.457604   20.694635 v _4443_/Y (sky130_fd_sc_hd__nand2_2)
                                                         _0417_ (net)
                      0.395463    0.000917   20.695553 v _4541_/S (sky130_fd_sc_hd__mux2_2)
     1    0.005964    0.108380    0.743196   21.438747 v _4541_/X (sky130_fd_sc_hd__mux2_2)
                                                         _0513_ (net)
                      0.108380    0.000211   21.438959 v _4542_/B1 (sky130_fd_sc_hd__o31ai_2)
     3    0.007395    0.375585    0.137632   21.576591 ^ _4542_/Y (sky130_fd_sc_hd__o31ai_2)
                                                         _0514_ (net)
                      0.375585    0.000190   21.576782 ^ _4586_/D_N (sky130_fd_sc_hd__or4b_2)
     4    0.026364    0.358236    1.825690   23.402472 v _4586_/X (sky130_fd_sc_hd__or4b_2)
                                                         _0557_ (net)
                      0.358237    0.001627   23.404099 v _4743_/C (sky130_fd_sc_hd__or4b_4)
     6    0.042319    0.260319    1.303441   24.707541 v _4743_/X (sky130_fd_sc_hd__or4b_4)
                                                         _0710_ (net)
                      0.260340    0.002636   24.710176 v _5624_/A (sky130_fd_sc_hd__or4b_4)
     2    0.019595    0.203253    1.278098   25.988274 v _5624_/X (sky130_fd_sc_hd__or4b_4)
                                                         _1629_ (net)
                      0.203442    0.001355   25.989630 v _5652_/B_N (sky130_fd_sc_hd__and4bb_4)
     7    0.031722    0.236284    0.977817   26.967445 ^ _5652_/X (sky130_fd_sc_hd__and4bb_4)
                                                         _1659_ (net)
                      0.236288    0.001478   26.968924 ^ _5789_/B1 (sky130_fd_sc_hd__o2111a_2)
     3    0.013973    0.173725    0.617694   27.586618 ^ _5789_/X (sky130_fd_sc_hd__o2111a_2)
                                                         _1806_ (net)
                      0.173725    0.000533   27.587151 ^ _5825_/A (sky130_fd_sc_hd__nand3_2)
     4    0.018043    0.286861    0.299938   27.887089 v _5825_/Y (sky130_fd_sc_hd__nand3_2)
                                                         _1844_ (net)
                      0.286861    0.000336   27.887424 v _5895_/A_N (sky130_fd_sc_hd__and3b_2)
     3    0.025530    0.239463    0.753319   28.640743 ^ _5895_/X (sky130_fd_sc_hd__and3b_2)
                                                         _1918_ (net)
                      0.239463    0.001013   28.641756 ^ _5960_/A (sky130_fd_sc_hd__nand2_2)
     1    0.022664    0.208785    0.279465   28.921223 v _5960_/Y (sky130_fd_sc_hd__nand2_2)
                                                         _1988_ (net)
                      0.208785    0.000888   28.922110 v _5961_/B (sky130_fd_sc_hd__xor2_2)
     1    0.004077    0.104665    0.330692   29.252802 v _5961_/X (sky130_fd_sc_hd__xor2_2)
                                                         _1989_ (net)
                      0.104665    0.000171   29.252972 v _5980_/A2 (sky130_fd_sc_hd__a211o_2)
     3    0.025747    0.184237    0.801771   30.054743 v _5980_/X (sky130_fd_sc_hd__a211o_2)
                                                         net135 (net)
                      0.184237    0.000814   30.055557 v output135/A (sky130_fd_sc_hd__clkdlybuf4s25_1)
     1    0.035751    0.482690    0.875410   30.930967 v output135/X (sky130_fd_sc_hd__clkdlybuf4s25_1)
                                                         negative_flag (net)
                      0.482690    0.001087   30.932055 v negative_flag (out)
                                             30.932055   data arrival time

                      0.000000   40.000000   40.000000   clock __VIRTUAL_CLK__ (rise edge)
                                  0.000000   40.000000   clock network delay (ideal)
                                 -0.250000   39.750000   clock uncertainty
                                  0.000000   39.750000   clock reconvergence pessimism
                                 -8.000000   31.750000   output external delay
                                             31.750000   data required time
---------------------------------------------------------------------------------------------
                                             31.750000   data required time
                                            -30.932055   data arrival time
---------------------------------------------------------------------------------------------
                                              0.817945   slack (MET)


Startpoint: operand_b[1] (input port clocked by __VIRTUAL_CLK__)
Endpoint: overflow_flag (output port clocked by __VIRTUAL_CLK__)
Path Group: __VIRTUAL_CLK__
Path Type: max

Fanout         Cap        Slew       Delay        Time   Description
---------------------------------------------------------------------------------------------
                      0.000000    0.000000    0.000000   clock __VIRTUAL_CLK__ (rise edge)
                                  0.000000    0.000000   clock network delay (ideal)
                                  8.000000    8.000000 v input external delay
     1    0.008323    0.040527    0.027714    8.027714 v operand_b[1] (in)
                                                         operand_b[1] (net)
                      0.040532    0.000000    8.027714 v input81/A (sky130_fd_sc_hd__clkdlybuf4s25_1)
     1    0.005617    0.107537    0.498562    8.526276 v input81/X (sky130_fd_sc_hd__clkdlybuf4s25_1)
                                                         net81 (net)
                      0.107537    0.000227    8.526504 v fanout406/A (sky130_fd_sc_hd__clkdlybuf4s25_1)
     7    0.092424    1.215621    1.400757    9.927260 v fanout406/X (sky130_fd_sc_hd__clkdlybuf4s25_1)
                                                         net406 (net)
                      1.215621    0.001321    9.928581 v fanout404/A (sky130_fd_sc_hd__clkdlybuf4s25_1)
     8    0.057164    0.759260    1.374406   11.302987 v fanout404/X (sky130_fd_sc_hd__clkdlybuf4s25_1)
                                                         net404 (net)
                      0.759260    0.000757   11.303744 v fanout402/A (sky130_fd_sc_hd__clkdlybuf4s25_1)
     3    0.026324    0.364119    0.973351   12.277095 v fanout402/X (sky130_fd_sc_hd__clkdlybuf4s25_1)
                                                         net402 (net)
                      0.364119    0.001343   12.278439 v load_slew403/A (sky130_fd_sc_hd__buf_4)
     8    0.054617    0.144042    0.501699   12.780137 v load_slew403/X (sky130_fd_sc_hd__buf_4)
                                                         net403 (net)
                      0.144074    0.002195   12.782332 v fanout400/A (sky130_fd_sc_hd__clkdlybuf4s25_1)
     5    0.045151    0.604109    0.948909   13.731240 v fanout400/X (sky130_fd_sc_hd__clkdlybuf4s25_1)
                                                         net400 (net)
                      0.604116    0.002970   13.734211 v load_slew401/A (sky130_fd_sc_hd__clkbuf_2)
     6    0.051553    0.356965    0.676062   14.410273 v load_slew401/X (sky130_fd_sc_hd__clkbuf_2)
                                                         net401 (net)
                      0.356985    0.003041   14.413314 v _3408_/A_N (sky130_fd_sc_hd__nand2b_2)
     4    0.016035    0.170506    0.606621   15.019934 v _3408_/Y (sky130_fd_sc_hd__nand2b_2)
                                                         _2621_ (net)
                      0.170506    0.000556   15.020490 v _3477_/B1 (sky130_fd_sc_hd__a221o_2)
     9    0.050932    0.304897    0.954973   15.975463 v _3477_/X (sky130_fd_sc_hd__a221o_2)
                                                         _2689_ (net)
                      0.304899    0.001330   15.976793 v _3611_/A2 (sky130_fd_sc_hd__a21o_2)
     3    0.023851    0.143790    0.602350   16.579144 v _3611_/X (sky130_fd_sc_hd__a21o_2)
                                                         _2820_ (net)
                      0.143795    0.001100   16.580244 v _3923_/A2 (sky130_fd_sc_hd__a311o_2)
     2    0.024519    0.190816    0.886955   17.467197 v _3923_/X (sky130_fd_sc_hd__a311o_2)
                                                         _3126_ (net)
                      0.190824    0.001542   17.468740 v _3925_/B (sky130_fd_sc_hd__and3_2)
     3    0.017207    0.137964    0.573126   18.041866 v _3925_/X (sky130_fd_sc_hd__and3_2)
                                                         _3128_ (net)
                      0.137965    0.000533   18.042398 v _3962_/C1 (sky130_fd_sc_hd__o2111a_2)
     1    0.013679    0.120404    0.367402   18.409800 v _3962_/X (sky130_fd_sc_hd__o2111a_2)
                                                         _3164_ (net)
                      0.120409    0.000998   18.410799 v _3967_/B (sky130_fd_sc_hd__or4_2)
     1    0.014123    0.297145    1.770555   20.181355 v _3967_/X (sky130_fd_sc_hd__or4_2)
                                                         _3169_ (net)
                      0.297145    0.000634   20.181988 v _3968_/A (sky130_fd_sc_hd__clkbuf_1)
     2    0.010485    0.131540    0.341460   20.523449 v _3968_/X (sky130_fd_sc_hd__clkbuf_1)
                                                         _3170_ (net)
                      0.131540    0.000131   20.523581 v max_cap219/A (sky130_fd_sc_hd__buf_2)
     8    0.030711    0.152147    0.380041   20.903622 v max_cap219/X (sky130_fd_sc_hd__buf_2)
                                                         net219 (net)
                      0.152147    0.000746   20.904367 v _4360_/C (sky130_fd_sc_hd__or4_2)
     2    0.020395    0.335936    1.776666   22.681032 v _4360_/X (sky130_fd_sc_hd__or4_2)
                                                         _0336_ (net)
                      0.335936    0.001041   22.682074 v _5534_/A (sky130_fd_sc_hd__or4_2)
     1    0.029273    0.373914    2.024505   24.706579 v _5534_/X (sky130_fd_sc_hd__or4_2)
                                                         _1532_ (net)
                      0.373914    0.001503   24.708082 v _5536_/A_N (sky130_fd_sc_hd__nand4b_2)
     1    0.017567    0.382961    0.762936   25.471018 v _5536_/Y (sky130_fd_sc_hd__nand4b_2)
                                                         _1535_ (net)
                      0.382961    0.001137   25.472155 v _5539_/B (sky130_fd_sc_hd__nor4b_2)
     2    0.018002    0.803944    0.966162   26.438316 ^ _5539_/Y (sky130_fd_sc_hd__nor4b_2)
                                                         _1538_ (net)
                      0.803947    0.001448   26.439764 ^ _6494_/A (sky130_fd_sc_hd__and3_2)
     1    0.009207    0.131778    0.689955   27.129719 ^ _6494_/X (sky130_fd_sc_hd__and3_2)
                                                         _2572_ (net)
                      0.131864    0.000441   27.130159 ^ _6495_/A (sky130_fd_sc_hd__and4_2)
     1    0.003392    0.101562    0.458465   27.588625 ^ _6495_/X (sky130_fd_sc_hd__and4_2)
                                                         _2573_ (net)
                      0.101562    0.000114   27.588739 ^ _6496_/B (sky130_fd_sc_hd__and4b_2)
     1    0.002927    0.099100    0.472159   28.060898 ^ _6496_/X (sky130_fd_sc_hd__and4b_2)
                                                         _2575_ (net)
                      0.099100    0.000096   28.060995 ^ _6497_/B (sky130_fd_sc_hd__and3_2)
     1    0.015432    0.176072    0.475891   28.536886 ^ _6497_/X (sky130_fd_sc_hd__and3_2)
                                                         _2576_ (net)
                      0.176072    0.000638   28.537523 ^ _6498_/B (sky130_fd_sc_hd__xnor2_2)
     1    0.004203    0.182813    0.244015   28.781538 ^ _6498_/Y (sky130_fd_sc_hd__xnor2_2)
                                                         _2577_ (net)
                      0.182813    0.000135   28.781673 ^ _6499_/S (sky130_fd_sc_hd__mux2_2)
     1    0.006670    0.110674    0.782432   29.564104 v _6499_/X (sky130_fd_sc_hd__mux2_2)
                                                         _2578_ (net)
                      0.110674    0.000254   29.564360 v _6500_/B1 (sky130_fd_sc_hd__o21ai_2)
     1    0.009689    0.245916    0.146818   29.711176 ^ _6500_/Y (sky130_fd_sc_hd__o21ai_2)
                                                         net136 (net)
                      0.245916    0.000542   29.711718 ^ output136/A (sky130_fd_sc_hd__clkdlybuf4s25_1)
     1    0.036277    0.584887    0.955357   30.667074 ^ output136/X (sky130_fd_sc_hd__clkdlybuf4s25_1)
                                                         overflow_flag (net)
                      0.584887    0.001211   30.668287 ^ overflow_flag (out)
                                             30.668287   data arrival time

                      0.000000   40.000000   40.000000   clock __VIRTUAL_CLK__ (rise edge)
                                  0.000000   40.000000   clock network delay (ideal)
                                 -0.250000   39.750000   clock uncertainty
                                  0.000000   39.750000   clock reconvergence pessimism
                                 -8.000000   31.750000   output external delay
                                             31.750000   data required time
---------------------------------------------------------------------------------------------
                                             31.750000   data required time
                                            -30.668287   data arrival time
---------------------------------------------------------------------------------------------
                                              1.081712   slack (MET)


Startpoint: operand_b[1] (input port clocked by __VIRTUAL_CLK__)
Endpoint: result[62] (output port clocked by __VIRTUAL_CLK__)
Path Group: __VIRTUAL_CLK__
Path Type: max

Fanout         Cap        Slew       Delay        Time   Description
---------------------------------------------------------------------------------------------
                      0.000000    0.000000    0.000000   clock __VIRTUAL_CLK__ (rise edge)
                                  0.000000    0.000000   clock network delay (ideal)
                                  8.000000    8.000000 ^ input external delay
     1    0.008500    0.070905    0.047341    8.047340 ^ operand_b[1] (in)
                                                         operand_b[1] (net)
                      0.070908    0.000000    8.047340 ^ input81/A (sky130_fd_sc_hd__clkdlybuf4s25_1)
     1    0.005794    0.116615    0.520789    8.568130 ^ input81/X (sky130_fd_sc_hd__clkdlybuf4s25_1)
                                                         net81 (net)
                      0.116615    0.000236    8.568366 ^ fanout406/A (sky130_fd_sc_hd__clkdlybuf4s25_1)
     7    0.093663    1.478227    1.561354   10.129720 ^ fanout406/X (sky130_fd_sc_hd__clkdlybuf4s25_1)
                                                         net406 (net)
                      1.478227    0.001344   10.131063 ^ fanout404/A (sky130_fd_sc_hd__clkdlybuf4s25_1)
     8    0.058635    0.933058    1.565110   11.696174 ^ fanout404/X (sky130_fd_sc_hd__clkdlybuf4s25_1)
                                                         net404 (net)
                      0.933058    0.000779   11.696952 ^ fanout402/A (sky130_fd_sc_hd__clkdlybuf4s25_1)
     3    0.027065    0.442111    1.066192   12.763144 ^ fanout402/X (sky130_fd_sc_hd__clkdlybuf4s25_1)
                                                         net402 (net)
                      0.442111    0.001388   12.764532 ^ load_slew403/A (sky130_fd_sc_hd__buf_4)
     8    0.056684    0.259575    0.532008   13.296540 ^ load_slew403/X (sky130_fd_sc_hd__buf_4)
                                                         net403 (net)
                      0.259590    0.002268   13.298808 ^ fanout400/A (sky130_fd_sc_hd__clkdlybuf4s25_1)
     5    0.046645    0.747677    1.080863   14.379671 ^ fanout400/X (sky130_fd_sc_hd__clkdlybuf4s25_1)
                                                         net400 (net)
                      0.747680    0.003067   14.382738 ^ load_slew401/A (sky130_fd_sc_hd__clkbuf_2)
     6    0.052794    0.445883    0.747623   15.130362 ^ load_slew401/X (sky130_fd_sc_hd__clkbuf_2)
                                                         net401 (net)
                      0.445897    0.003203   15.133564 ^ _3412_/B_N (sky130_fd_sc_hd__nor2b_2)
     4    0.021425    0.407960    0.640013   15.773577 ^ _3412_/Y (sky130_fd_sc_hd__nor2b_2)
                                                         _2625_ (net)
                      0.407960    0.001082   15.774658 ^ _3555_/C1 (sky130_fd_sc_hd__a221oi_2)
     5    0.020224    0.232034    0.255678   16.030336 v _3555_/Y (sky130_fd_sc_hd__a221oi_2)
                                                         _2765_ (net)
                      0.232035    0.001153   16.031490 v _3683_/A3 (sky130_fd_sc_hd__o31a_2)
     3    0.015640    0.151542    0.730095   16.761585 v _3683_/X (sky130_fd_sc_hd__o31a_2)
                                                         _2891_ (net)
                      0.151544    0.000806   16.762390 v _4087_/A2 (sky130_fd_sc_hd__o41a_2)
     4    0.045430    0.316031    1.249928   18.012320 v _4087_/X (sky130_fd_sc_hd__o41a_2)
                                                         _0069_ (net)
                      0.316044    0.002364   18.014683 v _4441_/A3 (sky130_fd_sc_hd__o31ai_4)
     1    0.011144    0.354117    0.463556   18.478239 ^ _4441_/Y (sky130_fd_sc_hd__o31ai_4)
                                                         _0415_ (net)
                      0.354117    0.000604   18.478844 ^ wire248/A (sky130_fd_sc_hd__buf_2)
     5    0.048615    0.380008    0.566541   19.045385 ^ wire248/X (sky130_fd_sc_hd__buf_2)
                                                         net248 (net)
                      0.380075    0.005228   19.050611 ^ _4442_/A (sky130_fd_sc_hd__clkbuf_1)
     5    0.027343    0.516177    0.605239   19.655851 ^ _4442_/X (sky130_fd_sc_hd__clkbuf_1)
                                                         _0416_ (net)
                      0.516177    0.000680   19.656530 ^ max_cap234/A (sky130_fd_sc_hd__buf_2)
     6    0.038519    0.305327    0.578291   20.234823 ^ max_cap234/X (sky130_fd_sc_hd__buf_2)
                                                         net234 (net)
                      0.305337    0.002210   20.237032 ^ _4443_/B (sky130_fd_sc_hd__nand2_2)
     9    0.045865    0.395463    0.457604   20.694635 v _4443_/Y (sky130_fd_sc_hd__nand2_2)
                                                         _0417_ (net)
                      0.395463    0.000917   20.695553 v _4541_/S (sky130_fd_sc_hd__mux2_2)
     1    0.005964    0.108380    0.743196   21.438747 v _4541_/X (sky130_fd_sc_hd__mux2_2)
                                                         _0513_ (net)
                      0.108380    0.000211   21.438959 v _4542_/B1 (sky130_fd_sc_hd__o31ai_2)
     3    0.007395    0.375585    0.137632   21.576591 ^ _4542_/Y (sky130_fd_sc_hd__o31ai_2)
                                                         _0514_ (net)
                      0.375585    0.000190   21.576782 ^ _4586_/D_N (sky130_fd_sc_hd__or4b_2)
     4    0.026364    0.358236    1.825690   23.402472 v _4586_/X (sky130_fd_sc_hd__or4b_2)
                                                         _0557_ (net)
                      0.358237    0.001627   23.404099 v _4743_/C (sky130_fd_sc_hd__or4b_4)
     6    0.042319    0.260319    1.303441   24.707541 v _4743_/X (sky130_fd_sc_hd__or4b_4)
                                                         _0710_ (net)
                      0.260340    0.002636   24.710176 v _5624_/A (sky130_fd_sc_hd__or4b_4)
     2    0.019595    0.203253    1.278098   25.988274 v _5624_/X (sky130_fd_sc_hd__or4b_4)
                                                         _1629_ (net)
                      0.203442    0.001355   25.989630 v _5652_/B_N (sky130_fd_sc_hd__and4bb_4)
     7    0.031722    0.236284    0.977817   26.967445 ^ _5652_/X (sky130_fd_sc_hd__and4bb_4)
                                                         _1659_ (net)
                      0.236288    0.001478   26.968924 ^ _5789_/B1 (sky130_fd_sc_hd__o2111a_2)
     3    0.013973    0.173725    0.617694   27.586618 ^ _5789_/X (sky130_fd_sc_hd__o2111a_2)
                                                         _1806_ (net)
                      0.173725    0.000533   27.587151 ^ _5825_/A (sky130_fd_sc_hd__nand3_2)
     4    0.018043    0.286861    0.299938   27.887089 v _5825_/Y (sky130_fd_sc_hd__nand3_2)
                                                         _1844_ (net)
                      0.286861    0.000336   27.887424 v _5895_/A_N (sky130_fd_sc_hd__and3b_2)
     3    0.025530    0.239463    0.753319   28.640743 ^ _5895_/X (sky130_fd_sc_hd__and3b_2)
                                                         _1918_ (net)
                      0.239463    0.000488   28.641232 ^ _5930_/A (sky130_fd_sc_hd__xnor2_2)
     1    0.002800    0.083926    0.194168   28.835402 v _5930_/Y (sky130_fd_sc_hd__xnor2_2)
                                                         _1956_ (net)
                      0.083926    0.000085   28.835485 v _5951_/B1 (sky130_fd_sc_hd__a221o_2)
     2    0.012996    0.143359    0.734280   29.569767 v _5951_/X (sky130_fd_sc_hd__a221o_2)
                                                         net195 (net)
                      0.143359    0.000368   29.570133 v output195/A (sky130_fd_sc_hd__clkdlybuf4s25_1)
     1    0.035551    0.480209    0.853754   30.423889 v output195/X (sky130_fd_sc_hd__clkdlybuf4s25_1)
                                                         result[62] (net)
                      0.480209    0.001037   30.424925 v result[62] (out)
                                             30.424925   data arrival time

                      0.000000   40.000000   40.000000   clock __VIRTUAL_CLK__ (rise edge)
                                  0.000000   40.000000   clock network delay (ideal)
                                 -0.250000   39.750000   clock uncertainty
                                  0.000000   39.750000   clock reconvergence pessimism
                                 -8.000000   31.750000   output external delay
                                             31.750000   data required time
---------------------------------------------------------------------------------------------
                                             31.750000   data required time
                                            -30.424925   data arrival time
---------------------------------------------------------------------------------------------
                                              1.325073   slack (MET)


Startpoint: operand_b[1] (input port clocked by __VIRTUAL_CLK__)
Endpoint: result[55] (output port clocked by __VIRTUAL_CLK__)
Path Group: __VIRTUAL_CLK__
Path Type: max

Fanout         Cap        Slew       Delay        Time   Description
---------------------------------------------------------------------------------------------
                      0.000000    0.000000    0.000000   clock __VIRTUAL_CLK__ (rise edge)
                                  0.000000    0.000000   clock network delay (ideal)
                                  8.000000    8.000000 ^ input external delay
     1    0.008500    0.070905    0.047341    8.047340 ^ operand_b[1] (in)
                                                         operand_b[1] (net)
                      0.070908    0.000000    8.047340 ^ input81/A (sky130_fd_sc_hd__clkdlybuf4s25_1)
     1    0.005794    0.116615    0.520789    8.568130 ^ input81/X (sky130_fd_sc_hd__clkdlybuf4s25_1)
                                                         net81 (net)
                      0.116615    0.000236    8.568366 ^ fanout406/A (sky130_fd_sc_hd__clkdlybuf4s25_1)
     7    0.093663    1.478227    1.561354   10.129720 ^ fanout406/X (sky130_fd_sc_hd__clkdlybuf4s25_1)
                                                         net406 (net)
                      1.478227    0.001344   10.131063 ^ fanout404/A (sky130_fd_sc_hd__clkdlybuf4s25_1)
     8    0.058635    0.933058    1.565110   11.696174 ^ fanout404/X (sky130_fd_sc_hd__clkdlybuf4s25_1)
                                                         net404 (net)
                      0.933058    0.000779   11.696952 ^ fanout402/A (sky130_fd_sc_hd__clkdlybuf4s25_1)
     3    0.027065    0.442111    1.066192   12.763144 ^ fanout402/X (sky130_fd_sc_hd__clkdlybuf4s25_1)
                                                         net402 (net)
                      0.442111    0.001388   12.764532 ^ load_slew403/A (sky130_fd_sc_hd__buf_4)
     8    0.056684    0.259575    0.532008   13.296540 ^ load_slew403/X (sky130_fd_sc_hd__buf_4)
                                                         net403 (net)
                      0.259590    0.002268   13.298808 ^ fanout400/A (sky130_fd_sc_hd__clkdlybuf4s25_1)
     5    0.046645    0.747677    1.080863   14.379671 ^ fanout400/X (sky130_fd_sc_hd__clkdlybuf4s25_1)
                                                         net400 (net)
                      0.747680    0.003067   14.382738 ^ load_slew401/A (sky130_fd_sc_hd__clkbuf_2)
     6    0.052794    0.445883    0.747623   15.130362 ^ load_slew401/X (sky130_fd_sc_hd__clkbuf_2)
                                                         net401 (net)
                      0.445897    0.003203   15.133564 ^ _3412_/B_N (sky130_fd_sc_hd__nor2b_2)
     4    0.021425    0.407960    0.640013   15.773577 ^ _3412_/Y (sky130_fd_sc_hd__nor2b_2)
                                                         _2625_ (net)
                      0.407960    0.001082   15.774658 ^ _3555_/C1 (sky130_fd_sc_hd__a221oi_2)
     5    0.020224    0.232034    0.255678   16.030336 v _3555_/Y (sky130_fd_sc_hd__a221oi_2)
                                                         _2765_ (net)
                      0.232035    0.001153   16.031490 v _3683_/A3 (sky130_fd_sc_hd__o31a_2)
     3    0.015640    0.151542    0.730095   16.761585 v _3683_/X (sky130_fd_sc_hd__o31a_2)
                                                         _2891_ (net)
                      0.151544    0.000806   16.762390 v _4087_/A2 (sky130_fd_sc_hd__o41a_2)
     4    0.045430    0.316031    1.249928   18.012320 v _4087_/X (sky130_fd_sc_hd__o41a_2)
                                                         _0069_ (net)
                      0.316044    0.002364   18.014683 v _4441_/A3 (sky130_fd_sc_hd__o31ai_4)
     1    0.011144    0.354117    0.463556   18.478239 ^ _4441_/Y (sky130_fd_sc_hd__o31ai_4)
                                                         _0415_ (net)
                      0.354117    0.000604   18.478844 ^ wire248/A (sky130_fd_sc_hd__buf_2)
     5    0.048615    0.380008    0.566541   19.045385 ^ wire248/X (sky130_fd_sc_hd__buf_2)
                                                         net248 (net)
                      0.380075    0.005228   19.050611 ^ _4442_/A (sky130_fd_sc_hd__clkbuf_1)
     5    0.027343    0.516177    0.605239   19.655851 ^ _4442_/X (sky130_fd_sc_hd__clkbuf_1)
                                                         _0416_ (net)
                      0.516177    0.000680   19.656530 ^ max_cap234/A (sky130_fd_sc_hd__buf_2)
     6    0.038519    0.305327    0.578291   20.234823 ^ max_cap234/X (sky130_fd_sc_hd__buf_2)
                                                         net234 (net)
                      0.305337    0.002210   20.237032 ^ _4443_/B (sky130_fd_sc_hd__nand2_2)
     9    0.045865    0.395463    0.457604   20.694635 v _4443_/Y (sky130_fd_sc_hd__nand2_2)
                                                         _0417_ (net)
                      0.395463    0.000917   20.695553 v _4541_/S (sky130_fd_sc_hd__mux2_2)
     1    0.005964    0.108380    0.743196   21.438747 v _4541_/X (sky130_fd_sc_hd__mux2_2)
                                                         _0513_ (net)
                      0.108380    0.000211   21.438959 v _4542_/B1 (sky130_fd_sc_hd__o31ai_2)
     3    0.007395    0.375585    0.137632   21.576591 ^ _4542_/Y (sky130_fd_sc_hd__o31ai_2)
                                                         _0514_ (net)
                      0.375585    0.000190   21.576782 ^ _4586_/D_N (sky130_fd_sc_hd__or4b_2)
     4    0.026364    0.358236    1.825690   23.402472 v _4586_/X (sky130_fd_sc_hd__or4b_2)
                                                         _0557_ (net)
                      0.358237    0.001627   23.404099 v _4743_/C (sky130_fd_sc_hd__or4b_4)
     6    0.042319    0.260319    1.303441   24.707541 v _4743_/X (sky130_fd_sc_hd__or4b_4)
                                                         _0710_ (net)
                      0.260340    0.002636   24.710176 v _5624_/A (sky130_fd_sc_hd__or4b_4)
     2    0.019595    0.203253    1.278098   25.988274 v _5624_/X (sky130_fd_sc_hd__or4b_4)
                                                         _1629_ (net)
                      0.203442    0.001355   25.989630 v _5652_/B_N (sky130_fd_sc_hd__and4bb_4)
     7    0.031722    0.236284    0.977817   26.967445 ^ _5652_/X (sky130_fd_sc_hd__and4bb_4)
                                                         _1659_ (net)
                      0.236285    0.001084   26.968529 ^ _5683_/C_N (sky130_fd_sc_hd__or3b_4)
     1    0.003641    0.114368    0.825496   27.794025 v _5683_/X (sky130_fd_sc_hd__or3b_4)
                                                         _1692_ (net)
                      0.114368    0.000119   27.794146 v _5685_/B (sky130_fd_sc_hd__and3_4)
     1    0.002731    0.057087    0.328951   28.123096 v _5685_/X (sky130_fd_sc_hd__and3_4)
                                                         _1694_ (net)
                      0.057088    0.000082   28.123177 v _5707_/A (sky130_fd_sc_hd__or4b_4)
     1    0.005898    0.159241    1.106159   29.229336 v _5707_/X (sky130_fd_sc_hd__or4b_4)
                                                         _1719_ (net)
                      0.159241    0.000203   29.229538 v _5708_/A (sky130_fd_sc_hd__buf_6)
     2    0.014566    0.049527    0.272477   29.502016 v _5708_/X (sky130_fd_sc_hd__buf_6)
                                                         net187 (net)
                      0.049527    0.000453   29.502468 v output187/A (sky130_fd_sc_hd__clkdlybuf4s25_1)
     1    0.036055    0.486985    0.813776   30.316244 v output187/X (sky130_fd_sc_hd__clkdlybuf4s25_1)
                                                         result[55] (net)
                      0.486985    0.001098   30.317343 v result[55] (out)
                                             30.317343   data arrival time

                      0.000000   40.000000   40.000000   clock __VIRTUAL_CLK__ (rise edge)
                                  0.000000   40.000000   clock network delay (ideal)
                                 -0.250000   39.750000   clock uncertainty
                                  0.000000   39.750000   clock reconvergence pessimism
                                 -8.000000   31.750000   output external delay
                                             31.750000   data required time
---------------------------------------------------------------------------------------------
                                             31.750000   data required time
                                            -30.317343   data arrival time
---------------------------------------------------------------------------------------------
                                              1.432657   slack (MET)


Startpoint: operand_b[1] (input port clocked by __VIRTUAL_CLK__)
Endpoint: result[60] (output port clocked by __VIRTUAL_CLK__)
Path Group: __VIRTUAL_CLK__
Path Type: max

Fanout         Cap        Slew       Delay        Time   Description
---------------------------------------------------------------------------------------------
                      0.000000    0.000000    0.000000   clock __VIRTUAL_CLK__ (rise edge)
                                  0.000000    0.000000   clock network delay (ideal)
                                  8.000000    8.000000 ^ input external delay
     1    0.008500    0.070905    0.047341    8.047340 ^ operand_b[1] (in)
                                                         operand_b[1] (net)
                      0.070908    0.000000    8.047340 ^ input81/A (sky130_fd_sc_hd__clkdlybuf4s25_1)
     1    0.005794    0.116615    0.520789    8.568130 ^ input81/X (sky130_fd_sc_hd__clkdlybuf4s25_1)
                                                         net81 (net)
                      0.116615    0.000236    8.568366 ^ fanout406/A (sky130_fd_sc_hd__clkdlybuf4s25_1)
     7    0.093663    1.478227    1.561354   10.129720 ^ fanout406/X (sky130_fd_sc_hd__clkdlybuf4s25_1)
                                                         net406 (net)
                      1.478227    0.001344   10.131063 ^ fanout404/A (sky130_fd_sc_hd__clkdlybuf4s25_1)
     8    0.058635    0.933058    1.565110   11.696174 ^ fanout404/X (sky130_fd_sc_hd__clkdlybuf4s25_1)
                                                         net404 (net)
                      0.933058    0.000779   11.696952 ^ fanout402/A (sky130_fd_sc_hd__clkdlybuf4s25_1)
     3    0.027065    0.442111    1.066192   12.763144 ^ fanout402/X (sky130_fd_sc_hd__clkdlybuf4s25_1)
                                                         net402 (net)
                      0.442111    0.001388   12.764532 ^ load_slew403/A (sky130_fd_sc_hd__buf_4)
     8    0.056684    0.259575    0.532008   13.296540 ^ load_slew403/X (sky130_fd_sc_hd__buf_4)
                                                         net403 (net)
                      0.259590    0.002268   13.298808 ^ fanout400/A (sky130_fd_sc_hd__clkdlybuf4s25_1)
     5    0.046645    0.747677    1.080863   14.379671 ^ fanout400/X (sky130_fd_sc_hd__clkdlybuf4s25_1)
                                                         net400 (net)
                      0.747680    0.003067   14.382738 ^ load_slew401/A (sky130_fd_sc_hd__clkbuf_2)
     6    0.052794    0.445883    0.747623   15.130362 ^ load_slew401/X (sky130_fd_sc_hd__clkbuf_2)
                                                         net401 (net)
                      0.445897    0.003203   15.133564 ^ _3412_/B_N (sky130_fd_sc_hd__nor2b_2)
     4    0.021425    0.407960    0.640013   15.773577 ^ _3412_/Y (sky130_fd_sc_hd__nor2b_2)
                                                         _2625_ (net)
                      0.407960    0.001082   15.774658 ^ _3555_/C1 (sky130_fd_sc_hd__a221oi_2)
     5    0.020224    0.232034    0.255678   16.030336 v _3555_/Y (sky130_fd_sc_hd__a221oi_2)
                                                         _2765_ (net)
                      0.232035    0.001153   16.031490 v _3683_/A3 (sky130_fd_sc_hd__o31a_2)
     3    0.015640    0.151542    0.730095   16.761585 v _3683_/X (sky130_fd_sc_hd__o31a_2)
                                                         _2891_ (net)
                      0.151544    0.000806   16.762390 v _4087_/A2 (sky130_fd_sc_hd__o41a_2)
     4    0.045430    0.316031    1.249928   18.012320 v _4087_/X (sky130_fd_sc_hd__o41a_2)
                                                         _0069_ (net)
                      0.316044    0.002364   18.014683 v _4441_/A3 (sky130_fd_sc_hd__o31ai_4)
     1    0.011144    0.354117    0.463556   18.478239 ^ _4441_/Y (sky130_fd_sc_hd__o31ai_4)
                                                         _0415_ (net)
                      0.354117    0.000604   18.478844 ^ wire248/A (sky130_fd_sc_hd__buf_2)
     5    0.048615    0.380008    0.566541   19.045385 ^ wire248/X (sky130_fd_sc_hd__buf_2)
                                                         net248 (net)
                      0.380075    0.005228   19.050611 ^ _4442_/A (sky130_fd_sc_hd__clkbuf_1)
     5    0.027343    0.516177    0.605239   19.655851 ^ _4442_/X (sky130_fd_sc_hd__clkbuf_1)
                                                         _0416_ (net)
                      0.516177    0.000680   19.656530 ^ max_cap234/A (sky130_fd_sc_hd__buf_2)
     6    0.038519    0.305327    0.578291   20.234823 ^ max_cap234/X (sky130_fd_sc_hd__buf_2)
                                                         net234 (net)
                      0.305337    0.002210   20.237032 ^ _4443_/B (sky130_fd_sc_hd__nand2_2)
     9    0.045865    0.395463    0.457604   20.694635 v _4443_/Y (sky130_fd_sc_hd__nand2_2)
                                                         _0417_ (net)
                      0.395463    0.000917   20.695553 v _4541_/S (sky130_fd_sc_hd__mux2_2)
     1    0.005964    0.108380    0.743196   21.438747 v _4541_/X (sky130_fd_sc_hd__mux2_2)
                                                         _0513_ (net)
                      0.108380    0.000211   21.438959 v _4542_/B1 (sky130_fd_sc_hd__o31ai_2)
     3    0.007395    0.375585    0.137632   21.576591 ^ _4542_/Y (sky130_fd_sc_hd__o31ai_2)
                                                         _0514_ (net)
                      0.375585    0.000190   21.576782 ^ _4586_/D_N (sky130_fd_sc_hd__or4b_2)
     4    0.026364    0.358236    1.825690   23.402472 v _4586_/X (sky130_fd_sc_hd__or4b_2)
                                                         _0557_ (net)
                      0.358237    0.001627   23.404099 v _4743_/C (sky130_fd_sc_hd__or4b_4)
     6    0.042319    0.260319    1.303441   24.707541 v _4743_/X (sky130_fd_sc_hd__or4b_4)
                                                         _0710_ (net)
                      0.260340    0.002636   24.710176 v _5624_/A (sky130_fd_sc_hd__or4b_4)
     2    0.019595    0.203253    1.278098   25.988274 v _5624_/X (sky130_fd_sc_hd__or4b_4)
                                                         _1629_ (net)
                      0.203442    0.001355   25.989630 v _5652_/B_N (sky130_fd_sc_hd__and4bb_4)
     7    0.031722    0.236284    0.977817   26.967445 ^ _5652_/X (sky130_fd_sc_hd__and4bb_4)
                                                         _1659_ (net)
                      0.236288    0.001478   26.968924 ^ _5789_/B1 (sky130_fd_sc_hd__o2111a_2)
     3    0.013973    0.173725    0.617694   27.586618 ^ _5789_/X (sky130_fd_sc_hd__o2111a_2)
                                                         _1806_ (net)
                      0.173725    0.000533   27.587151 ^ _5825_/A (sky130_fd_sc_hd__nand3_2)
     4    0.018043    0.286861    0.299938   27.887089 v _5825_/Y (sky130_fd_sc_hd__nand3_2)
                                                         _1844_ (net)
                      0.286861    0.000533   27.887623 v _5853_/B (sky130_fd_sc_hd__nor2_2)
     1    0.012349    0.259901    0.343805   28.231426 ^ _5853_/Y (sky130_fd_sc_hd__nor2_2)
                                                         _1873_ (net)
                      0.259901    0.000540   28.231966 ^ _5854_/B (sky130_fd_sc_hd__xnor2_2)
     1    0.002680    0.082549    0.172202   28.404169 v _5854_/Y (sky130_fd_sc_hd__xnor2_2)
                                                         _1874_ (net)
                      0.082549    0.000080   28.404249 v _5871_/A2 (sky130_fd_sc_hd__a211o_2)
     2    0.009438    0.115315    0.698835   29.103083 v _5871_/X (sky130_fd_sc_hd__a211o_2)
                                                         net193 (net)
                      0.115315    0.000473   29.103556 v output193/A (sky130_fd_sc_hd__clkdlybuf4s25_1)
     1    0.037539    0.505405    0.859460   29.963017 v output193/X (sky130_fd_sc_hd__clkdlybuf4s25_1)
                                                         result[60] (net)
                      0.505407    0.001922   29.964937 v result[60] (out)
                                             29.964937   data arrival time

                      0.000000   40.000000   40.000000   clock __VIRTUAL_CLK__ (rise edge)
                                  0.000000   40.000000   clock network delay (ideal)
                                 -0.250000   39.750000   clock uncertainty
                                  0.000000   39.750000   clock reconvergence pessimism
                                 -8.000000   31.750000   output external delay
                                             31.750000   data required time
---------------------------------------------------------------------------------------------
                                             31.750000   data required time
                                            -29.964937   data arrival time
---------------------------------------------------------------------------------------------
                                              1.785061   slack (MET)


Startpoint: operand_b[1] (input port clocked by __VIRTUAL_CLK__)
Endpoint: result[50] (output port clocked by __VIRTUAL_CLK__)
Path Group: __VIRTUAL_CLK__
Path Type: max

Fanout         Cap        Slew       Delay        Time   Description
---------------------------------------------------------------------------------------------
                      0.000000    0.000000    0.000000   clock __VIRTUAL_CLK__ (rise edge)
                                  0.000000    0.000000   clock network delay (ideal)
                                  8.000000    8.000000 ^ input external delay
     1    0.008500    0.070905    0.047341    8.047340 ^ operand_b[1] (in)
                                                         operand_b[1] (net)
                      0.070908    0.000000    8.047340 ^ input81/A (sky130_fd_sc_hd__clkdlybuf4s25_1)
     1    0.005794    0.116615    0.520789    8.568130 ^ input81/X (sky130_fd_sc_hd__clkdlybuf4s25_1)
                                                         net81 (net)
                      0.116615    0.000236    8.568366 ^ fanout406/A (sky130_fd_sc_hd__clkdlybuf4s25_1)
     7    0.093663    1.478227    1.561354   10.129720 ^ fanout406/X (sky130_fd_sc_hd__clkdlybuf4s25_1)
                                                         net406 (net)
                      1.478227    0.001344   10.131063 ^ fanout404/A (sky130_fd_sc_hd__clkdlybuf4s25_1)
     8    0.058635    0.933058    1.565110   11.696174 ^ fanout404/X (sky130_fd_sc_hd__clkdlybuf4s25_1)
                                                         net404 (net)
                      0.933058    0.000779   11.696952 ^ fanout402/A (sky130_fd_sc_hd__clkdlybuf4s25_1)
     3    0.027065    0.442111    1.066192   12.763144 ^ fanout402/X (sky130_fd_sc_hd__clkdlybuf4s25_1)
                                                         net402 (net)
                      0.442111    0.001388   12.764532 ^ load_slew403/A (sky130_fd_sc_hd__buf_4)
     8    0.056684    0.259575    0.532008   13.296540 ^ load_slew403/X (sky130_fd_sc_hd__buf_4)
                                                         net403 (net)
                      0.259590    0.002268   13.298808 ^ fanout400/A (sky130_fd_sc_hd__clkdlybuf4s25_1)
     5    0.046645    0.747677    1.080863   14.379671 ^ fanout400/X (sky130_fd_sc_hd__clkdlybuf4s25_1)
                                                         net400 (net)
                      0.747680    0.003067   14.382738 ^ load_slew401/A (sky130_fd_sc_hd__clkbuf_2)
     6    0.052794    0.445883    0.747623   15.130362 ^ load_slew401/X (sky130_fd_sc_hd__clkbuf_2)
                                                         net401 (net)
                      0.445897    0.003203   15.133564 ^ _3412_/B_N (sky130_fd_sc_hd__nor2b_2)
     4    0.021425    0.407960    0.640013   15.773577 ^ _3412_/Y (sky130_fd_sc_hd__nor2b_2)
                                                         _2625_ (net)
                      0.407960    0.001082   15.774658 ^ _3555_/C1 (sky130_fd_sc_hd__a221oi_2)
     5    0.020224    0.232034    0.255678   16.030336 v _3555_/Y (sky130_fd_sc_hd__a221oi_2)
                                                         _2765_ (net)
                      0.232035    0.001153   16.031490 v _3683_/A3 (sky130_fd_sc_hd__o31a_2)
     3    0.015640    0.151542    0.730095   16.761585 v _3683_/X (sky130_fd_sc_hd__o31a_2)
                                                         _2891_ (net)
                      0.151544    0.000806   16.762390 v _4087_/A2 (sky130_fd_sc_hd__o41a_2)
     4    0.045430    0.316031    1.249928   18.012320 v _4087_/X (sky130_fd_sc_hd__o41a_2)
                                                         _0069_ (net)
                      0.316044    0.002364   18.014683 v _4441_/A3 (sky130_fd_sc_hd__o31ai_4)
     1    0.011144    0.354117    0.463556   18.478239 ^ _4441_/Y (sky130_fd_sc_hd__o31ai_4)
                                                         _0415_ (net)
                      0.354117    0.000604   18.478844 ^ wire248/A (sky130_fd_sc_hd__buf_2)
     5    0.048615    0.380008    0.566541   19.045385 ^ wire248/X (sky130_fd_sc_hd__buf_2)
                                                         net248 (net)
                      0.380075    0.005228   19.050611 ^ _4442_/A (sky130_fd_sc_hd__clkbuf_1)
     5    0.027343    0.516177    0.605239   19.655851 ^ _4442_/X (sky130_fd_sc_hd__clkbuf_1)
                                                         _0416_ (net)
                      0.516177    0.000680   19.656530 ^ max_cap234/A (sky130_fd_sc_hd__buf_2)
     6    0.038519    0.305327    0.578291   20.234823 ^ max_cap234/X (sky130_fd_sc_hd__buf_2)
                                                         net234 (net)
                      0.305337    0.002210   20.237032 ^ _4443_/B (sky130_fd_sc_hd__nand2_2)
     9    0.045865    0.395463    0.457604   20.694635 v _4443_/Y (sky130_fd_sc_hd__nand2_2)
                                                         _0417_ (net)
                      0.395463    0.000917   20.695553 v _4541_/S (sky130_fd_sc_hd__mux2_2)
     1    0.005964    0.108380    0.743196   21.438747 v _4541_/X (sky130_fd_sc_hd__mux2_2)
                                                         _0513_ (net)
                      0.108380    0.000211   21.438959 v _4542_/B1 (sky130_fd_sc_hd__o31ai_2)
     3    0.007395    0.375585    0.137632   21.576591 ^ _4542_/Y (sky130_fd_sc_hd__o31ai_2)
                                                         _0514_ (net)
                      0.375585    0.000190   21.576782 ^ _4586_/D_N (sky130_fd_sc_hd__or4b_2)
     4    0.026364    0.358236    1.825690   23.402472 v _4586_/X (sky130_fd_sc_hd__or4b_2)
                                                         _0557_ (net)
                      0.358237    0.001627   23.404099 v _4743_/C (sky130_fd_sc_hd__or4b_4)
     6    0.042319    0.260319    1.303441   24.707541 v _4743_/X (sky130_fd_sc_hd__or4b_4)
                                                         _0710_ (net)
                      0.260341    0.002665   24.710205 v _5301_/A (sky130_fd_sc_hd__or3_2)
     2    0.014764    0.235677    1.363134   26.073338 v _5301_/X (sky130_fd_sc_hd__or3_2)
                                                         _1283_ (net)
                      0.235677    0.000684   26.074022 v _5499_/A (sky130_fd_sc_hd__or4_2)
     1    0.009057    0.263700    1.785461   27.859482 v _5499_/X (sky130_fd_sc_hd__or4_2)
                                                         _1495_ (net)
                      0.263700    0.000293   27.859776 v _5500_/B (sky130_fd_sc_hd__xnor2_2)
     1    0.003337    0.095016    0.323267   28.183043 v _5500_/Y (sky130_fd_sc_hd__xnor2_2)
                                                         _1496_ (net)
                      0.095016    0.000103   28.183146 v _5520_/A2 (sky130_fd_sc_hd__a221o_2)
     2    0.012708    0.141973    0.834799   29.017944 v _5520_/X (sky130_fd_sc_hd__a221o_2)
                                                         net182 (net)
                      0.141973    0.000512   29.018456 v output182/A (sky130_fd_sc_hd__clkdlybuf4s25_1)
     1    0.036766    0.495320    0.865445   29.883902 v output182/X (sky130_fd_sc_hd__clkdlybuf4s25_1)
                                                         result[50] (net)
                      0.495320    0.000764   29.884665 v result[50] (out)
                                             29.884665   data arrival time

                      0.000000   40.000000   40.000000   clock __VIRTUAL_CLK__ (rise edge)
                                  0.000000   40.000000   clock network delay (ideal)
                                 -0.250000   39.750000   clock uncertainty
                                  0.000000   39.750000   clock reconvergence pessimism
                                 -8.000000   31.750000   output external delay
                                             31.750000   data required time
---------------------------------------------------------------------------------------------
                                             31.750000   data required time
                                            -29.884665   data arrival time
---------------------------------------------------------------------------------------------
                                              1.865335   slack (MET)


Startpoint: operand_b[1] (input port clocked by __VIRTUAL_CLK__)
Endpoint: result[59] (output port clocked by __VIRTUAL_CLK__)
Path Group: __VIRTUAL_CLK__
Path Type: max

Fanout         Cap        Slew       Delay        Time   Description
---------------------------------------------------------------------------------------------
                      0.000000    0.000000    0.000000   clock __VIRTUAL_CLK__ (rise edge)
                                  0.000000    0.000000   clock network delay (ideal)
                                  8.000000    8.000000 ^ input external delay
     1    0.008500    0.070905    0.047341    8.047340 ^ operand_b[1] (in)
                                                         operand_b[1] (net)
                      0.070908    0.000000    8.047340 ^ input81/A (sky130_fd_sc_hd__clkdlybuf4s25_1)
     1    0.005794    0.116615    0.520789    8.568130 ^ input81/X (sky130_fd_sc_hd__clkdlybuf4s25_1)
                                                         net81 (net)
                      0.116615    0.000236    8.568366 ^ fanout406/A (sky130_fd_sc_hd__clkdlybuf4s25_1)
     7    0.093663    1.478227    1.561354   10.129720 ^ fanout406/X (sky130_fd_sc_hd__clkdlybuf4s25_1)
                                                         net406 (net)
                      1.478227    0.001344   10.131063 ^ fanout404/A (sky130_fd_sc_hd__clkdlybuf4s25_1)
     8    0.058635    0.933058    1.565110   11.696174 ^ fanout404/X (sky130_fd_sc_hd__clkdlybuf4s25_1)
                                                         net404 (net)
                      0.933058    0.000779   11.696952 ^ fanout402/A (sky130_fd_sc_hd__clkdlybuf4s25_1)
     3    0.027065    0.442111    1.066192   12.763144 ^ fanout402/X (sky130_fd_sc_hd__clkdlybuf4s25_1)
                                                         net402 (net)
                      0.442111    0.001388   12.764532 ^ load_slew403/A (sky130_fd_sc_hd__buf_4)
     8    0.056684    0.259575    0.532008   13.296540 ^ load_slew403/X (sky130_fd_sc_hd__buf_4)
                                                         net403 (net)
                      0.259590    0.002268   13.298808 ^ fanout400/A (sky130_fd_sc_hd__clkdlybuf4s25_1)
     5    0.046645    0.747677    1.080863   14.379671 ^ fanout400/X (sky130_fd_sc_hd__clkdlybuf4s25_1)
                                                         net400 (net)
                      0.747680    0.003067   14.382738 ^ load_slew401/A (sky130_fd_sc_hd__clkbuf_2)
     6    0.052794    0.445883    0.747623   15.130362 ^ load_slew401/X (sky130_fd_sc_hd__clkbuf_2)
                                                         net401 (net)
                      0.445897    0.003203   15.133564 ^ _3412_/B_N (sky130_fd_sc_hd__nor2b_2)
     4    0.021425    0.407960    0.640013   15.773577 ^ _3412_/Y (sky130_fd_sc_hd__nor2b_2)
                                                         _2625_ (net)
                      0.407960    0.001082   15.774658 ^ _3555_/C1 (sky130_fd_sc_hd__a221oi_2)
     5    0.020224    0.232034    0.255678   16.030336 v _3555_/Y (sky130_fd_sc_hd__a221oi_2)
                                                         _2765_ (net)
                      0.232035    0.001153   16.031490 v _3683_/A3 (sky130_fd_sc_hd__o31a_2)
     3    0.015640    0.151542    0.730095   16.761585 v _3683_/X (sky130_fd_sc_hd__o31a_2)
                                                         _2891_ (net)
                      0.151544    0.000806   16.762390 v _4087_/A2 (sky130_fd_sc_hd__o41a_2)
     4    0.045430    0.316031    1.249928   18.012320 v _4087_/X (sky130_fd_sc_hd__o41a_2)
                                                         _0069_ (net)
                      0.316044    0.002364   18.014683 v _4441_/A3 (sky130_fd_sc_hd__o31ai_4)
     1    0.011144    0.354117    0.463556   18.478239 ^ _4441_/Y (sky130_fd_sc_hd__o31ai_4)
                                                         _0415_ (net)
                      0.354117    0.000604   18.478844 ^ wire248/A (sky130_fd_sc_hd__buf_2)
     5    0.048615    0.380008    0.566541   19.045385 ^ wire248/X (sky130_fd_sc_hd__buf_2)
                                                         net248 (net)
                      0.380075    0.005228   19.050611 ^ _4442_/A (sky130_fd_sc_hd__clkbuf_1)
     5    0.027343    0.516177    0.605239   19.655851 ^ _4442_/X (sky130_fd_sc_hd__clkbuf_1)
                                                         _0416_ (net)
                      0.516177    0.000680   19.656530 ^ max_cap234/A (sky130_fd_sc_hd__buf_2)
     6    0.038519    0.305327    0.578291   20.234823 ^ max_cap234/X (sky130_fd_sc_hd__buf_2)
                                                         net234 (net)
                      0.305337    0.002210   20.237032 ^ _4443_/B (sky130_fd_sc_hd__nand2_2)
     9    0.045865    0.395463    0.457604   20.694635 v _4443_/Y (sky130_fd_sc_hd__nand2_2)
                                                         _0417_ (net)
                      0.395463    0.000917   20.695553 v _4541_/S (sky130_fd_sc_hd__mux2_2)
     1    0.005964    0.108380    0.743196   21.438747 v _4541_/X (sky130_fd_sc_hd__mux2_2)
                                                         _0513_ (net)
                      0.108380    0.000211   21.438959 v _4542_/B1 (sky130_fd_sc_hd__o31ai_2)
     3    0.007395    0.375585    0.137632   21.576591 ^ _4542_/Y (sky130_fd_sc_hd__o31ai_2)
                                                         _0514_ (net)
                      0.375585    0.000190   21.576782 ^ _4586_/D_N (sky130_fd_sc_hd__or4b_2)
     4    0.026364    0.358236    1.825690   23.402472 v _4586_/X (sky130_fd_sc_hd__or4b_2)
                                                         _0557_ (net)
                      0.358237    0.001627   23.404099 v _4743_/C (sky130_fd_sc_hd__or4b_4)
     6    0.042319    0.260319    1.303441   24.707541 v _4743_/X (sky130_fd_sc_hd__or4b_4)
                                                         _0710_ (net)
                      0.260340    0.002636   24.710176 v _5624_/A (sky130_fd_sc_hd__or4b_4)
     2    0.019595    0.203253    1.278098   25.988274 v _5624_/X (sky130_fd_sc_hd__or4b_4)
                                                         _1629_ (net)
                      0.203442    0.001355   25.989630 v _5652_/B_N (sky130_fd_sc_hd__and4bb_4)
     7    0.031722    0.236284    0.977817   26.967445 ^ _5652_/X (sky130_fd_sc_hd__and4bb_4)
                                                         _1659_ (net)
                      0.236288    0.001478   26.968924 ^ _5789_/B1 (sky130_fd_sc_hd__o2111a_2)
     3    0.013973    0.173725    0.617694   27.586618 ^ _5789_/X (sky130_fd_sc_hd__o2111a_2)
                                                         _1806_ (net)
                      0.173725    0.000533   27.587151 ^ _5825_/A (sky130_fd_sc_hd__nand3_2)
     4    0.018043    0.286861    0.299938   27.887089 v _5825_/Y (sky130_fd_sc_hd__nand3_2)
                                                         _1844_ (net)
                      0.286861    0.000325   27.887415 v _5826_/A2 (sky130_fd_sc_hd__a21o_2)
     1    0.003757    0.063662    0.490971   28.378386 v _5826_/X (sky130_fd_sc_hd__a21o_2)
                                                         _1845_ (net)
                      0.063662    0.000121   28.378506 v _5827_/B1 (sky130_fd_sc_hd__o21a_2)
     1    0.006595    0.077453    0.236721   28.615227 v _5827_/X (sky130_fd_sc_hd__o21a_2)
                                                         _1846_ (net)
                      0.077453    0.000188   28.615416 v _5839_/B1 (sky130_fd_sc_hd__o211ai_2)
     2    0.013013    0.347670    0.172488   28.787903 ^ _5839_/Y (sky130_fd_sc_hd__o211ai_2)
                                                         net191 (net)
                      0.347671    0.000949   28.788851 ^ output191/A (sky130_fd_sc_hd__clkdlybuf4s25_1)
     1    0.037305    0.601885    1.004915   29.793766 ^ output191/X (sky130_fd_sc_hd__clkdlybuf4s25_1)
                                                         result[59] (net)
                      0.601885    0.001728   29.795494 ^ result[59] (out)
                                             29.795494   data arrival time

                      0.000000   40.000000   40.000000   clock __VIRTUAL_CLK__ (rise edge)
                                  0.000000   40.000000   clock network delay (ideal)
                                 -0.250000   39.750000   clock uncertainty
                                  0.000000   39.750000   clock reconvergence pessimism
                                 -8.000000   31.750000   output external delay
                                             31.750000   data required time
---------------------------------------------------------------------------------------------
                                             31.750000   data required time
                                            -29.795494   data arrival time
---------------------------------------------------------------------------------------------
                                              1.954504   slack (MET)


Startpoint: operand_b[1] (input port clocked by __VIRTUAL_CLK__)
Endpoint: result[58] (output port clocked by __VIRTUAL_CLK__)
Path Group: __VIRTUAL_CLK__
Path Type: max

Fanout         Cap        Slew       Delay        Time   Description
---------------------------------------------------------------------------------------------
                      0.000000    0.000000    0.000000   clock __VIRTUAL_CLK__ (rise edge)
                                  0.000000    0.000000   clock network delay (ideal)
                                  8.000000    8.000000 ^ input external delay
     1    0.008500    0.070905    0.047341    8.047340 ^ operand_b[1] (in)
                                                         operand_b[1] (net)
                      0.070908    0.000000    8.047340 ^ input81/A (sky130_fd_sc_hd__clkdlybuf4s25_1)
     1    0.005794    0.116615    0.520789    8.568130 ^ input81/X (sky130_fd_sc_hd__clkdlybuf4s25_1)
                                                         net81 (net)
                      0.116615    0.000236    8.568366 ^ fanout406/A (sky130_fd_sc_hd__clkdlybuf4s25_1)
     7    0.093663    1.478227    1.561354   10.129720 ^ fanout406/X (sky130_fd_sc_hd__clkdlybuf4s25_1)
                                                         net406 (net)
                      1.478227    0.001344   10.131063 ^ fanout404/A (sky130_fd_sc_hd__clkdlybuf4s25_1)
     8    0.058635    0.933058    1.565110   11.696174 ^ fanout404/X (sky130_fd_sc_hd__clkdlybuf4s25_1)
                                                         net404 (net)
                      0.933058    0.000779   11.696952 ^ fanout402/A (sky130_fd_sc_hd__clkdlybuf4s25_1)
     3    0.027065    0.442111    1.066192   12.763144 ^ fanout402/X (sky130_fd_sc_hd__clkdlybuf4s25_1)
                                                         net402 (net)
                      0.442111    0.001388   12.764532 ^ load_slew403/A (sky130_fd_sc_hd__buf_4)
     8    0.056684    0.259575    0.532008   13.296540 ^ load_slew403/X (sky130_fd_sc_hd__buf_4)
                                                         net403 (net)
                      0.259590    0.002268   13.298808 ^ fanout400/A (sky130_fd_sc_hd__clkdlybuf4s25_1)
     5    0.046645    0.747677    1.080863   14.379671 ^ fanout400/X (sky130_fd_sc_hd__clkdlybuf4s25_1)
                                                         net400 (net)
                      0.747680    0.003067   14.382738 ^ load_slew401/A (sky130_fd_sc_hd__clkbuf_2)
     6    0.052794    0.445883    0.747623   15.130362 ^ load_slew401/X (sky130_fd_sc_hd__clkbuf_2)
                                                         net401 (net)
                      0.445897    0.003203   15.133564 ^ _3412_/B_N (sky130_fd_sc_hd__nor2b_2)
     4    0.021425    0.407960    0.640013   15.773577 ^ _3412_/Y (sky130_fd_sc_hd__nor2b_2)
                                                         _2625_ (net)
                      0.407960    0.001082   15.774658 ^ _3555_/C1 (sky130_fd_sc_hd__a221oi_2)
     5    0.020224    0.232034    0.255678   16.030336 v _3555_/Y (sky130_fd_sc_hd__a221oi_2)
                                                         _2765_ (net)
                      0.232035    0.001153   16.031490 v _3683_/A3 (sky130_fd_sc_hd__o31a_2)
     3    0.015640    0.151542    0.730095   16.761585 v _3683_/X (sky130_fd_sc_hd__o31a_2)
                                                         _2891_ (net)
                      0.151544    0.000806   16.762390 v _4087_/A2 (sky130_fd_sc_hd__o41a_2)
     4    0.045430    0.316031    1.249928   18.012320 v _4087_/X (sky130_fd_sc_hd__o41a_2)
                                                         _0069_ (net)
                      0.316044    0.002364   18.014683 v _4441_/A3 (sky130_fd_sc_hd__o31ai_4)
     1    0.011144    0.354117    0.463556   18.478239 ^ _4441_/Y (sky130_fd_sc_hd__o31ai_4)
                                                         _0415_ (net)
                      0.354117    0.000604   18.478844 ^ wire248/A (sky130_fd_sc_hd__buf_2)
     5    0.048615    0.380008    0.566541   19.045385 ^ wire248/X (sky130_fd_sc_hd__buf_2)
                                                         net248 (net)
                      0.380075    0.005228   19.050611 ^ _4442_/A (sky130_fd_sc_hd__clkbuf_1)
     5    0.027343    0.516177    0.605239   19.655851 ^ _4442_/X (sky130_fd_sc_hd__clkbuf_1)
                                                         _0416_ (net)
                      0.516177    0.000680   19.656530 ^ max_cap234/A (sky130_fd_sc_hd__buf_2)
     6    0.038519    0.305327    0.578291   20.234823 ^ max_cap234/X (sky130_fd_sc_hd__buf_2)
                                                         net234 (net)
                      0.305337    0.002210   20.237032 ^ _4443_/B (sky130_fd_sc_hd__nand2_2)
     9    0.045865    0.395463    0.457604   20.694635 v _4443_/Y (sky130_fd_sc_hd__nand2_2)
                                                         _0417_ (net)
                      0.395463    0.000917   20.695553 v _4541_/S (sky130_fd_sc_hd__mux2_2)
     1    0.005964    0.108380    0.743196   21.438747 v _4541_/X (sky130_fd_sc_hd__mux2_2)
                                                         _0513_ (net)
                      0.108380    0.000211   21.438959 v _4542_/B1 (sky130_fd_sc_hd__o31ai_2)
     3    0.007395    0.375585    0.137632   21.576591 ^ _4542_/Y (sky130_fd_sc_hd__o31ai_2)
                                                         _0514_ (net)
                      0.375585    0.000190   21.576782 ^ _4586_/D_N (sky130_fd_sc_hd__or4b_2)
     4    0.026364    0.358236    1.825690   23.402472 v _4586_/X (sky130_fd_sc_hd__or4b_2)
                                                         _0557_ (net)
                      0.358237    0.001627   23.404099 v _4743_/C (sky130_fd_sc_hd__or4b_4)
     6    0.042319    0.260319    1.303441   24.707541 v _4743_/X (sky130_fd_sc_hd__or4b_4)
                                                         _0710_ (net)
                      0.260340    0.002636   24.710176 v _5624_/A (sky130_fd_sc_hd__or4b_4)
     2    0.019595    0.203253    1.278098   25.988274 v _5624_/X (sky130_fd_sc_hd__or4b_4)
                                                         _1629_ (net)
                      0.203442    0.001355   25.989630 v _5652_/B_N (sky130_fd_sc_hd__and4bb_4)
     7    0.031722    0.236284    0.977817   26.967445 ^ _5652_/X (sky130_fd_sc_hd__and4bb_4)
                                                         _1659_ (net)
                      0.236287    0.001382   26.968828 ^ _5788_/A1 (sky130_fd_sc_hd__a31oi_2)
     1    0.002732    0.128631    0.216906   27.185734 v _5788_/Y (sky130_fd_sc_hd__a31oi_2)
                                                         _1805_ (net)
                      0.128631    0.000115   27.185848 v _5790_/A (sky130_fd_sc_hd__or2_2)
     1    0.004399    0.118905    0.732312   27.918161 v _5790_/X (sky130_fd_sc_hd__or2_2)
                                                         _1807_ (net)
                      0.118905    0.000153   27.918314 v _5807_/A2 (sky130_fd_sc_hd__a21bo_2)
     1    0.002328    0.057566    0.412802   28.331116 v _5807_/X (sky130_fd_sc_hd__a21bo_2)
                                                         _1826_ (net)
                      0.057566    0.000048   28.331163 v _5808_/A (sky130_fd_sc_hd__buf_1)
     2    0.012501    0.150503    0.247786   28.578949 v _5808_/X (sky130_fd_sc_hd__buf_1)
                                                         net190 (net)
                      0.150503    0.000533   28.579483 v output190/A (sky130_fd_sc_hd__clkdlybuf4s25_1)
     1    0.036300    0.489698    0.864594   29.444077 v output190/X (sky130_fd_sc_hd__clkdlybuf4s25_1)
                                                         result[58] (net)
                      0.489698    0.001149   29.445227 v result[58] (out)
                                             29.445227   data arrival time

                      0.000000   40.000000   40.000000   clock __VIRTUAL_CLK__ (rise edge)
                                  0.000000   40.000000   clock network delay (ideal)
                                 -0.250000   39.750000   clock uncertainty
                                  0.000000   39.750000   clock reconvergence pessimism
                                 -8.000000   31.750000   output external delay
                                             31.750000   data required time
---------------------------------------------------------------------------------------------
                                             31.750000   data required time
                                            -29.445227   data arrival time
---------------------------------------------------------------------------------------------
                                              2.304773   slack (MET)


Startpoint: operand_b[1] (input port clocked by __VIRTUAL_CLK__)
Endpoint: result[57] (output port clocked by __VIRTUAL_CLK__)
Path Group: __VIRTUAL_CLK__
Path Type: max

Fanout         Cap        Slew       Delay        Time   Description
---------------------------------------------------------------------------------------------
                      0.000000    0.000000    0.000000   clock __VIRTUAL_CLK__ (rise edge)
                                  0.000000    0.000000   clock network delay (ideal)
                                  8.000000    8.000000 ^ input external delay
     1    0.008500    0.070905    0.047341    8.047340 ^ operand_b[1] (in)
                                                         operand_b[1] (net)
                      0.070908    0.000000    8.047340 ^ input81/A (sky130_fd_sc_hd__clkdlybuf4s25_1)
     1    0.005794    0.116615    0.520789    8.568130 ^ input81/X (sky130_fd_sc_hd__clkdlybuf4s25_1)
                                                         net81 (net)
                      0.116615    0.000236    8.568366 ^ fanout406/A (sky130_fd_sc_hd__clkdlybuf4s25_1)
     7    0.093663    1.478227    1.561354   10.129720 ^ fanout406/X (sky130_fd_sc_hd__clkdlybuf4s25_1)
                                                         net406 (net)
                      1.478227    0.001344   10.131063 ^ fanout404/A (sky130_fd_sc_hd__clkdlybuf4s25_1)
     8    0.058635    0.933058    1.565110   11.696174 ^ fanout404/X (sky130_fd_sc_hd__clkdlybuf4s25_1)
                                                         net404 (net)
                      0.933058    0.000779   11.696952 ^ fanout402/A (sky130_fd_sc_hd__clkdlybuf4s25_1)
     3    0.027065    0.442111    1.066192   12.763144 ^ fanout402/X (sky130_fd_sc_hd__clkdlybuf4s25_1)
                                                         net402 (net)
                      0.442111    0.001388   12.764532 ^ load_slew403/A (sky130_fd_sc_hd__buf_4)
     8    0.056684    0.259575    0.532008   13.296540 ^ load_slew403/X (sky130_fd_sc_hd__buf_4)
                                                         net403 (net)
                      0.259590    0.002268   13.298808 ^ fanout400/A (sky130_fd_sc_hd__clkdlybuf4s25_1)
     5    0.046645    0.747677    1.080863   14.379671 ^ fanout400/X (sky130_fd_sc_hd__clkdlybuf4s25_1)
                                                         net400 (net)
                      0.747680    0.003067   14.382738 ^ load_slew401/A (sky130_fd_sc_hd__clkbuf_2)
     6    0.052794    0.445883    0.747623   15.130362 ^ load_slew401/X (sky130_fd_sc_hd__clkbuf_2)
                                                         net401 (net)
                      0.445897    0.003203   15.133564 ^ _3412_/B_N (sky130_fd_sc_hd__nor2b_2)
     4    0.021425    0.407960    0.640013   15.773577 ^ _3412_/Y (sky130_fd_sc_hd__nor2b_2)
                                                         _2625_ (net)
                      0.407960    0.001082   15.774658 ^ _3555_/C1 (sky130_fd_sc_hd__a221oi_2)
     5    0.020224    0.232034    0.255678   16.030336 v _3555_/Y (sky130_fd_sc_hd__a221oi_2)
                                                         _2765_ (net)
                      0.232035    0.001153   16.031490 v _3683_/A3 (sky130_fd_sc_hd__o31a_2)
     3    0.015640    0.151542    0.730095   16.761585 v _3683_/X (sky130_fd_sc_hd__o31a_2)
                                                         _2891_ (net)
                      0.151544    0.000806   16.762390 v _4087_/A2 (sky130_fd_sc_hd__o41a_2)
     4    0.045430    0.316031    1.249928   18.012320 v _4087_/X (sky130_fd_sc_hd__o41a_2)
                                                         _0069_ (net)
                      0.316044    0.002364   18.014683 v _4441_/A3 (sky130_fd_sc_hd__o31ai_4)
     1    0.011144    0.354117    0.463556   18.478239 ^ _4441_/Y (sky130_fd_sc_hd__o31ai_4)
                                                         _0415_ (net)
                      0.354117    0.000604   18.478844 ^ wire248/A (sky130_fd_sc_hd__buf_2)
     5    0.048615    0.380008    0.566541   19.045385 ^ wire248/X (sky130_fd_sc_hd__buf_2)
                                                         net248 (net)
                      0.380075    0.005228   19.050611 ^ _4442_/A (sky130_fd_sc_hd__clkbuf_1)
     5    0.027343    0.516177    0.605239   19.655851 ^ _4442_/X (sky130_fd_sc_hd__clkbuf_1)
                                                         _0416_ (net)
                      0.516177    0.000680   19.656530 ^ max_cap234/A (sky130_fd_sc_hd__buf_2)
     6    0.038519    0.305327    0.578291   20.234823 ^ max_cap234/X (sky130_fd_sc_hd__buf_2)
                                                         net234 (net)
                      0.305337    0.002210   20.237032 ^ _4443_/B (sky130_fd_sc_hd__nand2_2)
     9    0.045865    0.395463    0.457604   20.694635 v _4443_/Y (sky130_fd_sc_hd__nand2_2)
                                                         _0417_ (net)
                      0.395463    0.000917   20.695553 v _4541_/S (sky130_fd_sc_hd__mux2_2)
     1    0.005964    0.108380    0.743196   21.438747 v _4541_/X (sky130_fd_sc_hd__mux2_2)
                                                         _0513_ (net)
                      0.108380    0.000211   21.438959 v _4542_/B1 (sky130_fd_sc_hd__o31ai_2)
     3    0.007395    0.375585    0.137632   21.576591 ^ _4542_/Y (sky130_fd_sc_hd__o31ai_2)
                                                         _0514_ (net)
                      0.375585    0.000190   21.576782 ^ _4586_/D_N (sky130_fd_sc_hd__or4b_2)
     4    0.026364    0.358236    1.825690   23.402472 v _4586_/X (sky130_fd_sc_hd__or4b_2)
                                                         _0557_ (net)
                      0.358237    0.001627   23.404099 v _4743_/C (sky130_fd_sc_hd__or4b_4)
     6    0.042319    0.260319    1.303441   24.707541 v _4743_/X (sky130_fd_sc_hd__or4b_4)
                                                         _0710_ (net)
                      0.260340    0.002636   24.710176 v _5624_/A (sky130_fd_sc_hd__or4b_4)
     2    0.019595    0.203253    1.278098   25.988274 v _5624_/X (sky130_fd_sc_hd__or4b_4)
                                                         _1629_ (net)
                      0.203442    0.001355   25.989630 v _5652_/B_N (sky130_fd_sc_hd__and4bb_4)
     7    0.031722    0.236284    0.977817   26.967445 ^ _5652_/X (sky130_fd_sc_hd__and4bb_4)
                                                         _1659_ (net)
                      0.236286    0.001211   26.968657 ^ _5762_/B (sky130_fd_sc_hd__and3_2)
     1    0.010088    0.132984    0.487185   27.455843 ^ _5762_/X (sky130_fd_sc_hd__and3_2)
                                                         _1777_ (net)
                      0.132984    0.000359   27.456202 ^ _5763_/B (sky130_fd_sc_hd__xnor2_2)
     1    0.003577    0.089060    0.139551   27.595753 v _5763_/Y (sky130_fd_sc_hd__xnor2_2)
                                                         _1778_ (net)
                      0.089060    0.000115   27.595867 v _5777_/B1 (sky130_fd_sc_hd__a221o_2)
     2    0.012326    0.140781    0.731264   28.327131 v _5777_/X (sky130_fd_sc_hd__a221o_2)
                                                         net189 (net)
                      0.140781    0.000652   28.327784 v output189/A (sky130_fd_sc_hd__clkdlybuf4s25_1)
     1    0.036875    0.496863    0.865494   29.193277 v output189/X (sky130_fd_sc_hd__clkdlybuf4s25_1)
                                                         result[57] (net)
                      0.496863    0.001373   29.194651 v result[57] (out)
                                             29.194651   data arrival time

                      0.000000   40.000000   40.000000   clock __VIRTUAL_CLK__ (rise edge)
                                  0.000000   40.000000   clock network delay (ideal)
                                 -0.250000   39.750000   clock uncertainty
                                  0.000000   39.750000   clock reconvergence pessimism
                                 -8.000000   31.750000   output external delay
                                             31.750000   data required time
---------------------------------------------------------------------------------------------
                                             31.750000   data required time
                                            -29.194651   data arrival time
---------------------------------------------------------------------------------------------
                                              2.555348   slack (MET)


Startpoint: operand_b[1] (input port clocked by __VIRTUAL_CLK__)
Endpoint: result[53] (output port clocked by __VIRTUAL_CLK__)
Path Group: __VIRTUAL_CLK__
Path Type: max

Fanout         Cap        Slew       Delay        Time   Description
---------------------------------------------------------------------------------------------
                      0.000000    0.000000    0.000000   clock __VIRTUAL_CLK__ (rise edge)
                                  0.000000    0.000000   clock network delay (ideal)
                                  8.000000    8.000000 ^ input external delay
     1    0.008500    0.070905    0.047341    8.047340 ^ operand_b[1] (in)
                                                         operand_b[1] (net)
                      0.070908    0.000000    8.047340 ^ input81/A (sky130_fd_sc_hd__clkdlybuf4s25_1)
     1    0.005794    0.116615    0.520789    8.568130 ^ input81/X (sky130_fd_sc_hd__clkdlybuf4s25_1)
                                                         net81 (net)
                      0.116615    0.000236    8.568366 ^ fanout406/A (sky130_fd_sc_hd__clkdlybuf4s25_1)
     7    0.093663    1.478227    1.561354   10.129720 ^ fanout406/X (sky130_fd_sc_hd__clkdlybuf4s25_1)
                                                         net406 (net)
                      1.478227    0.001344   10.131063 ^ fanout404/A (sky130_fd_sc_hd__clkdlybuf4s25_1)
     8    0.058635    0.933058    1.565110   11.696174 ^ fanout404/X (sky130_fd_sc_hd__clkdlybuf4s25_1)
                                                         net404 (net)
                      0.933058    0.000779   11.696952 ^ fanout402/A (sky130_fd_sc_hd__clkdlybuf4s25_1)
     3    0.027065    0.442111    1.066192   12.763144 ^ fanout402/X (sky130_fd_sc_hd__clkdlybuf4s25_1)
                                                         net402 (net)
                      0.442111    0.001388   12.764532 ^ load_slew403/A (sky130_fd_sc_hd__buf_4)
     8    0.056684    0.259575    0.532008   13.296540 ^ load_slew403/X (sky130_fd_sc_hd__buf_4)
                                                         net403 (net)
                      0.259590    0.002268   13.298808 ^ fanout400/A (sky130_fd_sc_hd__clkdlybuf4s25_1)
     5    0.046645    0.747677    1.080863   14.379671 ^ fanout400/X (sky130_fd_sc_hd__clkdlybuf4s25_1)
                                                         net400 (net)
                      0.747680    0.003067   14.382738 ^ load_slew401/A (sky130_fd_sc_hd__clkbuf_2)
     6    0.052794    0.445883    0.747623   15.130362 ^ load_slew401/X (sky130_fd_sc_hd__clkbuf_2)
                                                         net401 (net)
                      0.445897    0.003203   15.133564 ^ _3412_/B_N (sky130_fd_sc_hd__nor2b_2)
     4    0.021425    0.407960    0.640013   15.773577 ^ _3412_/Y (sky130_fd_sc_hd__nor2b_2)
                                                         _2625_ (net)
                      0.407960    0.001082   15.774658 ^ _3555_/C1 (sky130_fd_sc_hd__a221oi_2)
     5    0.020224    0.232034    0.255678   16.030336 v _3555_/Y (sky130_fd_sc_hd__a221oi_2)
                                                         _2765_ (net)
                      0.232035    0.001153   16.031490 v _3683_/A3 (sky130_fd_sc_hd__o31a_2)
     3    0.015640    0.151542    0.730095   16.761585 v _3683_/X (sky130_fd_sc_hd__o31a_2)
                                                         _2891_ (net)
                      0.151544    0.000806   16.762390 v _4087_/A2 (sky130_fd_sc_hd__o41a_2)
     4    0.045430    0.316031    1.249928   18.012320 v _4087_/X (sky130_fd_sc_hd__o41a_2)
                                                         _0069_ (net)
                      0.316044    0.002364   18.014683 v _4441_/A3 (sky130_fd_sc_hd__o31ai_4)
     1    0.011144    0.354117    0.463556   18.478239 ^ _4441_/Y (sky130_fd_sc_hd__o31ai_4)
                                                         _0415_ (net)
                      0.354117    0.000604   18.478844 ^ wire248/A (sky130_fd_sc_hd__buf_2)
     5    0.048615    0.380008    0.566541   19.045385 ^ wire248/X (sky130_fd_sc_hd__buf_2)
                                                         net248 (net)
                      0.380075    0.005228   19.050611 ^ _4442_/A (sky130_fd_sc_hd__clkbuf_1)
     5    0.027343    0.516177    0.605239   19.655851 ^ _4442_/X (sky130_fd_sc_hd__clkbuf_1)
                                                         _0416_ (net)
                      0.516177    0.000680   19.656530 ^ max_cap234/A (sky130_fd_sc_hd__buf_2)
     6    0.038519    0.305327    0.578291   20.234823 ^ max_cap234/X (sky130_fd_sc_hd__buf_2)
                                                         net234 (net)
                      0.305337    0.002210   20.237032 ^ _4443_/B (sky130_fd_sc_hd__nand2_2)
     9    0.045865    0.395463    0.457604   20.694635 v _4443_/Y (sky130_fd_sc_hd__nand2_2)
                                                         _0417_ (net)
                      0.395463    0.000917   20.695553 v _4541_/S (sky130_fd_sc_hd__mux2_2)
     1    0.005964    0.108380    0.743196   21.438747 v _4541_/X (sky130_fd_sc_hd__mux2_2)
                                                         _0513_ (net)
                      0.108380    0.000211   21.438959 v _4542_/B1 (sky130_fd_sc_hd__o31ai_2)
     3    0.007395    0.375585    0.137632   21.576591 ^ _4542_/Y (sky130_fd_sc_hd__o31ai_2)
                                                         _0514_ (net)
                      0.375585    0.000190   21.576782 ^ _4586_/D_N (sky130_fd_sc_hd__or4b_2)
     4    0.026364    0.358236    1.825690   23.402472 v _4586_/X (sky130_fd_sc_hd__or4b_2)
                                                         _0557_ (net)
                      0.358237    0.001627   23.404099 v _4743_/C (sky130_fd_sc_hd__or4b_4)
     6    0.042319    0.260319    1.303441   24.707541 v _4743_/X (sky130_fd_sc_hd__or4b_4)
                                                         _0710_ (net)
                      0.260340    0.002636   24.710176 v _5624_/A (sky130_fd_sc_hd__or4b_4)
     2    0.019595    0.203253    1.278098   25.988274 v _5624_/X (sky130_fd_sc_hd__or4b_4)
                                                         _1629_ (net)
                      0.203442    0.001336   25.989609 v _5625_/B (sky130_fd_sc_hd__nor2_2)
     1    0.003687    0.126564    0.193536   26.183146 ^ _5625_/Y (sky130_fd_sc_hd__nor2_2)
                                                         _1630_ (net)
                      0.126564    0.000123   26.183268 ^ _5626_/B2 (sky130_fd_sc_hd__o22a_2)
     2    0.007314    0.091998    0.304278   26.487545 ^ _5626_/X (sky130_fd_sc_hd__o22a_2)
                                                         _1632_ (net)
                      0.091998    0.000203   26.487747 ^ _5628_/B (sky130_fd_sc_hd__or3_2)
     1    0.002728    0.064126    0.198511   26.686260 ^ _5628_/X (sky130_fd_sc_hd__or3_2)
                                                         _1634_ (net)
                      0.064126    0.000087   26.686346 ^ _5629_/C_N (sky130_fd_sc_hd__or3b_2)
     1    0.002586    0.157474    1.059123   27.745468 v _5629_/X (sky130_fd_sc_hd__or3b_2)
                                                         _1635_ (net)
                      0.157474    0.000055   27.745523 v _5630_/A (sky130_fd_sc_hd__buf_1)
     2    0.016527    0.194197    0.331060   28.076584 v _5630_/X (sky130_fd_sc_hd__buf_1)
                                                         net185 (net)
                      0.194197    0.000790   28.077374 v output185/A (sky130_fd_sc_hd__clkdlybuf4s25_1)
     1    0.036035    0.486297    0.882997   28.960371 v output185/X (sky130_fd_sc_hd__clkdlybuf4s25_1)
                                                         result[53] (net)
                      0.486297    0.001153   28.961523 v result[53] (out)
                                             28.961523   data arrival time

                      0.000000   40.000000   40.000000   clock __VIRTUAL_CLK__ (rise edge)
                                  0.000000   40.000000   clock network delay (ideal)
                                 -0.250000   39.750000   clock uncertainty
                                  0.000000   39.750000   clock reconvergence pessimism
                                 -8.000000   31.750000   output external delay
                                             31.750000   data required time
---------------------------------------------------------------------------------------------
                                             31.750000   data required time
                                            -28.961523   data arrival time
---------------------------------------------------------------------------------------------
                                              2.788475   slack (MET)


Startpoint: operand_b[1] (input port clocked by __VIRTUAL_CLK__)
Endpoint: result[56] (output port clocked by __VIRTUAL_CLK__)
Path Group: __VIRTUAL_CLK__
Path Type: max

Fanout         Cap        Slew       Delay        Time   Description
---------------------------------------------------------------------------------------------
                      0.000000    0.000000    0.000000   clock __VIRTUAL_CLK__ (rise edge)
                                  0.000000    0.000000   clock network delay (ideal)
                                  8.000000    8.000000 ^ input external delay
     1    0.008500    0.070905    0.047341    8.047340 ^ operand_b[1] (in)
                                                         operand_b[1] (net)
                      0.070908    0.000000    8.047340 ^ input81/A (sky130_fd_sc_hd__clkdlybuf4s25_1)
     1    0.005794    0.116615    0.520789    8.568130 ^ input81/X (sky130_fd_sc_hd__clkdlybuf4s25_1)
                                                         net81 (net)
                      0.116615    0.000236    8.568366 ^ fanout406/A (sky130_fd_sc_hd__clkdlybuf4s25_1)
     7    0.093663    1.478227    1.561354   10.129720 ^ fanout406/X (sky130_fd_sc_hd__clkdlybuf4s25_1)
                                                         net406 (net)
                      1.478227    0.001344   10.131063 ^ fanout404/A (sky130_fd_sc_hd__clkdlybuf4s25_1)
     8    0.058635    0.933058    1.565110   11.696174 ^ fanout404/X (sky130_fd_sc_hd__clkdlybuf4s25_1)
                                                         net404 (net)
                      0.933058    0.000779   11.696952 ^ fanout402/A (sky130_fd_sc_hd__clkdlybuf4s25_1)
     3    0.027065    0.442111    1.066192   12.763144 ^ fanout402/X (sky130_fd_sc_hd__clkdlybuf4s25_1)
                                                         net402 (net)
                      0.442111    0.001388   12.764532 ^ load_slew403/A (sky130_fd_sc_hd__buf_4)
     8    0.056684    0.259575    0.532008   13.296540 ^ load_slew403/X (sky130_fd_sc_hd__buf_4)
                                                         net403 (net)
                      0.259590    0.002268   13.298808 ^ fanout400/A (sky130_fd_sc_hd__clkdlybuf4s25_1)
     5    0.046645    0.747677    1.080863   14.379671 ^ fanout400/X (sky130_fd_sc_hd__clkdlybuf4s25_1)
                                                         net400 (net)
                      0.747680    0.003067   14.382738 ^ load_slew401/A (sky130_fd_sc_hd__clkbuf_2)
     6    0.052794    0.445883    0.747623   15.130362 ^ load_slew401/X (sky130_fd_sc_hd__clkbuf_2)
                                                         net401 (net)
                      0.445897    0.003203   15.133564 ^ _3412_/B_N (sky130_fd_sc_hd__nor2b_2)
     4    0.021425    0.407960    0.640013   15.773577 ^ _3412_/Y (sky130_fd_sc_hd__nor2b_2)
                                                         _2625_ (net)
                      0.407960    0.001082   15.774658 ^ _3555_/C1 (sky130_fd_sc_hd__a221oi_2)
     5    0.020224    0.232034    0.255678   16.030336 v _3555_/Y (sky130_fd_sc_hd__a221oi_2)
                                                         _2765_ (net)
                      0.232035    0.001153   16.031490 v _3683_/A3 (sky130_fd_sc_hd__o31a_2)
     3    0.015640    0.151542    0.730095   16.761585 v _3683_/X (sky130_fd_sc_hd__o31a_2)
                                                         _2891_ (net)
                      0.151544    0.000806   16.762390 v _4087_/A2 (sky130_fd_sc_hd__o41a_2)
     4    0.045430    0.316031    1.249928   18.012320 v _4087_/X (sky130_fd_sc_hd__o41a_2)
                                                         _0069_ (net)
                      0.316044    0.002364   18.014683 v _4441_/A3 (sky130_fd_sc_hd__o31ai_4)
     1    0.011144    0.354117    0.463556   18.478239 ^ _4441_/Y (sky130_fd_sc_hd__o31ai_4)
                                                         _0415_ (net)
                      0.354117    0.000604   18.478844 ^ wire248/A (sky130_fd_sc_hd__buf_2)
     5    0.048615    0.380008    0.566541   19.045385 ^ wire248/X (sky130_fd_sc_hd__buf_2)
                                                         net248 (net)
                      0.380075    0.005228   19.050611 ^ _4442_/A (sky130_fd_sc_hd__clkbuf_1)
     5    0.027343    0.516177    0.605239   19.655851 ^ _4442_/X (sky130_fd_sc_hd__clkbuf_1)
                                                         _0416_ (net)
                      0.516177    0.000680   19.656530 ^ max_cap234/A (sky130_fd_sc_hd__buf_2)
     6    0.038519    0.305327    0.578291   20.234823 ^ max_cap234/X (sky130_fd_sc_hd__buf_2)
                                                         net234 (net)
                      0.305337    0.002210   20.237032 ^ _4443_/B (sky130_fd_sc_hd__nand2_2)
     9    0.045865    0.395463    0.457604   20.694635 v _4443_/Y (sky130_fd_sc_hd__nand2_2)
                                                         _0417_ (net)
                      0.395463    0.000917   20.695553 v _4541_/S (sky130_fd_sc_hd__mux2_2)
     1    0.005964    0.108380    0.743196   21.438747 v _4541_/X (sky130_fd_sc_hd__mux2_2)
                                                         _0513_ (net)
                      0.108380    0.000211   21.438959 v _4542_/B1 (sky130_fd_sc_hd__o31ai_2)
     3    0.007395    0.375585    0.137632   21.576591 ^ _4542_/Y (sky130_fd_sc_hd__o31ai_2)
                                                         _0514_ (net)
                      0.375585    0.000190   21.576782 ^ _4586_/D_N (sky130_fd_sc_hd__or4b_2)
     4    0.026364    0.358236    1.825690   23.402472 v _4586_/X (sky130_fd_sc_hd__or4b_2)
                                                         _0557_ (net)
                      0.358237    0.001627   23.404099 v _4743_/C (sky130_fd_sc_hd__or4b_4)
     6    0.042319    0.260319    1.303441   24.707541 v _4743_/X (sky130_fd_sc_hd__or4b_4)
                                                         _0710_ (net)
                      0.260340    0.002636   24.710176 v _5624_/A (sky130_fd_sc_hd__or4b_4)
     2    0.019595    0.203253    1.278098   25.988274 v _5624_/X (sky130_fd_sc_hd__or4b_4)
                                                         _1629_ (net)
                      0.203442    0.001355   25.989630 v _5652_/B_N (sky130_fd_sc_hd__and4bb_4)
     7    0.031722    0.236284    0.977817   26.967445 ^ _5652_/X (sky130_fd_sc_hd__and4bb_4)
                                                         _1659_ (net)
                      0.236286    0.001288   26.968733 ^ _5725_/A (sky130_fd_sc_hd__nand2_2)
     1    0.008980    0.111195    0.188045   27.156778 v _5725_/Y (sky130_fd_sc_hd__nand2_2)
                                                         _1737_ (net)
                      0.111195    0.000206   27.156984 v _5726_/B (sky130_fd_sc_hd__xnor2_2)
     1    0.003928    0.091960    0.259261   27.416246 v _5726_/Y (sky130_fd_sc_hd__xnor2_2)
                                                         _1739_ (net)
                      0.091960    0.000124   27.416370 v _5746_/A2 (sky130_fd_sc_hd__a21o_2)
     2    0.017585    0.123199    0.488091   27.904461 v _5746_/X (sky130_fd_sc_hd__a21o_2)
                                                         net188 (net)
                      0.123200    0.000583   27.905045 v output188/A (sky130_fd_sc_hd__clkdlybuf4s25_1)
     1    0.039034    0.524801    0.878007   28.783051 v output188/X (sky130_fd_sc_hd__clkdlybuf4s25_1)
                                                         result[56] (net)
                      0.524804    0.002125   28.785175 v result[56] (out)
                                             28.785175   data arrival time

                      0.000000   40.000000   40.000000   clock __VIRTUAL_CLK__ (rise edge)
                                  0.000000   40.000000   clock network delay (ideal)
                                 -0.250000   39.750000   clock uncertainty
                                  0.000000   39.750000   clock reconvergence pessimism
                                 -8.000000   31.750000   output external delay
                                             31.750000   data required time
---------------------------------------------------------------------------------------------
                                             31.750000   data required time
                                            -28.785175   data arrival time
---------------------------------------------------------------------------------------------
                                              2.964823   slack (MET)


Startpoint: operand_b[1] (input port clocked by __VIRTUAL_CLK__)
Endpoint: result[45] (output port clocked by __VIRTUAL_CLK__)
Path Group: __VIRTUAL_CLK__
Path Type: max

Fanout         Cap        Slew       Delay        Time   Description
---------------------------------------------------------------------------------------------
                      0.000000    0.000000    0.000000   clock __VIRTUAL_CLK__ (rise edge)
                                  0.000000    0.000000   clock network delay (ideal)
                                  8.000000    8.000000 ^ input external delay
     1    0.008500    0.070905    0.047341    8.047340 ^ operand_b[1] (in)
                                                         operand_b[1] (net)
                      0.070908    0.000000    8.047340 ^ input81/A (sky130_fd_sc_hd__clkdlybuf4s25_1)
     1    0.005794    0.116615    0.520789    8.568130 ^ input81/X (sky130_fd_sc_hd__clkdlybuf4s25_1)
                                                         net81 (net)
                      0.116615    0.000236    8.568366 ^ fanout406/A (sky130_fd_sc_hd__clkdlybuf4s25_1)
     7    0.093663    1.478227    1.561354   10.129720 ^ fanout406/X (sky130_fd_sc_hd__clkdlybuf4s25_1)
                                                         net406 (net)
                      1.478227    0.001344   10.131063 ^ fanout404/A (sky130_fd_sc_hd__clkdlybuf4s25_1)
     8    0.058635    0.933058    1.565110   11.696174 ^ fanout404/X (sky130_fd_sc_hd__clkdlybuf4s25_1)
                                                         net404 (net)
                      0.933058    0.000779   11.696952 ^ fanout402/A (sky130_fd_sc_hd__clkdlybuf4s25_1)
     3    0.027065    0.442111    1.066192   12.763144 ^ fanout402/X (sky130_fd_sc_hd__clkdlybuf4s25_1)
                                                         net402 (net)
                      0.442111    0.001388   12.764532 ^ load_slew403/A (sky130_fd_sc_hd__buf_4)
     8    0.056684    0.259575    0.532008   13.296540 ^ load_slew403/X (sky130_fd_sc_hd__buf_4)
                                                         net403 (net)
                      0.259590    0.002268   13.298808 ^ fanout400/A (sky130_fd_sc_hd__clkdlybuf4s25_1)
     5    0.046645    0.747677    1.080863   14.379671 ^ fanout400/X (sky130_fd_sc_hd__clkdlybuf4s25_1)
                                                         net400 (net)
                      0.747680    0.003067   14.382738 ^ load_slew401/A (sky130_fd_sc_hd__clkbuf_2)
     6    0.052794    0.445883    0.747623   15.130362 ^ load_slew401/X (sky130_fd_sc_hd__clkbuf_2)
                                                         net401 (net)
                      0.445897    0.003203   15.133564 ^ _3412_/B_N (sky130_fd_sc_hd__nor2b_2)
     4    0.021425    0.407960    0.640013   15.773577 ^ _3412_/Y (sky130_fd_sc_hd__nor2b_2)
                                                         _2625_ (net)
                      0.407960    0.001082   15.774658 ^ _3555_/C1 (sky130_fd_sc_hd__a221oi_2)
     5    0.020224    0.232034    0.255678   16.030336 v _3555_/Y (sky130_fd_sc_hd__a221oi_2)
                                                         _2765_ (net)
                      0.232035    0.001153   16.031490 v _3683_/A3 (sky130_fd_sc_hd__o31a_2)
     3    0.015640    0.151542    0.730095   16.761585 v _3683_/X (sky130_fd_sc_hd__o31a_2)
                                                         _2891_ (net)
                      0.151544    0.000806   16.762390 v _4087_/A2 (sky130_fd_sc_hd__o41a_2)
     4    0.045430    0.316031    1.249928   18.012320 v _4087_/X (sky130_fd_sc_hd__o41a_2)
                                                         _0069_ (net)
                      0.316044    0.002364   18.014683 v _4441_/A3 (sky130_fd_sc_hd__o31ai_4)
     1    0.011144    0.354117    0.463556   18.478239 ^ _4441_/Y (sky130_fd_sc_hd__o31ai_4)
                                                         _0415_ (net)
                      0.354117    0.000604   18.478844 ^ wire248/A (sky130_fd_sc_hd__buf_2)
     5    0.048615    0.380008    0.566541   19.045385 ^ wire248/X (sky130_fd_sc_hd__buf_2)
                                                         net248 (net)
                      0.380075    0.005228   19.050611 ^ _4442_/A (sky130_fd_sc_hd__clkbuf_1)
     5    0.027343    0.516177    0.605239   19.655851 ^ _4442_/X (sky130_fd_sc_hd__clkbuf_1)
                                                         _0416_ (net)
                      0.516177    0.000680   19.656530 ^ max_cap234/A (sky130_fd_sc_hd__buf_2)
     6    0.038519    0.305327    0.578291   20.234823 ^ max_cap234/X (sky130_fd_sc_hd__buf_2)
                                                         net234 (net)
                      0.305337    0.002210   20.237032 ^ _4443_/B (sky130_fd_sc_hd__nand2_2)
     9    0.045865    0.395463    0.457604   20.694635 v _4443_/Y (sky130_fd_sc_hd__nand2_2)
                                                         _0417_ (net)
                      0.395463    0.000917   20.695553 v _4541_/S (sky130_fd_sc_hd__mux2_2)
     1    0.005964    0.108380    0.743196   21.438747 v _4541_/X (sky130_fd_sc_hd__mux2_2)
                                                         _0513_ (net)
                      0.108380    0.000211   21.438959 v _4542_/B1 (sky130_fd_sc_hd__o31ai_2)
     3    0.007395    0.375585    0.137632   21.576591 ^ _4542_/Y (sky130_fd_sc_hd__o31ai_2)
                                                         _0514_ (net)
                      0.375585    0.000190   21.576782 ^ _4586_/D_N (sky130_fd_sc_hd__or4b_2)
     4    0.026364    0.358236    1.825690   23.402472 v _4586_/X (sky130_fd_sc_hd__or4b_2)
                                                         _0557_ (net)
                      0.358237    0.001627   23.404099 v _4743_/C (sky130_fd_sc_hd__or4b_4)
     6    0.042319    0.260319    1.303441   24.707541 v _4743_/X (sky130_fd_sc_hd__or4b_4)
                                                         _0710_ (net)
                      0.260341    0.002665   24.710205 v _5301_/A (sky130_fd_sc_hd__or3_2)
     2    0.014764    0.235677    1.363134   26.073338 v _5301_/X (sky130_fd_sc_hd__or3_2)
                                                         _1283_ (net)
                      0.235677    0.000364   26.073702 v _5302_/A_N (sky130_fd_sc_hd__and4b_2)
     2    0.013074    0.178640    0.770140   26.843842 ^ _5302_/X (sky130_fd_sc_hd__and4b_2)
                                                         _1284_ (net)
                      0.178640    0.000339   26.844181 ^ _5319_/A (sky130_fd_sc_hd__xor2_2)
     1    0.003022    0.089753    0.169056   27.013237 v _5319_/X (sky130_fd_sc_hd__xor2_2)
                                                         _1302_ (net)
                      0.089753    0.000092   27.013329 v _5333_/B1 (sky130_fd_sc_hd__a221o_2)
     2    0.024096    0.189162    0.800810   27.814138 v _5333_/X (sky130_fd_sc_hd__a221o_2)
                                                         net176 (net)
                      0.189163    0.000925   27.815065 v output176/A (sky130_fd_sc_hd__clkdlybuf4s25_1)
     1    0.035827    0.483592    0.878657   28.693722 v output176/X (sky130_fd_sc_hd__clkdlybuf4s25_1)
                                                         result[45] (net)
                      0.483592    0.000931   28.694653 v result[45] (out)
                                             28.694653   data arrival time

                      0.000000   40.000000   40.000000   clock __VIRTUAL_CLK__ (rise edge)
                                  0.000000   40.000000   clock network delay (ideal)
                                 -0.250000   39.750000   clock uncertainty
                                  0.000000   39.750000   clock reconvergence pessimism
                                 -8.000000   31.750000   output external delay
                                             31.750000   data required time
---------------------------------------------------------------------------------------------
                                             31.750000   data required time
                                            -28.694653   data arrival time
---------------------------------------------------------------------------------------------
                                              3.055346   slack (MET)


Startpoint: operand_b[1] (input port clocked by __VIRTUAL_CLK__)
Endpoint: result[54] (output port clocked by __VIRTUAL_CLK__)
Path Group: __VIRTUAL_CLK__
Path Type: max

Fanout         Cap        Slew       Delay        Time   Description
---------------------------------------------------------------------------------------------
                      0.000000    0.000000    0.000000   clock __VIRTUAL_CLK__ (rise edge)
                                  0.000000    0.000000   clock network delay (ideal)
                                  8.000000    8.000000 ^ input external delay
     1    0.008500    0.070905    0.047341    8.047340 ^ operand_b[1] (in)
                                                         operand_b[1] (net)
                      0.070908    0.000000    8.047340 ^ input81/A (sky130_fd_sc_hd__clkdlybuf4s25_1)
     1    0.005794    0.116615    0.520789    8.568130 ^ input81/X (sky130_fd_sc_hd__clkdlybuf4s25_1)
                                                         net81 (net)
                      0.116615    0.000236    8.568366 ^ fanout406/A (sky130_fd_sc_hd__clkdlybuf4s25_1)
     7    0.093663    1.478227    1.561354   10.129720 ^ fanout406/X (sky130_fd_sc_hd__clkdlybuf4s25_1)
                                                         net406 (net)
                      1.478227    0.001344   10.131063 ^ fanout404/A (sky130_fd_sc_hd__clkdlybuf4s25_1)
     8    0.058635    0.933058    1.565110   11.696174 ^ fanout404/X (sky130_fd_sc_hd__clkdlybuf4s25_1)
                                                         net404 (net)
                      0.933058    0.000779   11.696952 ^ fanout402/A (sky130_fd_sc_hd__clkdlybuf4s25_1)
     3    0.027065    0.442111    1.066192   12.763144 ^ fanout402/X (sky130_fd_sc_hd__clkdlybuf4s25_1)
                                                         net402 (net)
                      0.442111    0.001388   12.764532 ^ load_slew403/A (sky130_fd_sc_hd__buf_4)
     8    0.056684    0.259575    0.532008   13.296540 ^ load_slew403/X (sky130_fd_sc_hd__buf_4)
                                                         net403 (net)
                      0.259590    0.002268   13.298808 ^ fanout400/A (sky130_fd_sc_hd__clkdlybuf4s25_1)
     5    0.046645    0.747677    1.080863   14.379671 ^ fanout400/X (sky130_fd_sc_hd__clkdlybuf4s25_1)
                                                         net400 (net)
                      0.747680    0.003067   14.382738 ^ load_slew401/A (sky130_fd_sc_hd__clkbuf_2)
     6    0.052794    0.445883    0.747623   15.130362 ^ load_slew401/X (sky130_fd_sc_hd__clkbuf_2)
                                                         net401 (net)
                      0.445897    0.003203   15.133564 ^ _3412_/B_N (sky130_fd_sc_hd__nor2b_2)
     4    0.021425    0.407960    0.640013   15.773577 ^ _3412_/Y (sky130_fd_sc_hd__nor2b_2)
                                                         _2625_ (net)
                      0.407960    0.001082   15.774658 ^ _3555_/C1 (sky130_fd_sc_hd__a221oi_2)
     5    0.020224    0.232034    0.255678   16.030336 v _3555_/Y (sky130_fd_sc_hd__a221oi_2)
                                                         _2765_ (net)
                      0.232035    0.001153   16.031490 v _3683_/A3 (sky130_fd_sc_hd__o31a_2)
     3    0.015640    0.151542    0.730095   16.761585 v _3683_/X (sky130_fd_sc_hd__o31a_2)
                                                         _2891_ (net)
                      0.151544    0.000806   16.762390 v _4087_/A2 (sky130_fd_sc_hd__o41a_2)
     4    0.045430    0.316031    1.249928   18.012320 v _4087_/X (sky130_fd_sc_hd__o41a_2)
                                                         _0069_ (net)
                      0.316044    0.002364   18.014683 v _4441_/A3 (sky130_fd_sc_hd__o31ai_4)
     1    0.011144    0.354117    0.463556   18.478239 ^ _4441_/Y (sky130_fd_sc_hd__o31ai_4)
                                                         _0415_ (net)
                      0.354117    0.000604   18.478844 ^ wire248/A (sky130_fd_sc_hd__buf_2)
     5    0.048615    0.380008    0.566541   19.045385 ^ wire248/X (sky130_fd_sc_hd__buf_2)
                                                         net248 (net)
                      0.380075    0.005228   19.050611 ^ _4442_/A (sky130_fd_sc_hd__clkbuf_1)
     5    0.027343    0.516177    0.605239   19.655851 ^ _4442_/X (sky130_fd_sc_hd__clkbuf_1)
                                                         _0416_ (net)
                      0.516177    0.000680   19.656530 ^ max_cap234/A (sky130_fd_sc_hd__buf_2)
     6    0.038519    0.305327    0.578291   20.234823 ^ max_cap234/X (sky130_fd_sc_hd__buf_2)
                                                         net234 (net)
                      0.305337    0.002210   20.237032 ^ _4443_/B (sky130_fd_sc_hd__nand2_2)
     9    0.045865    0.395463    0.457604   20.694635 v _4443_/Y (sky130_fd_sc_hd__nand2_2)
                                                         _0417_ (net)
                      0.395463    0.000917   20.695553 v _4541_/S (sky130_fd_sc_hd__mux2_2)
     1    0.005964    0.108380    0.743196   21.438747 v _4541_/X (sky130_fd_sc_hd__mux2_2)
                                                         _0513_ (net)
                      0.108380    0.000211   21.438959 v _4542_/B1 (sky130_fd_sc_hd__o31ai_2)
     3    0.007395    0.375585    0.137632   21.576591 ^ _4542_/Y (sky130_fd_sc_hd__o31ai_2)
                                                         _0514_ (net)
                      0.375585    0.000190   21.576782 ^ _4586_/D_N (sky130_fd_sc_hd__or4b_2)
     4    0.026364    0.358236    1.825690   23.402472 v _4586_/X (sky130_fd_sc_hd__or4b_2)
                                                         _0557_ (net)
                      0.358237    0.001627   23.404099 v _4743_/C (sky130_fd_sc_hd__or4b_4)
     6    0.042319    0.260319    1.303441   24.707541 v _4743_/X (sky130_fd_sc_hd__or4b_4)
                                                         _0710_ (net)
                      0.260340    0.002636   24.710176 v _5624_/A (sky130_fd_sc_hd__or4b_4)
     2    0.019595    0.203253    1.278098   25.988274 v _5624_/X (sky130_fd_sc_hd__or4b_4)
                                                         _1629_ (net)
                      0.203442    0.001355   25.989630 v _5652_/B_N (sky130_fd_sc_hd__and4bb_4)
     7    0.031722    0.236284    0.977817   26.967445 ^ _5652_/X (sky130_fd_sc_hd__and4bb_4)
                                                         _1659_ (net)
                      0.236284    0.000774   26.968220 ^ _5653_/B (sky130_fd_sc_hd__or2_2)
     1    0.003628    0.055138    0.266805   27.235025 ^ _5653_/X (sky130_fd_sc_hd__or2_2)
                                                         _1660_ (net)
                      0.055138    0.000117   27.235144 ^ _5669_/B1 (sky130_fd_sc_hd__a221o_2)
     2    0.014157    0.153485    0.364407   27.599550 ^ _5669_/X (sky130_fd_sc_hd__a221o_2)
                                                         net186 (net)
                      0.153485    0.000593   27.600143 ^ output186/A (sky130_fd_sc_hd__clkdlybuf4s25_1)
     1    0.038835    0.624891    0.943663   28.543806 ^ output186/X (sky130_fd_sc_hd__clkdlybuf4s25_1)
                                                         result[54] (net)
                      0.624891    0.001387   28.545195 ^ result[54] (out)
                                             28.545195   data arrival time

                      0.000000   40.000000   40.000000   clock __VIRTUAL_CLK__ (rise edge)
                                  0.000000   40.000000   clock network delay (ideal)
                                 -0.250000   39.750000   clock uncertainty
                                  0.000000   39.750000   clock reconvergence pessimism
                                 -8.000000   31.750000   output external delay
                                             31.750000   data required time
---------------------------------------------------------------------------------------------
                                             31.750000   data required time
                                            -28.545195   data arrival time
---------------------------------------------------------------------------------------------
                                              3.204805   slack (MET)


Startpoint: operand_b[1] (input port clocked by __VIRTUAL_CLK__)
Endpoint: result[49] (output port clocked by __VIRTUAL_CLK__)
Path Group: __VIRTUAL_CLK__
Path Type: max

Fanout         Cap        Slew       Delay        Time   Description
---------------------------------------------------------------------------------------------
                      0.000000    0.000000    0.000000   clock __VIRTUAL_CLK__ (rise edge)
                                  0.000000    0.000000   clock network delay (ideal)
                                  8.000000    8.000000 ^ input external delay
     1    0.008500    0.070905    0.047341    8.047340 ^ operand_b[1] (in)
                                                         operand_b[1] (net)
                      0.070908    0.000000    8.047340 ^ input81/A (sky130_fd_sc_hd__clkdlybuf4s25_1)
     1    0.005794    0.116615    0.520789    8.568130 ^ input81/X (sky130_fd_sc_hd__clkdlybuf4s25_1)
                                                         net81 (net)
                      0.116615    0.000236    8.568366 ^ fanout406/A (sky130_fd_sc_hd__clkdlybuf4s25_1)
     7    0.093663    1.478227    1.561354   10.129720 ^ fanout406/X (sky130_fd_sc_hd__clkdlybuf4s25_1)
                                                         net406 (net)
                      1.478227    0.001344   10.131063 ^ fanout404/A (sky130_fd_sc_hd__clkdlybuf4s25_1)
     8    0.058635    0.933058    1.565110   11.696174 ^ fanout404/X (sky130_fd_sc_hd__clkdlybuf4s25_1)
                                                         net404 (net)
                      0.933058    0.000779   11.696952 ^ fanout402/A (sky130_fd_sc_hd__clkdlybuf4s25_1)
     3    0.027065    0.442111    1.066192   12.763144 ^ fanout402/X (sky130_fd_sc_hd__clkdlybuf4s25_1)
                                                         net402 (net)
                      0.442111    0.001388   12.764532 ^ load_slew403/A (sky130_fd_sc_hd__buf_4)
     8    0.056684    0.259575    0.532008   13.296540 ^ load_slew403/X (sky130_fd_sc_hd__buf_4)
                                                         net403 (net)
                      0.259590    0.002268   13.298808 ^ fanout400/A (sky130_fd_sc_hd__clkdlybuf4s25_1)
     5    0.046645    0.747677    1.080863   14.379671 ^ fanout400/X (sky130_fd_sc_hd__clkdlybuf4s25_1)
                                                         net400 (net)
                      0.747680    0.003067   14.382738 ^ load_slew401/A (sky130_fd_sc_hd__clkbuf_2)
     6    0.052794    0.445883    0.747623   15.130362 ^ load_slew401/X (sky130_fd_sc_hd__clkbuf_2)
                                                         net401 (net)
                      0.445897    0.003203   15.133564 ^ _3412_/B_N (sky130_fd_sc_hd__nor2b_2)
     4    0.021425    0.407960    0.640013   15.773577 ^ _3412_/Y (sky130_fd_sc_hd__nor2b_2)
                                                         _2625_ (net)
                      0.407960    0.001082   15.774658 ^ _3555_/C1 (sky130_fd_sc_hd__a221oi_2)
     5    0.020224    0.232034    0.255678   16.030336 v _3555_/Y (sky130_fd_sc_hd__a221oi_2)
                                                         _2765_ (net)
                      0.232035    0.001153   16.031490 v _3683_/A3 (sky130_fd_sc_hd__o31a_2)
     3    0.015640    0.151542    0.730095   16.761585 v _3683_/X (sky130_fd_sc_hd__o31a_2)
                                                         _2891_ (net)
                      0.151542    0.000556   16.762140 v _3686_/B (sky130_fd_sc_hd__or4_4)
     1    0.005251    0.155317    1.095224   17.857365 v _3686_/X (sky130_fd_sc_hd__or4_4)
                                                         _2894_ (net)
                      0.155317    0.000169   17.857533 v _3687_/A (sky130_fd_sc_hd__buf_6)
     8    0.036773    0.079117    0.305315   18.162848 v _3687_/X (sky130_fd_sc_hd__buf_6)
                                                         _2895_ (net)
                      0.079143    0.001403   18.164251 v _3771_/B2 (sky130_fd_sc_hd__a221o_2)
     2    0.008753    0.121337    0.750090   18.914341 v _3771_/X (sky130_fd_sc_hd__a221o_2)
                                                         _2977_ (net)
                      0.121337    0.000204   18.914545 v _3775_/A1 (sky130_fd_sc_hd__a21o_2)
     3    0.013786    0.106940    0.447129   19.361673 v _3775_/X (sky130_fd_sc_hd__a21o_2)
                                                         _2981_ (net)
                      0.106940    0.000272   19.361946 v _3857_/A2 (sky130_fd_sc_hd__a2111o_2)
     3    0.022880    0.209501    1.095833   20.457779 v _3857_/X (sky130_fd_sc_hd__a2111o_2)
                                                         _3061_ (net)
                      0.209635    0.001634   20.459412 v _3960_/A (sky130_fd_sc_hd__or4b_4)
     3    0.029802    0.232698    1.305988   21.765400 v _3960_/X (sky130_fd_sc_hd__or4b_4)
                                                         _3162_ (net)
                      0.232698    0.002204   21.767605 v _4709_/A (sky130_fd_sc_hd__nor4b_2)
     2    0.030058    1.216834    1.280643   23.048248 ^ _4709_/Y (sky130_fd_sc_hd__nor4b_2)
                                                         _0677_ (net)
                      1.216835    0.001327   23.049576 ^ _4968_/A (sky130_fd_sc_hd__and4_2)
     1    0.003114    0.112440    0.843228   23.892803 ^ _4968_/X (sky130_fd_sc_hd__and4_2)
                                                         _0930_ (net)
                      0.112440    0.000099   23.892902 ^ _4969_/A (sky130_fd_sc_hd__clkbuf_1)
     2    0.010244    0.205661    0.278884   24.171787 ^ _4969_/X (sky130_fd_sc_hd__clkbuf_1)
                                                         _0931_ (net)
                      0.205661    0.000288   24.172075 ^ wire204/A (sky130_fd_sc_hd__clkbuf_4)
     7    0.043658    0.220635    0.441968   24.614042 ^ wire204/X (sky130_fd_sc_hd__clkbuf_4)
                                                         net204 (net)
                      0.220651    0.002167   24.616211 ^ _5121_/A (sky130_fd_sc_hd__nand2_2)
     6    0.034898    0.305895    0.347640   24.963850 v _5121_/Y (sky130_fd_sc_hd__nand2_2)
                                                         _1089_ (net)
                      0.305897    0.001412   24.965263 v _5438_/A (sky130_fd_sc_hd__or3_2)
     3    0.019876    0.260606    1.427516   26.392778 v _5438_/X (sky130_fd_sc_hd__or3_2)
                                                         _1430_ (net)
                      0.260606    0.000751   26.393530 v _5470_/A (sky130_fd_sc_hd__xnor2_2)
     1    0.003380    0.087533    0.326809   26.720339 v _5470_/Y (sky130_fd_sc_hd__xnor2_2)
                                                         _1464_ (net)
                      0.087533    0.000110   26.720449 v _5489_/B1 (sky130_fd_sc_hd__a221o_2)
     2    0.017154    0.164563    0.766025   27.486475 v _5489_/X (sky130_fd_sc_hd__a221o_2)
                                                         net180 (net)
                      0.164563    0.000689   27.487164 v output180/A (sky130_fd_sc_hd__clkdlybuf4s25_1)
     1    0.037915    0.510032    0.887315   28.374479 v output180/X (sky130_fd_sc_hd__clkdlybuf4s25_1)
                                                         result[49] (net)
                      0.510032    0.001396   28.375875 v result[49] (out)
                                             28.375875   data arrival time

                      0.000000   40.000000   40.000000   clock __VIRTUAL_CLK__ (rise edge)
                                  0.000000   40.000000   clock network delay (ideal)
                                 -0.250000   39.750000   clock uncertainty
                                  0.000000   39.750000   clock reconvergence pessimism
                                 -8.000000   31.750000   output external delay
                                             31.750000   data required time
---------------------------------------------------------------------------------------------
                                             31.750000   data required time
                                            -28.375875   data arrival time
---------------------------------------------------------------------------------------------
                                              3.374124   slack (MET)


Startpoint: operand_b[1] (input port clocked by __VIRTUAL_CLK__)
Endpoint: result[44] (output port clocked by __VIRTUAL_CLK__)
Path Group: __VIRTUAL_CLK__
Path Type: max

Fanout         Cap        Slew       Delay        Time   Description
---------------------------------------------------------------------------------------------
                      0.000000    0.000000    0.000000   clock __VIRTUAL_CLK__ (rise edge)
                                  0.000000    0.000000   clock network delay (ideal)
                                  8.000000    8.000000 ^ input external delay
     1    0.008500    0.070905    0.047341    8.047340 ^ operand_b[1] (in)
                                                         operand_b[1] (net)
                      0.070908    0.000000    8.047340 ^ input81/A (sky130_fd_sc_hd__clkdlybuf4s25_1)
     1    0.005794    0.116615    0.520789    8.568130 ^ input81/X (sky130_fd_sc_hd__clkdlybuf4s25_1)
                                                         net81 (net)
                      0.116615    0.000236    8.568366 ^ fanout406/A (sky130_fd_sc_hd__clkdlybuf4s25_1)
     7    0.093663    1.478227    1.561354   10.129720 ^ fanout406/X (sky130_fd_sc_hd__clkdlybuf4s25_1)
                                                         net406 (net)
                      1.478227    0.001344   10.131063 ^ fanout404/A (sky130_fd_sc_hd__clkdlybuf4s25_1)
     8    0.058635    0.933058    1.565110   11.696174 ^ fanout404/X (sky130_fd_sc_hd__clkdlybuf4s25_1)
                                                         net404 (net)
                      0.933058    0.000779   11.696952 ^ fanout402/A (sky130_fd_sc_hd__clkdlybuf4s25_1)
     3    0.027065    0.442111    1.066192   12.763144 ^ fanout402/X (sky130_fd_sc_hd__clkdlybuf4s25_1)
                                                         net402 (net)
                      0.442111    0.001388   12.764532 ^ load_slew403/A (sky130_fd_sc_hd__buf_4)
     8    0.056684    0.259575    0.532008   13.296540 ^ load_slew403/X (sky130_fd_sc_hd__buf_4)
                                                         net403 (net)
                      0.259590    0.002268   13.298808 ^ fanout400/A (sky130_fd_sc_hd__clkdlybuf4s25_1)
     5    0.046645    0.747677    1.080863   14.379671 ^ fanout400/X (sky130_fd_sc_hd__clkdlybuf4s25_1)
                                                         net400 (net)
                      0.747680    0.003067   14.382738 ^ load_slew401/A (sky130_fd_sc_hd__clkbuf_2)
     6    0.052794    0.445883    0.747623   15.130362 ^ load_slew401/X (sky130_fd_sc_hd__clkbuf_2)
                                                         net401 (net)
                      0.445897    0.003203   15.133564 ^ _3412_/B_N (sky130_fd_sc_hd__nor2b_2)
     4    0.021425    0.407960    0.640013   15.773577 ^ _3412_/Y (sky130_fd_sc_hd__nor2b_2)
                                                         _2625_ (net)
                      0.407960    0.001082   15.774658 ^ _3555_/C1 (sky130_fd_sc_hd__a221oi_2)
     5    0.020224    0.232034    0.255678   16.030336 v _3555_/Y (sky130_fd_sc_hd__a221oi_2)
                                                         _2765_ (net)
                      0.232035    0.001153   16.031490 v _3683_/A3 (sky130_fd_sc_hd__o31a_2)
     3    0.015640    0.151542    0.730095   16.761585 v _3683_/X (sky130_fd_sc_hd__o31a_2)
                                                         _2891_ (net)
                      0.151544    0.000806   16.762390 v _4087_/A2 (sky130_fd_sc_hd__o41a_2)
     4    0.045430    0.316031    1.249928   18.012320 v _4087_/X (sky130_fd_sc_hd__o41a_2)
                                                         _0069_ (net)
                      0.316044    0.002364   18.014683 v _4441_/A3 (sky130_fd_sc_hd__o31ai_4)
     1    0.011144    0.354117    0.463556   18.478239 ^ _4441_/Y (sky130_fd_sc_hd__o31ai_4)
                                                         _0415_ (net)
                      0.354117    0.000604   18.478844 ^ wire248/A (sky130_fd_sc_hd__buf_2)
     5    0.048615    0.380008    0.566541   19.045385 ^ wire248/X (sky130_fd_sc_hd__buf_2)
                                                         net248 (net)
                      0.380075    0.005228   19.050611 ^ _4442_/A (sky130_fd_sc_hd__clkbuf_1)
     5    0.027343    0.516177    0.605239   19.655851 ^ _4442_/X (sky130_fd_sc_hd__clkbuf_1)
                                                         _0416_ (net)
                      0.516177    0.000680   19.656530 ^ max_cap234/A (sky130_fd_sc_hd__buf_2)
     6    0.038519    0.305327    0.578291   20.234823 ^ max_cap234/X (sky130_fd_sc_hd__buf_2)
                                                         net234 (net)
                      0.305337    0.002210   20.237032 ^ _4443_/B (sky130_fd_sc_hd__nand2_2)
     9    0.045865    0.395463    0.457604   20.694635 v _4443_/Y (sky130_fd_sc_hd__nand2_2)
                                                         _0417_ (net)
                      0.395463    0.000917   20.695553 v _4541_/S (sky130_fd_sc_hd__mux2_2)
     1    0.005964    0.108380    0.743196   21.438747 v _4541_/X (sky130_fd_sc_hd__mux2_2)
                                                         _0513_ (net)
                      0.108380    0.000211   21.438959 v _4542_/B1 (sky130_fd_sc_hd__o31ai_2)
     3    0.007395    0.375585    0.137632   21.576591 ^ _4542_/Y (sky130_fd_sc_hd__o31ai_2)
                                                         _0514_ (net)
                      0.375585    0.000190   21.576782 ^ _4586_/D_N (sky130_fd_sc_hd__or4b_2)
     4    0.026364    0.358236    1.825690   23.402472 v _4586_/X (sky130_fd_sc_hd__or4b_2)
                                                         _0557_ (net)
                      0.358237    0.001627   23.404099 v _4743_/C (sky130_fd_sc_hd__or4b_4)
     6    0.042319    0.260319    1.303441   24.707541 v _4743_/X (sky130_fd_sc_hd__or4b_4)
                                                         _0710_ (net)
                      0.260341    0.002665   24.710205 v _5301_/A (sky130_fd_sc_hd__or3_2)
     2    0.014764    0.235677    1.363134   26.073338 v _5301_/X (sky130_fd_sc_hd__or3_2)
                                                         _1283_ (net)
                      0.235677    0.000364   26.073702 v _5302_/A_N (sky130_fd_sc_hd__and4b_2)
     2    0.013074    0.178640    0.770140   26.843842 ^ _5302_/X (sky130_fd_sc_hd__and4b_2)
                                                         _1284_ (net)
                      0.178640    0.000171   26.844011 ^ _5303_/A2 (sky130_fd_sc_hd__o21a_2)
     1    0.003633    0.064541    0.278250   27.122263 ^ _5303_/X (sky130_fd_sc_hd__o21a_2)
                                                         _1285_ (net)
                      0.064541    0.000091   27.122353 ^ _5304_/C1 (sky130_fd_sc_hd__a211o_2)
     2    0.011777    0.116236    0.218781   27.341135 ^ _5304_/X (sky130_fd_sc_hd__a211o_2)
                                                         net175 (net)
                      0.116238    0.000714   27.341848 ^ output175/A (sky130_fd_sc_hd__clkdlybuf4s25_1)
     1    0.037608    0.605287    0.912099   28.253948 ^ output175/X (sky130_fd_sc_hd__clkdlybuf4s25_1)
                                                         result[44] (net)
                      0.605287    0.000993   28.254940 ^ result[44] (out)
                                             28.254940   data arrival time

                      0.000000   40.000000   40.000000   clock __VIRTUAL_CLK__ (rise edge)
                                  0.000000   40.000000   clock network delay (ideal)
                                 -0.250000   39.750000   clock uncertainty
                                  0.000000   39.750000   clock reconvergence pessimism
                                 -8.000000   31.750000   output external delay
                                             31.750000   data required time
---------------------------------------------------------------------------------------------
                                             31.750000   data required time
                                            -28.254940   data arrival time
---------------------------------------------------------------------------------------------
                                              3.495059   slack (MET)


Startpoint: operand_b[1] (input port clocked by __VIRTUAL_CLK__)
Endpoint: result[43] (output port clocked by __VIRTUAL_CLK__)
Path Group: __VIRTUAL_CLK__
Path Type: max

Fanout         Cap        Slew       Delay        Time   Description
---------------------------------------------------------------------------------------------
                      0.000000    0.000000    0.000000   clock __VIRTUAL_CLK__ (rise edge)
                                  0.000000    0.000000   clock network delay (ideal)
                                  8.000000    8.000000 ^ input external delay
     1    0.008500    0.070905    0.047341    8.047340 ^ operand_b[1] (in)
                                                         operand_b[1] (net)
                      0.070908    0.000000    8.047340 ^ input81/A (sky130_fd_sc_hd__clkdlybuf4s25_1)
     1    0.005794    0.116615    0.520789    8.568130 ^ input81/X (sky130_fd_sc_hd__clkdlybuf4s25_1)
                                                         net81 (net)
                      0.116615    0.000236    8.568366 ^ fanout406/A (sky130_fd_sc_hd__clkdlybuf4s25_1)
     7    0.093663    1.478227    1.561354   10.129720 ^ fanout406/X (sky130_fd_sc_hd__clkdlybuf4s25_1)
                                                         net406 (net)
                      1.478227    0.001344   10.131063 ^ fanout404/A (sky130_fd_sc_hd__clkdlybuf4s25_1)
     8    0.058635    0.933058    1.565110   11.696174 ^ fanout404/X (sky130_fd_sc_hd__clkdlybuf4s25_1)
                                                         net404 (net)
                      0.933058    0.000779   11.696952 ^ fanout402/A (sky130_fd_sc_hd__clkdlybuf4s25_1)
     3    0.027065    0.442111    1.066192   12.763144 ^ fanout402/X (sky130_fd_sc_hd__clkdlybuf4s25_1)
                                                         net402 (net)
                      0.442111    0.001388   12.764532 ^ load_slew403/A (sky130_fd_sc_hd__buf_4)
     8    0.056684    0.259575    0.532008   13.296540 ^ load_slew403/X (sky130_fd_sc_hd__buf_4)
                                                         net403 (net)
                      0.259590    0.002268   13.298808 ^ fanout400/A (sky130_fd_sc_hd__clkdlybuf4s25_1)
     5    0.046645    0.747677    1.080863   14.379671 ^ fanout400/X (sky130_fd_sc_hd__clkdlybuf4s25_1)
                                                         net400 (net)
                      0.747680    0.003067   14.382738 ^ load_slew401/A (sky130_fd_sc_hd__clkbuf_2)
     6    0.052794    0.445883    0.747623   15.130362 ^ load_slew401/X (sky130_fd_sc_hd__clkbuf_2)
                                                         net401 (net)
                      0.445897    0.003203   15.133564 ^ _3412_/B_N (sky130_fd_sc_hd__nor2b_2)
     4    0.021425    0.407960    0.640013   15.773577 ^ _3412_/Y (sky130_fd_sc_hd__nor2b_2)
                                                         _2625_ (net)
                      0.407960    0.001082   15.774658 ^ _3555_/C1 (sky130_fd_sc_hd__a221oi_2)
     5    0.020224    0.232034    0.255678   16.030336 v _3555_/Y (sky130_fd_sc_hd__a221oi_2)
                                                         _2765_ (net)
                      0.232035    0.001153   16.031490 v _3683_/A3 (sky130_fd_sc_hd__o31a_2)
     3    0.015640    0.151542    0.730095   16.761585 v _3683_/X (sky130_fd_sc_hd__o31a_2)
                                                         _2891_ (net)
                      0.151542    0.000556   16.762140 v _3686_/B (sky130_fd_sc_hd__or4_4)
     1    0.005251    0.155317    1.095224   17.857365 v _3686_/X (sky130_fd_sc_hd__or4_4)
                                                         _2894_ (net)
                      0.155317    0.000169   17.857533 v _3687_/A (sky130_fd_sc_hd__buf_6)
     8    0.036773    0.079117    0.305315   18.162848 v _3687_/X (sky130_fd_sc_hd__buf_6)
                                                         _2895_ (net)
                      0.079143    0.001403   18.164251 v _3771_/B2 (sky130_fd_sc_hd__a221o_2)
     2    0.008753    0.121337    0.750090   18.914341 v _3771_/X (sky130_fd_sc_hd__a221o_2)
                                                         _2977_ (net)
                      0.121337    0.000204   18.914545 v _3775_/A1 (sky130_fd_sc_hd__a21o_2)
     3    0.013786    0.106940    0.447129   19.361673 v _3775_/X (sky130_fd_sc_hd__a21o_2)
                                                         _2981_ (net)
                      0.106940    0.000272   19.361946 v _3857_/A2 (sky130_fd_sc_hd__a2111o_2)
     3    0.022880    0.209501    1.095833   20.457779 v _3857_/X (sky130_fd_sc_hd__a2111o_2)
                                                         _3061_ (net)
                      0.209635    0.001634   20.459412 v _3960_/A (sky130_fd_sc_hd__or4b_4)
     3    0.029802    0.232698    1.305988   21.765400 v _3960_/X (sky130_fd_sc_hd__or4b_4)
                                                         _3162_ (net)
                      0.232698    0.002204   21.767605 v _4709_/A (sky130_fd_sc_hd__nor4b_2)
     2    0.030058    1.216834    1.280643   23.048248 ^ _4709_/Y (sky130_fd_sc_hd__nor4b_2)
                                                         _0677_ (net)
                      1.216835    0.001327   23.049576 ^ _4968_/A (sky130_fd_sc_hd__and4_2)
     1    0.003114    0.112440    0.843228   23.892803 ^ _4968_/X (sky130_fd_sc_hd__and4_2)
                                                         _0930_ (net)
                      0.112440    0.000099   23.892902 ^ _4969_/A (sky130_fd_sc_hd__clkbuf_1)
     2    0.010244    0.205661    0.278884   24.171787 ^ _4969_/X (sky130_fd_sc_hd__clkbuf_1)
                                                         _0931_ (net)
                      0.205661    0.000288   24.172075 ^ wire204/A (sky130_fd_sc_hd__clkbuf_4)
     7    0.043658    0.220635    0.441968   24.614042 ^ wire204/X (sky130_fd_sc_hd__clkbuf_4)
                                                         net204 (net)
                      0.220651    0.002167   24.616211 ^ _5121_/A (sky130_fd_sc_hd__nand2_2)
     6    0.034898    0.305895    0.347640   24.963850 v _5121_/Y (sky130_fd_sc_hd__nand2_2)
                                                         _1089_ (net)
                      0.305895    0.000810   24.964661 v _5263_/B (sky130_fd_sc_hd__or3b_2)
     1    0.004153    0.168350    1.183047   26.147707 v _5263_/X (sky130_fd_sc_hd__or3b_2)
                                                         _1242_ (net)
                      0.168350    0.000135   26.147842 v _5264_/S (sky130_fd_sc_hd__mux2_2)
     1    0.002527    0.087176    0.608630   26.756472 v _5264_/X (sky130_fd_sc_hd__mux2_2)
                                                         _1243_ (net)
                      0.087176    0.000053   26.756525 v _5265_/C1 (sky130_fd_sc_hd__a211o_2)
     2    0.015170    0.145898    0.628498   27.385023 v _5265_/X (sky130_fd_sc_hd__a211o_2)
                                                         net174 (net)
                      0.145899    0.000702   27.385725 v output174/A (sky130_fd_sc_hd__clkdlybuf4s25_1)
     1    0.036514    0.492323    0.864542   28.250267 v output174/X (sky130_fd_sc_hd__clkdlybuf4s25_1)
                                                         result[43] (net)
                      0.492323    0.001114   28.251381 v result[43] (out)
                                             28.251381   data arrival time

                      0.000000   40.000000   40.000000   clock __VIRTUAL_CLK__ (rise edge)
                                  0.000000   40.000000   clock network delay (ideal)
                                 -0.250000   39.750000   clock uncertainty
                                  0.000000   39.750000   clock reconvergence pessimism
                                 -8.000000   31.750000   output external delay
                                             31.750000   data required time
---------------------------------------------------------------------------------------------
                                             31.750000   data required time
                                            -28.251381   data arrival time
---------------------------------------------------------------------------------------------
                                              3.498618   slack (MET)


Startpoint: operand_b[1] (input port clocked by __VIRTUAL_CLK__)
Endpoint: result[51] (output port clocked by __VIRTUAL_CLK__)
Path Group: __VIRTUAL_CLK__
Path Type: max

Fanout         Cap        Slew       Delay        Time   Description
---------------------------------------------------------------------------------------------
                      0.000000    0.000000    0.000000   clock __VIRTUAL_CLK__ (rise edge)
                                  0.000000    0.000000   clock network delay (ideal)
                                  8.000000    8.000000 ^ input external delay
     1    0.008500    0.070905    0.047341    8.047340 ^ operand_b[1] (in)
                                                         operand_b[1] (net)
                      0.070908    0.000000    8.047340 ^ input81/A (sky130_fd_sc_hd__clkdlybuf4s25_1)
     1    0.005794    0.116615    0.520789    8.568130 ^ input81/X (sky130_fd_sc_hd__clkdlybuf4s25_1)
                                                         net81 (net)
                      0.116615    0.000236    8.568366 ^ fanout406/A (sky130_fd_sc_hd__clkdlybuf4s25_1)
     7    0.093663    1.478227    1.561354   10.129720 ^ fanout406/X (sky130_fd_sc_hd__clkdlybuf4s25_1)
                                                         net406 (net)
                      1.478227    0.001344   10.131063 ^ fanout404/A (sky130_fd_sc_hd__clkdlybuf4s25_1)
     8    0.058635    0.933058    1.565110   11.696174 ^ fanout404/X (sky130_fd_sc_hd__clkdlybuf4s25_1)
                                                         net404 (net)
                      0.933058    0.000779   11.696952 ^ fanout402/A (sky130_fd_sc_hd__clkdlybuf4s25_1)
     3    0.027065    0.442111    1.066192   12.763144 ^ fanout402/X (sky130_fd_sc_hd__clkdlybuf4s25_1)
                                                         net402 (net)
                      0.442111    0.001388   12.764532 ^ load_slew403/A (sky130_fd_sc_hd__buf_4)
     8    0.056684    0.259575    0.532008   13.296540 ^ load_slew403/X (sky130_fd_sc_hd__buf_4)
                                                         net403 (net)
                      0.259590    0.002268   13.298808 ^ fanout400/A (sky130_fd_sc_hd__clkdlybuf4s25_1)
     5    0.046645    0.747677    1.080863   14.379671 ^ fanout400/X (sky130_fd_sc_hd__clkdlybuf4s25_1)
                                                         net400 (net)
                      0.747680    0.003067   14.382738 ^ load_slew401/A (sky130_fd_sc_hd__clkbuf_2)
     6    0.052794    0.445883    0.747623   15.130362 ^ load_slew401/X (sky130_fd_sc_hd__clkbuf_2)
                                                         net401 (net)
                      0.445897    0.003203   15.133564 ^ _3412_/B_N (sky130_fd_sc_hd__nor2b_2)
     4    0.021425    0.407960    0.640013   15.773577 ^ _3412_/Y (sky130_fd_sc_hd__nor2b_2)
                                                         _2625_ (net)
                      0.407960    0.001082   15.774658 ^ _3555_/C1 (sky130_fd_sc_hd__a221oi_2)
     5    0.020224    0.232034    0.255678   16.030336 v _3555_/Y (sky130_fd_sc_hd__a221oi_2)
                                                         _2765_ (net)
                      0.232035    0.001153   16.031490 v _3683_/A3 (sky130_fd_sc_hd__o31a_2)
     3    0.015640    0.151542    0.730095   16.761585 v _3683_/X (sky130_fd_sc_hd__o31a_2)
                                                         _2891_ (net)
                      0.151542    0.000556   16.762140 v _3686_/B (sky130_fd_sc_hd__or4_4)
     1    0.005251    0.155317    1.095224   17.857365 v _3686_/X (sky130_fd_sc_hd__or4_4)
                                                         _2894_ (net)
                      0.155317    0.000169   17.857533 v _3687_/A (sky130_fd_sc_hd__buf_6)
     8    0.036773    0.079117    0.305315   18.162848 v _3687_/X (sky130_fd_sc_hd__buf_6)
                                                         _2895_ (net)
                      0.079143    0.001403   18.164251 v _3771_/B2 (sky130_fd_sc_hd__a221o_2)
     2    0.008753    0.121337    0.750090   18.914341 v _3771_/X (sky130_fd_sc_hd__a221o_2)
                                                         _2977_ (net)
                      0.121337    0.000204   18.914545 v _3775_/A1 (sky130_fd_sc_hd__a21o_2)
     3    0.013786    0.106940    0.447129   19.361673 v _3775_/X (sky130_fd_sc_hd__a21o_2)
                                                         _2981_ (net)
                      0.106940    0.000272   19.361946 v _3857_/A2 (sky130_fd_sc_hd__a2111o_2)
     3    0.022880    0.209501    1.095833   20.457779 v _3857_/X (sky130_fd_sc_hd__a2111o_2)
                                                         _3061_ (net)
                      0.209635    0.001634   20.459412 v _3960_/A (sky130_fd_sc_hd__or4b_4)
     3    0.029802    0.232698    1.305988   21.765400 v _3960_/X (sky130_fd_sc_hd__or4b_4)
                                                         _3162_ (net)
                      0.232698    0.002204   21.767605 v _4709_/A (sky130_fd_sc_hd__nor4b_2)
     2    0.030058    1.216834    1.280643   23.048248 ^ _4709_/Y (sky130_fd_sc_hd__nor4b_2)
                                                         _0677_ (net)
                      1.216835    0.001327   23.049576 ^ _4968_/A (sky130_fd_sc_hd__and4_2)
     1    0.003114    0.112440    0.843228   23.892803 ^ _4968_/X (sky130_fd_sc_hd__and4_2)
                                                         _0930_ (net)
                      0.112440    0.000099   23.892902 ^ _4969_/A (sky130_fd_sc_hd__clkbuf_1)
     2    0.010244    0.205661    0.278884   24.171787 ^ _4969_/X (sky130_fd_sc_hd__clkbuf_1)
                                                         _0931_ (net)
                      0.205661    0.000288   24.172075 ^ wire204/A (sky130_fd_sc_hd__clkbuf_4)
     7    0.043658    0.220635    0.441968   24.614042 ^ wire204/X (sky130_fd_sc_hd__clkbuf_4)
                                                         net204 (net)
                      0.220651    0.002167   24.616211 ^ _5121_/A (sky130_fd_sc_hd__nand2_2)
     6    0.034898    0.305895    0.347640   24.963850 v _5121_/Y (sky130_fd_sc_hd__nand2_2)
                                                         _1089_ (net)
                      0.305897    0.001412   24.965263 v _5438_/A (sky130_fd_sc_hd__or3_2)
     3    0.019876    0.260606    1.427516   26.392778 v _5438_/X (sky130_fd_sc_hd__or3_2)
                                                         _1430_ (net)
                      0.260606    0.000739   26.393517 v _5540_/A1 (sky130_fd_sc_hd__a21o_2)
     1    0.002940    0.057700    0.443436   26.836952 v _5540_/X (sky130_fd_sc_hd__a21o_2)
                                                         _1539_ (net)
                      0.057700    0.000091   26.837044 v _5562_/A2 (sky130_fd_sc_hd__a21o_2)
     2    0.015614    0.116157    0.461355   27.298399 v _5562_/X (sky130_fd_sc_hd__a21o_2)
                                                         net183 (net)
                      0.116158    0.000595   27.298994 v output183/A (sky130_fd_sc_hd__clkdlybuf4s25_1)
     1    0.037861    0.509423    0.863500   28.162493 v output183/X (sky130_fd_sc_hd__clkdlybuf4s25_1)
                                                         result[51] (net)
                      0.509423    0.001362   28.163857 v result[51] (out)
                                             28.163857   data arrival time

                      0.000000   40.000000   40.000000   clock __VIRTUAL_CLK__ (rise edge)
                                  0.000000   40.000000   clock network delay (ideal)
                                 -0.250000   39.750000   clock uncertainty
                                  0.000000   39.750000   clock reconvergence pessimism
                                 -8.000000   31.750000   output external delay
                                             31.750000   data required time
---------------------------------------------------------------------------------------------
                                             31.750000   data required time
                                            -28.163857   data arrival time
---------------------------------------------------------------------------------------------
                                              3.586143   slack (MET)


Startpoint: operand_b[1] (input port clocked by __VIRTUAL_CLK__)
Endpoint: result[48] (output port clocked by __VIRTUAL_CLK__)
Path Group: __VIRTUAL_CLK__
Path Type: max

Fanout         Cap        Slew       Delay        Time   Description
---------------------------------------------------------------------------------------------
                      0.000000    0.000000    0.000000   clock __VIRTUAL_CLK__ (rise edge)
                                  0.000000    0.000000   clock network delay (ideal)
                                  8.000000    8.000000 ^ input external delay
     1    0.008500    0.070905    0.047341    8.047340 ^ operand_b[1] (in)
                                                         operand_b[1] (net)
                      0.070908    0.000000    8.047340 ^ input81/A (sky130_fd_sc_hd__clkdlybuf4s25_1)
     1    0.005794    0.116615    0.520789    8.568130 ^ input81/X (sky130_fd_sc_hd__clkdlybuf4s25_1)
                                                         net81 (net)
                      0.116615    0.000236    8.568366 ^ fanout406/A (sky130_fd_sc_hd__clkdlybuf4s25_1)
     7    0.093663    1.478227    1.561354   10.129720 ^ fanout406/X (sky130_fd_sc_hd__clkdlybuf4s25_1)
                                                         net406 (net)
                      1.478227    0.001344   10.131063 ^ fanout404/A (sky130_fd_sc_hd__clkdlybuf4s25_1)
     8    0.058635    0.933058    1.565110   11.696174 ^ fanout404/X (sky130_fd_sc_hd__clkdlybuf4s25_1)
                                                         net404 (net)
                      0.933058    0.000779   11.696952 ^ fanout402/A (sky130_fd_sc_hd__clkdlybuf4s25_1)
     3    0.027065    0.442111    1.066192   12.763144 ^ fanout402/X (sky130_fd_sc_hd__clkdlybuf4s25_1)
                                                         net402 (net)
                      0.442111    0.001388   12.764532 ^ load_slew403/A (sky130_fd_sc_hd__buf_4)
     8    0.056684    0.259575    0.532008   13.296540 ^ load_slew403/X (sky130_fd_sc_hd__buf_4)
                                                         net403 (net)
                      0.259590    0.002268   13.298808 ^ fanout400/A (sky130_fd_sc_hd__clkdlybuf4s25_1)
     5    0.046645    0.747677    1.080863   14.379671 ^ fanout400/X (sky130_fd_sc_hd__clkdlybuf4s25_1)
                                                         net400 (net)
                      0.747680    0.003067   14.382738 ^ load_slew401/A (sky130_fd_sc_hd__clkbuf_2)
     6    0.052794    0.445883    0.747623   15.130362 ^ load_slew401/X (sky130_fd_sc_hd__clkbuf_2)
                                                         net401 (net)
                      0.445897    0.003203   15.133564 ^ _3412_/B_N (sky130_fd_sc_hd__nor2b_2)
     4    0.021425    0.407960    0.640013   15.773577 ^ _3412_/Y (sky130_fd_sc_hd__nor2b_2)
                                                         _2625_ (net)
                      0.407960    0.001082   15.774658 ^ _3555_/C1 (sky130_fd_sc_hd__a221oi_2)
     5    0.020224    0.232034    0.255678   16.030336 v _3555_/Y (sky130_fd_sc_hd__a221oi_2)
                                                         _2765_ (net)
                      0.232035    0.001153   16.031490 v _3683_/A3 (sky130_fd_sc_hd__o31a_2)
     3    0.015640    0.151542    0.730095   16.761585 v _3683_/X (sky130_fd_sc_hd__o31a_2)
                                                         _2891_ (net)
                      0.151542    0.000556   16.762140 v _3686_/B (sky130_fd_sc_hd__or4_4)
     1    0.005251    0.155317    1.095224   17.857365 v _3686_/X (sky130_fd_sc_hd__or4_4)
                                                         _2894_ (net)
                      0.155317    0.000169   17.857533 v _3687_/A (sky130_fd_sc_hd__buf_6)
     8    0.036773    0.079117    0.305315   18.162848 v _3687_/X (sky130_fd_sc_hd__buf_6)
                                                         _2895_ (net)
                      0.079143    0.001403   18.164251 v _3771_/B2 (sky130_fd_sc_hd__a221o_2)
     2    0.008753    0.121337    0.750090   18.914341 v _3771_/X (sky130_fd_sc_hd__a221o_2)
                                                         _2977_ (net)
                      0.121337    0.000204   18.914545 v _3775_/A1 (sky130_fd_sc_hd__a21o_2)
     3    0.013786    0.106940    0.447129   19.361673 v _3775_/X (sky130_fd_sc_hd__a21o_2)
                                                         _2981_ (net)
                      0.106940    0.000272   19.361946 v _3857_/A2 (sky130_fd_sc_hd__a2111o_2)
     3    0.022880    0.209501    1.095833   20.457779 v _3857_/X (sky130_fd_sc_hd__a2111o_2)
                                                         _3061_ (net)
                      0.209635    0.001634   20.459412 v _3960_/A (sky130_fd_sc_hd__or4b_4)
     3    0.029802    0.232698    1.305988   21.765400 v _3960_/X (sky130_fd_sc_hd__or4b_4)
                                                         _3162_ (net)
                      0.232698    0.002204   21.767605 v _4709_/A (sky130_fd_sc_hd__nor4b_2)
     2    0.030058    1.216834    1.280643   23.048248 ^ _4709_/Y (sky130_fd_sc_hd__nor4b_2)
                                                         _0677_ (net)
                      1.216835    0.001327   23.049576 ^ _4968_/A (sky130_fd_sc_hd__and4_2)
     1    0.003114    0.112440    0.843228   23.892803 ^ _4968_/X (sky130_fd_sc_hd__and4_2)
                                                         _0930_ (net)
                      0.112440    0.000099   23.892902 ^ _4969_/A (sky130_fd_sc_hd__clkbuf_1)
     2    0.010244    0.205661    0.278884   24.171787 ^ _4969_/X (sky130_fd_sc_hd__clkbuf_1)
                                                         _0931_ (net)
                      0.205661    0.000288   24.172075 ^ wire204/A (sky130_fd_sc_hd__clkbuf_4)
     7    0.043658    0.220635    0.441968   24.614042 ^ wire204/X (sky130_fd_sc_hd__clkbuf_4)
                                                         net204 (net)
                      0.220651    0.002167   24.616211 ^ _5121_/A (sky130_fd_sc_hd__nand2_2)
     6    0.034898    0.305895    0.347640   24.963850 v _5121_/Y (sky130_fd_sc_hd__nand2_2)
                                                         _1089_ (net)
                      0.305897    0.001412   24.965263 v _5438_/A (sky130_fd_sc_hd__or3_2)
     3    0.019876    0.260606    1.427516   26.392778 v _5438_/X (sky130_fd_sc_hd__or3_2)
                                                         _1430_ (net)
                      0.260606    0.000467   26.393246 v _5439_/B (sky130_fd_sc_hd__nand2_2)
     1    0.003568    0.086480    0.189182   26.582428 ^ _5439_/Y (sky130_fd_sc_hd__nand2_2)
                                                         _1431_ (net)
                      0.086480    0.000115   26.582542 ^ _5453_/B1 (sky130_fd_sc_hd__a221o_2)
     2    0.015674    0.165082    0.389253   26.971796 ^ _5453_/X (sky130_fd_sc_hd__a221o_2)
                                                         net179 (net)
                      0.165083    0.000671   26.972467 ^ output179/A (sky130_fd_sc_hd__clkdlybuf4s25_1)
     1    0.035582    0.573772    0.911713   27.884182 ^ output179/X (sky130_fd_sc_hd__clkdlybuf4s25_1)
                                                         result[48] (net)
                      0.573772    0.000815   27.884996 ^ result[48] (out)
                                             27.884996   data arrival time

                      0.000000   40.000000   40.000000   clock __VIRTUAL_CLK__ (rise edge)
                                  0.000000   40.000000   clock network delay (ideal)
                                 -0.250000   39.750000   clock uncertainty
                                  0.000000   39.750000   clock reconvergence pessimism
                                 -8.000000   31.750000   output external delay
                                             31.750000   data required time
---------------------------------------------------------------------------------------------
                                             31.750000   data required time
                                            -27.884996   data arrival time
---------------------------------------------------------------------------------------------
                                              3.865003   slack (MET)


Startpoint: operand_b[1] (input port clocked by __VIRTUAL_CLK__)
Endpoint: result[34] (output port clocked by __VIRTUAL_CLK__)
Path Group: __VIRTUAL_CLK__
Path Type: max

Fanout         Cap        Slew       Delay        Time   Description
---------------------------------------------------------------------------------------------
                      0.000000    0.000000    0.000000   clock __VIRTUAL_CLK__ (rise edge)
                                  0.000000    0.000000   clock network delay (ideal)
                                  8.000000    8.000000 ^ input external delay
     1    0.008500    0.070905    0.047341    8.047340 ^ operand_b[1] (in)
                                                         operand_b[1] (net)
                      0.070908    0.000000    8.047340 ^ input81/A (sky130_fd_sc_hd__clkdlybuf4s25_1)
     1    0.005794    0.116615    0.520789    8.568130 ^ input81/X (sky130_fd_sc_hd__clkdlybuf4s25_1)
                                                         net81 (net)
                      0.116615    0.000236    8.568366 ^ fanout406/A (sky130_fd_sc_hd__clkdlybuf4s25_1)
     7    0.093663    1.478227    1.561354   10.129720 ^ fanout406/X (sky130_fd_sc_hd__clkdlybuf4s25_1)
                                                         net406 (net)
                      1.478227    0.001344   10.131063 ^ fanout404/A (sky130_fd_sc_hd__clkdlybuf4s25_1)
     8    0.058635    0.933058    1.565110   11.696174 ^ fanout404/X (sky130_fd_sc_hd__clkdlybuf4s25_1)
                                                         net404 (net)
                      0.933058    0.000779   11.696952 ^ fanout402/A (sky130_fd_sc_hd__clkdlybuf4s25_1)
     3    0.027065    0.442111    1.066192   12.763144 ^ fanout402/X (sky130_fd_sc_hd__clkdlybuf4s25_1)
                                                         net402 (net)
                      0.442111    0.001388   12.764532 ^ load_slew403/A (sky130_fd_sc_hd__buf_4)
     8    0.056684    0.259575    0.532008   13.296540 ^ load_slew403/X (sky130_fd_sc_hd__buf_4)
                                                         net403 (net)
                      0.259590    0.002268   13.298808 ^ fanout400/A (sky130_fd_sc_hd__clkdlybuf4s25_1)
     5    0.046645    0.747677    1.080863   14.379671 ^ fanout400/X (sky130_fd_sc_hd__clkdlybuf4s25_1)
                                                         net400 (net)
                      0.747680    0.003067   14.382738 ^ load_slew401/A (sky130_fd_sc_hd__clkbuf_2)
     6    0.052794    0.445883    0.747623   15.130362 ^ load_slew401/X (sky130_fd_sc_hd__clkbuf_2)
                                                         net401 (net)
                      0.445897    0.003203   15.133564 ^ _3412_/B_N (sky130_fd_sc_hd__nor2b_2)
     4    0.021425    0.407960    0.640013   15.773577 ^ _3412_/Y (sky130_fd_sc_hd__nor2b_2)
                                                         _2625_ (net)
                      0.407960    0.001082   15.774658 ^ _3555_/C1 (sky130_fd_sc_hd__a221oi_2)
     5    0.020224    0.232034    0.255678   16.030336 v _3555_/Y (sky130_fd_sc_hd__a221oi_2)
                                                         _2765_ (net)
                      0.232035    0.001153   16.031490 v _3683_/A3 (sky130_fd_sc_hd__o31a_2)
     3    0.015640    0.151542    0.730095   16.761585 v _3683_/X (sky130_fd_sc_hd__o31a_2)
                                                         _2891_ (net)
                      0.151544    0.000806   16.762390 v _4087_/A2 (sky130_fd_sc_hd__o41a_2)
     4    0.045430    0.316031    1.249928   18.012320 v _4087_/X (sky130_fd_sc_hd__o41a_2)
                                                         _0069_ (net)
                      0.316044    0.002364   18.014683 v _4441_/A3 (sky130_fd_sc_hd__o31ai_4)
     1    0.011144    0.354117    0.463556   18.478239 ^ _4441_/Y (sky130_fd_sc_hd__o31ai_4)
                                                         _0415_ (net)
                      0.354117    0.000604   18.478844 ^ wire248/A (sky130_fd_sc_hd__buf_2)
     5    0.048615    0.380008    0.566541   19.045385 ^ wire248/X (sky130_fd_sc_hd__buf_2)
                                                         net248 (net)
                      0.380075    0.005228   19.050611 ^ _4442_/A (sky130_fd_sc_hd__clkbuf_1)
     5    0.027343    0.516177    0.605239   19.655851 ^ _4442_/X (sky130_fd_sc_hd__clkbuf_1)
                                                         _0416_ (net)
                      0.516177    0.000680   19.656530 ^ max_cap234/A (sky130_fd_sc_hd__buf_2)
     6    0.038519    0.305327    0.578291   20.234823 ^ max_cap234/X (sky130_fd_sc_hd__buf_2)
                                                         net234 (net)
                      0.305337    0.002210   20.237032 ^ _4443_/B (sky130_fd_sc_hd__nand2_2)
     9    0.045865    0.395463    0.457604   20.694635 v _4443_/Y (sky130_fd_sc_hd__nand2_2)
                                                         _0417_ (net)
                      0.395463    0.000917   20.695553 v _4541_/S (sky130_fd_sc_hd__mux2_2)
     1    0.005964    0.108380    0.743196   21.438747 v _4541_/X (sky130_fd_sc_hd__mux2_2)
                                                         _0513_ (net)
                      0.108380    0.000211   21.438959 v _4542_/B1 (sky130_fd_sc_hd__o31ai_2)
     3    0.007395    0.375585    0.137632   21.576591 ^ _4542_/Y (sky130_fd_sc_hd__o31ai_2)
                                                         _0514_ (net)
                      0.375585    0.000190   21.576782 ^ _4586_/D_N (sky130_fd_sc_hd__or4b_2)
     4    0.026364    0.358236    1.825690   23.402472 v _4586_/X (sky130_fd_sc_hd__or4b_2)
                                                         _0557_ (net)
                      0.358236    0.001513   23.403986 v _4668_/C (sky130_fd_sc_hd__nor4_2)
     3    0.011754    0.598928    0.720462   24.124447 ^ _4668_/Y (sky130_fd_sc_hd__nor4_2)
                                                         _0637_ (net)
                      0.598928    0.000435   24.124882 ^ _4857_/D_N (sky130_fd_sc_hd__or4bb_2)
     2    0.016126    0.301867    1.632794   25.757675 v _4857_/X (sky130_fd_sc_hd__or4bb_2)
                                                         _0822_ (net)
                      0.301867    0.000677   25.758352 v _4874_/A (sky130_fd_sc_hd__xnor2_2)
     1    0.003193    0.127961    0.343110   26.101463 v _4874_/Y (sky130_fd_sc_hd__xnor2_2)
                                                         _0838_ (net)
                      0.127961    0.000099   26.101562 v _4893_/B1 (sky130_fd_sc_hd__a221o_2)
     2    0.014792    0.154328    0.764322   26.865885 v _4893_/X (sky130_fd_sc_hd__a221o_2)
                                                         net164 (net)
                      0.154328    0.000545   26.866430 v output164/A (sky130_fd_sc_hd__clkdlybuf4s25_1)
     1    0.036962    0.497884    0.872896   27.739326 v output164/X (sky130_fd_sc_hd__clkdlybuf4s25_1)
                                                         result[34] (net)
                      0.497884    0.001357   27.740683 v result[34] (out)
                                             27.740683   data arrival time

                      0.000000   40.000000   40.000000   clock __VIRTUAL_CLK__ (rise edge)
                                  0.000000   40.000000   clock network delay (ideal)
                                 -0.250000   39.750000   clock uncertainty
                                  0.000000   39.750000   clock reconvergence pessimism
                                 -8.000000   31.750000   output external delay
                                             31.750000   data required time
---------------------------------------------------------------------------------------------
                                             31.750000   data required time
                                            -27.740683   data arrival time
---------------------------------------------------------------------------------------------
                                              4.009315   slack (MET)


Startpoint: operand_b[1] (input port clocked by __VIRTUAL_CLK__)
Endpoint: result[39] (output port clocked by __VIRTUAL_CLK__)
Path Group: __VIRTUAL_CLK__
Path Type: max

Fanout         Cap        Slew       Delay        Time   Description
---------------------------------------------------------------------------------------------
                      0.000000    0.000000    0.000000   clock __VIRTUAL_CLK__ (rise edge)
                                  0.000000    0.000000   clock network delay (ideal)
                                  8.000000    8.000000 ^ input external delay
     1    0.008500    0.070905    0.047341    8.047340 ^ operand_b[1] (in)
                                                         operand_b[1] (net)
                      0.070908    0.000000    8.047340 ^ input81/A (sky130_fd_sc_hd__clkdlybuf4s25_1)
     1    0.005794    0.116615    0.520789    8.568130 ^ input81/X (sky130_fd_sc_hd__clkdlybuf4s25_1)
                                                         net81 (net)
                      0.116615    0.000236    8.568366 ^ fanout406/A (sky130_fd_sc_hd__clkdlybuf4s25_1)
     7    0.093663    1.478227    1.561354   10.129720 ^ fanout406/X (sky130_fd_sc_hd__clkdlybuf4s25_1)
                                                         net406 (net)
                      1.478227    0.001344   10.131063 ^ fanout404/A (sky130_fd_sc_hd__clkdlybuf4s25_1)
     8    0.058635    0.933058    1.565110   11.696174 ^ fanout404/X (sky130_fd_sc_hd__clkdlybuf4s25_1)
                                                         net404 (net)
                      0.933058    0.000779   11.696952 ^ fanout402/A (sky130_fd_sc_hd__clkdlybuf4s25_1)
     3    0.027065    0.442111    1.066192   12.763144 ^ fanout402/X (sky130_fd_sc_hd__clkdlybuf4s25_1)
                                                         net402 (net)
                      0.442111    0.001388   12.764532 ^ load_slew403/A (sky130_fd_sc_hd__buf_4)
     8    0.056684    0.259575    0.532008   13.296540 ^ load_slew403/X (sky130_fd_sc_hd__buf_4)
                                                         net403 (net)
                      0.259590    0.002268   13.298808 ^ fanout400/A (sky130_fd_sc_hd__clkdlybuf4s25_1)
     5    0.046645    0.747677    1.080863   14.379671 ^ fanout400/X (sky130_fd_sc_hd__clkdlybuf4s25_1)
                                                         net400 (net)
                      0.747680    0.003067   14.382738 ^ load_slew401/A (sky130_fd_sc_hd__clkbuf_2)
     6    0.052794    0.445883    0.747623   15.130362 ^ load_slew401/X (sky130_fd_sc_hd__clkbuf_2)
                                                         net401 (net)
                      0.445897    0.003203   15.133564 ^ _3412_/B_N (sky130_fd_sc_hd__nor2b_2)
     4    0.021425    0.407960    0.640013   15.773577 ^ _3412_/Y (sky130_fd_sc_hd__nor2b_2)
                                                         _2625_ (net)
                      0.407960    0.001082   15.774658 ^ _3555_/C1 (sky130_fd_sc_hd__a221oi_2)
     5    0.020224    0.232034    0.255678   16.030336 v _3555_/Y (sky130_fd_sc_hd__a221oi_2)
                                                         _2765_ (net)
                      0.232035    0.001153   16.031490 v _3683_/A3 (sky130_fd_sc_hd__o31a_2)
     3    0.015640    0.151542    0.730095   16.761585 v _3683_/X (sky130_fd_sc_hd__o31a_2)
                                                         _2891_ (net)
                      0.151544    0.000806   16.762390 v _4087_/A2 (sky130_fd_sc_hd__o41a_2)
     4    0.045430    0.316031    1.249928   18.012320 v _4087_/X (sky130_fd_sc_hd__o41a_2)
                                                         _0069_ (net)
                      0.316044    0.002364   18.014683 v _4441_/A3 (sky130_fd_sc_hd__o31ai_4)
     1    0.011144    0.354117    0.463556   18.478239 ^ _4441_/Y (sky130_fd_sc_hd__o31ai_4)
                                                         _0415_ (net)
                      0.354117    0.000604   18.478844 ^ wire248/A (sky130_fd_sc_hd__buf_2)
     5    0.048615    0.380008    0.566541   19.045385 ^ wire248/X (sky130_fd_sc_hd__buf_2)
                                                         net248 (net)
                      0.380075    0.005228   19.050611 ^ _4442_/A (sky130_fd_sc_hd__clkbuf_1)
     5    0.027343    0.516177    0.605239   19.655851 ^ _4442_/X (sky130_fd_sc_hd__clkbuf_1)
                                                         _0416_ (net)
                      0.516177    0.000680   19.656530 ^ max_cap234/A (sky130_fd_sc_hd__buf_2)
     6    0.038519    0.305327    0.578291   20.234823 ^ max_cap234/X (sky130_fd_sc_hd__buf_2)
                                                         net234 (net)
                      0.305337    0.002210   20.237032 ^ _4443_/B (sky130_fd_sc_hd__nand2_2)
     9    0.045865    0.395463    0.457604   20.694635 v _4443_/Y (sky130_fd_sc_hd__nand2_2)
                                                         _0417_ (net)
                      0.395463    0.000917   20.695553 v _4541_/S (sky130_fd_sc_hd__mux2_2)
     1    0.005964    0.108380    0.743196   21.438747 v _4541_/X (sky130_fd_sc_hd__mux2_2)
                                                         _0513_ (net)
                      0.108380    0.000211   21.438959 v _4542_/B1 (sky130_fd_sc_hd__o31ai_2)
     3    0.007395    0.375585    0.137632   21.576591 ^ _4542_/Y (sky130_fd_sc_hd__o31ai_2)
                                                         _0514_ (net)
                      0.375585    0.000190   21.576782 ^ _4586_/D_N (sky130_fd_sc_hd__or4b_2)
     4    0.026364    0.358236    1.825690   23.402472 v _4586_/X (sky130_fd_sc_hd__or4b_2)
                                                         _0557_ (net)
                      0.358237    0.001627   23.404099 v _4743_/C (sky130_fd_sc_hd__or4b_4)
     6    0.042319    0.260319    1.303441   24.707541 v _4743_/X (sky130_fd_sc_hd__or4b_4)
                                                         _0710_ (net)
                      0.260334    0.002348   24.709888 v _5076_/A (sky130_fd_sc_hd__or3_2)
     1    0.004355    0.171367    1.245155   25.955044 v _5076_/X (sky130_fd_sc_hd__or3_2)
                                                         _1041_ (net)
                      0.171367    0.000151   25.955194 v _5106_/A3 (sky130_fd_sc_hd__a31o_2)
     2    0.031855    0.181581    0.651207   26.606401 v _5106_/X (sky130_fd_sc_hd__a31o_2)
                                                         net169 (net)
                      0.181589    0.001473   26.607874 v output169/A (sky130_fd_sc_hd__clkdlybuf4s25_1)
     1    0.036409    0.491012    0.880579   27.488453 v output169/X (sky130_fd_sc_hd__clkdlybuf4s25_1)
                                                         result[39] (net)
                      0.491012    0.001254   27.489708 v result[39] (out)
                                             27.489708   data arrival time

                      0.000000   40.000000   40.000000   clock __VIRTUAL_CLK__ (rise edge)
                                  0.000000   40.000000   clock network delay (ideal)
                                 -0.250000   39.750000   clock uncertainty
                                  0.000000   39.750000   clock reconvergence pessimism
                                 -8.000000   31.750000   output external delay
                                             31.750000   data required time
---------------------------------------------------------------------------------------------
                                             31.750000   data required time
                                            -27.489708   data arrival time
---------------------------------------------------------------------------------------------
                                              4.260292   slack (MET)


Startpoint: operand_b[1] (input port clocked by __VIRTUAL_CLK__)
Endpoint: result[52] (output port clocked by __VIRTUAL_CLK__)
Path Group: __VIRTUAL_CLK__
Path Type: max

Fanout         Cap        Slew       Delay        Time   Description
---------------------------------------------------------------------------------------------
                      0.000000    0.000000    0.000000   clock __VIRTUAL_CLK__ (rise edge)
                                  0.000000    0.000000   clock network delay (ideal)
                                  8.000000    8.000000 ^ input external delay
     1    0.008500    0.070905    0.047341    8.047340 ^ operand_b[1] (in)
                                                         operand_b[1] (net)
                      0.070908    0.000000    8.047340 ^ input81/A (sky130_fd_sc_hd__clkdlybuf4s25_1)
     1    0.005794    0.116615    0.520789    8.568130 ^ input81/X (sky130_fd_sc_hd__clkdlybuf4s25_1)
                                                         net81 (net)
                      0.116615    0.000236    8.568366 ^ fanout406/A (sky130_fd_sc_hd__clkdlybuf4s25_1)
     7    0.093663    1.478227    1.561354   10.129720 ^ fanout406/X (sky130_fd_sc_hd__clkdlybuf4s25_1)
                                                         net406 (net)
                      1.478227    0.001344   10.131063 ^ fanout404/A (sky130_fd_sc_hd__clkdlybuf4s25_1)
     8    0.058635    0.933058    1.565110   11.696174 ^ fanout404/X (sky130_fd_sc_hd__clkdlybuf4s25_1)
                                                         net404 (net)
                      0.933058    0.000779   11.696952 ^ fanout402/A (sky130_fd_sc_hd__clkdlybuf4s25_1)
     3    0.027065    0.442111    1.066192   12.763144 ^ fanout402/X (sky130_fd_sc_hd__clkdlybuf4s25_1)
                                                         net402 (net)
                      0.442111    0.001388   12.764532 ^ load_slew403/A (sky130_fd_sc_hd__buf_4)
     8    0.056684    0.259575    0.532008   13.296540 ^ load_slew403/X (sky130_fd_sc_hd__buf_4)
                                                         net403 (net)
                      0.259590    0.002268   13.298808 ^ fanout400/A (sky130_fd_sc_hd__clkdlybuf4s25_1)
     5    0.046645    0.747677    1.080863   14.379671 ^ fanout400/X (sky130_fd_sc_hd__clkdlybuf4s25_1)
                                                         net400 (net)
                      0.747680    0.003067   14.382738 ^ load_slew401/A (sky130_fd_sc_hd__clkbuf_2)
     6    0.052794    0.445883    0.747623   15.130362 ^ load_slew401/X (sky130_fd_sc_hd__clkbuf_2)
                                                         net401 (net)
                      0.445897    0.003203   15.133564 ^ _3412_/B_N (sky130_fd_sc_hd__nor2b_2)
     4    0.021425    0.407960    0.640013   15.773577 ^ _3412_/Y (sky130_fd_sc_hd__nor2b_2)
                                                         _2625_ (net)
                      0.407960    0.001082   15.774658 ^ _3555_/C1 (sky130_fd_sc_hd__a221oi_2)
     5    0.020224    0.232034    0.255678   16.030336 v _3555_/Y (sky130_fd_sc_hd__a221oi_2)
                                                         _2765_ (net)
                      0.232035    0.001153   16.031490 v _3683_/A3 (sky130_fd_sc_hd__o31a_2)
     3    0.015640    0.151542    0.730095   16.761585 v _3683_/X (sky130_fd_sc_hd__o31a_2)
                                                         _2891_ (net)
                      0.151542    0.000556   16.762140 v _3686_/B (sky130_fd_sc_hd__or4_4)
     1    0.005251    0.155317    1.095224   17.857365 v _3686_/X (sky130_fd_sc_hd__or4_4)
                                                         _2894_ (net)
                      0.155317    0.000169   17.857533 v _3687_/A (sky130_fd_sc_hd__buf_6)
     8    0.036773    0.079117    0.305315   18.162848 v _3687_/X (sky130_fd_sc_hd__buf_6)
                                                         _2895_ (net)
                      0.079143    0.001403   18.164251 v _3771_/B2 (sky130_fd_sc_hd__a221o_2)
     2    0.008753    0.121337    0.750090   18.914341 v _3771_/X (sky130_fd_sc_hd__a221o_2)
                                                         _2977_ (net)
                      0.121337    0.000204   18.914545 v _3775_/A1 (sky130_fd_sc_hd__a21o_2)
     3    0.013786    0.106940    0.447129   19.361673 v _3775_/X (sky130_fd_sc_hd__a21o_2)
                                                         _2981_ (net)
                      0.106940    0.000272   19.361946 v _3857_/A2 (sky130_fd_sc_hd__a2111o_2)
     3    0.022880    0.209501    1.095833   20.457779 v _3857_/X (sky130_fd_sc_hd__a2111o_2)
                                                         _3061_ (net)
                      0.209635    0.001634   20.459412 v _3960_/A (sky130_fd_sc_hd__or4b_4)
     3    0.029802    0.232698    1.305988   21.765400 v _3960_/X (sky130_fd_sc_hd__or4b_4)
                                                         _3162_ (net)
                      0.232698    0.002204   21.767605 v _4709_/A (sky130_fd_sc_hd__nor4b_2)
     2    0.030058    1.216834    1.280643   23.048248 ^ _4709_/Y (sky130_fd_sc_hd__nor4b_2)
                                                         _0677_ (net)
                      1.216835    0.001327   23.049576 ^ _4968_/A (sky130_fd_sc_hd__and4_2)
     1    0.003114    0.112440    0.843228   23.892803 ^ _4968_/X (sky130_fd_sc_hd__and4_2)
                                                         _0930_ (net)
                      0.112440    0.000099   23.892902 ^ _4969_/A (sky130_fd_sc_hd__clkbuf_1)
     2    0.010244    0.205661    0.278884   24.171787 ^ _4969_/X (sky130_fd_sc_hd__clkbuf_1)
                                                         _0931_ (net)
                      0.205661    0.000288   24.172075 ^ wire204/A (sky130_fd_sc_hd__clkbuf_4)
     7    0.043658    0.220635    0.441968   24.614042 ^ wire204/X (sky130_fd_sc_hd__clkbuf_4)
                                                         net204 (net)
                      0.220660    0.002585   24.616627 ^ _5573_/A (sky130_fd_sc_hd__and4_2)
     3    0.029181    0.293589    0.708528   25.325155 ^ _5573_/X (sky130_fd_sc_hd__and4_2)
                                                         _1574_ (net)
                      0.293596    0.001975   25.327131 ^ _5574_/A (sky130_fd_sc_hd__xor2_2)
     1    0.003216    0.101950    0.210072   25.537203 v _5574_/X (sky130_fd_sc_hd__xor2_2)
                                                         _1575_ (net)
                      0.101950    0.000103   25.537306 v _5596_/B1 (sky130_fd_sc_hd__a221o_2)
     2    0.046447    0.285080    0.907857   26.445164 v _5596_/X (sky130_fd_sc_hd__a221o_2)
                                                         net184 (net)
                      0.285088    0.001830   26.446993 v output184/A (sky130_fd_sc_hd__clkdlybuf4s25_1)
     1    0.038194    0.513799    0.940620   27.387613 v output184/X (sky130_fd_sc_hd__clkdlybuf4s25_1)
                                                         result[52] (net)
                      0.513799    0.001537   27.389149 v result[52] (out)
                                             27.389149   data arrival time

                      0.000000   40.000000   40.000000   clock __VIRTUAL_CLK__ (rise edge)
                                  0.000000   40.000000   clock network delay (ideal)
                                 -0.250000   39.750000   clock uncertainty
                                  0.000000   39.750000   clock reconvergence pessimism
                                 -8.000000   31.750000   output external delay
                                             31.750000   data required time
---------------------------------------------------------------------------------------------
                                             31.750000   data required time
                                            -27.389149   data arrival time
---------------------------------------------------------------------------------------------
                                              4.360849   slack (MET)


Startpoint: operand_b[1] (input port clocked by __VIRTUAL_CLK__)
Endpoint: result[33] (output port clocked by __VIRTUAL_CLK__)
Path Group: __VIRTUAL_CLK__
Path Type: max

Fanout         Cap        Slew       Delay        Time   Description
---------------------------------------------------------------------------------------------
                      0.000000    0.000000    0.000000   clock __VIRTUAL_CLK__ (rise edge)
                                  0.000000    0.000000   clock network delay (ideal)
                                  8.000000    8.000000 ^ input external delay
     1    0.008500    0.070905    0.047341    8.047340 ^ operand_b[1] (in)
                                                         operand_b[1] (net)
                      0.070908    0.000000    8.047340 ^ input81/A (sky130_fd_sc_hd__clkdlybuf4s25_1)
     1    0.005794    0.116615    0.520789    8.568130 ^ input81/X (sky130_fd_sc_hd__clkdlybuf4s25_1)
                                                         net81 (net)
                      0.116615    0.000236    8.568366 ^ fanout406/A (sky130_fd_sc_hd__clkdlybuf4s25_1)
     7    0.093663    1.478227    1.561354   10.129720 ^ fanout406/X (sky130_fd_sc_hd__clkdlybuf4s25_1)
                                                         net406 (net)
                      1.478227    0.001344   10.131063 ^ fanout404/A (sky130_fd_sc_hd__clkdlybuf4s25_1)
     8    0.058635    0.933058    1.565110   11.696174 ^ fanout404/X (sky130_fd_sc_hd__clkdlybuf4s25_1)
                                                         net404 (net)
                      0.933058    0.000779   11.696952 ^ fanout402/A (sky130_fd_sc_hd__clkdlybuf4s25_1)
     3    0.027065    0.442111    1.066192   12.763144 ^ fanout402/X (sky130_fd_sc_hd__clkdlybuf4s25_1)
                                                         net402 (net)
                      0.442111    0.001388   12.764532 ^ load_slew403/A (sky130_fd_sc_hd__buf_4)
     8    0.056684    0.259575    0.532008   13.296540 ^ load_slew403/X (sky130_fd_sc_hd__buf_4)
                                                         net403 (net)
                      0.259590    0.002268   13.298808 ^ fanout400/A (sky130_fd_sc_hd__clkdlybuf4s25_1)
     5    0.046645    0.747677    1.080863   14.379671 ^ fanout400/X (sky130_fd_sc_hd__clkdlybuf4s25_1)
                                                         net400 (net)
                      0.747680    0.003067   14.382738 ^ load_slew401/A (sky130_fd_sc_hd__clkbuf_2)
     6    0.052794    0.445883    0.747623   15.130362 ^ load_slew401/X (sky130_fd_sc_hd__clkbuf_2)
                                                         net401 (net)
                      0.445897    0.003203   15.133564 ^ _3412_/B_N (sky130_fd_sc_hd__nor2b_2)
     4    0.021425    0.407960    0.640013   15.773577 ^ _3412_/Y (sky130_fd_sc_hd__nor2b_2)
                                                         _2625_ (net)
                      0.407960    0.001082   15.774658 ^ _3555_/C1 (sky130_fd_sc_hd__a221oi_2)
     5    0.020224    0.232034    0.255678   16.030336 v _3555_/Y (sky130_fd_sc_hd__a221oi_2)
                                                         _2765_ (net)
                      0.232035    0.001153   16.031490 v _3683_/A3 (sky130_fd_sc_hd__o31a_2)
     3    0.015640    0.151542    0.730095   16.761585 v _3683_/X (sky130_fd_sc_hd__o31a_2)
                                                         _2891_ (net)
                      0.151544    0.000806   16.762390 v _4087_/A2 (sky130_fd_sc_hd__o41a_2)
     4    0.045430    0.316031    1.249928   18.012320 v _4087_/X (sky130_fd_sc_hd__o41a_2)
                                                         _0069_ (net)
                      0.316044    0.002364   18.014683 v _4441_/A3 (sky130_fd_sc_hd__o31ai_4)
     1    0.011144    0.354117    0.463556   18.478239 ^ _4441_/Y (sky130_fd_sc_hd__o31ai_4)
                                                         _0415_ (net)
                      0.354117    0.000604   18.478844 ^ wire248/A (sky130_fd_sc_hd__buf_2)
     5    0.048615    0.380008    0.566541   19.045385 ^ wire248/X (sky130_fd_sc_hd__buf_2)
                                                         net248 (net)
                      0.380075    0.005228   19.050611 ^ _4442_/A (sky130_fd_sc_hd__clkbuf_1)
     5    0.027343    0.516177    0.605239   19.655851 ^ _4442_/X (sky130_fd_sc_hd__clkbuf_1)
                                                         _0416_ (net)
                      0.516177    0.000680   19.656530 ^ max_cap234/A (sky130_fd_sc_hd__buf_2)
     6    0.038519    0.305327    0.578291   20.234823 ^ max_cap234/X (sky130_fd_sc_hd__buf_2)
                                                         net234 (net)
                      0.305337    0.002210   20.237032 ^ _4443_/B (sky130_fd_sc_hd__nand2_2)
     9    0.045865    0.395463    0.457604   20.694635 v _4443_/Y (sky130_fd_sc_hd__nand2_2)
                                                         _0417_ (net)
                      0.395463    0.000917   20.695553 v _4541_/S (sky130_fd_sc_hd__mux2_2)
     1    0.005964    0.108380    0.743196   21.438747 v _4541_/X (sky130_fd_sc_hd__mux2_2)
                                                         _0513_ (net)
                      0.108380    0.000211   21.438959 v _4542_/B1 (sky130_fd_sc_hd__o31ai_2)
     3    0.007395    0.375585    0.137632   21.576591 ^ _4542_/Y (sky130_fd_sc_hd__o31ai_2)
                                                         _0514_ (net)
                      0.375585    0.000190   21.576782 ^ _4586_/D_N (sky130_fd_sc_hd__or4b_2)
     4    0.026364    0.358236    1.825690   23.402472 v _4586_/X (sky130_fd_sc_hd__or4b_2)
                                                         _0557_ (net)
                      0.358236    0.001513   23.403986 v _4668_/C (sky130_fd_sc_hd__nor4_2)
     3    0.011754    0.598928    0.720462   24.124447 ^ _4668_/Y (sky130_fd_sc_hd__nor4_2)
                                                         _0637_ (net)
                      0.598928    0.000435   24.124882 ^ _4857_/D_N (sky130_fd_sc_hd__or4bb_2)
     2    0.016126    0.301867    1.632794   25.757675 v _4857_/X (sky130_fd_sc_hd__or4bb_2)
                                                         _0822_ (net)
                      0.301867    0.000455   25.758131 v _4858_/A2 (sky130_fd_sc_hd__a21oi_2)
     1    0.002765    0.213728    0.315515   26.073645 ^ _4858_/Y (sky130_fd_sc_hd__a21oi_2)
                                                         _0823_ (net)
                      0.213728    0.000083   26.073729 ^ _4859_/C1 (sky130_fd_sc_hd__a311o_2)
     2    0.013675    0.157406    0.328781   26.402510 ^ _4859_/X (sky130_fd_sc_hd__a311o_2)
                                                         net163 (net)
                      0.157406    0.000522   26.403032 ^ output163/A (sky130_fd_sc_hd__clkdlybuf4s25_1)
     1    0.038397    0.618190    0.940201   27.343233 ^ output163/X (sky130_fd_sc_hd__clkdlybuf4s25_1)
                                                         result[33] (net)
                      0.618190    0.001645   27.344877 ^ result[33] (out)
                                             27.344877   data arrival time

                      0.000000   40.000000   40.000000   clock __VIRTUAL_CLK__ (rise edge)
                                  0.000000   40.000000   clock network delay (ideal)
                                 -0.250000   39.750000   clock uncertainty
                                  0.000000   39.750000   clock reconvergence pessimism
                                 -8.000000   31.750000   output external delay
                                             31.750000   data required time
---------------------------------------------------------------------------------------------
                                             31.750000   data required time
                                            -27.344877   data arrival time
---------------------------------------------------------------------------------------------
                                              4.405122   slack (MET)


Startpoint: operand_b[1] (input port clocked by __VIRTUAL_CLK__)
Endpoint: result[41] (output port clocked by __VIRTUAL_CLK__)
Path Group: __VIRTUAL_CLK__
Path Type: max

Fanout         Cap        Slew       Delay        Time   Description
---------------------------------------------------------------------------------------------
                      0.000000    0.000000    0.000000   clock __VIRTUAL_CLK__ (rise edge)
                                  0.000000    0.000000   clock network delay (ideal)
                                  8.000000    8.000000 ^ input external delay
     1    0.008500    0.070905    0.047341    8.047340 ^ operand_b[1] (in)
                                                         operand_b[1] (net)
                      0.070908    0.000000    8.047340 ^ input81/A (sky130_fd_sc_hd__clkdlybuf4s25_1)
     1    0.005794    0.116615    0.520789    8.568130 ^ input81/X (sky130_fd_sc_hd__clkdlybuf4s25_1)
                                                         net81 (net)
                      0.116615    0.000236    8.568366 ^ fanout406/A (sky130_fd_sc_hd__clkdlybuf4s25_1)
     7    0.093663    1.478227    1.561354   10.129720 ^ fanout406/X (sky130_fd_sc_hd__clkdlybuf4s25_1)
                                                         net406 (net)
                      1.478227    0.001344   10.131063 ^ fanout404/A (sky130_fd_sc_hd__clkdlybuf4s25_1)
     8    0.058635    0.933058    1.565110   11.696174 ^ fanout404/X (sky130_fd_sc_hd__clkdlybuf4s25_1)
                                                         net404 (net)
                      0.933058    0.000779   11.696952 ^ fanout402/A (sky130_fd_sc_hd__clkdlybuf4s25_1)
     3    0.027065    0.442111    1.066192   12.763144 ^ fanout402/X (sky130_fd_sc_hd__clkdlybuf4s25_1)
                                                         net402 (net)
                      0.442111    0.001388   12.764532 ^ load_slew403/A (sky130_fd_sc_hd__buf_4)
     8    0.056684    0.259575    0.532008   13.296540 ^ load_slew403/X (sky130_fd_sc_hd__buf_4)
                                                         net403 (net)
                      0.259590    0.002268   13.298808 ^ fanout400/A (sky130_fd_sc_hd__clkdlybuf4s25_1)
     5    0.046645    0.747677    1.080863   14.379671 ^ fanout400/X (sky130_fd_sc_hd__clkdlybuf4s25_1)
                                                         net400 (net)
                      0.747680    0.003067   14.382738 ^ load_slew401/A (sky130_fd_sc_hd__clkbuf_2)
     6    0.052794    0.445883    0.747623   15.130362 ^ load_slew401/X (sky130_fd_sc_hd__clkbuf_2)
                                                         net401 (net)
                      0.445897    0.003203   15.133564 ^ _3412_/B_N (sky130_fd_sc_hd__nor2b_2)
     4    0.021425    0.407960    0.640013   15.773577 ^ _3412_/Y (sky130_fd_sc_hd__nor2b_2)
                                                         _2625_ (net)
                      0.407960    0.001082   15.774658 ^ _3555_/C1 (sky130_fd_sc_hd__a221oi_2)
     5    0.020224    0.232034    0.255678   16.030336 v _3555_/Y (sky130_fd_sc_hd__a221oi_2)
                                                         _2765_ (net)
                      0.232035    0.001153   16.031490 v _3683_/A3 (sky130_fd_sc_hd__o31a_2)
     3    0.015640    0.151542    0.730095   16.761585 v _3683_/X (sky130_fd_sc_hd__o31a_2)
                                                         _2891_ (net)
                      0.151542    0.000556   16.762140 v _3686_/B (sky130_fd_sc_hd__or4_4)
     1    0.005251    0.155317    1.095224   17.857365 v _3686_/X (sky130_fd_sc_hd__or4_4)
                                                         _2894_ (net)
                      0.155317    0.000169   17.857533 v _3687_/A (sky130_fd_sc_hd__buf_6)
     8    0.036773    0.079117    0.305315   18.162848 v _3687_/X (sky130_fd_sc_hd__buf_6)
                                                         _2895_ (net)
                      0.079143    0.001403   18.164251 v _3771_/B2 (sky130_fd_sc_hd__a221o_2)
     2    0.008753    0.121337    0.750090   18.914341 v _3771_/X (sky130_fd_sc_hd__a221o_2)
                                                         _2977_ (net)
                      0.121337    0.000204   18.914545 v _3775_/A1 (sky130_fd_sc_hd__a21o_2)
     3    0.013786    0.106940    0.447129   19.361673 v _3775_/X (sky130_fd_sc_hd__a21o_2)
                                                         _2981_ (net)
                      0.106940    0.000272   19.361946 v _3857_/A2 (sky130_fd_sc_hd__a2111o_2)
     3    0.022880    0.209501    1.095833   20.457779 v _3857_/X (sky130_fd_sc_hd__a2111o_2)
                                                         _3061_ (net)
                      0.209635    0.001634   20.459412 v _3960_/A (sky130_fd_sc_hd__or4b_4)
     3    0.029802    0.232698    1.305988   21.765400 v _3960_/X (sky130_fd_sc_hd__or4b_4)
                                                         _3162_ (net)
                      0.232698    0.002204   21.767605 v _4709_/A (sky130_fd_sc_hd__nor4b_2)
     2    0.030058    1.216834    1.280643   23.048248 ^ _4709_/Y (sky130_fd_sc_hd__nor4b_2)
                                                         _0677_ (net)
                      1.216835    0.001327   23.049576 ^ _4968_/A (sky130_fd_sc_hd__and4_2)
     1    0.003114    0.112440    0.843228   23.892803 ^ _4968_/X (sky130_fd_sc_hd__and4_2)
                                                         _0930_ (net)
                      0.112440    0.000099   23.892902 ^ _4969_/A (sky130_fd_sc_hd__clkbuf_1)
     2    0.010244    0.205661    0.278884   24.171787 ^ _4969_/X (sky130_fd_sc_hd__clkbuf_1)
                                                         _0931_ (net)
                      0.205661    0.000288   24.172075 ^ wire204/A (sky130_fd_sc_hd__clkbuf_4)
     7    0.043658    0.220635    0.441968   24.614042 ^ wire204/X (sky130_fd_sc_hd__clkbuf_4)
                                                         net204 (net)
                      0.220651    0.002167   24.616211 ^ _5121_/A (sky130_fd_sc_hd__nand2_2)
     6    0.034898    0.305895    0.347640   24.963850 v _5121_/Y (sky130_fd_sc_hd__nand2_2)
                                                         _1089_ (net)
                      0.305895    0.000538   24.964388 v _5156_/A1 (sky130_fd_sc_hd__o311a_2)
     1    0.003047    0.094216    0.872733   25.837122 v _5156_/X (sky130_fd_sc_hd__o311a_2)
                                                         _1127_ (net)
                      0.094216    0.000094   25.837215 v _5199_/A3 (sky130_fd_sc_hd__a31o_2)
     2    0.015464    0.122311    0.548068   26.385284 v _5199_/X (sky130_fd_sc_hd__a31o_2)
                                                         net172 (net)
                      0.122316    0.000936   26.386221 v output172/A (sky130_fd_sc_hd__clkdlybuf4s25_1)
     1    0.036461    0.491759    0.852571   27.238792 v output172/X (sky130_fd_sc_hd__clkdlybuf4s25_1)
                                                         result[41] (net)
                      0.491759    0.001229   27.240021 v result[41] (out)
                                             27.240021   data arrival time

                      0.000000   40.000000   40.000000   clock __VIRTUAL_CLK__ (rise edge)
                                  0.000000   40.000000   clock network delay (ideal)
                                 -0.250000   39.750000   clock uncertainty
                                  0.000000   39.750000   clock reconvergence pessimism
                                 -8.000000   31.750000   output external delay
                                             31.750000   data required time
---------------------------------------------------------------------------------------------
                                             31.750000   data required time
                                            -27.240021   data arrival time
---------------------------------------------------------------------------------------------
                                              4.509978   slack (MET)


Startpoint: operand_b[1] (input port clocked by __VIRTUAL_CLK__)
Endpoint: result[47] (output port clocked by __VIRTUAL_CLK__)
Path Group: __VIRTUAL_CLK__
Path Type: max

Fanout         Cap        Slew       Delay        Time   Description
---------------------------------------------------------------------------------------------
                      0.000000    0.000000    0.000000   clock __VIRTUAL_CLK__ (rise edge)
                                  0.000000    0.000000   clock network delay (ideal)
                                  8.000000    8.000000 ^ input external delay
     1    0.008500    0.070905    0.047341    8.047340 ^ operand_b[1] (in)
                                                         operand_b[1] (net)
                      0.070908    0.000000    8.047340 ^ input81/A (sky130_fd_sc_hd__clkdlybuf4s25_1)
     1    0.005794    0.116615    0.520789    8.568130 ^ input81/X (sky130_fd_sc_hd__clkdlybuf4s25_1)
                                                         net81 (net)
                      0.116615    0.000236    8.568366 ^ fanout406/A (sky130_fd_sc_hd__clkdlybuf4s25_1)
     7    0.093663    1.478227    1.561354   10.129720 ^ fanout406/X (sky130_fd_sc_hd__clkdlybuf4s25_1)
                                                         net406 (net)
                      1.478227    0.001344   10.131063 ^ fanout404/A (sky130_fd_sc_hd__clkdlybuf4s25_1)
     8    0.058635    0.933058    1.565110   11.696174 ^ fanout404/X (sky130_fd_sc_hd__clkdlybuf4s25_1)
                                                         net404 (net)
                      0.933058    0.000779   11.696952 ^ fanout402/A (sky130_fd_sc_hd__clkdlybuf4s25_1)
     3    0.027065    0.442111    1.066192   12.763144 ^ fanout402/X (sky130_fd_sc_hd__clkdlybuf4s25_1)
                                                         net402 (net)
                      0.442111    0.001388   12.764532 ^ load_slew403/A (sky130_fd_sc_hd__buf_4)
     8    0.056684    0.259575    0.532008   13.296540 ^ load_slew403/X (sky130_fd_sc_hd__buf_4)
                                                         net403 (net)
                      0.259590    0.002268   13.298808 ^ fanout400/A (sky130_fd_sc_hd__clkdlybuf4s25_1)
     5    0.046645    0.747677    1.080863   14.379671 ^ fanout400/X (sky130_fd_sc_hd__clkdlybuf4s25_1)
                                                         net400 (net)
                      0.747680    0.003067   14.382738 ^ load_slew401/A (sky130_fd_sc_hd__clkbuf_2)
     6    0.052794    0.445883    0.747623   15.130362 ^ load_slew401/X (sky130_fd_sc_hd__clkbuf_2)
                                                         net401 (net)
                      0.445897    0.003203   15.133564 ^ _3412_/B_N (sky130_fd_sc_hd__nor2b_2)
     4    0.021425    0.407960    0.640013   15.773577 ^ _3412_/Y (sky130_fd_sc_hd__nor2b_2)
                                                         _2625_ (net)
                      0.407960    0.001082   15.774658 ^ _3555_/C1 (sky130_fd_sc_hd__a221oi_2)
     5    0.020224    0.232034    0.255678   16.030336 v _3555_/Y (sky130_fd_sc_hd__a221oi_2)
                                                         _2765_ (net)
                      0.232035    0.001153   16.031490 v _3683_/A3 (sky130_fd_sc_hd__o31a_2)
     3    0.015640    0.151542    0.730095   16.761585 v _3683_/X (sky130_fd_sc_hd__o31a_2)
                                                         _2891_ (net)
                      0.151542    0.000556   16.762140 v _3686_/B (sky130_fd_sc_hd__or4_4)
     1    0.005251    0.155317    1.095224   17.857365 v _3686_/X (sky130_fd_sc_hd__or4_4)
                                                         _2894_ (net)
                      0.155317    0.000169   17.857533 v _3687_/A (sky130_fd_sc_hd__buf_6)
     8    0.036773    0.079117    0.305315   18.162848 v _3687_/X (sky130_fd_sc_hd__buf_6)
                                                         _2895_ (net)
                      0.079143    0.001403   18.164251 v _3771_/B2 (sky130_fd_sc_hd__a221o_2)
     2    0.008753    0.121337    0.750090   18.914341 v _3771_/X (sky130_fd_sc_hd__a221o_2)
                                                         _2977_ (net)
                      0.121337    0.000204   18.914545 v _3775_/A1 (sky130_fd_sc_hd__a21o_2)
     3    0.013786    0.106940    0.447129   19.361673 v _3775_/X (sky130_fd_sc_hd__a21o_2)
                                                         _2981_ (net)
                      0.106940    0.000272   19.361946 v _3857_/A2 (sky130_fd_sc_hd__a2111o_2)
     3    0.022880    0.209501    1.095833   20.457779 v _3857_/X (sky130_fd_sc_hd__a2111o_2)
                                                         _3061_ (net)
                      0.209635    0.001634   20.459412 v _3960_/A (sky130_fd_sc_hd__or4b_4)
     3    0.029802    0.232698    1.305988   21.765400 v _3960_/X (sky130_fd_sc_hd__or4b_4)
                                                         _3162_ (net)
                      0.232698    0.002204   21.767605 v _4709_/A (sky130_fd_sc_hd__nor4b_2)
     2    0.030058    1.216834    1.280643   23.048248 ^ _4709_/Y (sky130_fd_sc_hd__nor4b_2)
                                                         _0677_ (net)
                      1.216835    0.001327   23.049576 ^ _4968_/A (sky130_fd_sc_hd__and4_2)
     1    0.003114    0.112440    0.843228   23.892803 ^ _4968_/X (sky130_fd_sc_hd__and4_2)
                                                         _0930_ (net)
                      0.112440    0.000099   23.892902 ^ _4969_/A (sky130_fd_sc_hd__clkbuf_1)
     2    0.010244    0.205661    0.278884   24.171787 ^ _4969_/X (sky130_fd_sc_hd__clkbuf_1)
                                                         _0931_ (net)
                      0.205661    0.000288   24.172075 ^ wire204/A (sky130_fd_sc_hd__clkbuf_4)
     7    0.043658    0.220635    0.441968   24.614042 ^ wire204/X (sky130_fd_sc_hd__clkbuf_4)
                                                         net204 (net)
                      0.220659    0.002533   24.616575 ^ _5359_/A (sky130_fd_sc_hd__and4_2)
     2    0.015146    0.195944    0.610013   25.226589 ^ _5359_/X (sky130_fd_sc_hd__and4_2)
                                                         _1345_ (net)
                      0.195944    0.000483   25.227072 ^ _5364_/C1 (sky130_fd_sc_hd__a211o_2)
     1    0.005688    0.078620    0.247866   25.474939 ^ _5364_/X (sky130_fd_sc_hd__a211o_2)
                                                         _1349_ (net)
                      0.078620    0.000183   25.475121 ^ _5365_/B1 (sky130_fd_sc_hd__o21ai_2)
     1    0.009127    0.140396    0.139943   25.615065 v _5365_/Y (sky130_fd_sc_hd__o21ai_2)
                                                         _1350_ (net)
                      0.140396    0.000295   25.615360 v _5370_/A (sky130_fd_sc_hd__xnor2_2)
     1    0.002964    0.088111    0.266560   25.881920 v _5370_/Y (sky130_fd_sc_hd__xnor2_2)
                                                         _1356_ (net)
                      0.088111    0.000091   25.882010 v _5400_/A2 (sky130_fd_sc_hd__a21o_2)
     2    0.013109    0.103930    0.462004   26.344013 v _5400_/X (sky130_fd_sc_hd__a21o_2)
                                                         net178 (net)
                      0.103932    0.000705   26.344719 v output178/A (sky130_fd_sc_hd__clkdlybuf4s25_1)
     1    0.037073    0.499229    0.850104   27.194822 v output178/X (sky130_fd_sc_hd__clkdlybuf4s25_1)
                                                         result[47] (net)
                      0.499229    0.000892   27.195715 v result[47] (out)
                                             27.195715   data arrival time

                      0.000000   40.000000   40.000000   clock __VIRTUAL_CLK__ (rise edge)
                                  0.000000   40.000000   clock network delay (ideal)
                                 -0.250000   39.750000   clock uncertainty
                                  0.000000   39.750000   clock reconvergence pessimism
                                 -8.000000   31.750000   output external delay
                                             31.750000   data required time
---------------------------------------------------------------------------------------------
                                             31.750000   data required time
                                            -27.195715   data arrival time
---------------------------------------------------------------------------------------------
                                              4.554284   slack (MET)


Startpoint: operand_b[1] (input port clocked by __VIRTUAL_CLK__)
Endpoint: result[46] (output port clocked by __VIRTUAL_CLK__)
Path Group: __VIRTUAL_CLK__
Path Type: max

Fanout         Cap        Slew       Delay        Time   Description
---------------------------------------------------------------------------------------------
                      0.000000    0.000000    0.000000   clock __VIRTUAL_CLK__ (rise edge)
                                  0.000000    0.000000   clock network delay (ideal)
                                  8.000000    8.000000 ^ input external delay
     1    0.008500    0.070905    0.047341    8.047340 ^ operand_b[1] (in)
                                                         operand_b[1] (net)
                      0.070908    0.000000    8.047340 ^ input81/A (sky130_fd_sc_hd__clkdlybuf4s25_1)
     1    0.005794    0.116615    0.520789    8.568130 ^ input81/X (sky130_fd_sc_hd__clkdlybuf4s25_1)
                                                         net81 (net)
                      0.116615    0.000236    8.568366 ^ fanout406/A (sky130_fd_sc_hd__clkdlybuf4s25_1)
     7    0.093663    1.478227    1.561354   10.129720 ^ fanout406/X (sky130_fd_sc_hd__clkdlybuf4s25_1)
                                                         net406 (net)
                      1.478227    0.001344   10.131063 ^ fanout404/A (sky130_fd_sc_hd__clkdlybuf4s25_1)
     8    0.058635    0.933058    1.565110   11.696174 ^ fanout404/X (sky130_fd_sc_hd__clkdlybuf4s25_1)
                                                         net404 (net)
                      0.933058    0.000779   11.696952 ^ fanout402/A (sky130_fd_sc_hd__clkdlybuf4s25_1)
     3    0.027065    0.442111    1.066192   12.763144 ^ fanout402/X (sky130_fd_sc_hd__clkdlybuf4s25_1)
                                                         net402 (net)
                      0.442111    0.001388   12.764532 ^ load_slew403/A (sky130_fd_sc_hd__buf_4)
     8    0.056684    0.259575    0.532008   13.296540 ^ load_slew403/X (sky130_fd_sc_hd__buf_4)
                                                         net403 (net)
                      0.259590    0.002268   13.298808 ^ fanout400/A (sky130_fd_sc_hd__clkdlybuf4s25_1)
     5    0.046645    0.747677    1.080863   14.379671 ^ fanout400/X (sky130_fd_sc_hd__clkdlybuf4s25_1)
                                                         net400 (net)
                      0.747680    0.003067   14.382738 ^ load_slew401/A (sky130_fd_sc_hd__clkbuf_2)
     6    0.052794    0.445883    0.747623   15.130362 ^ load_slew401/X (sky130_fd_sc_hd__clkbuf_2)
                                                         net401 (net)
                      0.445897    0.003203   15.133564 ^ _3412_/B_N (sky130_fd_sc_hd__nor2b_2)
     4    0.021425    0.407960    0.640013   15.773577 ^ _3412_/Y (sky130_fd_sc_hd__nor2b_2)
                                                         _2625_ (net)
                      0.407960    0.001082   15.774658 ^ _3555_/C1 (sky130_fd_sc_hd__a221oi_2)
     5    0.020224    0.232034    0.255678   16.030336 v _3555_/Y (sky130_fd_sc_hd__a221oi_2)
                                                         _2765_ (net)
                      0.232035    0.001153   16.031490 v _3683_/A3 (sky130_fd_sc_hd__o31a_2)
     3    0.015640    0.151542    0.730095   16.761585 v _3683_/X (sky130_fd_sc_hd__o31a_2)
                                                         _2891_ (net)
                      0.151542    0.000556   16.762140 v _3686_/B (sky130_fd_sc_hd__or4_4)
     1    0.005251    0.155317    1.095224   17.857365 v _3686_/X (sky130_fd_sc_hd__or4_4)
                                                         _2894_ (net)
                      0.155317    0.000169   17.857533 v _3687_/A (sky130_fd_sc_hd__buf_6)
     8    0.036773    0.079117    0.305315   18.162848 v _3687_/X (sky130_fd_sc_hd__buf_6)
                                                         _2895_ (net)
                      0.079143    0.001403   18.164251 v _3771_/B2 (sky130_fd_sc_hd__a221o_2)
     2    0.008753    0.121337    0.750090   18.914341 v _3771_/X (sky130_fd_sc_hd__a221o_2)
                                                         _2977_ (net)
                      0.121337    0.000204   18.914545 v _3775_/A1 (sky130_fd_sc_hd__a21o_2)
     3    0.013786    0.106940    0.447129   19.361673 v _3775_/X (sky130_fd_sc_hd__a21o_2)
                                                         _2981_ (net)
                      0.106940    0.000272   19.361946 v _3857_/A2 (sky130_fd_sc_hd__a2111o_2)
     3    0.022880    0.209501    1.095833   20.457779 v _3857_/X (sky130_fd_sc_hd__a2111o_2)
                                                         _3061_ (net)
                      0.209635    0.001634   20.459412 v _3960_/A (sky130_fd_sc_hd__or4b_4)
     3    0.029802    0.232698    1.305988   21.765400 v _3960_/X (sky130_fd_sc_hd__or4b_4)
                                                         _3162_ (net)
                      0.232698    0.002204   21.767605 v _4709_/A (sky130_fd_sc_hd__nor4b_2)
     2    0.030058    1.216834    1.280643   23.048248 ^ _4709_/Y (sky130_fd_sc_hd__nor4b_2)
                                                         _0677_ (net)
                      1.216835    0.001327   23.049576 ^ _4968_/A (sky130_fd_sc_hd__and4_2)
     1    0.003114    0.112440    0.843228   23.892803 ^ _4968_/X (sky130_fd_sc_hd__and4_2)
                                                         _0930_ (net)
                      0.112440    0.000099   23.892902 ^ _4969_/A (sky130_fd_sc_hd__clkbuf_1)
     2    0.010244    0.205661    0.278884   24.171787 ^ _4969_/X (sky130_fd_sc_hd__clkbuf_1)
                                                         _0931_ (net)
                      0.205661    0.000288   24.172075 ^ wire204/A (sky130_fd_sc_hd__clkbuf_4)
     7    0.043658    0.220635    0.441968   24.614042 ^ wire204/X (sky130_fd_sc_hd__clkbuf_4)
                                                         net204 (net)
                      0.220659    0.002533   24.616575 ^ _5359_/A (sky130_fd_sc_hd__and4_2)
     2    0.015146    0.195944    0.610013   25.226589 ^ _5359_/X (sky130_fd_sc_hd__and4_2)
                                                         _1345_ (net)
                      0.195944    0.000574   25.227163 ^ _5360_/B (sky130_fd_sc_hd__xnor2_2)
     1    0.005205    0.194539    0.258602   25.485765 ^ _5360_/Y (sky130_fd_sc_hd__xnor2_2)
                                                         _1346_ (net)
                      0.194539    0.000163   25.485929 ^ _5361_/B (sky130_fd_sc_hd__nor2_2)
     1    0.002506    0.139998    0.099615   25.585543 v _5361_/Y (sky130_fd_sc_hd__nor2_2)
                                                         _1347_ (net)
                      0.139998    0.000052   25.585594 v _5362_/C1 (sky130_fd_sc_hd__a211o_2)
     2    0.019231    0.160602    0.674451   26.260046 v _5362_/X (sky130_fd_sc_hd__a211o_2)
                                                         net177 (net)
                      0.160687    0.001258   26.261303 v output177/A (sky130_fd_sc_hd__clkdlybuf4s25_1)
     1    0.036079    0.486790    0.867582   27.128885 v output177/X (sky130_fd_sc_hd__clkdlybuf4s25_1)
                                                         result[46] (net)
                      0.486790    0.000776   27.129662 v result[46] (out)
                                             27.129662   data arrival time

                      0.000000   40.000000   40.000000   clock __VIRTUAL_CLK__ (rise edge)
                                  0.000000   40.000000   clock network delay (ideal)
                                 -0.250000   39.750000   clock uncertainty
                                  0.000000   39.750000   clock reconvergence pessimism
                                 -8.000000   31.750000   output external delay
                                             31.750000   data required time
---------------------------------------------------------------------------------------------
                                             31.750000   data required time
                                            -27.129662   data arrival time
---------------------------------------------------------------------------------------------
                                              4.620338   slack (MET)


Startpoint: operand_b[1] (input port clocked by __VIRTUAL_CLK__)
Endpoint: result[40] (output port clocked by __VIRTUAL_CLK__)
Path Group: __VIRTUAL_CLK__
Path Type: max

Fanout         Cap        Slew       Delay        Time   Description
---------------------------------------------------------------------------------------------
                      0.000000    0.000000    0.000000   clock __VIRTUAL_CLK__ (rise edge)
                                  0.000000    0.000000   clock network delay (ideal)
                                  8.000000    8.000000 ^ input external delay
     1    0.008500    0.070905    0.047341    8.047340 ^ operand_b[1] (in)
                                                         operand_b[1] (net)
                      0.070908    0.000000    8.047340 ^ input81/A (sky130_fd_sc_hd__clkdlybuf4s25_1)
     1    0.005794    0.116615    0.520789    8.568130 ^ input81/X (sky130_fd_sc_hd__clkdlybuf4s25_1)
                                                         net81 (net)
                      0.116615    0.000236    8.568366 ^ fanout406/A (sky130_fd_sc_hd__clkdlybuf4s25_1)
     7    0.093663    1.478227    1.561354   10.129720 ^ fanout406/X (sky130_fd_sc_hd__clkdlybuf4s25_1)
                                                         net406 (net)
                      1.478227    0.001344   10.131063 ^ fanout404/A (sky130_fd_sc_hd__clkdlybuf4s25_1)
     8    0.058635    0.933058    1.565110   11.696174 ^ fanout404/X (sky130_fd_sc_hd__clkdlybuf4s25_1)
                                                         net404 (net)
                      0.933058    0.000779   11.696952 ^ fanout402/A (sky130_fd_sc_hd__clkdlybuf4s25_1)
     3    0.027065    0.442111    1.066192   12.763144 ^ fanout402/X (sky130_fd_sc_hd__clkdlybuf4s25_1)
                                                         net402 (net)
                      0.442111    0.001388   12.764532 ^ load_slew403/A (sky130_fd_sc_hd__buf_4)
     8    0.056684    0.259575    0.532008   13.296540 ^ load_slew403/X (sky130_fd_sc_hd__buf_4)
                                                         net403 (net)
                      0.259590    0.002268   13.298808 ^ fanout400/A (sky130_fd_sc_hd__clkdlybuf4s25_1)
     5    0.046645    0.747677    1.080863   14.379671 ^ fanout400/X (sky130_fd_sc_hd__clkdlybuf4s25_1)
                                                         net400 (net)
                      0.747680    0.003067   14.382738 ^ load_slew401/A (sky130_fd_sc_hd__clkbuf_2)
     6    0.052794    0.445883    0.747623   15.130362 ^ load_slew401/X (sky130_fd_sc_hd__clkbuf_2)
                                                         net401 (net)
                      0.445897    0.003203   15.133564 ^ _3412_/B_N (sky130_fd_sc_hd__nor2b_2)
     4    0.021425    0.407960    0.640013   15.773577 ^ _3412_/Y (sky130_fd_sc_hd__nor2b_2)
                                                         _2625_ (net)
                      0.407960    0.001082   15.774658 ^ _3555_/C1 (sky130_fd_sc_hd__a221oi_2)
     5    0.020224    0.232034    0.255678   16.030336 v _3555_/Y (sky130_fd_sc_hd__a221oi_2)
                                                         _2765_ (net)
                      0.232035    0.001153   16.031490 v _3683_/A3 (sky130_fd_sc_hd__o31a_2)
     3    0.015640    0.151542    0.730095   16.761585 v _3683_/X (sky130_fd_sc_hd__o31a_2)
                                                         _2891_ (net)
                      0.151542    0.000556   16.762140 v _3686_/B (sky130_fd_sc_hd__or4_4)
     1    0.005251    0.155317    1.095224   17.857365 v _3686_/X (sky130_fd_sc_hd__or4_4)
                                                         _2894_ (net)
                      0.155317    0.000169   17.857533 v _3687_/A (sky130_fd_sc_hd__buf_6)
     8    0.036773    0.079117    0.305315   18.162848 v _3687_/X (sky130_fd_sc_hd__buf_6)
                                                         _2895_ (net)
                      0.079143    0.001403   18.164251 v _3771_/B2 (sky130_fd_sc_hd__a221o_2)
     2    0.008753    0.121337    0.750090   18.914341 v _3771_/X (sky130_fd_sc_hd__a221o_2)
                                                         _2977_ (net)
                      0.121337    0.000204   18.914545 v _3775_/A1 (sky130_fd_sc_hd__a21o_2)
     3    0.013786    0.106940    0.447129   19.361673 v _3775_/X (sky130_fd_sc_hd__a21o_2)
                                                         _2981_ (net)
                      0.106940    0.000272   19.361946 v _3857_/A2 (sky130_fd_sc_hd__a2111o_2)
     3    0.022880    0.209501    1.095833   20.457779 v _3857_/X (sky130_fd_sc_hd__a2111o_2)
                                                         _3061_ (net)
                      0.209635    0.001634   20.459412 v _3960_/A (sky130_fd_sc_hd__or4b_4)
     3    0.029802    0.232698    1.305988   21.765400 v _3960_/X (sky130_fd_sc_hd__or4b_4)
                                                         _3162_ (net)
                      0.232698    0.002204   21.767605 v _4709_/A (sky130_fd_sc_hd__nor4b_2)
     2    0.030058    1.216834    1.280643   23.048248 ^ _4709_/Y (sky130_fd_sc_hd__nor4b_2)
                                                         _0677_ (net)
                      1.216835    0.001327   23.049576 ^ _4968_/A (sky130_fd_sc_hd__and4_2)
     1    0.003114    0.112440    0.843228   23.892803 ^ _4968_/X (sky130_fd_sc_hd__and4_2)
                                                         _0930_ (net)
                      0.112440    0.000099   23.892902 ^ _4969_/A (sky130_fd_sc_hd__clkbuf_1)
     2    0.010244    0.205661    0.278884   24.171787 ^ _4969_/X (sky130_fd_sc_hd__clkbuf_1)
                                                         _0931_ (net)
                      0.205661    0.000288   24.172075 ^ wire204/A (sky130_fd_sc_hd__clkbuf_4)
     7    0.043658    0.220635    0.441968   24.614042 ^ wire204/X (sky130_fd_sc_hd__clkbuf_4)
                                                         net204 (net)
                      0.220651    0.002167   24.616211 ^ _5121_/A (sky130_fd_sc_hd__nand2_2)
     6    0.034898    0.305895    0.347640   24.963850 v _5121_/Y (sky130_fd_sc_hd__nand2_2)
                                                         _1089_ (net)
                      0.305895    0.000638   24.964489 v _5122_/A (sky130_fd_sc_hd__xnor2_2)
     1    0.002545    0.088133    0.339362   25.303850 v _5122_/Y (sky130_fd_sc_hd__xnor2_2)
                                                         _1090_ (net)
                      0.088133    0.000076   25.303926 v _5152_/B1 (sky130_fd_sc_hd__a221o_2)
     2    0.023813    0.188069    0.798629   26.102556 v _5152_/X (sky130_fd_sc_hd__a221o_2)
                                                         net171 (net)
                      0.188075    0.001419   26.103975 v output171/A (sky130_fd_sc_hd__clkdlybuf4s25_1)
     1    0.037472    0.504243    0.894158   26.998133 v output171/X (sky130_fd_sc_hd__clkdlybuf4s25_1)
                                                         result[40] (net)
                      0.504243    0.001480   26.999613 v result[40] (out)
                                             26.999613   data arrival time

                      0.000000   40.000000   40.000000   clock __VIRTUAL_CLK__ (rise edge)
                                  0.000000   40.000000   clock network delay (ideal)
                                 -0.250000   39.750000   clock uncertainty
                                  0.000000   39.750000   clock reconvergence pessimism
                                 -8.000000   31.750000   output external delay
                                             31.750000   data required time
---------------------------------------------------------------------------------------------
                                             31.750000   data required time
                                            -26.999613   data arrival time
---------------------------------------------------------------------------------------------
                                              4.750387   slack (MET)


Startpoint: operand_b[1] (input port clocked by __VIRTUAL_CLK__)
Endpoint: result[24] (output port clocked by __VIRTUAL_CLK__)
Path Group: __VIRTUAL_CLK__
Path Type: max

Fanout         Cap        Slew       Delay        Time   Description
---------------------------------------------------------------------------------------------
                      0.000000    0.000000    0.000000   clock __VIRTUAL_CLK__ (rise edge)
                                  0.000000    0.000000   clock network delay (ideal)
                                  8.000000    8.000000 v input external delay
     1    0.008323    0.040527    0.027714    8.027714 v operand_b[1] (in)
                                                         operand_b[1] (net)
                      0.040532    0.000000    8.027714 v input81/A (sky130_fd_sc_hd__clkdlybuf4s25_1)
     1    0.005617    0.107537    0.498562    8.526276 v input81/X (sky130_fd_sc_hd__clkdlybuf4s25_1)
                                                         net81 (net)
                      0.107537    0.000227    8.526504 v fanout406/A (sky130_fd_sc_hd__clkdlybuf4s25_1)
     7    0.092424    1.215621    1.400757    9.927260 v fanout406/X (sky130_fd_sc_hd__clkdlybuf4s25_1)
                                                         net406 (net)
                      1.215621    0.001321    9.928581 v fanout404/A (sky130_fd_sc_hd__clkdlybuf4s25_1)
     8    0.057164    0.759260    1.374406   11.302987 v fanout404/X (sky130_fd_sc_hd__clkdlybuf4s25_1)
                                                         net404 (net)
                      0.759260    0.000757   11.303744 v fanout402/A (sky130_fd_sc_hd__clkdlybuf4s25_1)
     3    0.026324    0.364119    0.973351   12.277095 v fanout402/X (sky130_fd_sc_hd__clkdlybuf4s25_1)
                                                         net402 (net)
                      0.364119    0.001343   12.278439 v load_slew403/A (sky130_fd_sc_hd__buf_4)
     8    0.054617    0.144042    0.501699   12.780137 v load_slew403/X (sky130_fd_sc_hd__buf_4)
                                                         net403 (net)
                      0.144074    0.002195   12.782332 v fanout400/A (sky130_fd_sc_hd__clkdlybuf4s25_1)
     5    0.045151    0.604109    0.948909   13.731240 v fanout400/X (sky130_fd_sc_hd__clkdlybuf4s25_1)
                                                         net400 (net)
                      0.604116    0.002970   13.734211 v load_slew401/A (sky130_fd_sc_hd__clkbuf_2)
     6    0.051553    0.356965    0.676062   14.410273 v load_slew401/X (sky130_fd_sc_hd__clkbuf_2)
                                                         net401 (net)
                      0.356985    0.003041   14.413314 v _3408_/A_N (sky130_fd_sc_hd__nand2b_2)
     4    0.016035    0.170506    0.606621   15.019934 v _3408_/Y (sky130_fd_sc_hd__nand2b_2)
                                                         _2621_ (net)
                      0.170506    0.000556   15.020490 v _3477_/B1 (sky130_fd_sc_hd__a221o_2)
     9    0.050932    0.304897    0.954973   15.975463 v _3477_/X (sky130_fd_sc_hd__a221o_2)
                                                         _2689_ (net)
                      0.304899    0.001330   15.976793 v _3611_/A2 (sky130_fd_sc_hd__a21o_2)
     3    0.023851    0.143790    0.602350   16.579144 v _3611_/X (sky130_fd_sc_hd__a21o_2)
                                                         _2820_ (net)
                      0.143795    0.001100   16.580244 v _3923_/A2 (sky130_fd_sc_hd__a311o_2)
     2    0.024519    0.190816    0.886955   17.467197 v _3923_/X (sky130_fd_sc_hd__a311o_2)
                                                         _3126_ (net)
                      0.190824    0.001542   17.468740 v _3925_/B (sky130_fd_sc_hd__and3_2)
     3    0.017207    0.137964    0.573126   18.041866 v _3925_/X (sky130_fd_sc_hd__and3_2)
                                                         _3128_ (net)
                      0.137965    0.000533   18.042398 v _3962_/C1 (sky130_fd_sc_hd__o2111a_2)
     1    0.013679    0.120404    0.367402   18.409800 v _3962_/X (sky130_fd_sc_hd__o2111a_2)
                                                         _3164_ (net)
                      0.120409    0.000998   18.410799 v _3967_/B (sky130_fd_sc_hd__or4_2)
     1    0.014123    0.297145    1.770555   20.181355 v _3967_/X (sky130_fd_sc_hd__or4_2)
                                                         _3169_ (net)
                      0.297145    0.000634   20.181988 v _3968_/A (sky130_fd_sc_hd__clkbuf_1)
     2    0.010485    0.131540    0.341460   20.523449 v _3968_/X (sky130_fd_sc_hd__clkbuf_1)
                                                         _3170_ (net)
                      0.131540    0.000131   20.523581 v max_cap219/A (sky130_fd_sc_hd__buf_2)
     8    0.030711    0.152147    0.380041   20.903622 v max_cap219/X (sky130_fd_sc_hd__buf_2)
                                                         net219 (net)
                      0.152147    0.000746   20.904367 v _4360_/C (sky130_fd_sc_hd__or4_2)
     2    0.020395    0.335936    1.776666   22.681032 v _4360_/X (sky130_fd_sc_hd__or4_2)
                                                         _0336_ (net)
                      0.335936    0.001089   22.682121 v _4363_/A (sky130_fd_sc_hd__or2_2)
     5    0.020158    0.195683    0.944635   23.626757 v _4363_/X (sky130_fd_sc_hd__or2_2)
                                                         _0339_ (net)
                      0.195683    0.000769   23.627525 v _4478_/B (sky130_fd_sc_hd__or4_2)
     1    0.002679    0.211743    1.621649   25.249174 v _4478_/X (sky130_fd_sc_hd__or4_2)
                                                         _0452_ (net)
                      0.211743    0.000082   25.249256 v _4479_/C_N (sky130_fd_sc_hd__or3b_2)
     1    0.003826    0.061074    0.451246   25.700502 ^ _4479_/X (sky130_fd_sc_hd__or3b_2)
                                                         _0453_ (net)
                      0.061074    0.000131   25.700634 ^ _4480_/A (sky130_fd_sc_hd__buf_1)
     2    0.015222    0.296521    0.323531   26.024164 ^ _4480_/X (sky130_fd_sc_hd__buf_1)
                                                         net153 (net)
                      0.296523    0.000730   26.024895 ^ output153/A (sky130_fd_sc_hd__clkdlybuf4s25_1)
     1    0.035130    0.567033    0.961135   26.986031 ^ output153/X (sky130_fd_sc_hd__clkdlybuf4s25_1)
                                                         result[24] (net)
                      0.567033    0.000986   26.987017 ^ result[24] (out)
                                             26.987017   data arrival time

                      0.000000   40.000000   40.000000   clock __VIRTUAL_CLK__ (rise edge)
                                  0.000000   40.000000   clock network delay (ideal)
                                 -0.250000   39.750000   clock uncertainty
                                  0.000000   39.750000   clock reconvergence pessimism
                                 -8.000000   31.750000   output external delay
                                             31.750000   data required time
---------------------------------------------------------------------------------------------
                                             31.750000   data required time
                                            -26.987017   data arrival time
---------------------------------------------------------------------------------------------
                                              4.762983   slack (MET)


Startpoint: operand_b[1] (input port clocked by __VIRTUAL_CLK__)
Endpoint: result[31] (output port clocked by __VIRTUAL_CLK__)
Path Group: __VIRTUAL_CLK__
Path Type: max

Fanout         Cap        Slew       Delay        Time   Description
---------------------------------------------------------------------------------------------
                      0.000000    0.000000    0.000000   clock __VIRTUAL_CLK__ (rise edge)
                                  0.000000    0.000000   clock network delay (ideal)
                                  8.000000    8.000000 ^ input external delay
     1    0.008500    0.070905    0.047341    8.047340 ^ operand_b[1] (in)
                                                         operand_b[1] (net)
                      0.070908    0.000000    8.047340 ^ input81/A (sky130_fd_sc_hd__clkdlybuf4s25_1)
     1    0.005794    0.116615    0.520789    8.568130 ^ input81/X (sky130_fd_sc_hd__clkdlybuf4s25_1)
                                                         net81 (net)
                      0.116615    0.000236    8.568366 ^ fanout406/A (sky130_fd_sc_hd__clkdlybuf4s25_1)
     7    0.093663    1.478227    1.561354   10.129720 ^ fanout406/X (sky130_fd_sc_hd__clkdlybuf4s25_1)
                                                         net406 (net)
                      1.478227    0.001344   10.131063 ^ fanout404/A (sky130_fd_sc_hd__clkdlybuf4s25_1)
     8    0.058635    0.933058    1.565110   11.696174 ^ fanout404/X (sky130_fd_sc_hd__clkdlybuf4s25_1)
                                                         net404 (net)
                      0.933058    0.000779   11.696952 ^ fanout402/A (sky130_fd_sc_hd__clkdlybuf4s25_1)
     3    0.027065    0.442111    1.066192   12.763144 ^ fanout402/X (sky130_fd_sc_hd__clkdlybuf4s25_1)
                                                         net402 (net)
                      0.442111    0.001388   12.764532 ^ load_slew403/A (sky130_fd_sc_hd__buf_4)
     8    0.056684    0.259575    0.532008   13.296540 ^ load_slew403/X (sky130_fd_sc_hd__buf_4)
                                                         net403 (net)
                      0.259590    0.002268   13.298808 ^ fanout400/A (sky130_fd_sc_hd__clkdlybuf4s25_1)
     5    0.046645    0.747677    1.080863   14.379671 ^ fanout400/X (sky130_fd_sc_hd__clkdlybuf4s25_1)
                                                         net400 (net)
                      0.747680    0.003067   14.382738 ^ load_slew401/A (sky130_fd_sc_hd__clkbuf_2)
     6    0.052794    0.445883    0.747623   15.130362 ^ load_slew401/X (sky130_fd_sc_hd__clkbuf_2)
                                                         net401 (net)
                      0.445897    0.003203   15.133564 ^ _3412_/B_N (sky130_fd_sc_hd__nor2b_2)
     4    0.021425    0.407960    0.640013   15.773577 ^ _3412_/Y (sky130_fd_sc_hd__nor2b_2)
                                                         _2625_ (net)
                      0.407960    0.001082   15.774658 ^ _3555_/C1 (sky130_fd_sc_hd__a221oi_2)
     5    0.020224    0.232034    0.255678   16.030336 v _3555_/Y (sky130_fd_sc_hd__a221oi_2)
                                                         _2765_ (net)
                      0.232035    0.001153   16.031490 v _3683_/A3 (sky130_fd_sc_hd__o31a_2)
     3    0.015640    0.151542    0.730095   16.761585 v _3683_/X (sky130_fd_sc_hd__o31a_2)
                                                         _2891_ (net)
                      0.151544    0.000806   16.762390 v _4087_/A2 (sky130_fd_sc_hd__o41a_2)
     4    0.045430    0.316031    1.249928   18.012320 v _4087_/X (sky130_fd_sc_hd__o41a_2)
                                                         _0069_ (net)
                      0.316044    0.002364   18.014683 v _4441_/A3 (sky130_fd_sc_hd__o31ai_4)
     1    0.011144    0.354117    0.463556   18.478239 ^ _4441_/Y (sky130_fd_sc_hd__o31ai_4)
                                                         _0415_ (net)
                      0.354117    0.000604   18.478844 ^ wire248/A (sky130_fd_sc_hd__buf_2)
     5    0.048615    0.380008    0.566541   19.045385 ^ wire248/X (sky130_fd_sc_hd__buf_2)
                                                         net248 (net)
                      0.380075    0.005228   19.050611 ^ _4442_/A (sky130_fd_sc_hd__clkbuf_1)
     5    0.027343    0.516177    0.605239   19.655851 ^ _4442_/X (sky130_fd_sc_hd__clkbuf_1)
                                                         _0416_ (net)
                      0.516177    0.000680   19.656530 ^ max_cap234/A (sky130_fd_sc_hd__buf_2)
     6    0.038519    0.305327    0.578291   20.234823 ^ max_cap234/X (sky130_fd_sc_hd__buf_2)
                                                         net234 (net)
                      0.305337    0.002210   20.237032 ^ _4443_/B (sky130_fd_sc_hd__nand2_2)
     9    0.045865    0.395463    0.457604   20.694635 v _4443_/Y (sky130_fd_sc_hd__nand2_2)
                                                         _0417_ (net)
                      0.395463    0.000917   20.695553 v _4541_/S (sky130_fd_sc_hd__mux2_2)
     1    0.005964    0.108380    0.743196   21.438747 v _4541_/X (sky130_fd_sc_hd__mux2_2)
                                                         _0513_ (net)
                      0.108380    0.000211   21.438959 v _4542_/B1 (sky130_fd_sc_hd__o31ai_2)
     3    0.007395    0.375585    0.137632   21.576591 ^ _4542_/Y (sky130_fd_sc_hd__o31ai_2)
                                                         _0514_ (net)
                      0.375585    0.000190   21.576782 ^ _4586_/D_N (sky130_fd_sc_hd__or4b_2)
     4    0.026364    0.358236    1.825690   23.402472 v _4586_/X (sky130_fd_sc_hd__or4b_2)
                                                         _0557_ (net)
                      0.358237    0.001627   23.404099 v _4743_/C (sky130_fd_sc_hd__or4b_4)
     6    0.042319    0.260319    1.303441   24.707541 v _4743_/X (sky130_fd_sc_hd__or4b_4)
                                                         _0710_ (net)
                      0.260319    0.001204   24.708744 v _4744_/B (sky130_fd_sc_hd__nor2_2)
     1    0.008863    0.235278    0.285178   24.993923 ^ _4744_/Y (sky130_fd_sc_hd__nor2_2)
                                                         _0711_ (net)
                      0.235278    0.000270   24.994192 ^ _4745_/B (sky130_fd_sc_hd__xnor2_2)
     1    0.002670    0.116608    0.166095   25.160288 v _4745_/Y (sky130_fd_sc_hd__xnor2_2)
                                                         _0712_ (net)
                      0.116608    0.000080   25.160366 v _4764_/B1 (sky130_fd_sc_hd__a221o_2)
     2    0.014362    0.152478    0.756645   25.917011 v _4764_/X (sky130_fd_sc_hd__a221o_2)
                                                         net161 (net)
                      0.152478    0.000849   25.917860 v output161/A (sky130_fd_sc_hd__clkdlybuf4s25_1)
     1    0.037437    0.503969    0.876430   26.794291 v output161/X (sky130_fd_sc_hd__clkdlybuf4s25_1)
                                                         result[31] (net)
                      0.503970    0.001782   26.796072 v result[31] (out)
                                             26.796072   data arrival time

                      0.000000   40.000000   40.000000   clock __VIRTUAL_CLK__ (rise edge)
                                  0.000000   40.000000   clock network delay (ideal)
                                 -0.250000   39.750000   clock uncertainty
                                  0.000000   39.750000   clock reconvergence pessimism
                                 -8.000000   31.750000   output external delay
                                             31.750000   data required time
---------------------------------------------------------------------------------------------
                                             31.750000   data required time
                                            -26.796072   data arrival time
---------------------------------------------------------------------------------------------
                                              4.953927   slack (MET)


Startpoint: operand_b[1] (input port clocked by __VIRTUAL_CLK__)
Endpoint: result[25] (output port clocked by __VIRTUAL_CLK__)
Path Group: __VIRTUAL_CLK__
Path Type: max

Fanout         Cap        Slew       Delay        Time   Description
---------------------------------------------------------------------------------------------
                      0.000000    0.000000    0.000000   clock __VIRTUAL_CLK__ (rise edge)
                                  0.000000    0.000000   clock network delay (ideal)
                                  8.000000    8.000000 v input external delay
     1    0.008323    0.040527    0.027714    8.027714 v operand_b[1] (in)
                                                         operand_b[1] (net)
                      0.040532    0.000000    8.027714 v input81/A (sky130_fd_sc_hd__clkdlybuf4s25_1)
     1    0.005617    0.107537    0.498562    8.526276 v input81/X (sky130_fd_sc_hd__clkdlybuf4s25_1)
                                                         net81 (net)
                      0.107537    0.000227    8.526504 v fanout406/A (sky130_fd_sc_hd__clkdlybuf4s25_1)
     7    0.092424    1.215621    1.400757    9.927260 v fanout406/X (sky130_fd_sc_hd__clkdlybuf4s25_1)
                                                         net406 (net)
                      1.215621    0.001321    9.928581 v fanout404/A (sky130_fd_sc_hd__clkdlybuf4s25_1)
     8    0.057164    0.759260    1.374406   11.302987 v fanout404/X (sky130_fd_sc_hd__clkdlybuf4s25_1)
                                                         net404 (net)
                      0.759260    0.000757   11.303744 v fanout402/A (sky130_fd_sc_hd__clkdlybuf4s25_1)
     3    0.026324    0.364119    0.973351   12.277095 v fanout402/X (sky130_fd_sc_hd__clkdlybuf4s25_1)
                                                         net402 (net)
                      0.364119    0.001343   12.278439 v load_slew403/A (sky130_fd_sc_hd__buf_4)
     8    0.054617    0.144042    0.501699   12.780137 v load_slew403/X (sky130_fd_sc_hd__buf_4)
                                                         net403 (net)
                      0.144074    0.002195   12.782332 v fanout400/A (sky130_fd_sc_hd__clkdlybuf4s25_1)
     5    0.045151    0.604109    0.948909   13.731240 v fanout400/X (sky130_fd_sc_hd__clkdlybuf4s25_1)
                                                         net400 (net)
                      0.604116    0.002970   13.734211 v load_slew401/A (sky130_fd_sc_hd__clkbuf_2)
     6    0.051553    0.356965    0.676062   14.410273 v load_slew401/X (sky130_fd_sc_hd__clkbuf_2)
                                                         net401 (net)
                      0.356985    0.003041   14.413314 v _3408_/A_N (sky130_fd_sc_hd__nand2b_2)
     4    0.016035    0.170506    0.606621   15.019934 v _3408_/Y (sky130_fd_sc_hd__nand2b_2)
                                                         _2621_ (net)
                      0.170506    0.000556   15.020490 v _3477_/B1 (sky130_fd_sc_hd__a221o_2)
     9    0.050932    0.304897    0.954973   15.975463 v _3477_/X (sky130_fd_sc_hd__a221o_2)
                                                         _2689_ (net)
                      0.304899    0.001330   15.976793 v _3611_/A2 (sky130_fd_sc_hd__a21o_2)
     3    0.023851    0.143790    0.602350   16.579144 v _3611_/X (sky130_fd_sc_hd__a21o_2)
                                                         _2820_ (net)
                      0.143795    0.001100   16.580244 v _3923_/A2 (sky130_fd_sc_hd__a311o_2)
     2    0.024519    0.190816    0.886955   17.467197 v _3923_/X (sky130_fd_sc_hd__a311o_2)
                                                         _3126_ (net)
                      0.190824    0.001542   17.468740 v _3925_/B (sky130_fd_sc_hd__and3_2)
     3    0.017207    0.137964    0.573126   18.041866 v _3925_/X (sky130_fd_sc_hd__and3_2)
                                                         _3128_ (net)
                      0.137965    0.000533   18.042398 v _3962_/C1 (sky130_fd_sc_hd__o2111a_2)
     1    0.013679    0.120404    0.367402   18.409800 v _3962_/X (sky130_fd_sc_hd__o2111a_2)
                                                         _3164_ (net)
                      0.120409    0.000998   18.410799 v _3967_/B (sky130_fd_sc_hd__or4_2)
     1    0.014123    0.297145    1.770555   20.181355 v _3967_/X (sky130_fd_sc_hd__or4_2)
                                                         _3169_ (net)
                      0.297145    0.000634   20.181988 v _3968_/A (sky130_fd_sc_hd__clkbuf_1)
     2    0.010485    0.131540    0.341460   20.523449 v _3968_/X (sky130_fd_sc_hd__clkbuf_1)
                                                         _3170_ (net)
                      0.131540    0.000131   20.523581 v max_cap219/A (sky130_fd_sc_hd__buf_2)
     8    0.030711    0.152147    0.380041   20.903622 v max_cap219/X (sky130_fd_sc_hd__buf_2)
                                                         net219 (net)
                      0.152147    0.000746   20.904367 v _4360_/C (sky130_fd_sc_hd__or4_2)
     2    0.020395    0.335936    1.776666   22.681032 v _4360_/X (sky130_fd_sc_hd__or4_2)
                                                         _0336_ (net)
                      0.335936    0.001089   22.682121 v _4363_/A (sky130_fd_sc_hd__or2_2)
     5    0.020158    0.195683    0.944635   23.626757 v _4363_/X (sky130_fd_sc_hd__or2_2)
                                                         _0339_ (net)
                      0.195683    0.000711   23.627466 v _4482_/A (sky130_fd_sc_hd__or2_2)
     3    0.013396    0.165446    0.837128   24.464594 v _4482_/X (sky130_fd_sc_hd__or2_2)
                                                         _0455_ (net)
                      0.165446    0.000519   24.465113 v _4490_/A1 (sky130_fd_sc_hd__o311a_2)
     1    0.003593    0.096724    0.820773   25.285887 v _4490_/X (sky130_fd_sc_hd__o311a_2)
                                                         _0463_ (net)
                      0.096724    0.000119   25.286005 v _4525_/A3 (sky130_fd_sc_hd__a31o_2)
     2    0.019290    0.133263    0.567615   25.853621 v _4525_/X (sky130_fd_sc_hd__a31o_2)
                                                         net154 (net)
                      0.133264    0.000625   25.854246 v output154/A (sky130_fd_sc_hd__clkdlybuf4s25_1)
     1    0.037396    0.503440    0.866898   26.721144 v output154/X (sky130_fd_sc_hd__clkdlybuf4s25_1)
                                                         result[25] (net)
                      0.503440    0.001608   26.722752 v result[25] (out)
                                             26.722752   data arrival time

                      0.000000   40.000000   40.000000   clock __VIRTUAL_CLK__ (rise edge)
                                  0.000000   40.000000   clock network delay (ideal)
                                 -0.250000   39.750000   clock uncertainty
                                  0.000000   39.750000   clock reconvergence pessimism
                                 -8.000000   31.750000   output external delay
                                             31.750000   data required time
---------------------------------------------------------------------------------------------
                                             31.750000   data required time
                                            -26.722752   data arrival time
---------------------------------------------------------------------------------------------
                                              5.027248   slack (MET)


Startpoint: operand_b[1] (input port clocked by __VIRTUAL_CLK__)
Endpoint: result[21] (output port clocked by __VIRTUAL_CLK__)
Path Group: __VIRTUAL_CLK__
Path Type: max

Fanout         Cap        Slew       Delay        Time   Description
---------------------------------------------------------------------------------------------
                      0.000000    0.000000    0.000000   clock __VIRTUAL_CLK__ (rise edge)
                                  0.000000    0.000000   clock network delay (ideal)
                                  8.000000    8.000000 ^ input external delay
     1    0.008500    0.070905    0.047341    8.047340 ^ operand_b[1] (in)
                                                         operand_b[1] (net)
                      0.070908    0.000000    8.047340 ^ input81/A (sky130_fd_sc_hd__clkdlybuf4s25_1)
     1    0.005794    0.116615    0.520789    8.568130 ^ input81/X (sky130_fd_sc_hd__clkdlybuf4s25_1)
                                                         net81 (net)
                      0.116615    0.000236    8.568366 ^ fanout406/A (sky130_fd_sc_hd__clkdlybuf4s25_1)
     7    0.093663    1.478227    1.561354   10.129720 ^ fanout406/X (sky130_fd_sc_hd__clkdlybuf4s25_1)
                                                         net406 (net)
                      1.478227    0.001344   10.131063 ^ fanout404/A (sky130_fd_sc_hd__clkdlybuf4s25_1)
     8    0.058635    0.933058    1.565110   11.696174 ^ fanout404/X (sky130_fd_sc_hd__clkdlybuf4s25_1)
                                                         net404 (net)
                      0.933058    0.000779   11.696952 ^ fanout402/A (sky130_fd_sc_hd__clkdlybuf4s25_1)
     3    0.027065    0.442111    1.066192   12.763144 ^ fanout402/X (sky130_fd_sc_hd__clkdlybuf4s25_1)
                                                         net402 (net)
                      0.442111    0.001388   12.764532 ^ load_slew403/A (sky130_fd_sc_hd__buf_4)
     8    0.056684    0.259575    0.532008   13.296540 ^ load_slew403/X (sky130_fd_sc_hd__buf_4)
                                                         net403 (net)
                      0.259590    0.002268   13.298808 ^ fanout400/A (sky130_fd_sc_hd__clkdlybuf4s25_1)
     5    0.046645    0.747677    1.080863   14.379671 ^ fanout400/X (sky130_fd_sc_hd__clkdlybuf4s25_1)
                                                         net400 (net)
                      0.747680    0.003067   14.382738 ^ load_slew401/A (sky130_fd_sc_hd__clkbuf_2)
     6    0.052794    0.445883    0.747623   15.130362 ^ load_slew401/X (sky130_fd_sc_hd__clkbuf_2)
                                                         net401 (net)
                      0.445897    0.003203   15.133564 ^ _3412_/B_N (sky130_fd_sc_hd__nor2b_2)
     4    0.021425    0.407960    0.640013   15.773577 ^ _3412_/Y (sky130_fd_sc_hd__nor2b_2)
                                                         _2625_ (net)
                      0.407960    0.001082   15.774658 ^ _3555_/C1 (sky130_fd_sc_hd__a221oi_2)
     5    0.020224    0.232034    0.255678   16.030336 v _3555_/Y (sky130_fd_sc_hd__a221oi_2)
                                                         _2765_ (net)
                      0.232035    0.001153   16.031490 v _3683_/A3 (sky130_fd_sc_hd__o31a_2)
     3    0.015640    0.151542    0.730095   16.761585 v _3683_/X (sky130_fd_sc_hd__o31a_2)
                                                         _2891_ (net)
                      0.151542    0.000556   16.762140 v _3686_/B (sky130_fd_sc_hd__or4_4)
     1    0.005251    0.155317    1.095224   17.857365 v _3686_/X (sky130_fd_sc_hd__or4_4)
                                                         _2894_ (net)
                      0.155317    0.000169   17.857533 v _3687_/A (sky130_fd_sc_hd__buf_6)
     8    0.036773    0.079117    0.305315   18.162848 v _3687_/X (sky130_fd_sc_hd__buf_6)
                                                         _2895_ (net)
                      0.079121    0.000723   18.163570 v _3689_/C (sky130_fd_sc_hd__and3_2)
     3    0.014090    0.123079    0.529514   18.693085 v _3689_/X (sky130_fd_sc_hd__and3_2)
                                                         _2897_ (net)
                      0.123079    0.000362   18.693447 v _3734_/C (sky130_fd_sc_hd__or3_2)
     2    0.005777    0.186347    1.074644   19.768091 v _3734_/X (sky130_fd_sc_hd__or3_2)
                                                         _2941_ (net)
                      0.186347    0.000183   19.768274 v _3822_/D1 (sky130_fd_sc_hd__a2111o_2)
     2    0.023668    0.212217    0.905366   20.673641 v _3822_/X (sky130_fd_sc_hd__a2111o_2)
                                                         _3027_ (net)
                      0.212359    0.001451   20.675093 v _4006_/A (sky130_fd_sc_hd__or4b_4)
     4    0.019289    0.202479    1.257552   21.932644 v _4006_/X (sky130_fd_sc_hd__or4b_4)
                                                         _3207_ (net)
                      0.202659    0.001149   21.933794 v _4265_/A (sky130_fd_sc_hd__or4_2)
     5    0.031399    0.384353    1.988735   23.922529 v _4265_/X (sky130_fd_sc_hd__or4_2)
                                                         _0243_ (net)
                      0.384353    0.001172   23.923700 v _4306_/A2 (sky130_fd_sc_hd__a21bo_2)
     1    0.002903    0.060218    0.526109   24.449810 v _4306_/X (sky130_fd_sc_hd__a21bo_2)
                                                         _0283_ (net)
                      0.060218    0.000064   24.449875 v _4308_/B1 (sky130_fd_sc_hd__a221o_2)
     1    0.005964    0.109981    0.674065   25.123940 v _4308_/X (sky130_fd_sc_hd__a221o_2)
                                                         _0285_ (net)
                      0.109981    0.000206   25.124146 v _4309_/B1 (sky130_fd_sc_hd__o21ai_2)
     1    0.004615    0.165546    0.113925   25.238070 ^ _4309_/Y (sky130_fd_sc_hd__o21ai_2)
                                                         _0286_ (net)
                      0.165546    0.000165   25.238235 ^ _4345_/A1 (sky130_fd_sc_hd__a211o_2)
     2    0.029281    0.234763    0.450635   25.688869 ^ _4345_/X (sky130_fd_sc_hd__a211o_2)
                                                         net150 (net)
                      0.234787    0.002661   25.691532 ^ output150/A (sky130_fd_sc_hd__clkdlybuf4s25_1)
     1    0.036720    0.592233    0.956314   26.647846 ^ output150/X (sky130_fd_sc_hd__clkdlybuf4s25_1)
                                                         result[21] (net)
                      0.592233    0.001261   26.649107 ^ result[21] (out)
                                             26.649107   data arrival time

                      0.000000   40.000000   40.000000   clock __VIRTUAL_CLK__ (rise edge)
                                  0.000000   40.000000   clock network delay (ideal)
                                 -0.250000   39.750000   clock uncertainty
                                  0.000000   39.750000   clock reconvergence pessimism
                                 -8.000000   31.750000   output external delay
                                             31.750000   data required time
---------------------------------------------------------------------------------------------
                                             31.750000   data required time
                                            -26.649107   data arrival time
---------------------------------------------------------------------------------------------
                                              5.100892   slack (MET)


Startpoint: operand_b[1] (input port clocked by __VIRTUAL_CLK__)
Endpoint: result[28] (output port clocked by __VIRTUAL_CLK__)
Path Group: __VIRTUAL_CLK__
Path Type: max

Fanout         Cap        Slew       Delay        Time   Description
---------------------------------------------------------------------------------------------
                      0.000000    0.000000    0.000000   clock __VIRTUAL_CLK__ (rise edge)
                                  0.000000    0.000000   clock network delay (ideal)
                                  8.000000    8.000000 ^ input external delay
     1    0.008500    0.070905    0.047341    8.047340 ^ operand_b[1] (in)
                                                         operand_b[1] (net)
                      0.070908    0.000000    8.047340 ^ input81/A (sky130_fd_sc_hd__clkdlybuf4s25_1)
     1    0.005794    0.116615    0.520789    8.568130 ^ input81/X (sky130_fd_sc_hd__clkdlybuf4s25_1)
                                                         net81 (net)
                      0.116615    0.000236    8.568366 ^ fanout406/A (sky130_fd_sc_hd__clkdlybuf4s25_1)
     7    0.093663    1.478227    1.561354   10.129720 ^ fanout406/X (sky130_fd_sc_hd__clkdlybuf4s25_1)
                                                         net406 (net)
                      1.478227    0.001344   10.131063 ^ fanout404/A (sky130_fd_sc_hd__clkdlybuf4s25_1)
     8    0.058635    0.933058    1.565110   11.696174 ^ fanout404/X (sky130_fd_sc_hd__clkdlybuf4s25_1)
                                                         net404 (net)
                      0.933058    0.000779   11.696952 ^ fanout402/A (sky130_fd_sc_hd__clkdlybuf4s25_1)
     3    0.027065    0.442111    1.066192   12.763144 ^ fanout402/X (sky130_fd_sc_hd__clkdlybuf4s25_1)
                                                         net402 (net)
                      0.442111    0.001388   12.764532 ^ load_slew403/A (sky130_fd_sc_hd__buf_4)
     8    0.056684    0.259575    0.532008   13.296540 ^ load_slew403/X (sky130_fd_sc_hd__buf_4)
                                                         net403 (net)
                      0.259590    0.002268   13.298808 ^ fanout400/A (sky130_fd_sc_hd__clkdlybuf4s25_1)
     5    0.046645    0.747677    1.080863   14.379671 ^ fanout400/X (sky130_fd_sc_hd__clkdlybuf4s25_1)
                                                         net400 (net)
                      0.747680    0.003067   14.382738 ^ load_slew401/A (sky130_fd_sc_hd__clkbuf_2)
     6    0.052794    0.445883    0.747623   15.130362 ^ load_slew401/X (sky130_fd_sc_hd__clkbuf_2)
                                                         net401 (net)
                      0.445897    0.003203   15.133564 ^ _3412_/B_N (sky130_fd_sc_hd__nor2b_2)
     4    0.021425    0.407960    0.640013   15.773577 ^ _3412_/Y (sky130_fd_sc_hd__nor2b_2)
                                                         _2625_ (net)
                      0.407960    0.001082   15.774658 ^ _3555_/C1 (sky130_fd_sc_hd__a221oi_2)
     5    0.020224    0.232034    0.255678   16.030336 v _3555_/Y (sky130_fd_sc_hd__a221oi_2)
                                                         _2765_ (net)
                      0.232035    0.001153   16.031490 v _3683_/A3 (sky130_fd_sc_hd__o31a_2)
     3    0.015640    0.151542    0.730095   16.761585 v _3683_/X (sky130_fd_sc_hd__o31a_2)
                                                         _2891_ (net)
                      0.151544    0.000806   16.762390 v _4087_/A2 (sky130_fd_sc_hd__o41a_2)
     4    0.045430    0.316031    1.249928   18.012320 v _4087_/X (sky130_fd_sc_hd__o41a_2)
                                                         _0069_ (net)
                      0.316044    0.002364   18.014683 v _4441_/A3 (sky130_fd_sc_hd__o31ai_4)
     1    0.011144    0.354117    0.463556   18.478239 ^ _4441_/Y (sky130_fd_sc_hd__o31ai_4)
                                                         _0415_ (net)
                      0.354117    0.000604   18.478844 ^ wire248/A (sky130_fd_sc_hd__buf_2)
     5    0.048615    0.380008    0.566541   19.045385 ^ wire248/X (sky130_fd_sc_hd__buf_2)
                                                         net248 (net)
                      0.380075    0.005228   19.050611 ^ _4442_/A (sky130_fd_sc_hd__clkbuf_1)
     5    0.027343    0.516177    0.605239   19.655851 ^ _4442_/X (sky130_fd_sc_hd__clkbuf_1)
                                                         _0416_ (net)
                      0.516177    0.000680   19.656530 ^ max_cap234/A (sky130_fd_sc_hd__buf_2)
     6    0.038519    0.305327    0.578291   20.234823 ^ max_cap234/X (sky130_fd_sc_hd__buf_2)
                                                         net234 (net)
                      0.305337    0.002210   20.237032 ^ _4443_/B (sky130_fd_sc_hd__nand2_2)
     9    0.045865    0.395463    0.457604   20.694635 v _4443_/Y (sky130_fd_sc_hd__nand2_2)
                                                         _0417_ (net)
                      0.395463    0.000917   20.695553 v _4541_/S (sky130_fd_sc_hd__mux2_2)
     1    0.005964    0.108380    0.743196   21.438747 v _4541_/X (sky130_fd_sc_hd__mux2_2)
                                                         _0513_ (net)
                      0.108380    0.000211   21.438959 v _4542_/B1 (sky130_fd_sc_hd__o31ai_2)
     3    0.007395    0.375585    0.137632   21.576591 ^ _4542_/Y (sky130_fd_sc_hd__o31ai_2)
                                                         _0514_ (net)
                      0.375585    0.000190   21.576782 ^ _4586_/D_N (sky130_fd_sc_hd__or4b_2)
     4    0.026364    0.358236    1.825690   23.402472 v _4586_/X (sky130_fd_sc_hd__or4b_2)
                                                         _0557_ (net)
                      0.358237    0.001620   23.404091 v _4612_/D (sky130_fd_sc_hd__or4_2)
     1    0.009548    0.266391    1.564164   24.968256 v _4612_/X (sky130_fd_sc_hd__or4_2)
                                                         _0582_ (net)
                      0.266391    0.000329   24.968584 v _4623_/A (sky130_fd_sc_hd__xnor2_2)
     1    0.004688    0.098140    0.339700   25.308285 v _4623_/Y (sky130_fd_sc_hd__xnor2_2)
                                                         _0593_ (net)
                      0.098140    0.000146   25.308430 v _4653_/A2 (sky130_fd_sc_hd__o21ai_2)
     2    0.012645    0.327332    0.321908   25.630337 ^ _4653_/Y (sky130_fd_sc_hd__o21ai_2)
                                                         net157 (net)
                      0.327332    0.000606   25.630943 ^ output157/A (sky130_fd_sc_hd__clkdlybuf4s25_1)
     1    0.036618    0.590503    0.989703   26.620646 ^ output157/X (sky130_fd_sc_hd__clkdlybuf4s25_1)
                                                         result[28] (net)
                      0.590503    0.001245   26.621891 ^ result[28] (out)
                                             26.621891   data arrival time

                      0.000000   40.000000   40.000000   clock __VIRTUAL_CLK__ (rise edge)
                                  0.000000   40.000000   clock network delay (ideal)
                                 -0.250000   39.750000   clock uncertainty
                                  0.000000   39.750000   clock reconvergence pessimism
                                 -8.000000   31.750000   output external delay
                                             31.750000   data required time
---------------------------------------------------------------------------------------------
                                             31.750000   data required time
                                            -26.621891   data arrival time
---------------------------------------------------------------------------------------------
                                              5.128108   slack (MET)


Startpoint: operand_b[1] (input port clocked by __VIRTUAL_CLK__)
Endpoint: result[35] (output port clocked by __VIRTUAL_CLK__)
Path Group: __VIRTUAL_CLK__
Path Type: max

Fanout         Cap        Slew       Delay        Time   Description
---------------------------------------------------------------------------------------------
                      0.000000    0.000000    0.000000   clock __VIRTUAL_CLK__ (rise edge)
                                  0.000000    0.000000   clock network delay (ideal)
                                  8.000000    8.000000 ^ input external delay
     1    0.008500    0.070905    0.047341    8.047340 ^ operand_b[1] (in)
                                                         operand_b[1] (net)
                      0.070908    0.000000    8.047340 ^ input81/A (sky130_fd_sc_hd__clkdlybuf4s25_1)
     1    0.005794    0.116615    0.520789    8.568130 ^ input81/X (sky130_fd_sc_hd__clkdlybuf4s25_1)
                                                         net81 (net)
                      0.116615    0.000236    8.568366 ^ fanout406/A (sky130_fd_sc_hd__clkdlybuf4s25_1)
     7    0.093663    1.478227    1.561354   10.129720 ^ fanout406/X (sky130_fd_sc_hd__clkdlybuf4s25_1)
                                                         net406 (net)
                      1.478227    0.001344   10.131063 ^ fanout404/A (sky130_fd_sc_hd__clkdlybuf4s25_1)
     8    0.058635    0.933058    1.565110   11.696174 ^ fanout404/X (sky130_fd_sc_hd__clkdlybuf4s25_1)
                                                         net404 (net)
                      0.933058    0.000779   11.696952 ^ fanout402/A (sky130_fd_sc_hd__clkdlybuf4s25_1)
     3    0.027065    0.442111    1.066192   12.763144 ^ fanout402/X (sky130_fd_sc_hd__clkdlybuf4s25_1)
                                                         net402 (net)
                      0.442111    0.001388   12.764532 ^ load_slew403/A (sky130_fd_sc_hd__buf_4)
     8    0.056684    0.259575    0.532008   13.296540 ^ load_slew403/X (sky130_fd_sc_hd__buf_4)
                                                         net403 (net)
                      0.259590    0.002268   13.298808 ^ fanout400/A (sky130_fd_sc_hd__clkdlybuf4s25_1)
     5    0.046645    0.747677    1.080863   14.379671 ^ fanout400/X (sky130_fd_sc_hd__clkdlybuf4s25_1)
                                                         net400 (net)
                      0.747680    0.003067   14.382738 ^ load_slew401/A (sky130_fd_sc_hd__clkbuf_2)
     6    0.052794    0.445883    0.747623   15.130362 ^ load_slew401/X (sky130_fd_sc_hd__clkbuf_2)
                                                         net401 (net)
                      0.445897    0.003203   15.133564 ^ _3412_/B_N (sky130_fd_sc_hd__nor2b_2)
     4    0.021425    0.407960    0.640013   15.773577 ^ _3412_/Y (sky130_fd_sc_hd__nor2b_2)
                                                         _2625_ (net)
                      0.407960    0.001082   15.774658 ^ _3555_/C1 (sky130_fd_sc_hd__a221oi_2)
     5    0.020224    0.232034    0.255678   16.030336 v _3555_/Y (sky130_fd_sc_hd__a221oi_2)
                                                         _2765_ (net)
                      0.232035    0.001153   16.031490 v _3683_/A3 (sky130_fd_sc_hd__o31a_2)
     3    0.015640    0.151542    0.730095   16.761585 v _3683_/X (sky130_fd_sc_hd__o31a_2)
                                                         _2891_ (net)
                      0.151544    0.000806   16.762390 v _4087_/A2 (sky130_fd_sc_hd__o41a_2)
     4    0.045430    0.316031    1.249928   18.012320 v _4087_/X (sky130_fd_sc_hd__o41a_2)
                                                         _0069_ (net)
                      0.316044    0.002364   18.014683 v _4441_/A3 (sky130_fd_sc_hd__o31ai_4)
     1    0.011144    0.354117    0.463556   18.478239 ^ _4441_/Y (sky130_fd_sc_hd__o31ai_4)
                                                         _0415_ (net)
                      0.354117    0.000604   18.478844 ^ wire248/A (sky130_fd_sc_hd__buf_2)
     5    0.048615    0.380008    0.566541   19.045385 ^ wire248/X (sky130_fd_sc_hd__buf_2)
                                                         net248 (net)
                      0.380075    0.005228   19.050611 ^ _4442_/A (sky130_fd_sc_hd__clkbuf_1)
     5    0.027343    0.516177    0.605239   19.655851 ^ _4442_/X (sky130_fd_sc_hd__clkbuf_1)
                                                         _0416_ (net)
                      0.516177    0.000680   19.656530 ^ max_cap234/A (sky130_fd_sc_hd__buf_2)
     6    0.038519    0.305327    0.578291   20.234823 ^ max_cap234/X (sky130_fd_sc_hd__buf_2)
                                                         net234 (net)
                      0.305337    0.002210   20.237032 ^ _4443_/B (sky130_fd_sc_hd__nand2_2)
     9    0.045865    0.395463    0.457604   20.694635 v _4443_/Y (sky130_fd_sc_hd__nand2_2)
                                                         _0417_ (net)
                      0.395463    0.000917   20.695553 v _4541_/S (sky130_fd_sc_hd__mux2_2)
     1    0.005964    0.108380    0.743196   21.438747 v _4541_/X (sky130_fd_sc_hd__mux2_2)
                                                         _0513_ (net)
                      0.108380    0.000211   21.438959 v _4542_/B1 (sky130_fd_sc_hd__o31ai_2)
     3    0.007395    0.375585    0.137632   21.576591 ^ _4542_/Y (sky130_fd_sc_hd__o31ai_2)
                                                         _0514_ (net)
                      0.375585    0.000190   21.576782 ^ _4586_/D_N (sky130_fd_sc_hd__or4b_2)
     4    0.026364    0.358236    1.825690   23.402472 v _4586_/X (sky130_fd_sc_hd__or4b_2)
                                                         _0557_ (net)
                      0.358236    0.001513   23.403986 v _4668_/C (sky130_fd_sc_hd__nor4_2)
     3    0.011754    0.598928    0.720462   24.124447 ^ _4668_/Y (sky130_fd_sc_hd__nor4_2)
                                                         _0637_ (net)
                      0.598928    0.000387   24.124834 ^ _4927_/B (sky130_fd_sc_hd__and4b_2)
     1    0.008966    0.146971    0.718931   24.843765 ^ _4927_/X (sky130_fd_sc_hd__and4b_2)
                                                         _0890_ (net)
                      0.146971    0.000188   24.843954 ^ _4928_/B (sky130_fd_sc_hd__xor2_2)
     1    0.003959    0.138422    0.150667   24.994621 v _4928_/X (sky130_fd_sc_hd__xor2_2)
                                                         _0891_ (net)
                      0.138422    0.000140   24.994761 v _4952_/B1 (sky130_fd_sc_hd__a221o_2)
     2    0.012429    0.141277    0.751028   25.745789 v _4952_/X (sky130_fd_sc_hd__a221o_2)
                                                         net165 (net)
                      0.141277    0.000488   25.746277 v output165/A (sky130_fd_sc_hd__clkdlybuf4s25_1)
     1    0.037548    0.505339    0.872378   26.618654 v output165/X (sky130_fd_sc_hd__clkdlybuf4s25_1)
                                                         result[35] (net)
                      0.505339    0.001462   26.620117 v result[35] (out)
                                             26.620117   data arrival time

                      0.000000   40.000000   40.000000   clock __VIRTUAL_CLK__ (rise edge)
                                  0.000000   40.000000   clock network delay (ideal)
                                 -0.250000   39.750000   clock uncertainty
                                  0.000000   39.750000   clock reconvergence pessimism
                                 -8.000000   31.750000   output external delay
                                             31.750000   data required time
---------------------------------------------------------------------------------------------
                                             31.750000   data required time
                                            -26.620117   data arrival time
---------------------------------------------------------------------------------------------
                                              5.129882   slack (MET)


Startpoint: operand_b[1] (input port clocked by __VIRTUAL_CLK__)
Endpoint: result[38] (output port clocked by __VIRTUAL_CLK__)
Path Group: __VIRTUAL_CLK__
Path Type: max

Fanout         Cap        Slew       Delay        Time   Description
---------------------------------------------------------------------------------------------
                      0.000000    0.000000    0.000000   clock __VIRTUAL_CLK__ (rise edge)
                                  0.000000    0.000000   clock network delay (ideal)
                                  8.000000    8.000000 ^ input external delay
     1    0.008500    0.070905    0.047341    8.047340 ^ operand_b[1] (in)
                                                         operand_b[1] (net)
                      0.070908    0.000000    8.047340 ^ input81/A (sky130_fd_sc_hd__clkdlybuf4s25_1)
     1    0.005794    0.116615    0.520789    8.568130 ^ input81/X (sky130_fd_sc_hd__clkdlybuf4s25_1)
                                                         net81 (net)
                      0.116615    0.000236    8.568366 ^ fanout406/A (sky130_fd_sc_hd__clkdlybuf4s25_1)
     7    0.093663    1.478227    1.561354   10.129720 ^ fanout406/X (sky130_fd_sc_hd__clkdlybuf4s25_1)
                                                         net406 (net)
                      1.478227    0.001344   10.131063 ^ fanout404/A (sky130_fd_sc_hd__clkdlybuf4s25_1)
     8    0.058635    0.933058    1.565110   11.696174 ^ fanout404/X (sky130_fd_sc_hd__clkdlybuf4s25_1)
                                                         net404 (net)
                      0.933058    0.000779   11.696952 ^ fanout402/A (sky130_fd_sc_hd__clkdlybuf4s25_1)
     3    0.027065    0.442111    1.066192   12.763144 ^ fanout402/X (sky130_fd_sc_hd__clkdlybuf4s25_1)
                                                         net402 (net)
                      0.442111    0.001388   12.764532 ^ load_slew403/A (sky130_fd_sc_hd__buf_4)
     8    0.056684    0.259575    0.532008   13.296540 ^ load_slew403/X (sky130_fd_sc_hd__buf_4)
                                                         net403 (net)
                      0.259590    0.002268   13.298808 ^ fanout400/A (sky130_fd_sc_hd__clkdlybuf4s25_1)
     5    0.046645    0.747677    1.080863   14.379671 ^ fanout400/X (sky130_fd_sc_hd__clkdlybuf4s25_1)
                                                         net400 (net)
                      0.747680    0.003067   14.382738 ^ load_slew401/A (sky130_fd_sc_hd__clkbuf_2)
     6    0.052794    0.445883    0.747623   15.130362 ^ load_slew401/X (sky130_fd_sc_hd__clkbuf_2)
                                                         net401 (net)
                      0.445897    0.003203   15.133564 ^ _3412_/B_N (sky130_fd_sc_hd__nor2b_2)
     4    0.021425    0.407960    0.640013   15.773577 ^ _3412_/Y (sky130_fd_sc_hd__nor2b_2)
                                                         _2625_ (net)
                      0.407960    0.001082   15.774658 ^ _3555_/C1 (sky130_fd_sc_hd__a221oi_2)
     5    0.020224    0.232034    0.255678   16.030336 v _3555_/Y (sky130_fd_sc_hd__a221oi_2)
                                                         _2765_ (net)
                      0.232035    0.001153   16.031490 v _3683_/A3 (sky130_fd_sc_hd__o31a_2)
     3    0.015640    0.151542    0.730095   16.761585 v _3683_/X (sky130_fd_sc_hd__o31a_2)
                                                         _2891_ (net)
                      0.151542    0.000556   16.762140 v _3686_/B (sky130_fd_sc_hd__or4_4)
     1    0.005251    0.155317    1.095224   17.857365 v _3686_/X (sky130_fd_sc_hd__or4_4)
                                                         _2894_ (net)
                      0.155317    0.000169   17.857533 v _3687_/A (sky130_fd_sc_hd__buf_6)
     8    0.036773    0.079117    0.305315   18.162848 v _3687_/X (sky130_fd_sc_hd__buf_6)
                                                         _2895_ (net)
                      0.079143    0.001403   18.164251 v _3771_/B2 (sky130_fd_sc_hd__a221o_2)
     2    0.008753    0.121337    0.750090   18.914341 v _3771_/X (sky130_fd_sc_hd__a221o_2)
                                                         _2977_ (net)
                      0.121337    0.000204   18.914545 v _3775_/A1 (sky130_fd_sc_hd__a21o_2)
     3    0.013786    0.106940    0.447129   19.361673 v _3775_/X (sky130_fd_sc_hd__a21o_2)
                                                         _2981_ (net)
                      0.106940    0.000272   19.361946 v _3857_/A2 (sky130_fd_sc_hd__a2111o_2)
     3    0.022880    0.209501    1.095833   20.457779 v _3857_/X (sky130_fd_sc_hd__a2111o_2)
                                                         _3061_ (net)
                      0.209635    0.001634   20.459412 v _3960_/A (sky130_fd_sc_hd__or4b_4)
     3    0.029802    0.232698    1.305988   21.765400 v _3960_/X (sky130_fd_sc_hd__or4b_4)
                                                         _3162_ (net)
                      0.232698    0.002204   21.767605 v _4709_/A (sky130_fd_sc_hd__nor4b_2)
     2    0.030058    1.216834    1.280643   23.048248 ^ _4709_/Y (sky130_fd_sc_hd__nor4b_2)
                                                         _0677_ (net)
                      1.216835    0.001327   23.049576 ^ _4968_/A (sky130_fd_sc_hd__and4_2)
     1    0.003114    0.112440    0.843228   23.892803 ^ _4968_/X (sky130_fd_sc_hd__and4_2)
                                                         _0930_ (net)
                      0.112440    0.000099   23.892902 ^ _4969_/A (sky130_fd_sc_hd__clkbuf_1)
     2    0.010244    0.205661    0.278884   24.171787 ^ _4969_/X (sky130_fd_sc_hd__clkbuf_1)
                                                         _0931_ (net)
                      0.205661    0.000288   24.172075 ^ wire204/A (sky130_fd_sc_hd__clkbuf_4)
     7    0.043658    0.220635    0.441968   24.614042 ^ wire204/X (sky130_fd_sc_hd__clkbuf_4)
                                                         net204 (net)
                      0.220640    0.001572   24.615616 ^ _5036_/A (sky130_fd_sc_hd__nand2_2)
     1    0.009586    0.149920    0.186983   24.802599 v _5036_/Y (sky130_fd_sc_hd__nand2_2)
                                                         _0998_ (net)
                      0.149920    0.000336   24.802935 v _5037_/B (sky130_fd_sc_hd__xnor2_2)
     1    0.005633    0.105345    0.289466   25.092400 v _5037_/Y (sky130_fd_sc_hd__xnor2_2)
                                                         _0999_ (net)
                      0.105345    0.000195   25.092596 v _5064_/A2 (sky130_fd_sc_hd__o21ai_2)
     2    0.020859    0.456312    0.433912   25.526508 ^ _5064_/Y (sky130_fd_sc_hd__o21ai_2)
                                                         net168 (net)
                      0.456312    0.001155   25.527662 ^ output168/A (sky130_fd_sc_hd__clkdlybuf4s25_1)
     1    0.037400    0.603240    1.046795   26.574457 ^ output168/X (sky130_fd_sc_hd__clkdlybuf4s25_1)
                                                         result[38] (net)
                      0.603240    0.001496   26.575953 ^ result[38] (out)
                                             26.575953   data arrival time

                      0.000000   40.000000   40.000000   clock __VIRTUAL_CLK__ (rise edge)
                                  0.000000   40.000000   clock network delay (ideal)
                                 -0.250000   39.750000   clock uncertainty
                                  0.000000   39.750000   clock reconvergence pessimism
                                 -8.000000   31.750000   output external delay
                                             31.750000   data required time
---------------------------------------------------------------------------------------------
                                             31.750000   data required time
                                            -26.575953   data arrival time
---------------------------------------------------------------------------------------------
                                              5.174046   slack (MET)


Startpoint: operand_b[1] (input port clocked by __VIRTUAL_CLK__)
Endpoint: result[42] (output port clocked by __VIRTUAL_CLK__)
Path Group: __VIRTUAL_CLK__
Path Type: max

Fanout         Cap        Slew       Delay        Time   Description
---------------------------------------------------------------------------------------------
                      0.000000    0.000000    0.000000   clock __VIRTUAL_CLK__ (rise edge)
                                  0.000000    0.000000   clock network delay (ideal)
                                  8.000000    8.000000 ^ input external delay
     1    0.008500    0.070905    0.047341    8.047340 ^ operand_b[1] (in)
                                                         operand_b[1] (net)
                      0.070908    0.000000    8.047340 ^ input81/A (sky130_fd_sc_hd__clkdlybuf4s25_1)
     1    0.005794    0.116615    0.520789    8.568130 ^ input81/X (sky130_fd_sc_hd__clkdlybuf4s25_1)
                                                         net81 (net)
                      0.116615    0.000236    8.568366 ^ fanout406/A (sky130_fd_sc_hd__clkdlybuf4s25_1)
     7    0.093663    1.478227    1.561354   10.129720 ^ fanout406/X (sky130_fd_sc_hd__clkdlybuf4s25_1)
                                                         net406 (net)
                      1.478227    0.001344   10.131063 ^ fanout404/A (sky130_fd_sc_hd__clkdlybuf4s25_1)
     8    0.058635    0.933058    1.565110   11.696174 ^ fanout404/X (sky130_fd_sc_hd__clkdlybuf4s25_1)
                                                         net404 (net)
                      0.933058    0.000779   11.696952 ^ fanout402/A (sky130_fd_sc_hd__clkdlybuf4s25_1)
     3    0.027065    0.442111    1.066192   12.763144 ^ fanout402/X (sky130_fd_sc_hd__clkdlybuf4s25_1)
                                                         net402 (net)
                      0.442111    0.001388   12.764532 ^ load_slew403/A (sky130_fd_sc_hd__buf_4)
     8    0.056684    0.259575    0.532008   13.296540 ^ load_slew403/X (sky130_fd_sc_hd__buf_4)
                                                         net403 (net)
                      0.259590    0.002268   13.298808 ^ fanout400/A (sky130_fd_sc_hd__clkdlybuf4s25_1)
     5    0.046645    0.747677    1.080863   14.379671 ^ fanout400/X (sky130_fd_sc_hd__clkdlybuf4s25_1)
                                                         net400 (net)
                      0.747680    0.003067   14.382738 ^ load_slew401/A (sky130_fd_sc_hd__clkbuf_2)
     6    0.052794    0.445883    0.747623   15.130362 ^ load_slew401/X (sky130_fd_sc_hd__clkbuf_2)
                                                         net401 (net)
                      0.445897    0.003203   15.133564 ^ _3412_/B_N (sky130_fd_sc_hd__nor2b_2)
     4    0.021425    0.407960    0.640013   15.773577 ^ _3412_/Y (sky130_fd_sc_hd__nor2b_2)
                                                         _2625_ (net)
                      0.407960    0.001082   15.774658 ^ _3555_/C1 (sky130_fd_sc_hd__a221oi_2)
     5    0.020224    0.232034    0.255678   16.030336 v _3555_/Y (sky130_fd_sc_hd__a221oi_2)
                                                         _2765_ (net)
                      0.232035    0.001153   16.031490 v _3683_/A3 (sky130_fd_sc_hd__o31a_2)
     3    0.015640    0.151542    0.730095   16.761585 v _3683_/X (sky130_fd_sc_hd__o31a_2)
                                                         _2891_ (net)
                      0.151542    0.000556   16.762140 v _3686_/B (sky130_fd_sc_hd__or4_4)
     1    0.005251    0.155317    1.095224   17.857365 v _3686_/X (sky130_fd_sc_hd__or4_4)
                                                         _2894_ (net)
                      0.155317    0.000169   17.857533 v _3687_/A (sky130_fd_sc_hd__buf_6)
     8    0.036773    0.079117    0.305315   18.162848 v _3687_/X (sky130_fd_sc_hd__buf_6)
                                                         _2895_ (net)
                      0.079143    0.001403   18.164251 v _3771_/B2 (sky130_fd_sc_hd__a221o_2)
     2    0.008753    0.121337    0.750090   18.914341 v _3771_/X (sky130_fd_sc_hd__a221o_2)
                                                         _2977_ (net)
                      0.121337    0.000204   18.914545 v _3775_/A1 (sky130_fd_sc_hd__a21o_2)
     3    0.013786    0.106940    0.447129   19.361673 v _3775_/X (sky130_fd_sc_hd__a21o_2)
                                                         _2981_ (net)
                      0.106940    0.000272   19.361946 v _3857_/A2 (sky130_fd_sc_hd__a2111o_2)
     3    0.022880    0.209501    1.095833   20.457779 v _3857_/X (sky130_fd_sc_hd__a2111o_2)
                                                         _3061_ (net)
                      0.209635    0.001634   20.459412 v _3960_/A (sky130_fd_sc_hd__or4b_4)
     3    0.029802    0.232698    1.305988   21.765400 v _3960_/X (sky130_fd_sc_hd__or4b_4)
                                                         _3162_ (net)
                      0.232698    0.002204   21.767605 v _4709_/A (sky130_fd_sc_hd__nor4b_2)
     2    0.030058    1.216834    1.280643   23.048248 ^ _4709_/Y (sky130_fd_sc_hd__nor4b_2)
                                                         _0677_ (net)
                      1.216835    0.001327   23.049576 ^ _4968_/A (sky130_fd_sc_hd__and4_2)
     1    0.003114    0.112440    0.843228   23.892803 ^ _4968_/X (sky130_fd_sc_hd__and4_2)
                                                         _0930_ (net)
                      0.112440    0.000099   23.892902 ^ _4969_/A (sky130_fd_sc_hd__clkbuf_1)
     2    0.010244    0.205661    0.278884   24.171787 ^ _4969_/X (sky130_fd_sc_hd__clkbuf_1)
                                                         _0931_ (net)
                      0.205661    0.000288   24.172075 ^ wire204/A (sky130_fd_sc_hd__clkbuf_4)
     7    0.043658    0.220635    0.441968   24.614042 ^ wire204/X (sky130_fd_sc_hd__clkbuf_4)
                                                         net204 (net)
                      0.220659    0.002546   24.616589 ^ _5208_/A (sky130_fd_sc_hd__and3_2)
     1    0.008880    0.123700    0.461920   25.078508 ^ _5208_/X (sky130_fd_sc_hd__and3_2)
                                                         _1183_ (net)
                      0.123700    0.000185   25.078693 ^ _5209_/B (sky130_fd_sc_hd__xor2_2)
     1    0.004412    0.114954    0.143640   25.222334 v _5209_/X (sky130_fd_sc_hd__xor2_2)
                                                         _1184_ (net)
                      0.114954    0.000091   25.222424 v _5232_/A2 (sky130_fd_sc_hd__o21ai_2)
     2    0.013370    0.338524    0.338876   25.561300 ^ _5232_/Y (sky130_fd_sc_hd__o21ai_2)
                                                         net173 (net)
                      0.338524    0.000618   25.561918 ^ output173/A (sky130_fd_sc_hd__clkdlybuf4s25_1)
     1    0.037396    0.603085    1.003258   26.565176 ^ output173/X (sky130_fd_sc_hd__clkdlybuf4s25_1)
                                                         result[42] (net)
                      0.603085    0.000790   26.565966 ^ result[42] (out)
                                             26.565966   data arrival time

                      0.000000   40.000000   40.000000   clock __VIRTUAL_CLK__ (rise edge)
                                  0.000000   40.000000   clock network delay (ideal)
                                 -0.250000   39.750000   clock uncertainty
                                  0.000000   39.750000   clock reconvergence pessimism
                                 -8.000000   31.750000   output external delay
                                             31.750000   data required time
---------------------------------------------------------------------------------------------
                                             31.750000   data required time
                                            -26.565966   data arrival time
---------------------------------------------------------------------------------------------
                                              5.184033   slack (MET)


Startpoint: operand_b[1] (input port clocked by __VIRTUAL_CLK__)
Endpoint: result[36] (output port clocked by __VIRTUAL_CLK__)
Path Group: __VIRTUAL_CLK__
Path Type: max

Fanout         Cap        Slew       Delay        Time   Description
---------------------------------------------------------------------------------------------
                      0.000000    0.000000    0.000000   clock __VIRTUAL_CLK__ (rise edge)
                                  0.000000    0.000000   clock network delay (ideal)
                                  8.000000    8.000000 ^ input external delay
     1    0.008500    0.070905    0.047341    8.047340 ^ operand_b[1] (in)
                                                         operand_b[1] (net)
                      0.070908    0.000000    8.047340 ^ input81/A (sky130_fd_sc_hd__clkdlybuf4s25_1)
     1    0.005794    0.116615    0.520789    8.568130 ^ input81/X (sky130_fd_sc_hd__clkdlybuf4s25_1)
                                                         net81 (net)
                      0.116615    0.000236    8.568366 ^ fanout406/A (sky130_fd_sc_hd__clkdlybuf4s25_1)
     7    0.093663    1.478227    1.561354   10.129720 ^ fanout406/X (sky130_fd_sc_hd__clkdlybuf4s25_1)
                                                         net406 (net)
                      1.478227    0.001344   10.131063 ^ fanout404/A (sky130_fd_sc_hd__clkdlybuf4s25_1)
     8    0.058635    0.933058    1.565110   11.696174 ^ fanout404/X (sky130_fd_sc_hd__clkdlybuf4s25_1)
                                                         net404 (net)
                      0.933058    0.000779   11.696952 ^ fanout402/A (sky130_fd_sc_hd__clkdlybuf4s25_1)
     3    0.027065    0.442111    1.066192   12.763144 ^ fanout402/X (sky130_fd_sc_hd__clkdlybuf4s25_1)
                                                         net402 (net)
                      0.442111    0.001388   12.764532 ^ load_slew403/A (sky130_fd_sc_hd__buf_4)
     8    0.056684    0.259575    0.532008   13.296540 ^ load_slew403/X (sky130_fd_sc_hd__buf_4)
                                                         net403 (net)
                      0.259590    0.002268   13.298808 ^ fanout400/A (sky130_fd_sc_hd__clkdlybuf4s25_1)
     5    0.046645    0.747677    1.080863   14.379671 ^ fanout400/X (sky130_fd_sc_hd__clkdlybuf4s25_1)
                                                         net400 (net)
                      0.747680    0.003067   14.382738 ^ load_slew401/A (sky130_fd_sc_hd__clkbuf_2)
     6    0.052794    0.445883    0.747623   15.130362 ^ load_slew401/X (sky130_fd_sc_hd__clkbuf_2)
                                                         net401 (net)
                      0.445897    0.003203   15.133564 ^ _3412_/B_N (sky130_fd_sc_hd__nor2b_2)
     4    0.021425    0.407960    0.640013   15.773577 ^ _3412_/Y (sky130_fd_sc_hd__nor2b_2)
                                                         _2625_ (net)
                      0.407960    0.001082   15.774658 ^ _3555_/C1 (sky130_fd_sc_hd__a221oi_2)
     5    0.020224    0.232034    0.255678   16.030336 v _3555_/Y (sky130_fd_sc_hd__a221oi_2)
                                                         _2765_ (net)
                      0.232035    0.001153   16.031490 v _3683_/A3 (sky130_fd_sc_hd__o31a_2)
     3    0.015640    0.151542    0.730095   16.761585 v _3683_/X (sky130_fd_sc_hd__o31a_2)
                                                         _2891_ (net)
                      0.151542    0.000556   16.762140 v _3686_/B (sky130_fd_sc_hd__or4_4)
     1    0.005251    0.155317    1.095224   17.857365 v _3686_/X (sky130_fd_sc_hd__or4_4)
                                                         _2894_ (net)
                      0.155317    0.000169   17.857533 v _3687_/A (sky130_fd_sc_hd__buf_6)
     8    0.036773    0.079117    0.305315   18.162848 v _3687_/X (sky130_fd_sc_hd__buf_6)
                                                         _2895_ (net)
                      0.079143    0.001403   18.164251 v _3771_/B2 (sky130_fd_sc_hd__a221o_2)
     2    0.008753    0.121337    0.750090   18.914341 v _3771_/X (sky130_fd_sc_hd__a221o_2)
                                                         _2977_ (net)
                      0.121337    0.000204   18.914545 v _3775_/A1 (sky130_fd_sc_hd__a21o_2)
     3    0.013786    0.106940    0.447129   19.361673 v _3775_/X (sky130_fd_sc_hd__a21o_2)
                                                         _2981_ (net)
                      0.106940    0.000272   19.361946 v _3857_/A2 (sky130_fd_sc_hd__a2111o_2)
     3    0.022880    0.209501    1.095833   20.457779 v _3857_/X (sky130_fd_sc_hd__a2111o_2)
                                                         _3061_ (net)
                      0.209635    0.001634   20.459412 v _3960_/A (sky130_fd_sc_hd__or4b_4)
     3    0.029802    0.232698    1.305988   21.765400 v _3960_/X (sky130_fd_sc_hd__or4b_4)
                                                         _3162_ (net)
                      0.232698    0.002204   21.767605 v _4709_/A (sky130_fd_sc_hd__nor4b_2)
     2    0.030058    1.216834    1.280643   23.048248 ^ _4709_/Y (sky130_fd_sc_hd__nor4b_2)
                                                         _0677_ (net)
                      1.216834    0.001277   23.049526 ^ _4710_/D (sky130_fd_sc_hd__and4bb_2)
     2    0.012341    0.185854    0.899480   23.949005 ^ _4710_/X (sky130_fd_sc_hd__and4bb_2)
                                                         _0678_ (net)
                      0.185854    0.000277   23.949282 ^ _4790_/A (sky130_fd_sc_hd__and2_2)
     2    0.013752    0.144987    0.394463   24.343746 ^ _4790_/X (sky130_fd_sc_hd__and2_2)
                                                         _0756_ (net)
                      0.144987    0.000298   24.344044 ^ _4953_/B_N (sky130_fd_sc_hd__or2b_2)
     1    0.003084    0.107158    0.715582   25.059626 v _4953_/X (sky130_fd_sc_hd__or2b_2)
                                                         _0915_ (net)
                      0.107158    0.000094   25.059721 v _4992_/A2 (sky130_fd_sc_hd__a31o_2)
     2    0.015183    0.120746    0.528981   25.588701 v _4992_/X (sky130_fd_sc_hd__a31o_2)
                                                         net166 (net)
                      0.120747    0.000643   25.589344 v output166/A (sky130_fd_sc_hd__clkdlybuf4s25_1)
     1    0.037251    0.501571    0.859522   26.448868 v output166/X (sky130_fd_sc_hd__clkdlybuf4s25_1)
                                                         result[36] (net)
                      0.501571    0.001487   26.450354 v result[36] (out)
                                             26.450354   data arrival time

                      0.000000   40.000000   40.000000   clock __VIRTUAL_CLK__ (rise edge)
                                  0.000000   40.000000   clock network delay (ideal)
                                 -0.250000   39.750000   clock uncertainty
                                  0.000000   39.750000   clock reconvergence pessimism
                                 -8.000000   31.750000   output external delay
                                             31.750000   data required time
---------------------------------------------------------------------------------------------
                                             31.750000   data required time
                                            -26.450354   data arrival time
---------------------------------------------------------------------------------------------
                                              5.299645   slack (MET)


Startpoint: operand_b[1] (input port clocked by __VIRTUAL_CLK__)
Endpoint: result[37] (output port clocked by __VIRTUAL_CLK__)
Path Group: __VIRTUAL_CLK__
Path Type: max

Fanout         Cap        Slew       Delay        Time   Description
---------------------------------------------------------------------------------------------
                      0.000000    0.000000    0.000000   clock __VIRTUAL_CLK__ (rise edge)
                                  0.000000    0.000000   clock network delay (ideal)
                                  8.000000    8.000000 ^ input external delay
     1    0.008500    0.070905    0.047341    8.047340 ^ operand_b[1] (in)
                                                         operand_b[1] (net)
                      0.070908    0.000000    8.047340 ^ input81/A (sky130_fd_sc_hd__clkdlybuf4s25_1)
     1    0.005794    0.116615    0.520789    8.568130 ^ input81/X (sky130_fd_sc_hd__clkdlybuf4s25_1)
                                                         net81 (net)
                      0.116615    0.000236    8.568366 ^ fanout406/A (sky130_fd_sc_hd__clkdlybuf4s25_1)
     7    0.093663    1.478227    1.561354   10.129720 ^ fanout406/X (sky130_fd_sc_hd__clkdlybuf4s25_1)
                                                         net406 (net)
                      1.478227    0.001344   10.131063 ^ fanout404/A (sky130_fd_sc_hd__clkdlybuf4s25_1)
     8    0.058635    0.933058    1.565110   11.696174 ^ fanout404/X (sky130_fd_sc_hd__clkdlybuf4s25_1)
                                                         net404 (net)
                      0.933058    0.000779   11.696952 ^ fanout402/A (sky130_fd_sc_hd__clkdlybuf4s25_1)
     3    0.027065    0.442111    1.066192   12.763144 ^ fanout402/X (sky130_fd_sc_hd__clkdlybuf4s25_1)
                                                         net402 (net)
                      0.442111    0.001388   12.764532 ^ load_slew403/A (sky130_fd_sc_hd__buf_4)
     8    0.056684    0.259575    0.532008   13.296540 ^ load_slew403/X (sky130_fd_sc_hd__buf_4)
                                                         net403 (net)
                      0.259590    0.002268   13.298808 ^ fanout400/A (sky130_fd_sc_hd__clkdlybuf4s25_1)
     5    0.046645    0.747677    1.080863   14.379671 ^ fanout400/X (sky130_fd_sc_hd__clkdlybuf4s25_1)
                                                         net400 (net)
                      0.747680    0.003067   14.382738 ^ load_slew401/A (sky130_fd_sc_hd__clkbuf_2)
     6    0.052794    0.445883    0.747623   15.130362 ^ load_slew401/X (sky130_fd_sc_hd__clkbuf_2)
                                                         net401 (net)
                      0.445897    0.003203   15.133564 ^ _3412_/B_N (sky130_fd_sc_hd__nor2b_2)
     4    0.021425    0.407960    0.640013   15.773577 ^ _3412_/Y (sky130_fd_sc_hd__nor2b_2)
                                                         _2625_ (net)
                      0.407960    0.001082   15.774658 ^ _3555_/C1 (sky130_fd_sc_hd__a221oi_2)
     5    0.020224    0.232034    0.255678   16.030336 v _3555_/Y (sky130_fd_sc_hd__a221oi_2)
                                                         _2765_ (net)
                      0.232035    0.001153   16.031490 v _3683_/A3 (sky130_fd_sc_hd__o31a_2)
     3    0.015640    0.151542    0.730095   16.761585 v _3683_/X (sky130_fd_sc_hd__o31a_2)
                                                         _2891_ (net)
                      0.151542    0.000556   16.762140 v _3686_/B (sky130_fd_sc_hd__or4_4)
     1    0.005251    0.155317    1.095224   17.857365 v _3686_/X (sky130_fd_sc_hd__or4_4)
                                                         _2894_ (net)
                      0.155317    0.000169   17.857533 v _3687_/A (sky130_fd_sc_hd__buf_6)
     8    0.036773    0.079117    0.305315   18.162848 v _3687_/X (sky130_fd_sc_hd__buf_6)
                                                         _2895_ (net)
                      0.079143    0.001403   18.164251 v _3771_/B2 (sky130_fd_sc_hd__a221o_2)
     2    0.008753    0.121337    0.750090   18.914341 v _3771_/X (sky130_fd_sc_hd__a221o_2)
                                                         _2977_ (net)
                      0.121337    0.000204   18.914545 v _3775_/A1 (sky130_fd_sc_hd__a21o_2)
     3    0.013786    0.106940    0.447129   19.361673 v _3775_/X (sky130_fd_sc_hd__a21o_2)
                                                         _2981_ (net)
                      0.106940    0.000272   19.361946 v _3857_/A2 (sky130_fd_sc_hd__a2111o_2)
     3    0.022880    0.209501    1.095833   20.457779 v _3857_/X (sky130_fd_sc_hd__a2111o_2)
                                                         _3061_ (net)
                      0.209635    0.001634   20.459412 v _3960_/A (sky130_fd_sc_hd__or4b_4)
     3    0.029802    0.232698    1.305988   21.765400 v _3960_/X (sky130_fd_sc_hd__or4b_4)
                                                         _3162_ (net)
                      0.232698    0.002204   21.767605 v _4709_/A (sky130_fd_sc_hd__nor4b_2)
     2    0.030058    1.216834    1.280643   23.048248 ^ _4709_/Y (sky130_fd_sc_hd__nor4b_2)
                                                         _0677_ (net)
                      1.216835    0.001327   23.049576 ^ _4968_/A (sky130_fd_sc_hd__and4_2)
     1    0.003114    0.112440    0.843228   23.892803 ^ _4968_/X (sky130_fd_sc_hd__and4_2)
                                                         _0930_ (net)
                      0.112440    0.000099   23.892902 ^ _4969_/A (sky130_fd_sc_hd__clkbuf_1)
     2    0.010244    0.205661    0.278884   24.171787 ^ _4969_/X (sky130_fd_sc_hd__clkbuf_1)
                                                         _0931_ (net)
                      0.205661    0.000288   24.172075 ^ wire204/A (sky130_fd_sc_hd__clkbuf_4)
     7    0.043658    0.220635    0.441968   24.614042 ^ wire204/X (sky130_fd_sc_hd__clkbuf_4)
                                                         net204 (net)
                      0.220636    0.001085   24.615128 ^ _5001_/A (sky130_fd_sc_hd__xnor2_2)
     1    0.003268    0.104807    0.192232   24.807360 v _5001_/Y (sky130_fd_sc_hd__xnor2_2)
                                                         _0962_ (net)
                      0.104807    0.000105   24.807465 v _5025_/A2 (sky130_fd_sc_hd__a211o_2)
     2    0.014737    0.143400    0.744430   25.551895 v _5025_/X (sky130_fd_sc_hd__a211o_2)
                                                         net167 (net)
                      0.143401    0.000645   25.552540 v output167/A (sky130_fd_sc_hd__clkdlybuf4s25_1)
     1    0.036568    0.493050    0.863755   26.416296 v output167/X (sky130_fd_sc_hd__clkdlybuf4s25_1)
                                                         result[37] (net)
                      0.493050    0.001283   26.417578 v result[37] (out)
                                             26.417578   data arrival time

                      0.000000   40.000000   40.000000   clock __VIRTUAL_CLK__ (rise edge)
                                  0.000000   40.000000   clock network delay (ideal)
                                 -0.250000   39.750000   clock uncertainty
                                  0.000000   39.750000   clock reconvergence pessimism
                                 -8.000000   31.750000   output external delay
                                             31.750000   data required time
---------------------------------------------------------------------------------------------
                                             31.750000   data required time
                                            -26.417578   data arrival time
---------------------------------------------------------------------------------------------
                                              5.332421   slack (MET)


Startpoint: operand_b[1] (input port clocked by __VIRTUAL_CLK__)
Endpoint: result[29] (output port clocked by __VIRTUAL_CLK__)
Path Group: __VIRTUAL_CLK__
Path Type: max

Fanout         Cap        Slew       Delay        Time   Description
---------------------------------------------------------------------------------------------
                      0.000000    0.000000    0.000000   clock __VIRTUAL_CLK__ (rise edge)
                                  0.000000    0.000000   clock network delay (ideal)
                                  8.000000    8.000000 ^ input external delay
     1    0.008500    0.070905    0.047341    8.047340 ^ operand_b[1] (in)
                                                         operand_b[1] (net)
                      0.070908    0.000000    8.047340 ^ input81/A (sky130_fd_sc_hd__clkdlybuf4s25_1)
     1    0.005794    0.116615    0.520789    8.568130 ^ input81/X (sky130_fd_sc_hd__clkdlybuf4s25_1)
                                                         net81 (net)
                      0.116615    0.000236    8.568366 ^ fanout406/A (sky130_fd_sc_hd__clkdlybuf4s25_1)
     7    0.093663    1.478227    1.561354   10.129720 ^ fanout406/X (sky130_fd_sc_hd__clkdlybuf4s25_1)
                                                         net406 (net)
                      1.478227    0.001344   10.131063 ^ fanout404/A (sky130_fd_sc_hd__clkdlybuf4s25_1)
     8    0.058635    0.933058    1.565110   11.696174 ^ fanout404/X (sky130_fd_sc_hd__clkdlybuf4s25_1)
                                                         net404 (net)
                      0.933058    0.000779   11.696952 ^ fanout402/A (sky130_fd_sc_hd__clkdlybuf4s25_1)
     3    0.027065    0.442111    1.066192   12.763144 ^ fanout402/X (sky130_fd_sc_hd__clkdlybuf4s25_1)
                                                         net402 (net)
                      0.442111    0.001388   12.764532 ^ load_slew403/A (sky130_fd_sc_hd__buf_4)
     8    0.056684    0.259575    0.532008   13.296540 ^ load_slew403/X (sky130_fd_sc_hd__buf_4)
                                                         net403 (net)
                      0.259590    0.002268   13.298808 ^ fanout400/A (sky130_fd_sc_hd__clkdlybuf4s25_1)
     5    0.046645    0.747677    1.080863   14.379671 ^ fanout400/X (sky130_fd_sc_hd__clkdlybuf4s25_1)
                                                         net400 (net)
                      0.747680    0.003067   14.382738 ^ load_slew401/A (sky130_fd_sc_hd__clkbuf_2)
     6    0.052794    0.445883    0.747623   15.130362 ^ load_slew401/X (sky130_fd_sc_hd__clkbuf_2)
                                                         net401 (net)
                      0.445897    0.003203   15.133564 ^ _3412_/B_N (sky130_fd_sc_hd__nor2b_2)
     4    0.021425    0.407960    0.640013   15.773577 ^ _3412_/Y (sky130_fd_sc_hd__nor2b_2)
                                                         _2625_ (net)
                      0.407960    0.001082   15.774658 ^ _3555_/C1 (sky130_fd_sc_hd__a221oi_2)
     5    0.020224    0.232034    0.255678   16.030336 v _3555_/Y (sky130_fd_sc_hd__a221oi_2)
                                                         _2765_ (net)
                      0.232035    0.001153   16.031490 v _3683_/A3 (sky130_fd_sc_hd__o31a_2)
     3    0.015640    0.151542    0.730095   16.761585 v _3683_/X (sky130_fd_sc_hd__o31a_2)
                                                         _2891_ (net)
                      0.151544    0.000806   16.762390 v _4087_/A2 (sky130_fd_sc_hd__o41a_2)
     4    0.045430    0.316031    1.249928   18.012320 v _4087_/X (sky130_fd_sc_hd__o41a_2)
                                                         _0069_ (net)
                      0.316044    0.002364   18.014683 v _4441_/A3 (sky130_fd_sc_hd__o31ai_4)
     1    0.011144    0.354117    0.463556   18.478239 ^ _4441_/Y (sky130_fd_sc_hd__o31ai_4)
                                                         _0415_ (net)
                      0.354117    0.000604   18.478844 ^ wire248/A (sky130_fd_sc_hd__buf_2)
     5    0.048615    0.380008    0.566541   19.045385 ^ wire248/X (sky130_fd_sc_hd__buf_2)
                                                         net248 (net)
                      0.380075    0.005228   19.050611 ^ _4442_/A (sky130_fd_sc_hd__clkbuf_1)
     5    0.027343    0.516177    0.605239   19.655851 ^ _4442_/X (sky130_fd_sc_hd__clkbuf_1)
                                                         _0416_ (net)
                      0.516177    0.000680   19.656530 ^ max_cap234/A (sky130_fd_sc_hd__buf_2)
     6    0.038519    0.305327    0.578291   20.234823 ^ max_cap234/X (sky130_fd_sc_hd__buf_2)
                                                         net234 (net)
                      0.305337    0.002210   20.237032 ^ _4443_/B (sky130_fd_sc_hd__nand2_2)
     9    0.045865    0.395463    0.457604   20.694635 v _4443_/Y (sky130_fd_sc_hd__nand2_2)
                                                         _0417_ (net)
                      0.395463    0.000917   20.695553 v _4541_/S (sky130_fd_sc_hd__mux2_2)
     1    0.005964    0.108380    0.743196   21.438747 v _4541_/X (sky130_fd_sc_hd__mux2_2)
                                                         _0513_ (net)
                      0.108380    0.000211   21.438959 v _4542_/B1 (sky130_fd_sc_hd__o31ai_2)
     3    0.007395    0.375585    0.137632   21.576591 ^ _4542_/Y (sky130_fd_sc_hd__o31ai_2)
                                                         _0514_ (net)
                      0.375585    0.000190   21.576782 ^ _4586_/D_N (sky130_fd_sc_hd__or4b_2)
     4    0.026364    0.358236    1.825690   23.402472 v _4586_/X (sky130_fd_sc_hd__or4b_2)
                                                         _0557_ (net)
                      0.358236    0.001513   23.403986 v _4668_/C (sky130_fd_sc_hd__nor4_2)
     3    0.011754    0.598928    0.720462   24.124447 ^ _4668_/Y (sky130_fd_sc_hd__nor4_2)
                                                         _0637_ (net)
                      0.598928    0.000222   24.124670 ^ max_cap205/A (sky130_fd_sc_hd__buf_1)
     1    0.008865    0.183465    0.418453   24.543121 ^ max_cap205/X (sky130_fd_sc_hd__buf_1)
                                                         net205 (net)
                      0.183465    0.000105   24.543226 ^ _4669_/B (sky130_fd_sc_hd__xor2_2)
     1    0.002775    0.126977    0.157533   24.700760 v _4669_/X (sky130_fd_sc_hd__xor2_2)
                                                         _0638_ (net)
                      0.126977    0.000060   24.700819 v _4691_/B1 (sky130_fd_sc_hd__a221o_2)
     2    0.010250    0.128143    0.730720   25.431540 v _4691_/X (sky130_fd_sc_hd__a221o_2)
                                                         net158 (net)
                      0.128143    0.000297   25.431837 v output158/A (sky130_fd_sc_hd__clkdlybuf4s25_1)
     1    0.037110    0.499790    0.861734   26.293571 v output158/X (sky130_fd_sc_hd__clkdlybuf4s25_1)
                                                         result[29] (net)
                      0.499790    0.001407   26.294977 v result[29] (out)
                                             26.294977   data arrival time

                      0.000000   40.000000   40.000000   clock __VIRTUAL_CLK__ (rise edge)
                                  0.000000   40.000000   clock network delay (ideal)
                                 -0.250000   39.750000   clock uncertainty
                                  0.000000   39.750000   clock reconvergence pessimism
                                 -8.000000   31.750000   output external delay
                                             31.750000   data required time
---------------------------------------------------------------------------------------------
                                             31.750000   data required time
                                            -26.294977   data arrival time
---------------------------------------------------------------------------------------------
                                              5.455021   slack (MET)


Startpoint: operand_b[1] (input port clocked by __VIRTUAL_CLK__)
Endpoint: result[32] (output port clocked by __VIRTUAL_CLK__)
Path Group: __VIRTUAL_CLK__
Path Type: max

Fanout         Cap        Slew       Delay        Time   Description
---------------------------------------------------------------------------------------------
                      0.000000    0.000000    0.000000   clock __VIRTUAL_CLK__ (rise edge)
                                  0.000000    0.000000   clock network delay (ideal)
                                  8.000000    8.000000 ^ input external delay
     1    0.008500    0.070905    0.047341    8.047340 ^ operand_b[1] (in)
                                                         operand_b[1] (net)
                      0.070908    0.000000    8.047340 ^ input81/A (sky130_fd_sc_hd__clkdlybuf4s25_1)
     1    0.005794    0.116615    0.520789    8.568130 ^ input81/X (sky130_fd_sc_hd__clkdlybuf4s25_1)
                                                         net81 (net)
                      0.116615    0.000236    8.568366 ^ fanout406/A (sky130_fd_sc_hd__clkdlybuf4s25_1)
     7    0.093663    1.478227    1.561354   10.129720 ^ fanout406/X (sky130_fd_sc_hd__clkdlybuf4s25_1)
                                                         net406 (net)
                      1.478227    0.001344   10.131063 ^ fanout404/A (sky130_fd_sc_hd__clkdlybuf4s25_1)
     8    0.058635    0.933058    1.565110   11.696174 ^ fanout404/X (sky130_fd_sc_hd__clkdlybuf4s25_1)
                                                         net404 (net)
                      0.933058    0.000779   11.696952 ^ fanout402/A (sky130_fd_sc_hd__clkdlybuf4s25_1)
     3    0.027065    0.442111    1.066192   12.763144 ^ fanout402/X (sky130_fd_sc_hd__clkdlybuf4s25_1)
                                                         net402 (net)
                      0.442111    0.001388   12.764532 ^ load_slew403/A (sky130_fd_sc_hd__buf_4)
     8    0.056684    0.259575    0.532008   13.296540 ^ load_slew403/X (sky130_fd_sc_hd__buf_4)
                                                         net403 (net)
                      0.259590    0.002268   13.298808 ^ fanout400/A (sky130_fd_sc_hd__clkdlybuf4s25_1)
     5    0.046645    0.747677    1.080863   14.379671 ^ fanout400/X (sky130_fd_sc_hd__clkdlybuf4s25_1)
                                                         net400 (net)
                      0.747680    0.003067   14.382738 ^ load_slew401/A (sky130_fd_sc_hd__clkbuf_2)
     6    0.052794    0.445883    0.747623   15.130362 ^ load_slew401/X (sky130_fd_sc_hd__clkbuf_2)
                                                         net401 (net)
                      0.445897    0.003203   15.133564 ^ _3412_/B_N (sky130_fd_sc_hd__nor2b_2)
     4    0.021425    0.407960    0.640013   15.773577 ^ _3412_/Y (sky130_fd_sc_hd__nor2b_2)
                                                         _2625_ (net)
                      0.407960    0.001082   15.774658 ^ _3555_/C1 (sky130_fd_sc_hd__a221oi_2)
     5    0.020224    0.232034    0.255678   16.030336 v _3555_/Y (sky130_fd_sc_hd__a221oi_2)
                                                         _2765_ (net)
                      0.232035    0.001153   16.031490 v _3683_/A3 (sky130_fd_sc_hd__o31a_2)
     3    0.015640    0.151542    0.730095   16.761585 v _3683_/X (sky130_fd_sc_hd__o31a_2)
                                                         _2891_ (net)
                      0.151542    0.000556   16.762140 v _3686_/B (sky130_fd_sc_hd__or4_4)
     1    0.005251    0.155317    1.095224   17.857365 v _3686_/X (sky130_fd_sc_hd__or4_4)
                                                         _2894_ (net)
                      0.155317    0.000169   17.857533 v _3687_/A (sky130_fd_sc_hd__buf_6)
     8    0.036773    0.079117    0.305315   18.162848 v _3687_/X (sky130_fd_sc_hd__buf_6)
                                                         _2895_ (net)
                      0.079143    0.001403   18.164251 v _3771_/B2 (sky130_fd_sc_hd__a221o_2)
     2    0.008753    0.121337    0.750090   18.914341 v _3771_/X (sky130_fd_sc_hd__a221o_2)
                                                         _2977_ (net)
                      0.121337    0.000204   18.914545 v _3775_/A1 (sky130_fd_sc_hd__a21o_2)
     3    0.013786    0.106940    0.447129   19.361673 v _3775_/X (sky130_fd_sc_hd__a21o_2)
                                                         _2981_ (net)
                      0.106940    0.000272   19.361946 v _3857_/A2 (sky130_fd_sc_hd__a2111o_2)
     3    0.022880    0.209501    1.095833   20.457779 v _3857_/X (sky130_fd_sc_hd__a2111o_2)
                                                         _3061_ (net)
                      0.209635    0.001634   20.459412 v _3960_/A (sky130_fd_sc_hd__or4b_4)
     3    0.029802    0.232698    1.305988   21.765400 v _3960_/X (sky130_fd_sc_hd__or4b_4)
                                                         _3162_ (net)
                      0.232698    0.002204   21.767605 v _4709_/A (sky130_fd_sc_hd__nor4b_2)
     2    0.030058    1.216834    1.280643   23.048248 ^ _4709_/Y (sky130_fd_sc_hd__nor4b_2)
                                                         _0677_ (net)
                      1.216834    0.001277   23.049526 ^ _4710_/D (sky130_fd_sc_hd__and4bb_2)
     2    0.012341    0.185854    0.899480   23.949005 ^ _4710_/X (sky130_fd_sc_hd__and4bb_2)
                                                         _0678_ (net)
                      0.185854    0.000277   23.949282 ^ _4790_/A (sky130_fd_sc_hd__and2_2)
     2    0.013752    0.144987    0.394463   24.343746 ^ _4790_/X (sky130_fd_sc_hd__and2_2)
                                                         _0756_ (net)
                      0.144987    0.000544   24.344290 ^ _4791_/B (sky130_fd_sc_hd__xnor2_2)
     1    0.002732    0.107574    0.136795   24.481085 v _4791_/Y (sky130_fd_sc_hd__xnor2_2)
                                                         _0757_ (net)
                      0.107574    0.000059   24.481144 v _4812_/B1 (sky130_fd_sc_hd__a221o_2)
     2    0.013186    0.144800    0.744649   25.225792 v _4812_/X (sky130_fd_sc_hd__a221o_2)
                                                         net162 (net)
                      0.144801    0.000663   25.226454 v output162/A (sky130_fd_sc_hd__clkdlybuf4s25_1)
     1    0.037607    0.506101    0.874644   26.101099 v output162/X (sky130_fd_sc_hd__clkdlybuf4s25_1)
                                                         result[32] (net)
                      0.506101    0.001490   26.102589 v result[32] (out)
                                             26.102589   data arrival time

                      0.000000   40.000000   40.000000   clock __VIRTUAL_CLK__ (rise edge)
                                  0.000000   40.000000   clock network delay (ideal)
                                 -0.250000   39.750000   clock uncertainty
                                  0.000000   39.750000   clock reconvergence pessimism
                                 -8.000000   31.750000   output external delay
                                             31.750000   data required time
---------------------------------------------------------------------------------------------
                                             31.750000   data required time
                                            -26.102589   data arrival time
---------------------------------------------------------------------------------------------
                                              5.647410   slack (MET)


Startpoint: operand_b[1] (input port clocked by __VIRTUAL_CLK__)
Endpoint: result[26] (output port clocked by __VIRTUAL_CLK__)
Path Group: __VIRTUAL_CLK__
Path Type: max

Fanout         Cap        Slew       Delay        Time   Description
---------------------------------------------------------------------------------------------
                      0.000000    0.000000    0.000000   clock __VIRTUAL_CLK__ (rise edge)
                                  0.000000    0.000000   clock network delay (ideal)
                                  8.000000    8.000000 v input external delay
     1    0.008323    0.040527    0.027714    8.027714 v operand_b[1] (in)
                                                         operand_b[1] (net)
                      0.040532    0.000000    8.027714 v input81/A (sky130_fd_sc_hd__clkdlybuf4s25_1)
     1    0.005617    0.107537    0.498562    8.526276 v input81/X (sky130_fd_sc_hd__clkdlybuf4s25_1)
                                                         net81 (net)
                      0.107537    0.000227    8.526504 v fanout406/A (sky130_fd_sc_hd__clkdlybuf4s25_1)
     7    0.092424    1.215621    1.400757    9.927260 v fanout406/X (sky130_fd_sc_hd__clkdlybuf4s25_1)
                                                         net406 (net)
                      1.215621    0.001321    9.928581 v fanout404/A (sky130_fd_sc_hd__clkdlybuf4s25_1)
     8    0.057164    0.759260    1.374406   11.302987 v fanout404/X (sky130_fd_sc_hd__clkdlybuf4s25_1)
                                                         net404 (net)
                      0.759260    0.000757   11.303744 v fanout402/A (sky130_fd_sc_hd__clkdlybuf4s25_1)
     3    0.026324    0.364119    0.973351   12.277095 v fanout402/X (sky130_fd_sc_hd__clkdlybuf4s25_1)
                                                         net402 (net)
                      0.364119    0.001343   12.278439 v load_slew403/A (sky130_fd_sc_hd__buf_4)
     8    0.054617    0.144042    0.501699   12.780137 v load_slew403/X (sky130_fd_sc_hd__buf_4)
                                                         net403 (net)
                      0.144074    0.002195   12.782332 v fanout400/A (sky130_fd_sc_hd__clkdlybuf4s25_1)
     5    0.045151    0.604109    0.948909   13.731240 v fanout400/X (sky130_fd_sc_hd__clkdlybuf4s25_1)
                                                         net400 (net)
                      0.604116    0.002970   13.734211 v load_slew401/A (sky130_fd_sc_hd__clkbuf_2)
     6    0.051553    0.356965    0.676062   14.410273 v load_slew401/X (sky130_fd_sc_hd__clkbuf_2)
                                                         net401 (net)
                      0.356985    0.003041   14.413314 v _3408_/A_N (sky130_fd_sc_hd__nand2b_2)
     4    0.016035    0.170506    0.606621   15.019934 v _3408_/Y (sky130_fd_sc_hd__nand2b_2)
                                                         _2621_ (net)
                      0.170506    0.000556   15.020490 v _3477_/B1 (sky130_fd_sc_hd__a221o_2)
     9    0.050932    0.304897    0.954973   15.975463 v _3477_/X (sky130_fd_sc_hd__a221o_2)
                                                         _2689_ (net)
                      0.304899    0.001330   15.976793 v _3611_/A2 (sky130_fd_sc_hd__a21o_2)
     3    0.023851    0.143790    0.602350   16.579144 v _3611_/X (sky130_fd_sc_hd__a21o_2)
                                                         _2820_ (net)
                      0.143795    0.001100   16.580244 v _3923_/A2 (sky130_fd_sc_hd__a311o_2)
     2    0.024519    0.190816    0.886955   17.467197 v _3923_/X (sky130_fd_sc_hd__a311o_2)
                                                         _3126_ (net)
                      0.190824    0.001542   17.468740 v _3925_/B (sky130_fd_sc_hd__and3_2)
     3    0.017207    0.137964    0.573126   18.041866 v _3925_/X (sky130_fd_sc_hd__and3_2)
                                                         _3128_ (net)
                      0.137965    0.000533   18.042398 v _3962_/C1 (sky130_fd_sc_hd__o2111a_2)
     1    0.013679    0.120404    0.367402   18.409800 v _3962_/X (sky130_fd_sc_hd__o2111a_2)
                                                         _3164_ (net)
                      0.120409    0.000998   18.410799 v _3967_/B (sky130_fd_sc_hd__or4_2)
     1    0.014123    0.297145    1.770555   20.181355 v _3967_/X (sky130_fd_sc_hd__or4_2)
                                                         _3169_ (net)
                      0.297145    0.000634   20.181988 v _3968_/A (sky130_fd_sc_hd__clkbuf_1)
     2    0.010485    0.131540    0.341460   20.523449 v _3968_/X (sky130_fd_sc_hd__clkbuf_1)
                                                         _3170_ (net)
                      0.131540    0.000131   20.523581 v max_cap219/A (sky130_fd_sc_hd__buf_2)
     8    0.030711    0.152147    0.380041   20.903622 v max_cap219/X (sky130_fd_sc_hd__buf_2)
                                                         net219 (net)
                      0.152147    0.000746   20.904367 v _4360_/C (sky130_fd_sc_hd__or4_2)
     2    0.020395    0.335936    1.776666   22.681032 v _4360_/X (sky130_fd_sc_hd__or4_2)
                                                         _0336_ (net)
                      0.335936    0.001089   22.682121 v _4363_/A (sky130_fd_sc_hd__or2_2)
     5    0.020158    0.195683    0.944635   23.626757 v _4363_/X (sky130_fd_sc_hd__or2_2)
                                                         _0339_ (net)
                      0.195683    0.000542   23.627298 v _4544_/A (sky130_fd_sc_hd__or2_2)
     1    0.015857    0.180266    0.856154   24.483452 v _4544_/X (sky130_fd_sc_hd__or2_2)
                                                         _0516_ (net)
                      0.180269    0.001029   24.484482 v _4545_/B (sky130_fd_sc_hd__xnor2_2)
     2    0.007301    0.118257    0.315497   24.799978 v _4545_/Y (sky130_fd_sc_hd__xnor2_2)
                                                         _0517_ (net)
                      0.118257    0.000204   24.800182 v _4571_/A2 (sky130_fd_sc_hd__a21o_2)
     1    0.008195    0.081713    0.448674   25.248856 v _4571_/X (sky130_fd_sc_hd__a21o_2)
                                                         net155 (net)
                      0.081713    0.000355   25.249212 v output155/A (sky130_fd_sc_hd__clkdlybuf4s25_1)
     1    0.037482    0.504631    0.843063   26.092274 v output155/X (sky130_fd_sc_hd__clkdlybuf4s25_1)
                                                         result[26] (net)
                      0.504631    0.001428   26.093702 v result[26] (out)
                                             26.093702   data arrival time

                      0.000000   40.000000   40.000000   clock __VIRTUAL_CLK__ (rise edge)
                                  0.000000   40.000000   clock network delay (ideal)
                                 -0.250000   39.750000   clock uncertainty
                                  0.000000   39.750000   clock reconvergence pessimism
                                 -8.000000   31.750000   output external delay
                                             31.750000   data required time
---------------------------------------------------------------------------------------------
                                             31.750000   data required time
                                            -26.093702   data arrival time
---------------------------------------------------------------------------------------------
                                              5.656297   slack (MET)


Startpoint: operand_b[1] (input port clocked by __VIRTUAL_CLK__)
Endpoint: result[22] (output port clocked by __VIRTUAL_CLK__)
Path Group: __VIRTUAL_CLK__
Path Type: max

Fanout         Cap        Slew       Delay        Time   Description
---------------------------------------------------------------------------------------------
                      0.000000    0.000000    0.000000   clock __VIRTUAL_CLK__ (rise edge)
                                  0.000000    0.000000   clock network delay (ideal)
                                  8.000000    8.000000 ^ input external delay
     1    0.008500    0.070905    0.047341    8.047340 ^ operand_b[1] (in)
                                                         operand_b[1] (net)
                      0.070908    0.000000    8.047340 ^ input81/A (sky130_fd_sc_hd__clkdlybuf4s25_1)
     1    0.005794    0.116615    0.520789    8.568130 ^ input81/X (sky130_fd_sc_hd__clkdlybuf4s25_1)
                                                         net81 (net)
                      0.116615    0.000236    8.568366 ^ fanout406/A (sky130_fd_sc_hd__clkdlybuf4s25_1)
     7    0.093663    1.478227    1.561354   10.129720 ^ fanout406/X (sky130_fd_sc_hd__clkdlybuf4s25_1)
                                                         net406 (net)
                      1.478227    0.001344   10.131063 ^ fanout404/A (sky130_fd_sc_hd__clkdlybuf4s25_1)
     8    0.058635    0.933058    1.565110   11.696174 ^ fanout404/X (sky130_fd_sc_hd__clkdlybuf4s25_1)
                                                         net404 (net)
                      0.933058    0.000779   11.696952 ^ fanout402/A (sky130_fd_sc_hd__clkdlybuf4s25_1)
     3    0.027065    0.442111    1.066192   12.763144 ^ fanout402/X (sky130_fd_sc_hd__clkdlybuf4s25_1)
                                                         net402 (net)
                      0.442111    0.001388   12.764532 ^ load_slew403/A (sky130_fd_sc_hd__buf_4)
     8    0.056684    0.259575    0.532008   13.296540 ^ load_slew403/X (sky130_fd_sc_hd__buf_4)
                                                         net403 (net)
                      0.259590    0.002268   13.298808 ^ fanout400/A (sky130_fd_sc_hd__clkdlybuf4s25_1)
     5    0.046645    0.747677    1.080863   14.379671 ^ fanout400/X (sky130_fd_sc_hd__clkdlybuf4s25_1)
                                                         net400 (net)
                      0.747680    0.003067   14.382738 ^ load_slew401/A (sky130_fd_sc_hd__clkbuf_2)
     6    0.052794    0.445883    0.747623   15.130362 ^ load_slew401/X (sky130_fd_sc_hd__clkbuf_2)
                                                         net401 (net)
                      0.445897    0.003203   15.133564 ^ _3412_/B_N (sky130_fd_sc_hd__nor2b_2)
     4    0.021425    0.407960    0.640013   15.773577 ^ _3412_/Y (sky130_fd_sc_hd__nor2b_2)
                                                         _2625_ (net)
                      0.407960    0.001082   15.774658 ^ _3555_/C1 (sky130_fd_sc_hd__a221oi_2)
     5    0.020224    0.232034    0.255678   16.030336 v _3555_/Y (sky130_fd_sc_hd__a221oi_2)
                                                         _2765_ (net)
                      0.232035    0.001153   16.031490 v _3683_/A3 (sky130_fd_sc_hd__o31a_2)
     3    0.015640    0.151542    0.730095   16.761585 v _3683_/X (sky130_fd_sc_hd__o31a_2)
                                                         _2891_ (net)
                      0.151542    0.000556   16.762140 v _3686_/B (sky130_fd_sc_hd__or4_4)
     1    0.005251    0.155317    1.095224   17.857365 v _3686_/X (sky130_fd_sc_hd__or4_4)
                                                         _2894_ (net)
                      0.155317    0.000169   17.857533 v _3687_/A (sky130_fd_sc_hd__buf_6)
     8    0.036773    0.079117    0.305315   18.162848 v _3687_/X (sky130_fd_sc_hd__buf_6)
                                                         _2895_ (net)
                      0.079121    0.000723   18.163570 v _3689_/C (sky130_fd_sc_hd__and3_2)
     3    0.014090    0.123079    0.529514   18.693085 v _3689_/X (sky130_fd_sc_hd__and3_2)
                                                         _2897_ (net)
                      0.123079    0.000362   18.693447 v _3734_/C (sky130_fd_sc_hd__or3_2)
     2    0.005777    0.186347    1.074644   19.768091 v _3734_/X (sky130_fd_sc_hd__or3_2)
                                                         _2941_ (net)
                      0.186347    0.000183   19.768274 v _3822_/D1 (sky130_fd_sc_hd__a2111o_2)
     2    0.023668    0.212217    0.905366   20.673641 v _3822_/X (sky130_fd_sc_hd__a2111o_2)
                                                         _3027_ (net)
                      0.212359    0.001451   20.675093 v _4006_/A (sky130_fd_sc_hd__or4b_4)
     4    0.019289    0.202479    1.257552   21.932644 v _4006_/X (sky130_fd_sc_hd__or4b_4)
                                                         _3207_ (net)
                      0.202659    0.001149   21.933794 v _4265_/A (sky130_fd_sc_hd__or4_2)
     5    0.031399    0.384353    1.988735   23.922529 v _4265_/X (sky130_fd_sc_hd__or4_2)
                                                         _0243_ (net)
                      0.384353    0.001044   23.923573 v _4359_/A1 (sky130_fd_sc_hd__o21ai_2)
     1    0.005840    0.197336    0.385572   24.309145 ^ _4359_/Y (sky130_fd_sc_hd__o21ai_2)
                                                         _0335_ (net)
                      0.197336    0.000197   24.309343 ^ _4364_/A (sky130_fd_sc_hd__nand2_2)
     1    0.003157    0.068617    0.129626   24.438969 v _4364_/Y (sky130_fd_sc_hd__nand2_2)
                                                         _0340_ (net)
                      0.068617    0.000098   24.439066 v _4392_/B1 (sky130_fd_sc_hd__a221o_2)
     2    0.018318    0.167372    0.766187   25.205254 v _4392_/X (sky130_fd_sc_hd__a221o_2)
                                                         net151 (net)
                      0.167375    0.000830   25.206083 v output151/A (sky130_fd_sc_hd__clkdlybuf4s25_1)
     1    0.037178    0.500484    0.881427   26.087509 v output151/X (sky130_fd_sc_hd__clkdlybuf4s25_1)
                                                         result[22] (net)
                      0.500484    0.001263   26.088772 v result[22] (out)
                                             26.088772   data arrival time

                      0.000000   40.000000   40.000000   clock __VIRTUAL_CLK__ (rise edge)
                                  0.000000   40.000000   clock network delay (ideal)
                                 -0.250000   39.750000   clock uncertainty
                                  0.000000   39.750000   clock reconvergence pessimism
                                 -8.000000   31.750000   output external delay
                                             31.750000   data required time
---------------------------------------------------------------------------------------------
                                             31.750000   data required time
                                            -26.088772   data arrival time
---------------------------------------------------------------------------------------------
                                              5.661226   slack (MET)


Startpoint: operand_b[1] (input port clocked by __VIRTUAL_CLK__)
Endpoint: result[27] (output port clocked by __VIRTUAL_CLK__)
Path Group: __VIRTUAL_CLK__
Path Type: max

Fanout         Cap        Slew       Delay        Time   Description
---------------------------------------------------------------------------------------------
                      0.000000    0.000000    0.000000   clock __VIRTUAL_CLK__ (rise edge)
                                  0.000000    0.000000   clock network delay (ideal)
                                  8.000000    8.000000 ^ input external delay
     1    0.008500    0.070905    0.047341    8.047340 ^ operand_b[1] (in)
                                                         operand_b[1] (net)
                      0.070908    0.000000    8.047340 ^ input81/A (sky130_fd_sc_hd__clkdlybuf4s25_1)
     1    0.005794    0.116615    0.520789    8.568130 ^ input81/X (sky130_fd_sc_hd__clkdlybuf4s25_1)
                                                         net81 (net)
                      0.116615    0.000236    8.568366 ^ fanout406/A (sky130_fd_sc_hd__clkdlybuf4s25_1)
     7    0.093663    1.478227    1.561354   10.129720 ^ fanout406/X (sky130_fd_sc_hd__clkdlybuf4s25_1)
                                                         net406 (net)
                      1.478227    0.001344   10.131063 ^ fanout404/A (sky130_fd_sc_hd__clkdlybuf4s25_1)
     8    0.058635    0.933058    1.565110   11.696174 ^ fanout404/X (sky130_fd_sc_hd__clkdlybuf4s25_1)
                                                         net404 (net)
                      0.933058    0.000779   11.696952 ^ fanout402/A (sky130_fd_sc_hd__clkdlybuf4s25_1)
     3    0.027065    0.442111    1.066192   12.763144 ^ fanout402/X (sky130_fd_sc_hd__clkdlybuf4s25_1)
                                                         net402 (net)
                      0.442111    0.001388   12.764532 ^ load_slew403/A (sky130_fd_sc_hd__buf_4)
     8    0.056684    0.259575    0.532008   13.296540 ^ load_slew403/X (sky130_fd_sc_hd__buf_4)
                                                         net403 (net)
                      0.259590    0.002268   13.298808 ^ fanout400/A (sky130_fd_sc_hd__clkdlybuf4s25_1)
     5    0.046645    0.747677    1.080863   14.379671 ^ fanout400/X (sky130_fd_sc_hd__clkdlybuf4s25_1)
                                                         net400 (net)
                      0.747680    0.003067   14.382738 ^ load_slew401/A (sky130_fd_sc_hd__clkbuf_2)
     6    0.052794    0.445883    0.747623   15.130362 ^ load_slew401/X (sky130_fd_sc_hd__clkbuf_2)
                                                         net401 (net)
                      0.445897    0.003203   15.133564 ^ _3412_/B_N (sky130_fd_sc_hd__nor2b_2)
     4    0.021425    0.407960    0.640013   15.773577 ^ _3412_/Y (sky130_fd_sc_hd__nor2b_2)
                                                         _2625_ (net)
                      0.407960    0.001082   15.774658 ^ _3555_/C1 (sky130_fd_sc_hd__a221oi_2)
     5    0.020224    0.232034    0.255678   16.030336 v _3555_/Y (sky130_fd_sc_hd__a221oi_2)
                                                         _2765_ (net)
                      0.232035    0.001153   16.031490 v _3683_/A3 (sky130_fd_sc_hd__o31a_2)
     3    0.015640    0.151542    0.730095   16.761585 v _3683_/X (sky130_fd_sc_hd__o31a_2)
                                                         _2891_ (net)
                      0.151544    0.000806   16.762390 v _4087_/A2 (sky130_fd_sc_hd__o41a_2)
     4    0.045430    0.316031    1.249928   18.012320 v _4087_/X (sky130_fd_sc_hd__o41a_2)
                                                         _0069_ (net)
                      0.316044    0.002364   18.014683 v _4441_/A3 (sky130_fd_sc_hd__o31ai_4)
     1    0.011144    0.354117    0.463556   18.478239 ^ _4441_/Y (sky130_fd_sc_hd__o31ai_4)
                                                         _0415_ (net)
                      0.354117    0.000604   18.478844 ^ wire248/A (sky130_fd_sc_hd__buf_2)
     5    0.048615    0.380008    0.566541   19.045385 ^ wire248/X (sky130_fd_sc_hd__buf_2)
                                                         net248 (net)
                      0.380075    0.005228   19.050611 ^ _4442_/A (sky130_fd_sc_hd__clkbuf_1)
     5    0.027343    0.516177    0.605239   19.655851 ^ _4442_/X (sky130_fd_sc_hd__clkbuf_1)
                                                         _0416_ (net)
                      0.516177    0.000680   19.656530 ^ max_cap234/A (sky130_fd_sc_hd__buf_2)
     6    0.038519    0.305327    0.578291   20.234823 ^ max_cap234/X (sky130_fd_sc_hd__buf_2)
                                                         net234 (net)
                      0.305337    0.002210   20.237032 ^ _4443_/B (sky130_fd_sc_hd__nand2_2)
     9    0.045865    0.395463    0.457604   20.694635 v _4443_/Y (sky130_fd_sc_hd__nand2_2)
                                                         _0417_ (net)
                      0.395463    0.000917   20.695553 v _4541_/S (sky130_fd_sc_hd__mux2_2)
     1    0.005964    0.108380    0.743196   21.438747 v _4541_/X (sky130_fd_sc_hd__mux2_2)
                                                         _0513_ (net)
                      0.108380    0.000211   21.438959 v _4542_/B1 (sky130_fd_sc_hd__o31ai_2)
     3    0.007395    0.375585    0.137632   21.576591 ^ _4542_/Y (sky130_fd_sc_hd__o31ai_2)
                                                         _0514_ (net)
                      0.375585    0.000190   21.576782 ^ _4586_/D_N (sky130_fd_sc_hd__or4b_2)
     4    0.026364    0.358236    1.825690   23.402472 v _4586_/X (sky130_fd_sc_hd__or4b_2)
                                                         _0557_ (net)
                      0.358238    0.001652   23.404123 v _4587_/C (sky130_fd_sc_hd__nor3_2)
     2    0.017864    0.549901    0.573277   23.977400 ^ _4587_/Y (sky130_fd_sc_hd__nor3_2)
                                                         _0558_ (net)
                      0.549901    0.000417   23.977818 ^ _4588_/B (sky130_fd_sc_hd__xor2_2)
     1    0.003510    0.140165    0.283418   24.261236 v _4588_/X (sky130_fd_sc_hd__xor2_2)
                                                         _0559_ (net)
                      0.140165    0.000117   24.261353 v _4610_/B1 (sky130_fd_sc_hd__a221o_2)
     2    0.027992    0.205041    0.837860   25.099213 v _4610_/X (sky130_fd_sc_hd__a221o_2)
                                                         net156 (net)
                      0.205041    0.000956   25.100168 v output156/A (sky130_fd_sc_hd__clkdlybuf4s25_1)
     1    0.034654    0.468687    0.874619   25.974787 v output156/X (sky130_fd_sc_hd__clkdlybuf4s25_1)
                                                         result[27] (net)
                      0.468687    0.000888   25.975676 v result[27] (out)
                                             25.975676   data arrival time

                      0.000000   40.000000   40.000000   clock __VIRTUAL_CLK__ (rise edge)
                                  0.000000   40.000000   clock network delay (ideal)
                                 -0.250000   39.750000   clock uncertainty
                                  0.000000   39.750000   clock reconvergence pessimism
                                 -8.000000   31.750000   output external delay
                                             31.750000   data required time
---------------------------------------------------------------------------------------------
                                             31.750000   data required time
                                            -25.975676   data arrival time
---------------------------------------------------------------------------------------------
                                              5.774323   slack (MET)


Startpoint: operand_b[1] (input port clocked by __VIRTUAL_CLK__)
Endpoint: result[17] (output port clocked by __VIRTUAL_CLK__)
Path Group: __VIRTUAL_CLK__
Path Type: max

Fanout         Cap        Slew       Delay        Time   Description
---------------------------------------------------------------------------------------------
                      0.000000    0.000000    0.000000   clock __VIRTUAL_CLK__ (rise edge)
                                  0.000000    0.000000   clock network delay (ideal)
                                  8.000000    8.000000 ^ input external delay
     1    0.008500    0.070905    0.047341    8.047340 ^ operand_b[1] (in)
                                                         operand_b[1] (net)
                      0.070908    0.000000    8.047340 ^ input81/A (sky130_fd_sc_hd__clkdlybuf4s25_1)
     1    0.005794    0.116615    0.520789    8.568130 ^ input81/X (sky130_fd_sc_hd__clkdlybuf4s25_1)
                                                         net81 (net)
                      0.116615    0.000236    8.568366 ^ fanout406/A (sky130_fd_sc_hd__clkdlybuf4s25_1)
     7    0.093663    1.478227    1.561354   10.129720 ^ fanout406/X (sky130_fd_sc_hd__clkdlybuf4s25_1)
                                                         net406 (net)
                      1.478227    0.001344   10.131063 ^ fanout404/A (sky130_fd_sc_hd__clkdlybuf4s25_1)
     8    0.058635    0.933058    1.565110   11.696174 ^ fanout404/X (sky130_fd_sc_hd__clkdlybuf4s25_1)
                                                         net404 (net)
                      0.933058    0.000779   11.696952 ^ fanout402/A (sky130_fd_sc_hd__clkdlybuf4s25_1)
     3    0.027065    0.442111    1.066192   12.763144 ^ fanout402/X (sky130_fd_sc_hd__clkdlybuf4s25_1)
                                                         net402 (net)
                      0.442111    0.001388   12.764532 ^ load_slew403/A (sky130_fd_sc_hd__buf_4)
     8    0.056684    0.259575    0.532008   13.296540 ^ load_slew403/X (sky130_fd_sc_hd__buf_4)
                                                         net403 (net)
                      0.259590    0.002268   13.298808 ^ fanout400/A (sky130_fd_sc_hd__clkdlybuf4s25_1)
     5    0.046645    0.747677    1.080863   14.379671 ^ fanout400/X (sky130_fd_sc_hd__clkdlybuf4s25_1)
                                                         net400 (net)
                      0.747680    0.003067   14.382738 ^ load_slew401/A (sky130_fd_sc_hd__clkbuf_2)
     6    0.052794    0.445883    0.747623   15.130362 ^ load_slew401/X (sky130_fd_sc_hd__clkbuf_2)
                                                         net401 (net)
                      0.445897    0.003203   15.133564 ^ _3412_/B_N (sky130_fd_sc_hd__nor2b_2)
     4    0.021425    0.407960    0.640013   15.773577 ^ _3412_/Y (sky130_fd_sc_hd__nor2b_2)
                                                         _2625_ (net)
                      0.407960    0.001082   15.774658 ^ _3555_/C1 (sky130_fd_sc_hd__a221oi_2)
     5    0.020224    0.232034    0.255678   16.030336 v _3555_/Y (sky130_fd_sc_hd__a221oi_2)
                                                         _2765_ (net)
                      0.232035    0.001153   16.031490 v _3683_/A3 (sky130_fd_sc_hd__o31a_2)
     3    0.015640    0.151542    0.730095   16.761585 v _3683_/X (sky130_fd_sc_hd__o31a_2)
                                                         _2891_ (net)
                      0.151542    0.000556   16.762140 v _3686_/B (sky130_fd_sc_hd__or4_4)
     1    0.005251    0.155317    1.095224   17.857365 v _3686_/X (sky130_fd_sc_hd__or4_4)
                                                         _2894_ (net)
                      0.155317    0.000169   17.857533 v _3687_/A (sky130_fd_sc_hd__buf_6)
     8    0.036773    0.079117    0.305315   18.162848 v _3687_/X (sky130_fd_sc_hd__buf_6)
                                                         _2895_ (net)
                      0.079121    0.000723   18.163570 v _3689_/C (sky130_fd_sc_hd__and3_2)
     3    0.014090    0.123079    0.529514   18.693085 v _3689_/X (sky130_fd_sc_hd__and3_2)
                                                         _2897_ (net)
                      0.123079    0.000362   18.693447 v _3734_/C (sky130_fd_sc_hd__or3_2)
     2    0.005777    0.186347    1.074644   19.768091 v _3734_/X (sky130_fd_sc_hd__or3_2)
                                                         _2941_ (net)
                      0.186347    0.000183   19.768274 v _3822_/D1 (sky130_fd_sc_hd__a2111o_2)
     2    0.023668    0.212217    0.905366   20.673641 v _3822_/X (sky130_fd_sc_hd__a2111o_2)
                                                         _3027_ (net)
                      0.212359    0.001451   20.675093 v _4006_/A (sky130_fd_sc_hd__or4b_4)
     4    0.019289    0.202479    1.257552   21.932644 v _4006_/X (sky130_fd_sc_hd__or4b_4)
                                                         _3207_ (net)
                      0.202658    0.001108   21.933754 v _4091_/A (sky130_fd_sc_hd__or3_4)
     1    0.005342    0.119774    0.845180   22.778933 v _4091_/X (sky130_fd_sc_hd__or3_4)
                                                         _0073_ (net)
                      0.119774    0.000171   22.779104 v _4092_/A (sky130_fd_sc_hd__buf_6)
     8    0.058354    0.108405    0.311168   23.090271 v _4092_/X (sky130_fd_sc_hd__buf_6)
                                                         _0074_ (net)
                      0.108411    0.001254   23.091526 v _4121_/C1 (sky130_fd_sc_hd__o211a_2)
     2    0.008067    0.095195    0.266271   23.357796 v _4121_/X (sky130_fd_sc_hd__o211a_2)
                                                         _0102_ (net)
                      0.095195    0.000203   23.358000 v _4122_/C (sky130_fd_sc_hd__or3_2)
     1    0.002855    0.161566    1.014701   24.372700 v _4122_/X (sky130_fd_sc_hd__or3_2)
                                                         _0103_ (net)
                      0.161566    0.000085   24.372786 v _4167_/A2 (sky130_fd_sc_hd__a31o_2)
     2    0.035209    0.194833    0.635787   25.008572 v _4167_/X (sky130_fd_sc_hd__a31o_2)
                                                         net145 (net)
                      0.194842    0.001585   25.010157 v output145/A (sky130_fd_sc_hd__clkdlybuf4s25_1)
     1    0.037702    0.507219    0.899687   25.909843 v output145/X (sky130_fd_sc_hd__clkdlybuf4s25_1)
                                                         result[17] (net)
                      0.507219    0.001494   25.911337 v result[17] (out)
                                             25.911337   data arrival time

                      0.000000   40.000000   40.000000   clock __VIRTUAL_CLK__ (rise edge)
                                  0.000000   40.000000   clock network delay (ideal)
                                 -0.250000   39.750000   clock uncertainty
                                  0.000000   39.750000   clock reconvergence pessimism
                                 -8.000000   31.750000   output external delay
                                             31.750000   data required time
---------------------------------------------------------------------------------------------
                                             31.750000   data required time
                                            -25.911337   data arrival time
---------------------------------------------------------------------------------------------
                                              5.838661   slack (MET)


Startpoint: operand_b[1] (input port clocked by __VIRTUAL_CLK__)
Endpoint: result[19] (output port clocked by __VIRTUAL_CLK__)
Path Group: __VIRTUAL_CLK__
Path Type: max

Fanout         Cap        Slew       Delay        Time   Description
---------------------------------------------------------------------------------------------
                      0.000000    0.000000    0.000000   clock __VIRTUAL_CLK__ (rise edge)
                                  0.000000    0.000000   clock network delay (ideal)
                                  8.000000    8.000000 ^ input external delay
     1    0.008500    0.070905    0.047341    8.047340 ^ operand_b[1] (in)
                                                         operand_b[1] (net)
                      0.070908    0.000000    8.047340 ^ input81/A (sky130_fd_sc_hd__clkdlybuf4s25_1)
     1    0.005794    0.116615    0.520789    8.568130 ^ input81/X (sky130_fd_sc_hd__clkdlybuf4s25_1)
                                                         net81 (net)
                      0.116615    0.000236    8.568366 ^ fanout406/A (sky130_fd_sc_hd__clkdlybuf4s25_1)
     7    0.093663    1.478227    1.561354   10.129720 ^ fanout406/X (sky130_fd_sc_hd__clkdlybuf4s25_1)
                                                         net406 (net)
                      1.478227    0.001344   10.131063 ^ fanout404/A (sky130_fd_sc_hd__clkdlybuf4s25_1)
     8    0.058635    0.933058    1.565110   11.696174 ^ fanout404/X (sky130_fd_sc_hd__clkdlybuf4s25_1)
                                                         net404 (net)
                      0.933058    0.000779   11.696952 ^ fanout402/A (sky130_fd_sc_hd__clkdlybuf4s25_1)
     3    0.027065    0.442111    1.066192   12.763144 ^ fanout402/X (sky130_fd_sc_hd__clkdlybuf4s25_1)
                                                         net402 (net)
                      0.442111    0.001388   12.764532 ^ load_slew403/A (sky130_fd_sc_hd__buf_4)
     8    0.056684    0.259575    0.532008   13.296540 ^ load_slew403/X (sky130_fd_sc_hd__buf_4)
                                                         net403 (net)
                      0.259590    0.002268   13.298808 ^ fanout400/A (sky130_fd_sc_hd__clkdlybuf4s25_1)
     5    0.046645    0.747677    1.080863   14.379671 ^ fanout400/X (sky130_fd_sc_hd__clkdlybuf4s25_1)
                                                         net400 (net)
                      0.747680    0.003067   14.382738 ^ load_slew401/A (sky130_fd_sc_hd__clkbuf_2)
     6    0.052794    0.445883    0.747623   15.130362 ^ load_slew401/X (sky130_fd_sc_hd__clkbuf_2)
                                                         net401 (net)
                      0.445897    0.003203   15.133564 ^ _3412_/B_N (sky130_fd_sc_hd__nor2b_2)
     4    0.021425    0.407960    0.640013   15.773577 ^ _3412_/Y (sky130_fd_sc_hd__nor2b_2)
                                                         _2625_ (net)
                      0.407960    0.001082   15.774658 ^ _3555_/C1 (sky130_fd_sc_hd__a221oi_2)
     5    0.020224    0.232034    0.255678   16.030336 v _3555_/Y (sky130_fd_sc_hd__a221oi_2)
                                                         _2765_ (net)
                      0.232035    0.001153   16.031490 v _3683_/A3 (sky130_fd_sc_hd__o31a_2)
     3    0.015640    0.151542    0.730095   16.761585 v _3683_/X (sky130_fd_sc_hd__o31a_2)
                                                         _2891_ (net)
                      0.151542    0.000556   16.762140 v _3686_/B (sky130_fd_sc_hd__or4_4)
     1    0.005251    0.155317    1.095224   17.857365 v _3686_/X (sky130_fd_sc_hd__or4_4)
                                                         _2894_ (net)
                      0.155317    0.000169   17.857533 v _3687_/A (sky130_fd_sc_hd__buf_6)
     8    0.036773    0.079117    0.305315   18.162848 v _3687_/X (sky130_fd_sc_hd__buf_6)
                                                         _2895_ (net)
                      0.079121    0.000723   18.163570 v _3689_/C (sky130_fd_sc_hd__and3_2)
     3    0.014090    0.123079    0.529514   18.693085 v _3689_/X (sky130_fd_sc_hd__and3_2)
                                                         _2897_ (net)
                      0.123079    0.000362   18.693447 v _3734_/C (sky130_fd_sc_hd__or3_2)
     2    0.005777    0.186347    1.074644   19.768091 v _3734_/X (sky130_fd_sc_hd__or3_2)
                                                         _2941_ (net)
                      0.186347    0.000183   19.768274 v _3822_/D1 (sky130_fd_sc_hd__a2111o_2)
     2    0.023668    0.212217    0.905366   20.673641 v _3822_/X (sky130_fd_sc_hd__a2111o_2)
                                                         _3027_ (net)
                      0.212359    0.001451   20.675093 v _4006_/A (sky130_fd_sc_hd__or4b_4)
     4    0.019289    0.202479    1.257552   21.932644 v _4006_/X (sky130_fd_sc_hd__or4b_4)
                                                         _3207_ (net)
                      0.202658    0.001050   21.933695 v _4178_/A (sky130_fd_sc_hd__or4_4)
     3    0.017379    0.195471    1.236753   23.170448 v _4178_/X (sky130_fd_sc_hd__or4_4)
                                                         _0158_ (net)
                      0.195471    0.000593   23.171041 v _4217_/A (sky130_fd_sc_hd__or3_2)
     1    0.004189    0.170829    1.216337   24.387379 v _4217_/X (sky130_fd_sc_hd__or3_2)
                                                         _0196_ (net)
                      0.170829    0.000174   24.387552 v _4246_/A3 (sky130_fd_sc_hd__a31o_2)
     2    0.014280    0.116351    0.577979   24.965530 v _4246_/X (sky130_fd_sc_hd__a31o_2)
                                                         net147 (net)
                      0.116357    0.000972   24.966503 v output147/A (sky130_fd_sc_hd__clkdlybuf4s25_1)
     1    0.036227    0.488961    0.847155   25.813658 v output147/X (sky130_fd_sc_hd__clkdlybuf4s25_1)
                                                         result[19] (net)
                      0.488961    0.001487   25.815144 v result[19] (out)
                                             25.815144   data arrival time

                      0.000000   40.000000   40.000000   clock __VIRTUAL_CLK__ (rise edge)
                                  0.000000   40.000000   clock network delay (ideal)
                                 -0.250000   39.750000   clock uncertainty
                                  0.000000   39.750000   clock reconvergence pessimism
                                 -8.000000   31.750000   output external delay
                                             31.750000   data required time
---------------------------------------------------------------------------------------------
                                             31.750000   data required time
                                            -25.815144   data arrival time
---------------------------------------------------------------------------------------------
                                              5.934855   slack (MET)


Startpoint: operand_b[1] (input port clocked by __VIRTUAL_CLK__)
Endpoint: result[30] (output port clocked by __VIRTUAL_CLK__)
Path Group: __VIRTUAL_CLK__
Path Type: max

Fanout         Cap        Slew       Delay        Time   Description
---------------------------------------------------------------------------------------------
                      0.000000    0.000000    0.000000   clock __VIRTUAL_CLK__ (rise edge)
                                  0.000000    0.000000   clock network delay (ideal)
                                  8.000000    8.000000 ^ input external delay
     1    0.008500    0.070905    0.047341    8.047340 ^ operand_b[1] (in)
                                                         operand_b[1] (net)
                      0.070908    0.000000    8.047340 ^ input81/A (sky130_fd_sc_hd__clkdlybuf4s25_1)
     1    0.005794    0.116615    0.520789    8.568130 ^ input81/X (sky130_fd_sc_hd__clkdlybuf4s25_1)
                                                         net81 (net)
                      0.116615    0.000236    8.568366 ^ fanout406/A (sky130_fd_sc_hd__clkdlybuf4s25_1)
     7    0.093663    1.478227    1.561354   10.129720 ^ fanout406/X (sky130_fd_sc_hd__clkdlybuf4s25_1)
                                                         net406 (net)
                      1.478227    0.001344   10.131063 ^ fanout404/A (sky130_fd_sc_hd__clkdlybuf4s25_1)
     8    0.058635    0.933058    1.565110   11.696174 ^ fanout404/X (sky130_fd_sc_hd__clkdlybuf4s25_1)
                                                         net404 (net)
                      0.933058    0.000779   11.696952 ^ fanout402/A (sky130_fd_sc_hd__clkdlybuf4s25_1)
     3    0.027065    0.442111    1.066192   12.763144 ^ fanout402/X (sky130_fd_sc_hd__clkdlybuf4s25_1)
                                                         net402 (net)
                      0.442111    0.001388   12.764532 ^ load_slew403/A (sky130_fd_sc_hd__buf_4)
     8    0.056684    0.259575    0.532008   13.296540 ^ load_slew403/X (sky130_fd_sc_hd__buf_4)
                                                         net403 (net)
                      0.259590    0.002268   13.298808 ^ fanout400/A (sky130_fd_sc_hd__clkdlybuf4s25_1)
     5    0.046645    0.747677    1.080863   14.379671 ^ fanout400/X (sky130_fd_sc_hd__clkdlybuf4s25_1)
                                                         net400 (net)
                      0.747680    0.003067   14.382738 ^ load_slew401/A (sky130_fd_sc_hd__clkbuf_2)
     6    0.052794    0.445883    0.747623   15.130362 ^ load_slew401/X (sky130_fd_sc_hd__clkbuf_2)
                                                         net401 (net)
                      0.445897    0.003203   15.133564 ^ _3412_/B_N (sky130_fd_sc_hd__nor2b_2)
     4    0.021425    0.407960    0.640013   15.773577 ^ _3412_/Y (sky130_fd_sc_hd__nor2b_2)
                                                         _2625_ (net)
                      0.407960    0.001082   15.774658 ^ _3555_/C1 (sky130_fd_sc_hd__a221oi_2)
     5    0.020224    0.232034    0.255678   16.030336 v _3555_/Y (sky130_fd_sc_hd__a221oi_2)
                                                         _2765_ (net)
                      0.232035    0.001153   16.031490 v _3683_/A3 (sky130_fd_sc_hd__o31a_2)
     3    0.015640    0.151542    0.730095   16.761585 v _3683_/X (sky130_fd_sc_hd__o31a_2)
                                                         _2891_ (net)
                      0.151542    0.000556   16.762140 v _3686_/B (sky130_fd_sc_hd__or4_4)
     1    0.005251    0.155317    1.095224   17.857365 v _3686_/X (sky130_fd_sc_hd__or4_4)
                                                         _2894_ (net)
                      0.155317    0.000169   17.857533 v _3687_/A (sky130_fd_sc_hd__buf_6)
     8    0.036773    0.079117    0.305315   18.162848 v _3687_/X (sky130_fd_sc_hd__buf_6)
                                                         _2895_ (net)
                      0.079143    0.001403   18.164251 v _3771_/B2 (sky130_fd_sc_hd__a221o_2)
     2    0.008753    0.121337    0.750090   18.914341 v _3771_/X (sky130_fd_sc_hd__a221o_2)
                                                         _2977_ (net)
                      0.121337    0.000204   18.914545 v _3775_/A1 (sky130_fd_sc_hd__a21o_2)
     3    0.013786    0.106940    0.447129   19.361673 v _3775_/X (sky130_fd_sc_hd__a21o_2)
                                                         _2981_ (net)
                      0.106940    0.000272   19.361946 v _3857_/A2 (sky130_fd_sc_hd__a2111o_2)
     3    0.022880    0.209501    1.095833   20.457779 v _3857_/X (sky130_fd_sc_hd__a2111o_2)
                                                         _3061_ (net)
                      0.209635    0.001634   20.459412 v _3960_/A (sky130_fd_sc_hd__or4b_4)
     3    0.029802    0.232698    1.305988   21.765400 v _3960_/X (sky130_fd_sc_hd__or4b_4)
                                                         _3162_ (net)
                      0.232698    0.002204   21.767605 v _4709_/A (sky130_fd_sc_hd__nor4b_2)
     2    0.030058    1.216834    1.280643   23.048248 ^ _4709_/Y (sky130_fd_sc_hd__nor4b_2)
                                                         _0677_ (net)
                      1.216834    0.001277   23.049526 ^ _4710_/D (sky130_fd_sc_hd__and4bb_2)
     2    0.012341    0.185854    0.899480   23.949005 ^ _4710_/X (sky130_fd_sc_hd__and4bb_2)
                                                         _0678_ (net)
                      0.185854    0.000250   23.949255 ^ _4711_/B (sky130_fd_sc_hd__xor2_2)
     1    0.003287    0.122070    0.162567   24.111822 v _4711_/X (sky130_fd_sc_hd__xor2_2)
                                                         _0679_ (net)
                      0.122070    0.000105   24.111927 v _4729_/B1 (sky130_fd_sc_hd__a221o_2)
     2    0.009082    0.121924    0.720204   24.832132 v _4729_/X (sky130_fd_sc_hd__a221o_2)
                                                         net160 (net)
                      0.121924    0.000396   24.832527 v output160/A (sky130_fd_sc_hd__clkdlybuf4s25_1)
     1    0.037306    0.502243    0.860682   25.693211 v output160/X (sky130_fd_sc_hd__clkdlybuf4s25_1)
                                                         result[30] (net)
                      0.502243    0.001421   25.694632 v result[30] (out)
                                             25.694632   data arrival time

                      0.000000   40.000000   40.000000   clock __VIRTUAL_CLK__ (rise edge)
                                  0.000000   40.000000   clock network delay (ideal)
                                 -0.250000   39.750000   clock uncertainty
                                  0.000000   39.750000   clock reconvergence pessimism
                                 -8.000000   31.750000   output external delay
                                             31.750000   data required time
---------------------------------------------------------------------------------------------
                                             31.750000   data required time
                                            -25.694632   data arrival time
---------------------------------------------------------------------------------------------
                                              6.055368   slack (MET)


Startpoint: operand_b[1] (input port clocked by __VIRTUAL_CLK__)
Endpoint: result[23] (output port clocked by __VIRTUAL_CLK__)
Path Group: __VIRTUAL_CLK__
Path Type: max

Fanout         Cap        Slew       Delay        Time   Description
---------------------------------------------------------------------------------------------
                      0.000000    0.000000    0.000000   clock __VIRTUAL_CLK__ (rise edge)
                                  0.000000    0.000000   clock network delay (ideal)
                                  8.000000    8.000000 ^ input external delay
     1    0.008500    0.070905    0.047341    8.047340 ^ operand_b[1] (in)
                                                         operand_b[1] (net)
                      0.070908    0.000000    8.047340 ^ input81/A (sky130_fd_sc_hd__clkdlybuf4s25_1)
     1    0.005794    0.116615    0.520789    8.568130 ^ input81/X (sky130_fd_sc_hd__clkdlybuf4s25_1)
                                                         net81 (net)
                      0.116615    0.000236    8.568366 ^ fanout406/A (sky130_fd_sc_hd__clkdlybuf4s25_1)
     7    0.093663    1.478227    1.561354   10.129720 ^ fanout406/X (sky130_fd_sc_hd__clkdlybuf4s25_1)
                                                         net406 (net)
                      1.478227    0.001344   10.131063 ^ fanout404/A (sky130_fd_sc_hd__clkdlybuf4s25_1)
     8    0.058635    0.933058    1.565110   11.696174 ^ fanout404/X (sky130_fd_sc_hd__clkdlybuf4s25_1)
                                                         net404 (net)
                      0.933058    0.000779   11.696952 ^ fanout402/A (sky130_fd_sc_hd__clkdlybuf4s25_1)
     3    0.027065    0.442111    1.066192   12.763144 ^ fanout402/X (sky130_fd_sc_hd__clkdlybuf4s25_1)
                                                         net402 (net)
                      0.442111    0.001388   12.764532 ^ load_slew403/A (sky130_fd_sc_hd__buf_4)
     8    0.056684    0.259575    0.532008   13.296540 ^ load_slew403/X (sky130_fd_sc_hd__buf_4)
                                                         net403 (net)
                      0.259590    0.002268   13.298808 ^ fanout400/A (sky130_fd_sc_hd__clkdlybuf4s25_1)
     5    0.046645    0.747677    1.080863   14.379671 ^ fanout400/X (sky130_fd_sc_hd__clkdlybuf4s25_1)
                                                         net400 (net)
                      0.747680    0.003067   14.382738 ^ load_slew401/A (sky130_fd_sc_hd__clkbuf_2)
     6    0.052794    0.445883    0.747623   15.130362 ^ load_slew401/X (sky130_fd_sc_hd__clkbuf_2)
                                                         net401 (net)
                      0.445897    0.003203   15.133564 ^ _3412_/B_N (sky130_fd_sc_hd__nor2b_2)
     4    0.021425    0.407960    0.640013   15.773577 ^ _3412_/Y (sky130_fd_sc_hd__nor2b_2)
                                                         _2625_ (net)
                      0.407960    0.001082   15.774658 ^ _3555_/C1 (sky130_fd_sc_hd__a221oi_2)
     5    0.020224    0.232034    0.255678   16.030336 v _3555_/Y (sky130_fd_sc_hd__a221oi_2)
                                                         _2765_ (net)
                      0.232035    0.001153   16.031490 v _3683_/A3 (sky130_fd_sc_hd__o31a_2)
     3    0.015640    0.151542    0.730095   16.761585 v _3683_/X (sky130_fd_sc_hd__o31a_2)
                                                         _2891_ (net)
                      0.151542    0.000556   16.762140 v _3686_/B (sky130_fd_sc_hd__or4_4)
     1    0.005251    0.155317    1.095224   17.857365 v _3686_/X (sky130_fd_sc_hd__or4_4)
                                                         _2894_ (net)
                      0.155317    0.000169   17.857533 v _3687_/A (sky130_fd_sc_hd__buf_6)
     8    0.036773    0.079117    0.305315   18.162848 v _3687_/X (sky130_fd_sc_hd__buf_6)
                                                         _2895_ (net)
                      0.079121    0.000723   18.163570 v _3689_/C (sky130_fd_sc_hd__and3_2)
     3    0.014090    0.123079    0.529514   18.693085 v _3689_/X (sky130_fd_sc_hd__and3_2)
                                                         _2897_ (net)
                      0.123079    0.000362   18.693447 v _3734_/C (sky130_fd_sc_hd__or3_2)
     2    0.005777    0.186347    1.074644   19.768091 v _3734_/X (sky130_fd_sc_hd__or3_2)
                                                         _2941_ (net)
                      0.186347    0.000183   19.768274 v _3822_/D1 (sky130_fd_sc_hd__a2111o_2)
     2    0.023668    0.212217    0.905366   20.673641 v _3822_/X (sky130_fd_sc_hd__a2111o_2)
                                                         _3027_ (net)
                      0.212359    0.001451   20.675093 v _4006_/A (sky130_fd_sc_hd__or4b_4)
     4    0.019289    0.202479    1.257552   21.932644 v _4006_/X (sky130_fd_sc_hd__or4b_4)
                                                         _3207_ (net)
                      0.202658    0.001108   21.933754 v _4091_/A (sky130_fd_sc_hd__or3_4)
     1    0.005342    0.119774    0.845180   22.778933 v _4091_/X (sky130_fd_sc_hd__or3_4)
                                                         _0073_ (net)
                      0.119774    0.000171   22.779104 v _4092_/A (sky130_fd_sc_hd__buf_6)
     8    0.058354    0.108405    0.311168   23.090271 v _4092_/X (sky130_fd_sc_hd__buf_6)
                                                         _0074_ (net)
                      0.108570    0.004055   23.094328 v _4401_/A (sky130_fd_sc_hd__or3b_2)
     1    0.004659    0.174402    1.163555   24.257881 v _4401_/X (sky130_fd_sc_hd__or3b_2)
                                                         _0376_ (net)
                      0.174402    0.000160   24.258041 v _4428_/A2 (sky130_fd_sc_hd__a31o_2)
     2    0.017246    0.125828    0.572731   24.830772 v _4428_/X (sky130_fd_sc_hd__a31o_2)
                                                         net152 (net)
                      0.125833    0.000902   24.831675 v output152/A (sky130_fd_sc_hd__clkdlybuf4s25_1)
     1    0.035618    0.481070    0.846015   25.677691 v output152/X (sky130_fd_sc_hd__clkdlybuf4s25_1)
                                                         result[23] (net)
                      0.481070    0.000989   25.678679 v result[23] (out)
                                             25.678679   data arrival time

                      0.000000   40.000000   40.000000   clock __VIRTUAL_CLK__ (rise edge)
                                  0.000000   40.000000   clock network delay (ideal)
                                 -0.250000   39.750000   clock uncertainty
                                  0.000000   39.750000   clock reconvergence pessimism
                                 -8.000000   31.750000   output external delay
                                             31.750000   data required time
---------------------------------------------------------------------------------------------
                                             31.750000   data required time
                                            -25.678679   data arrival time
---------------------------------------------------------------------------------------------
                                              6.071320   slack (MET)


Startpoint: operand_b[1] (input port clocked by __VIRTUAL_CLK__)
Endpoint: result[20] (output port clocked by __VIRTUAL_CLK__)
Path Group: __VIRTUAL_CLK__
Path Type: max

Fanout         Cap        Slew       Delay        Time   Description
---------------------------------------------------------------------------------------------
                      0.000000    0.000000    0.000000   clock __VIRTUAL_CLK__ (rise edge)
                                  0.000000    0.000000   clock network delay (ideal)
                                  8.000000    8.000000 ^ input external delay
     1    0.008500    0.070905    0.047341    8.047340 ^ operand_b[1] (in)
                                                         operand_b[1] (net)
                      0.070908    0.000000    8.047340 ^ input81/A (sky130_fd_sc_hd__clkdlybuf4s25_1)
     1    0.005794    0.116615    0.520789    8.568130 ^ input81/X (sky130_fd_sc_hd__clkdlybuf4s25_1)
                                                         net81 (net)
                      0.116615    0.000236    8.568366 ^ fanout406/A (sky130_fd_sc_hd__clkdlybuf4s25_1)
     7    0.093663    1.478227    1.561354   10.129720 ^ fanout406/X (sky130_fd_sc_hd__clkdlybuf4s25_1)
                                                         net406 (net)
                      1.478227    0.001344   10.131063 ^ fanout404/A (sky130_fd_sc_hd__clkdlybuf4s25_1)
     8    0.058635    0.933058    1.565110   11.696174 ^ fanout404/X (sky130_fd_sc_hd__clkdlybuf4s25_1)
                                                         net404 (net)
                      0.933058    0.000779   11.696952 ^ fanout402/A (sky130_fd_sc_hd__clkdlybuf4s25_1)
     3    0.027065    0.442111    1.066192   12.763144 ^ fanout402/X (sky130_fd_sc_hd__clkdlybuf4s25_1)
                                                         net402 (net)
                      0.442111    0.001388   12.764532 ^ load_slew403/A (sky130_fd_sc_hd__buf_4)
     8    0.056684    0.259575    0.532008   13.296540 ^ load_slew403/X (sky130_fd_sc_hd__buf_4)
                                                         net403 (net)
                      0.259590    0.002268   13.298808 ^ fanout400/A (sky130_fd_sc_hd__clkdlybuf4s25_1)
     5    0.046645    0.747677    1.080863   14.379671 ^ fanout400/X (sky130_fd_sc_hd__clkdlybuf4s25_1)
                                                         net400 (net)
                      0.747680    0.003067   14.382738 ^ load_slew401/A (sky130_fd_sc_hd__clkbuf_2)
     6    0.052794    0.445883    0.747623   15.130362 ^ load_slew401/X (sky130_fd_sc_hd__clkbuf_2)
                                                         net401 (net)
                      0.445897    0.003203   15.133564 ^ _3412_/B_N (sky130_fd_sc_hd__nor2b_2)
     4    0.021425    0.407960    0.640013   15.773577 ^ _3412_/Y (sky130_fd_sc_hd__nor2b_2)
                                                         _2625_ (net)
                      0.407960    0.001082   15.774658 ^ _3555_/C1 (sky130_fd_sc_hd__a221oi_2)
     5    0.020224    0.232034    0.255678   16.030336 v _3555_/Y (sky130_fd_sc_hd__a221oi_2)
                                                         _2765_ (net)
                      0.232035    0.001153   16.031490 v _3683_/A3 (sky130_fd_sc_hd__o31a_2)
     3    0.015640    0.151542    0.730095   16.761585 v _3683_/X (sky130_fd_sc_hd__o31a_2)
                                                         _2891_ (net)
                      0.151542    0.000556   16.762140 v _3686_/B (sky130_fd_sc_hd__or4_4)
     1    0.005251    0.155317    1.095224   17.857365 v _3686_/X (sky130_fd_sc_hd__or4_4)
                                                         _2894_ (net)
                      0.155317    0.000169   17.857533 v _3687_/A (sky130_fd_sc_hd__buf_6)
     8    0.036773    0.079117    0.305315   18.162848 v _3687_/X (sky130_fd_sc_hd__buf_6)
                                                         _2895_ (net)
                      0.079121    0.000723   18.163570 v _3689_/C (sky130_fd_sc_hd__and3_2)
     3    0.014090    0.123079    0.529514   18.693085 v _3689_/X (sky130_fd_sc_hd__and3_2)
                                                         _2897_ (net)
                      0.123079    0.000362   18.693447 v _3734_/C (sky130_fd_sc_hd__or3_2)
     2    0.005777    0.186347    1.074644   19.768091 v _3734_/X (sky130_fd_sc_hd__or3_2)
                                                         _2941_ (net)
                      0.186347    0.000183   19.768274 v _3822_/D1 (sky130_fd_sc_hd__a2111o_2)
     2    0.023668    0.212217    0.905366   20.673641 v _3822_/X (sky130_fd_sc_hd__a2111o_2)
                                                         _3027_ (net)
                      0.212359    0.001451   20.675093 v _4006_/A (sky130_fd_sc_hd__or4b_4)
     4    0.019289    0.202479    1.257552   21.932644 v _4006_/X (sky130_fd_sc_hd__or4b_4)
                                                         _3207_ (net)
                      0.202659    0.001149   21.933794 v _4265_/A (sky130_fd_sc_hd__or4_2)
     5    0.031399    0.384353    1.988735   23.922529 v _4265_/X (sky130_fd_sc_hd__or4_2)
                                                         _0243_ (net)
                      0.384353    0.000668   23.923197 v _4266_/B (sky130_fd_sc_hd__xnor2_2)
     1    0.003475    0.097849    0.371646   24.294842 v _4266_/Y (sky130_fd_sc_hd__xnor2_2)
                                                         _0244_ (net)
                      0.097849    0.000083   24.294926 v _4297_/A2 (sky130_fd_sc_hd__a21o_2)
     2    0.019946    0.129342    0.500764   24.795691 v _4297_/X (sky130_fd_sc_hd__a21o_2)
                                                         net149 (net)
                      0.129342    0.000313   24.796003 v output149/A (sky130_fd_sc_hd__clkdlybuf4s25_1)
     1    0.038411    0.516592    0.875106   25.671108 v output149/X (sky130_fd_sc_hd__clkdlybuf4s25_1)
                                                         result[20] (net)
                      0.516592    0.001641   25.672750 v result[20] (out)
                                             25.672750   data arrival time

                      0.000000   40.000000   40.000000   clock __VIRTUAL_CLK__ (rise edge)
                                  0.000000   40.000000   clock network delay (ideal)
                                 -0.250000   39.750000   clock uncertainty
                                  0.000000   39.750000   clock reconvergence pessimism
                                 -8.000000   31.750000   output external delay
                                             31.750000   data required time
---------------------------------------------------------------------------------------------
                                             31.750000   data required time
                                            -25.672750   data arrival time
---------------------------------------------------------------------------------------------
                                              6.077249   slack (MET)


Startpoint: operand_b[1] (input port clocked by __VIRTUAL_CLK__)
Endpoint: result[18] (output port clocked by __VIRTUAL_CLK__)
Path Group: __VIRTUAL_CLK__
Path Type: max

Fanout         Cap        Slew       Delay        Time   Description
---------------------------------------------------------------------------------------------
                      0.000000    0.000000    0.000000   clock __VIRTUAL_CLK__ (rise edge)
                                  0.000000    0.000000   clock network delay (ideal)
                                  8.000000    8.000000 ^ input external delay
     1    0.008500    0.070905    0.047341    8.047340 ^ operand_b[1] (in)
                                                         operand_b[1] (net)
                      0.070908    0.000000    8.047340 ^ input81/A (sky130_fd_sc_hd__clkdlybuf4s25_1)
     1    0.005794    0.116615    0.520789    8.568130 ^ input81/X (sky130_fd_sc_hd__clkdlybuf4s25_1)
                                                         net81 (net)
                      0.116615    0.000236    8.568366 ^ fanout406/A (sky130_fd_sc_hd__clkdlybuf4s25_1)
     7    0.093663    1.478227    1.561354   10.129720 ^ fanout406/X (sky130_fd_sc_hd__clkdlybuf4s25_1)
                                                         net406 (net)
                      1.478227    0.001344   10.131063 ^ fanout404/A (sky130_fd_sc_hd__clkdlybuf4s25_1)
     8    0.058635    0.933058    1.565110   11.696174 ^ fanout404/X (sky130_fd_sc_hd__clkdlybuf4s25_1)
                                                         net404 (net)
                      0.933058    0.000779   11.696952 ^ fanout402/A (sky130_fd_sc_hd__clkdlybuf4s25_1)
     3    0.027065    0.442111    1.066192   12.763144 ^ fanout402/X (sky130_fd_sc_hd__clkdlybuf4s25_1)
                                                         net402 (net)
                      0.442111    0.001388   12.764532 ^ load_slew403/A (sky130_fd_sc_hd__buf_4)
     8    0.056684    0.259575    0.532008   13.296540 ^ load_slew403/X (sky130_fd_sc_hd__buf_4)
                                                         net403 (net)
                      0.259590    0.002268   13.298808 ^ fanout400/A (sky130_fd_sc_hd__clkdlybuf4s25_1)
     5    0.046645    0.747677    1.080863   14.379671 ^ fanout400/X (sky130_fd_sc_hd__clkdlybuf4s25_1)
                                                         net400 (net)
                      0.747680    0.003067   14.382738 ^ load_slew401/A (sky130_fd_sc_hd__clkbuf_2)
     6    0.052794    0.445883    0.747623   15.130362 ^ load_slew401/X (sky130_fd_sc_hd__clkbuf_2)
                                                         net401 (net)
                      0.445897    0.003203   15.133564 ^ _3412_/B_N (sky130_fd_sc_hd__nor2b_2)
     4    0.021425    0.407960    0.640013   15.773577 ^ _3412_/Y (sky130_fd_sc_hd__nor2b_2)
                                                         _2625_ (net)
                      0.407960    0.001082   15.774658 ^ _3555_/C1 (sky130_fd_sc_hd__a221oi_2)
     5    0.020224    0.232034    0.255678   16.030336 v _3555_/Y (sky130_fd_sc_hd__a221oi_2)
                                                         _2765_ (net)
                      0.232035    0.001153   16.031490 v _3683_/A3 (sky130_fd_sc_hd__o31a_2)
     3    0.015640    0.151542    0.730095   16.761585 v _3683_/X (sky130_fd_sc_hd__o31a_2)
                                                         _2891_ (net)
                      0.151542    0.000556   16.762140 v _3686_/B (sky130_fd_sc_hd__or4_4)
     1    0.005251    0.155317    1.095224   17.857365 v _3686_/X (sky130_fd_sc_hd__or4_4)
                                                         _2894_ (net)
                      0.155317    0.000169   17.857533 v _3687_/A (sky130_fd_sc_hd__buf_6)
     8    0.036773    0.079117    0.305315   18.162848 v _3687_/X (sky130_fd_sc_hd__buf_6)
                                                         _2895_ (net)
                      0.079121    0.000723   18.163570 v _3689_/C (sky130_fd_sc_hd__and3_2)
     3    0.014090    0.123079    0.529514   18.693085 v _3689_/X (sky130_fd_sc_hd__and3_2)
                                                         _2897_ (net)
                      0.123079    0.000362   18.693447 v _3734_/C (sky130_fd_sc_hd__or3_2)
     2    0.005777    0.186347    1.074644   19.768091 v _3734_/X (sky130_fd_sc_hd__or3_2)
                                                         _2941_ (net)
                      0.186347    0.000183   19.768274 v _3822_/D1 (sky130_fd_sc_hd__a2111o_2)
     2    0.023668    0.212217    0.905366   20.673641 v _3822_/X (sky130_fd_sc_hd__a2111o_2)
                                                         _3027_ (net)
                      0.212359    0.001451   20.675093 v _4006_/A (sky130_fd_sc_hd__or4b_4)
     4    0.019289    0.202479    1.257552   21.932644 v _4006_/X (sky130_fd_sc_hd__or4b_4)
                                                         _3207_ (net)
                      0.202658    0.001050   21.933695 v _4178_/A (sky130_fd_sc_hd__or4_4)
     3    0.017379    0.195471    1.236753   23.170448 v _4178_/X (sky130_fd_sc_hd__or4_4)
                                                         _0158_ (net)
                      0.195471    0.000695   23.171143 v _4179_/B (sky130_fd_sc_hd__xnor2_2)
     1    0.003943    0.134829    0.299000   23.470142 v _4179_/Y (sky130_fd_sc_hd__xnor2_2)
                                                         _0159_ (net)
                      0.134829    0.000101   23.470243 v _4210_/B1 (sky130_fd_sc_hd__a221o_2)
     2    0.024183    0.189237    0.818329   24.288572 v _4210_/X (sky130_fd_sc_hd__a221o_2)
                                                         net146 (net)
                      0.189240    0.001164   24.289736 v output146/A (sky130_fd_sc_hd__clkdlybuf4s25_1)
     1    0.036624    0.493623    0.886441   25.176176 v output146/X (sky130_fd_sc_hd__clkdlybuf4s25_1)
                                                         result[18] (net)
                      0.493623    0.001222   25.177399 v result[18] (out)
                                             25.177399   data arrival time

                      0.000000   40.000000   40.000000   clock __VIRTUAL_CLK__ (rise edge)
                                  0.000000   40.000000   clock network delay (ideal)
                                 -0.250000   39.750000   clock uncertainty
                                  0.000000   39.750000   clock reconvergence pessimism
                                 -8.000000   31.750000   output external delay
                                             31.750000   data required time
---------------------------------------------------------------------------------------------
                                             31.750000   data required time
                                            -25.177399   data arrival time
---------------------------------------------------------------------------------------------
                                              6.572600   slack (MET)


Startpoint: operand_b[1] (input port clocked by __VIRTUAL_CLK__)
Endpoint: result[16] (output port clocked by __VIRTUAL_CLK__)
Path Group: __VIRTUAL_CLK__
Path Type: max

Fanout         Cap        Slew       Delay        Time   Description
---------------------------------------------------------------------------------------------
                      0.000000    0.000000    0.000000   clock __VIRTUAL_CLK__ (rise edge)
                                  0.000000    0.000000   clock network delay (ideal)
                                  8.000000    8.000000 ^ input external delay
     1    0.008500    0.070905    0.047341    8.047340 ^ operand_b[1] (in)
                                                         operand_b[1] (net)
                      0.070908    0.000000    8.047340 ^ input81/A (sky130_fd_sc_hd__clkdlybuf4s25_1)
     1    0.005794    0.116615    0.520789    8.568130 ^ input81/X (sky130_fd_sc_hd__clkdlybuf4s25_1)
                                                         net81 (net)
                      0.116615    0.000236    8.568366 ^ fanout406/A (sky130_fd_sc_hd__clkdlybuf4s25_1)
     7    0.093663    1.478227    1.561354   10.129720 ^ fanout406/X (sky130_fd_sc_hd__clkdlybuf4s25_1)
                                                         net406 (net)
                      1.478227    0.001344   10.131063 ^ fanout404/A (sky130_fd_sc_hd__clkdlybuf4s25_1)
     8    0.058635    0.933058    1.565110   11.696174 ^ fanout404/X (sky130_fd_sc_hd__clkdlybuf4s25_1)
                                                         net404 (net)
                      0.933058    0.000779   11.696952 ^ fanout402/A (sky130_fd_sc_hd__clkdlybuf4s25_1)
     3    0.027065    0.442111    1.066192   12.763144 ^ fanout402/X (sky130_fd_sc_hd__clkdlybuf4s25_1)
                                                         net402 (net)
                      0.442111    0.001388   12.764532 ^ load_slew403/A (sky130_fd_sc_hd__buf_4)
     8    0.056684    0.259575    0.532008   13.296540 ^ load_slew403/X (sky130_fd_sc_hd__buf_4)
                                                         net403 (net)
                      0.259590    0.002268   13.298808 ^ fanout400/A (sky130_fd_sc_hd__clkdlybuf4s25_1)
     5    0.046645    0.747677    1.080863   14.379671 ^ fanout400/X (sky130_fd_sc_hd__clkdlybuf4s25_1)
                                                         net400 (net)
                      0.747680    0.003067   14.382738 ^ load_slew401/A (sky130_fd_sc_hd__clkbuf_2)
     6    0.052794    0.445883    0.747623   15.130362 ^ load_slew401/X (sky130_fd_sc_hd__clkbuf_2)
                                                         net401 (net)
                      0.445897    0.003203   15.133564 ^ _3412_/B_N (sky130_fd_sc_hd__nor2b_2)
     4    0.021425    0.407960    0.640013   15.773577 ^ _3412_/Y (sky130_fd_sc_hd__nor2b_2)
                                                         _2625_ (net)
                      0.407960    0.001082   15.774658 ^ _3555_/C1 (sky130_fd_sc_hd__a221oi_2)
     5    0.020224    0.232034    0.255678   16.030336 v _3555_/Y (sky130_fd_sc_hd__a221oi_2)
                                                         _2765_ (net)
                      0.232035    0.001153   16.031490 v _3683_/A3 (sky130_fd_sc_hd__o31a_2)
     3    0.015640    0.151542    0.730095   16.761585 v _3683_/X (sky130_fd_sc_hd__o31a_2)
                                                         _2891_ (net)
                      0.151542    0.000556   16.762140 v _3686_/B (sky130_fd_sc_hd__or4_4)
     1    0.005251    0.155317    1.095224   17.857365 v _3686_/X (sky130_fd_sc_hd__or4_4)
                                                         _2894_ (net)
                      0.155317    0.000169   17.857533 v _3687_/A (sky130_fd_sc_hd__buf_6)
     8    0.036773    0.079117    0.305315   18.162848 v _3687_/X (sky130_fd_sc_hd__buf_6)
                                                         _2895_ (net)
                      0.079121    0.000723   18.163570 v _3689_/C (sky130_fd_sc_hd__and3_2)
     3    0.014090    0.123079    0.529514   18.693085 v _3689_/X (sky130_fd_sc_hd__and3_2)
                                                         _2897_ (net)
                      0.123079    0.000362   18.693447 v _3734_/C (sky130_fd_sc_hd__or3_2)
     2    0.005777    0.186347    1.074644   19.768091 v _3734_/X (sky130_fd_sc_hd__or3_2)
                                                         _2941_ (net)
                      0.186347    0.000183   19.768274 v _3822_/D1 (sky130_fd_sc_hd__a2111o_2)
     2    0.023668    0.212217    0.905366   20.673641 v _3822_/X (sky130_fd_sc_hd__a2111o_2)
                                                         _3027_ (net)
                      0.212359    0.001451   20.675093 v _4006_/A (sky130_fd_sc_hd__or4b_4)
     4    0.019289    0.202479    1.257552   21.932644 v _4006_/X (sky130_fd_sc_hd__or4b_4)
                                                         _3207_ (net)
                      0.202658    0.001108   21.933754 v _4091_/A (sky130_fd_sc_hd__or3_4)
     1    0.005342    0.119774    0.845180   22.778933 v _4091_/X (sky130_fd_sc_hd__or3_4)
                                                         _0073_ (net)
                      0.119774    0.000171   22.779104 v _4092_/A (sky130_fd_sc_hd__buf_6)
     8    0.058354    0.108405    0.311168   23.090271 v _4092_/X (sky130_fd_sc_hd__buf_6)
                                                         _0074_ (net)
                      0.108479    0.002895   23.093166 v _4093_/B (sky130_fd_sc_hd__xnor2_2)
     1    0.003169    0.107110    0.252243   23.345409 v _4093_/Y (sky130_fd_sc_hd__xnor2_2)
                                                         _0075_ (net)
                      0.107110    0.000101   23.345510 v _4117_/B1 (sky130_fd_sc_hd__a221o_2)
     2    0.016035    0.162082    0.765349   24.110859 v _4117_/X (sky130_fd_sc_hd__a221o_2)
                                                         net144 (net)
                      0.162083    0.000723   24.111582 v output144/A (sky130_fd_sc_hd__clkdlybuf4s25_1)
     1    0.038433    0.516731    0.891340   25.002924 v output144/X (sky130_fd_sc_hd__clkdlybuf4s25_1)
                                                         result[16] (net)
                      0.516731    0.001313   25.004236 v result[16] (out)
                                             25.004236   data arrival time

                      0.000000   40.000000   40.000000   clock __VIRTUAL_CLK__ (rise edge)
                                  0.000000   40.000000   clock network delay (ideal)
                                 -0.250000   39.750000   clock uncertainty
                                  0.000000   39.750000   clock reconvergence pessimism
                                 -8.000000   31.750000   output external delay
                                             31.750000   data required time
---------------------------------------------------------------------------------------------
                                             31.750000   data required time
                                            -25.004236   data arrival time
---------------------------------------------------------------------------------------------
                                              6.745763   slack (MET)


Startpoint: operand_b[1] (input port clocked by __VIRTUAL_CLK__)
Endpoint: result[15] (output port clocked by __VIRTUAL_CLK__)
Path Group: __VIRTUAL_CLK__
Path Type: max

Fanout         Cap        Slew       Delay        Time   Description
---------------------------------------------------------------------------------------------
                      0.000000    0.000000    0.000000   clock __VIRTUAL_CLK__ (rise edge)
                                  0.000000    0.000000   clock network delay (ideal)
                                  8.000000    8.000000 ^ input external delay
     1    0.008500    0.070905    0.047341    8.047340 ^ operand_b[1] (in)
                                                         operand_b[1] (net)
                      0.070908    0.000000    8.047340 ^ input81/A (sky130_fd_sc_hd__clkdlybuf4s25_1)
     1    0.005794    0.116615    0.520789    8.568130 ^ input81/X (sky130_fd_sc_hd__clkdlybuf4s25_1)
                                                         net81 (net)
                      0.116615    0.000236    8.568366 ^ fanout406/A (sky130_fd_sc_hd__clkdlybuf4s25_1)
     7    0.093663    1.478227    1.561354   10.129720 ^ fanout406/X (sky130_fd_sc_hd__clkdlybuf4s25_1)
                                                         net406 (net)
                      1.478227    0.001344   10.131063 ^ fanout404/A (sky130_fd_sc_hd__clkdlybuf4s25_1)
     8    0.058635    0.933058    1.565110   11.696174 ^ fanout404/X (sky130_fd_sc_hd__clkdlybuf4s25_1)
                                                         net404 (net)
                      0.933058    0.000779   11.696952 ^ fanout402/A (sky130_fd_sc_hd__clkdlybuf4s25_1)
     3    0.027065    0.442111    1.066192   12.763144 ^ fanout402/X (sky130_fd_sc_hd__clkdlybuf4s25_1)
                                                         net402 (net)
                      0.442111    0.001388   12.764532 ^ load_slew403/A (sky130_fd_sc_hd__buf_4)
     8    0.056684    0.259575    0.532008   13.296540 ^ load_slew403/X (sky130_fd_sc_hd__buf_4)
                                                         net403 (net)
                      0.259590    0.002268   13.298808 ^ fanout400/A (sky130_fd_sc_hd__clkdlybuf4s25_1)
     5    0.046645    0.747677    1.080863   14.379671 ^ fanout400/X (sky130_fd_sc_hd__clkdlybuf4s25_1)
                                                         net400 (net)
                      0.747680    0.003067   14.382738 ^ load_slew401/A (sky130_fd_sc_hd__clkbuf_2)
     6    0.052794    0.445883    0.747623   15.130362 ^ load_slew401/X (sky130_fd_sc_hd__clkbuf_2)
                                                         net401 (net)
                      0.445897    0.003203   15.133564 ^ _3412_/B_N (sky130_fd_sc_hd__nor2b_2)
     4    0.021425    0.407960    0.640013   15.773577 ^ _3412_/Y (sky130_fd_sc_hd__nor2b_2)
                                                         _2625_ (net)
                      0.407960    0.001082   15.774658 ^ _3555_/C1 (sky130_fd_sc_hd__a221oi_2)
     5    0.020224    0.232034    0.255678   16.030336 v _3555_/Y (sky130_fd_sc_hd__a221oi_2)
                                                         _2765_ (net)
                      0.232035    0.001153   16.031490 v _3683_/A3 (sky130_fd_sc_hd__o31a_2)
     3    0.015640    0.151542    0.730095   16.761585 v _3683_/X (sky130_fd_sc_hd__o31a_2)
                                                         _2891_ (net)
                      0.151542    0.000556   16.762140 v _3686_/B (sky130_fd_sc_hd__or4_4)
     1    0.005251    0.155317    1.095224   17.857365 v _3686_/X (sky130_fd_sc_hd__or4_4)
                                                         _2894_ (net)
                      0.155317    0.000169   17.857533 v _3687_/A (sky130_fd_sc_hd__buf_6)
     8    0.036773    0.079117    0.305315   18.162848 v _3687_/X (sky130_fd_sc_hd__buf_6)
                                                         _2895_ (net)
                      0.079143    0.001403   18.164251 v _3771_/B2 (sky130_fd_sc_hd__a221o_2)
     2    0.008753    0.121337    0.750090   18.914341 v _3771_/X (sky130_fd_sc_hd__a221o_2)
                                                         _2977_ (net)
                      0.121337    0.000204   18.914545 v _3775_/A1 (sky130_fd_sc_hd__a21o_2)
     3    0.013786    0.106940    0.447129   19.361673 v _3775_/X (sky130_fd_sc_hd__a21o_2)
                                                         _2981_ (net)
                      0.106940    0.000272   19.361946 v _3857_/A2 (sky130_fd_sc_hd__a2111o_2)
     3    0.022880    0.209501    1.095833   20.457779 v _3857_/X (sky130_fd_sc_hd__a2111o_2)
                                                         _3061_ (net)
                      0.209635    0.001634   20.459412 v _3960_/A (sky130_fd_sc_hd__or4b_4)
     3    0.029802    0.232698    1.305988   21.765400 v _3960_/X (sky130_fd_sc_hd__or4b_4)
                                                         _3162_ (net)
                      0.232698    0.001622   21.767023 v _4047_/B (sky130_fd_sc_hd__or4_4)
     1    0.008893    0.170018    1.156192   22.923214 v _4047_/X (sky130_fd_sc_hd__or4_4)
                                                         _0030_ (net)
                      0.170018    0.000206   22.923420 v _4048_/B (sky130_fd_sc_hd__xor2_2)
     1    0.003692    0.082459    0.311157   23.234577 v _4048_/X (sky130_fd_sc_hd__xor2_2)
                                                         _0031_ (net)
                      0.082459    0.000117   23.234695 v _4065_/B1 (sky130_fd_sc_hd__a221o_2)
     2    0.010104    0.128909    0.712564   23.947260 v _4065_/X (sky130_fd_sc_hd__a221o_2)
                                                         net143 (net)
                      0.128909    0.000382   23.947641 v output143/A (sky130_fd_sc_hd__clkdlybuf4s25_1)
     1    0.035090    0.474322    0.842320   24.789961 v output143/X (sky130_fd_sc_hd__clkdlybuf4s25_1)
                                                         result[15] (net)
                      0.474322    0.000851   24.790812 v result[15] (out)
                                             24.790812   data arrival time

                      0.000000   40.000000   40.000000   clock __VIRTUAL_CLK__ (rise edge)
                                  0.000000   40.000000   clock network delay (ideal)
                                 -0.250000   39.750000   clock uncertainty
                                  0.000000   39.750000   clock reconvergence pessimism
                                 -8.000000   31.750000   output external delay
                                             31.750000   data required time
---------------------------------------------------------------------------------------------
                                             31.750000   data required time
                                            -24.790812   data arrival time
---------------------------------------------------------------------------------------------
                                              6.959187   slack (MET)


Startpoint: operand_b[1] (input port clocked by __VIRTUAL_CLK__)
Endpoint: result[14] (output port clocked by __VIRTUAL_CLK__)
Path Group: __VIRTUAL_CLK__
Path Type: max

Fanout         Cap        Slew       Delay        Time   Description
---------------------------------------------------------------------------------------------
                      0.000000    0.000000    0.000000   clock __VIRTUAL_CLK__ (rise edge)
                                  0.000000    0.000000   clock network delay (ideal)
                                  8.000000    8.000000 ^ input external delay
     1    0.008500    0.070905    0.047341    8.047340 ^ operand_b[1] (in)
                                                         operand_b[1] (net)
                      0.070908    0.000000    8.047340 ^ input81/A (sky130_fd_sc_hd__clkdlybuf4s25_1)
     1    0.005794    0.116615    0.520789    8.568130 ^ input81/X (sky130_fd_sc_hd__clkdlybuf4s25_1)
                                                         net81 (net)
                      0.116615    0.000236    8.568366 ^ fanout406/A (sky130_fd_sc_hd__clkdlybuf4s25_1)
     7    0.093663    1.478227    1.561354   10.129720 ^ fanout406/X (sky130_fd_sc_hd__clkdlybuf4s25_1)
                                                         net406 (net)
                      1.478227    0.001344   10.131063 ^ fanout404/A (sky130_fd_sc_hd__clkdlybuf4s25_1)
     8    0.058635    0.933058    1.565110   11.696174 ^ fanout404/X (sky130_fd_sc_hd__clkdlybuf4s25_1)
                                                         net404 (net)
                      0.933058    0.000779   11.696952 ^ fanout402/A (sky130_fd_sc_hd__clkdlybuf4s25_1)
     3    0.027065    0.442111    1.066192   12.763144 ^ fanout402/X (sky130_fd_sc_hd__clkdlybuf4s25_1)
                                                         net402 (net)
                      0.442111    0.001388   12.764532 ^ load_slew403/A (sky130_fd_sc_hd__buf_4)
     8    0.056684    0.259575    0.532008   13.296540 ^ load_slew403/X (sky130_fd_sc_hd__buf_4)
                                                         net403 (net)
                      0.259590    0.002268   13.298808 ^ fanout400/A (sky130_fd_sc_hd__clkdlybuf4s25_1)
     5    0.046645    0.747677    1.080863   14.379671 ^ fanout400/X (sky130_fd_sc_hd__clkdlybuf4s25_1)
                                                         net400 (net)
                      0.747680    0.003067   14.382738 ^ load_slew401/A (sky130_fd_sc_hd__clkbuf_2)
     6    0.052794    0.445883    0.747623   15.130362 ^ load_slew401/X (sky130_fd_sc_hd__clkbuf_2)
                                                         net401 (net)
                      0.445897    0.003203   15.133564 ^ _3412_/B_N (sky130_fd_sc_hd__nor2b_2)
     4    0.021425    0.407960    0.640013   15.773577 ^ _3412_/Y (sky130_fd_sc_hd__nor2b_2)
                                                         _2625_ (net)
                      0.407960    0.001082   15.774658 ^ _3555_/C1 (sky130_fd_sc_hd__a221oi_2)
     5    0.020224    0.232034    0.255678   16.030336 v _3555_/Y (sky130_fd_sc_hd__a221oi_2)
                                                         _2765_ (net)
                      0.232035    0.001153   16.031490 v _3683_/A3 (sky130_fd_sc_hd__o31a_2)
     3    0.015640    0.151542    0.730095   16.761585 v _3683_/X (sky130_fd_sc_hd__o31a_2)
                                                         _2891_ (net)
                      0.151542    0.000556   16.762140 v _3686_/B (sky130_fd_sc_hd__or4_4)
     1    0.005251    0.155317    1.095224   17.857365 v _3686_/X (sky130_fd_sc_hd__or4_4)
                                                         _2894_ (net)
                      0.155317    0.000169   17.857533 v _3687_/A (sky130_fd_sc_hd__buf_6)
     8    0.036773    0.079117    0.305315   18.162848 v _3687_/X (sky130_fd_sc_hd__buf_6)
                                                         _2895_ (net)
                      0.079121    0.000723   18.163570 v _3689_/C (sky130_fd_sc_hd__and3_2)
     3    0.014090    0.123079    0.529514   18.693085 v _3689_/X (sky130_fd_sc_hd__and3_2)
                                                         _2897_ (net)
                      0.123079    0.000362   18.693447 v _3734_/C (sky130_fd_sc_hd__or3_2)
     2    0.005777    0.186347    1.074644   19.768091 v _3734_/X (sky130_fd_sc_hd__or3_2)
                                                         _2941_ (net)
                      0.186347    0.000183   19.768274 v _3822_/D1 (sky130_fd_sc_hd__a2111o_2)
     2    0.023668    0.212217    0.905366   20.673641 v _3822_/X (sky130_fd_sc_hd__a2111o_2)
                                                         _3027_ (net)
                      0.212359    0.001451   20.675093 v _4006_/A (sky130_fd_sc_hd__or4b_4)
     4    0.019289    0.202479    1.257552   21.932644 v _4006_/X (sky130_fd_sc_hd__or4b_4)
                                                         _3207_ (net)
                      0.202656    0.000691   21.933336 v _4007_/A (sky130_fd_sc_hd__or2_2)
     1    0.009090    0.143103    0.806473   22.739809 v _4007_/X (sky130_fd_sc_hd__or2_2)
                                                         _3208_ (net)
                      0.143103    0.000295   22.740105 v _4008_/B (sky130_fd_sc_hd__xnor2_2)
     1    0.002660    0.118304    0.264631   23.004734 v _4008_/Y (sky130_fd_sc_hd__xnor2_2)
                                                         _3209_ (net)
                      0.118304    0.000055   23.004789 v _4031_/B1 (sky130_fd_sc_hd__a221o_2)
     2    0.009480    0.124016    0.721625   23.726416 v _4031_/X (sky130_fd_sc_hd__a221o_2)
                                                         net142 (net)
                      0.124016    0.000560   23.726974 v output142/A (sky130_fd_sc_hd__clkdlybuf4s25_1)
     1    0.035338    0.477488    0.842432   24.569407 v output142/X (sky130_fd_sc_hd__clkdlybuf4s25_1)
                                                         result[14] (net)
                      0.477488    0.000869   24.570276 v result[14] (out)
                                             24.570276   data arrival time

                      0.000000   40.000000   40.000000   clock __VIRTUAL_CLK__ (rise edge)
                                  0.000000   40.000000   clock network delay (ideal)
                                 -0.250000   39.750000   clock uncertainty
                                  0.000000   39.750000   clock reconvergence pessimism
                                 -8.000000   31.750000   output external delay
                                             31.750000   data required time
---------------------------------------------------------------------------------------------
                                             31.750000   data required time
                                            -24.570276   data arrival time
---------------------------------------------------------------------------------------------
                                              7.179724   slack (MET)


Startpoint: operand_b[1] (input port clocked by __VIRTUAL_CLK__)
Endpoint: result[11] (output port clocked by __VIRTUAL_CLK__)
Path Group: __VIRTUAL_CLK__
Path Type: max

Fanout         Cap        Slew       Delay        Time   Description
---------------------------------------------------------------------------------------------
                      0.000000    0.000000    0.000000   clock __VIRTUAL_CLK__ (rise edge)
                                  0.000000    0.000000   clock network delay (ideal)
                                  8.000000    8.000000 ^ input external delay
     1    0.008500    0.070905    0.047341    8.047340 ^ operand_b[1] (in)
                                                         operand_b[1] (net)
                      0.070908    0.000000    8.047340 ^ input81/A (sky130_fd_sc_hd__clkdlybuf4s25_1)
     1    0.005794    0.116615    0.520789    8.568130 ^ input81/X (sky130_fd_sc_hd__clkdlybuf4s25_1)
                                                         net81 (net)
                      0.116615    0.000236    8.568366 ^ fanout406/A (sky130_fd_sc_hd__clkdlybuf4s25_1)
     7    0.093663    1.478227    1.561354   10.129720 ^ fanout406/X (sky130_fd_sc_hd__clkdlybuf4s25_1)
                                                         net406 (net)
                      1.478227    0.001344   10.131063 ^ fanout404/A (sky130_fd_sc_hd__clkdlybuf4s25_1)
     8    0.058635    0.933058    1.565110   11.696174 ^ fanout404/X (sky130_fd_sc_hd__clkdlybuf4s25_1)
                                                         net404 (net)
                      0.933058    0.000779   11.696952 ^ fanout402/A (sky130_fd_sc_hd__clkdlybuf4s25_1)
     3    0.027065    0.442111    1.066192   12.763144 ^ fanout402/X (sky130_fd_sc_hd__clkdlybuf4s25_1)
                                                         net402 (net)
                      0.442111    0.001388   12.764532 ^ load_slew403/A (sky130_fd_sc_hd__buf_4)
     8    0.056684    0.259575    0.532008   13.296540 ^ load_slew403/X (sky130_fd_sc_hd__buf_4)
                                                         net403 (net)
                      0.259590    0.002268   13.298808 ^ fanout400/A (sky130_fd_sc_hd__clkdlybuf4s25_1)
     5    0.046645    0.747677    1.080863   14.379671 ^ fanout400/X (sky130_fd_sc_hd__clkdlybuf4s25_1)
                                                         net400 (net)
                      0.747680    0.003067   14.382738 ^ load_slew401/A (sky130_fd_sc_hd__clkbuf_2)
     6    0.052794    0.445883    0.747623   15.130362 ^ load_slew401/X (sky130_fd_sc_hd__clkbuf_2)
                                                         net401 (net)
                      0.445897    0.003203   15.133564 ^ _3412_/B_N (sky130_fd_sc_hd__nor2b_2)
     4    0.021425    0.407960    0.640013   15.773577 ^ _3412_/Y (sky130_fd_sc_hd__nor2b_2)
                                                         _2625_ (net)
                      0.407960    0.001082   15.774658 ^ _3555_/C1 (sky130_fd_sc_hd__a221oi_2)
     5    0.020224    0.232034    0.255678   16.030336 v _3555_/Y (sky130_fd_sc_hd__a221oi_2)
                                                         _2765_ (net)
                      0.232035    0.001153   16.031490 v _3683_/A3 (sky130_fd_sc_hd__o31a_2)
     3    0.015640    0.151542    0.730095   16.761585 v _3683_/X (sky130_fd_sc_hd__o31a_2)
                                                         _2891_ (net)
                      0.151542    0.000556   16.762140 v _3686_/B (sky130_fd_sc_hd__or4_4)
     1    0.005251    0.155317    1.095224   17.857365 v _3686_/X (sky130_fd_sc_hd__or4_4)
                                                         _2894_ (net)
                      0.155317    0.000169   17.857533 v _3687_/A (sky130_fd_sc_hd__buf_6)
     8    0.036773    0.079117    0.305315   18.162848 v _3687_/X (sky130_fd_sc_hd__buf_6)
                                                         _2895_ (net)
                      0.079153    0.001608   18.164455 v _3814_/B (sky130_fd_sc_hd__or3_2)
     2    0.011307    0.213412    1.199885   19.364340 v _3814_/X (sky130_fd_sc_hd__or3_2)
                                                         _3019_ (net)
                      0.213560    0.000465   19.364805 v _3867_/B1 (sky130_fd_sc_hd__o2111a_2)
     1    0.001683    0.062757    0.346615   19.711420 v _3867_/X (sky130_fd_sc_hd__o2111a_2)
                                                         _3071_ (net)
                      0.062757    0.000034   19.711454 v _3870_/B (sky130_fd_sc_hd__or3b_2)
     5    0.026341    0.284674    1.289511   21.000965 v _3870_/X (sky130_fd_sc_hd__or3b_2)
                                                         _3074_ (net)
                      0.284674    0.000966   21.001932 v _3872_/D (sky130_fd_sc_hd__or4_2)
     1    0.003463    0.219107    1.437778   22.439709 v _3872_/X (sky130_fd_sc_hd__or4_2)
                                                         _3076_ (net)
                      0.219107    0.000108   22.439817 v _3905_/A3 (sky130_fd_sc_hd__a31o_2)
     2    0.007216    0.083983    0.561037   23.000854 v _3905_/X (sky130_fd_sc_hd__a31o_2)
                                                         net139 (net)
                      0.083983    0.000258   23.001112 v output139/A (sky130_fd_sc_hd__clkdlybuf4s25_1)
     1    0.036649    0.494088    0.836135   23.837248 v output139/X (sky130_fd_sc_hd__clkdlybuf4s25_1)
                                                         result[11] (net)
                      0.494088    0.001029   23.838276 v result[11] (out)
                                             23.838276   data arrival time

                      0.000000   40.000000   40.000000   clock __VIRTUAL_CLK__ (rise edge)
                                  0.000000   40.000000   clock network delay (ideal)
                                 -0.250000   39.750000   clock uncertainty
                                  0.000000   39.750000   clock reconvergence pessimism
                                 -8.000000   31.750000   output external delay
                                             31.750000   data required time
---------------------------------------------------------------------------------------------
                                             31.750000   data required time
                                            -23.838276   data arrival time
---------------------------------------------------------------------------------------------
                                              7.911723   slack (MET)


Startpoint: operand_b[1] (input port clocked by __VIRTUAL_CLK__)
Endpoint: result[13] (output port clocked by __VIRTUAL_CLK__)
Path Group: __VIRTUAL_CLK__
Path Type: max

Fanout         Cap        Slew       Delay        Time   Description
---------------------------------------------------------------------------------------------
                      0.000000    0.000000    0.000000   clock __VIRTUAL_CLK__ (rise edge)
                                  0.000000    0.000000   clock network delay (ideal)
                                  8.000000    8.000000 ^ input external delay
     1    0.008500    0.070905    0.047341    8.047340 ^ operand_b[1] (in)
                                                         operand_b[1] (net)
                      0.070908    0.000000    8.047340 ^ input81/A (sky130_fd_sc_hd__clkdlybuf4s25_1)
     1    0.005794    0.116615    0.520789    8.568130 ^ input81/X (sky130_fd_sc_hd__clkdlybuf4s25_1)
                                                         net81 (net)
                      0.116615    0.000236    8.568366 ^ fanout406/A (sky130_fd_sc_hd__clkdlybuf4s25_1)
     7    0.093663    1.478227    1.561354   10.129720 ^ fanout406/X (sky130_fd_sc_hd__clkdlybuf4s25_1)
                                                         net406 (net)
                      1.478227    0.001344   10.131063 ^ fanout404/A (sky130_fd_sc_hd__clkdlybuf4s25_1)
     8    0.058635    0.933058    1.565110   11.696174 ^ fanout404/X (sky130_fd_sc_hd__clkdlybuf4s25_1)
                                                         net404 (net)
                      0.933058    0.000779   11.696952 ^ fanout402/A (sky130_fd_sc_hd__clkdlybuf4s25_1)
     3    0.027065    0.442111    1.066192   12.763144 ^ fanout402/X (sky130_fd_sc_hd__clkdlybuf4s25_1)
                                                         net402 (net)
                      0.442111    0.001388   12.764532 ^ load_slew403/A (sky130_fd_sc_hd__buf_4)
     8    0.056684    0.259575    0.532008   13.296540 ^ load_slew403/X (sky130_fd_sc_hd__buf_4)
                                                         net403 (net)
                      0.259590    0.002268   13.298808 ^ fanout400/A (sky130_fd_sc_hd__clkdlybuf4s25_1)
     5    0.046645    0.747677    1.080863   14.379671 ^ fanout400/X (sky130_fd_sc_hd__clkdlybuf4s25_1)
                                                         net400 (net)
                      0.747680    0.003067   14.382738 ^ load_slew401/A (sky130_fd_sc_hd__clkbuf_2)
     6    0.052794    0.445883    0.747623   15.130362 ^ load_slew401/X (sky130_fd_sc_hd__clkbuf_2)
                                                         net401 (net)
                      0.445897    0.003203   15.133564 ^ _3412_/B_N (sky130_fd_sc_hd__nor2b_2)
     4    0.021425    0.407960    0.640013   15.773577 ^ _3412_/Y (sky130_fd_sc_hd__nor2b_2)
                                                         _2625_ (net)
                      0.407960    0.001082   15.774658 ^ _3555_/C1 (sky130_fd_sc_hd__a221oi_2)
     5    0.020224    0.232034    0.255678   16.030336 v _3555_/Y (sky130_fd_sc_hd__a221oi_2)
                                                         _2765_ (net)
                      0.232035    0.001153   16.031490 v _3683_/A3 (sky130_fd_sc_hd__o31a_2)
     3    0.015640    0.151542    0.730095   16.761585 v _3683_/X (sky130_fd_sc_hd__o31a_2)
                                                         _2891_ (net)
                      0.151542    0.000556   16.762140 v _3686_/B (sky130_fd_sc_hd__or4_4)
     1    0.005251    0.155317    1.095224   17.857365 v _3686_/X (sky130_fd_sc_hd__or4_4)
                                                         _2894_ (net)
                      0.155317    0.000169   17.857533 v _3687_/A (sky130_fd_sc_hd__buf_6)
     8    0.036773    0.079117    0.305315   18.162848 v _3687_/X (sky130_fd_sc_hd__buf_6)
                                                         _2895_ (net)
                      0.079143    0.001403   18.164251 v _3771_/B2 (sky130_fd_sc_hd__a221o_2)
     2    0.008753    0.121337    0.750090   18.914341 v _3771_/X (sky130_fd_sc_hd__a221o_2)
                                                         _2977_ (net)
                      0.121337    0.000204   18.914545 v _3775_/A1 (sky130_fd_sc_hd__a21o_2)
     3    0.013786    0.106940    0.447129   19.361673 v _3775_/X (sky130_fd_sc_hd__a21o_2)
                                                         _2981_ (net)
                      0.106940    0.000272   19.361946 v _3857_/A2 (sky130_fd_sc_hd__a2111o_2)
     3    0.022880    0.209501    1.095833   20.457779 v _3857_/X (sky130_fd_sc_hd__a2111o_2)
                                                         _3061_ (net)
                      0.209635    0.001634   20.459412 v _3960_/A (sky130_fd_sc_hd__or4b_4)
     3    0.029802    0.232698    1.305988   21.765400 v _3960_/X (sky130_fd_sc_hd__or4b_4)
                                                         _3162_ (net)
                      0.232698    0.001370   21.766769 v _3969_/A (sky130_fd_sc_hd__xor2_2)
     1    0.002844    0.085919    0.380222   22.146992 v _3969_/X (sky130_fd_sc_hd__xor2_2)
                                                         _3171_ (net)
                      0.085919    0.000062   22.147055 v _3991_/A2 (sky130_fd_sc_hd__o21a_2)
     1    0.005379    0.072763    0.397977   22.545031 v _3991_/X (sky130_fd_sc_hd__o21a_2)
                                                         _3193_ (net)
                      0.072763    0.000130   22.545160 v _3992_/B1 (sky130_fd_sc_hd__o21ai_2)
     2    0.010312    0.272478    0.132275   22.677435 ^ _3992_/Y (sky130_fd_sc_hd__o21ai_2)
                                                         net141 (net)
                      0.272478    0.000338   22.677773 ^ output141/A (sky130_fd_sc_hd__clkdlybuf4s25_1)
     1    0.035284    0.569378    0.954072   23.631845 ^ output141/X (sky130_fd_sc_hd__clkdlybuf4s25_1)
                                                         result[13] (net)
                      0.569378    0.000796   23.632641 ^ result[13] (out)
                                             23.632641   data arrival time

                      0.000000   40.000000   40.000000   clock __VIRTUAL_CLK__ (rise edge)
                                  0.000000   40.000000   clock network delay (ideal)
                                 -0.250000   39.750000   clock uncertainty
                                  0.000000   39.750000   clock reconvergence pessimism
                                 -8.000000   31.750000   output external delay
                                             31.750000   data required time
---------------------------------------------------------------------------------------------
                                             31.750000   data required time
                                            -23.632641   data arrival time
---------------------------------------------------------------------------------------------
                                              8.117357   slack (MET)


Startpoint: operand_b[1] (input port clocked by __VIRTUAL_CLK__)
Endpoint: result[12] (output port clocked by __VIRTUAL_CLK__)
Path Group: __VIRTUAL_CLK__
Path Type: max

Fanout         Cap        Slew       Delay        Time   Description
---------------------------------------------------------------------------------------------
                      0.000000    0.000000    0.000000   clock __VIRTUAL_CLK__ (rise edge)
                                  0.000000    0.000000   clock network delay (ideal)
                                  8.000000    8.000000 ^ input external delay
     1    0.008500    0.070905    0.047341    8.047340 ^ operand_b[1] (in)
                                                         operand_b[1] (net)
                      0.070908    0.000000    8.047340 ^ input81/A (sky130_fd_sc_hd__clkdlybuf4s25_1)
     1    0.005794    0.116615    0.520789    8.568130 ^ input81/X (sky130_fd_sc_hd__clkdlybuf4s25_1)
                                                         net81 (net)
                      0.116615    0.000236    8.568366 ^ fanout406/A (sky130_fd_sc_hd__clkdlybuf4s25_1)
     7    0.093663    1.478227    1.561354   10.129720 ^ fanout406/X (sky130_fd_sc_hd__clkdlybuf4s25_1)
                                                         net406 (net)
                      1.478227    0.001344   10.131063 ^ fanout404/A (sky130_fd_sc_hd__clkdlybuf4s25_1)
     8    0.058635    0.933058    1.565110   11.696174 ^ fanout404/X (sky130_fd_sc_hd__clkdlybuf4s25_1)
                                                         net404 (net)
                      0.933058    0.000779   11.696952 ^ fanout402/A (sky130_fd_sc_hd__clkdlybuf4s25_1)
     3    0.027065    0.442111    1.066192   12.763144 ^ fanout402/X (sky130_fd_sc_hd__clkdlybuf4s25_1)
                                                         net402 (net)
                      0.442111    0.001388   12.764532 ^ load_slew403/A (sky130_fd_sc_hd__buf_4)
     8    0.056684    0.259575    0.532008   13.296540 ^ load_slew403/X (sky130_fd_sc_hd__buf_4)
                                                         net403 (net)
                      0.259590    0.002268   13.298808 ^ fanout400/A (sky130_fd_sc_hd__clkdlybuf4s25_1)
     5    0.046645    0.747677    1.080863   14.379671 ^ fanout400/X (sky130_fd_sc_hd__clkdlybuf4s25_1)
                                                         net400 (net)
                      0.747680    0.003067   14.382738 ^ load_slew401/A (sky130_fd_sc_hd__clkbuf_2)
     6    0.052794    0.445883    0.747623   15.130362 ^ load_slew401/X (sky130_fd_sc_hd__clkbuf_2)
                                                         net401 (net)
                      0.445897    0.003203   15.133564 ^ _3412_/B_N (sky130_fd_sc_hd__nor2b_2)
     4    0.021425    0.407960    0.640013   15.773577 ^ _3412_/Y (sky130_fd_sc_hd__nor2b_2)
                                                         _2625_ (net)
                      0.407960    0.001082   15.774658 ^ _3555_/C1 (sky130_fd_sc_hd__a221oi_2)
     5    0.020224    0.232034    0.255678   16.030336 v _3555_/Y (sky130_fd_sc_hd__a221oi_2)
                                                         _2765_ (net)
                      0.232035    0.001153   16.031490 v _3683_/A3 (sky130_fd_sc_hd__o31a_2)
     3    0.015640    0.151542    0.730095   16.761585 v _3683_/X (sky130_fd_sc_hd__o31a_2)
                                                         _2891_ (net)
                      0.151542    0.000556   16.762140 v _3686_/B (sky130_fd_sc_hd__or4_4)
     1    0.005251    0.155317    1.095224   17.857365 v _3686_/X (sky130_fd_sc_hd__or4_4)
                                                         _2894_ (net)
                      0.155317    0.000169   17.857533 v _3687_/A (sky130_fd_sc_hd__buf_6)
     8    0.036773    0.079117    0.305315   18.162848 v _3687_/X (sky130_fd_sc_hd__buf_6)
                                                         _2895_ (net)
                      0.079153    0.001608   18.164455 v _3814_/B (sky130_fd_sc_hd__or3_2)
     2    0.011307    0.213412    1.199885   19.364340 v _3814_/X (sky130_fd_sc_hd__or3_2)
                                                         _3019_ (net)
                      0.213560    0.000465   19.364805 v _3867_/B1 (sky130_fd_sc_hd__o2111a_2)
     1    0.001683    0.062757    0.346615   19.711420 v _3867_/X (sky130_fd_sc_hd__o2111a_2)
                                                         _3071_ (net)
                      0.062757    0.000034   19.711454 v _3870_/B (sky130_fd_sc_hd__or3b_2)
     5    0.026341    0.284674    1.289511   21.000965 v _3870_/X (sky130_fd_sc_hd__or3b_2)
                                                         _3074_ (net)
                      0.284674    0.000579   21.001545 v _3928_/D (sky130_fd_sc_hd__nand4_2)
     2    0.020784    0.244665    0.354319   21.355864 ^ _3928_/Y (sky130_fd_sc_hd__nand4_2)
                                                         _3131_ (net)
                      0.244667    0.001235   21.357098 ^ _3929_/B (sky130_fd_sc_hd__xnor2_2)
     1    0.002653    0.118171    0.168244   21.525343 v _3929_/Y (sky130_fd_sc_hd__xnor2_2)
                                                         _3132_ (net)
                      0.118171    0.000055   21.525396 v _3953_/B1 (sky130_fd_sc_hd__a221o_2)
     2    0.006568    0.109967    0.700315   22.225712 v _3953_/X (sky130_fd_sc_hd__a221o_2)
                                                         net140 (net)
                      0.109967    0.000229   22.225941 v output140/A (sky130_fd_sc_hd__clkdlybuf4s25_1)
     1    0.035771    0.482999    0.839991   23.065931 v output140/X (sky130_fd_sc_hd__clkdlybuf4s25_1)
                                                         result[12] (net)
                      0.482999    0.000878   23.066809 v result[12] (out)
                                             23.066809   data arrival time

                      0.000000   40.000000   40.000000   clock __VIRTUAL_CLK__ (rise edge)
                                  0.000000   40.000000   clock network delay (ideal)
                                 -0.250000   39.750000   clock uncertainty
                                  0.000000   39.750000   clock reconvergence pessimism
                                 -8.000000   31.750000   output external delay
                                             31.750000   data required time
---------------------------------------------------------------------------------------------
                                             31.750000   data required time
                                            -23.066809   data arrival time
---------------------------------------------------------------------------------------------
                                              8.683189   slack (MET)


Startpoint: operand_b[1] (input port clocked by __VIRTUAL_CLK__)
Endpoint: result[8] (output port clocked by __VIRTUAL_CLK__)
Path Group: __VIRTUAL_CLK__
Path Type: max

Fanout         Cap        Slew       Delay        Time   Description
---------------------------------------------------------------------------------------------
                      0.000000    0.000000    0.000000   clock __VIRTUAL_CLK__ (rise edge)
                                  0.000000    0.000000   clock network delay (ideal)
                                  8.000000    8.000000 ^ input external delay
     1    0.008500    0.070905    0.047341    8.047340 ^ operand_b[1] (in)
                                                         operand_b[1] (net)
                      0.070908    0.000000    8.047340 ^ input81/A (sky130_fd_sc_hd__clkdlybuf4s25_1)
     1    0.005794    0.116615    0.520789    8.568130 ^ input81/X (sky130_fd_sc_hd__clkdlybuf4s25_1)
                                                         net81 (net)
                      0.116615    0.000236    8.568366 ^ fanout406/A (sky130_fd_sc_hd__clkdlybuf4s25_1)
     7    0.093663    1.478227    1.561354   10.129720 ^ fanout406/X (sky130_fd_sc_hd__clkdlybuf4s25_1)
                                                         net406 (net)
                      1.478227    0.001344   10.131063 ^ fanout404/A (sky130_fd_sc_hd__clkdlybuf4s25_1)
     8    0.058635    0.933058    1.565110   11.696174 ^ fanout404/X (sky130_fd_sc_hd__clkdlybuf4s25_1)
                                                         net404 (net)
                      0.933058    0.000779   11.696952 ^ fanout402/A (sky130_fd_sc_hd__clkdlybuf4s25_1)
     3    0.027065    0.442111    1.066192   12.763144 ^ fanout402/X (sky130_fd_sc_hd__clkdlybuf4s25_1)
                                                         net402 (net)
                      0.442111    0.001388   12.764532 ^ load_slew403/A (sky130_fd_sc_hd__buf_4)
     8    0.056684    0.259575    0.532008   13.296540 ^ load_slew403/X (sky130_fd_sc_hd__buf_4)
                                                         net403 (net)
                      0.259590    0.002268   13.298808 ^ fanout400/A (sky130_fd_sc_hd__clkdlybuf4s25_1)
     5    0.046645    0.747677    1.080863   14.379671 ^ fanout400/X (sky130_fd_sc_hd__clkdlybuf4s25_1)
                                                         net400 (net)
                      0.747680    0.003067   14.382738 ^ load_slew401/A (sky130_fd_sc_hd__clkbuf_2)
     6    0.052794    0.445883    0.747623   15.130362 ^ load_slew401/X (sky130_fd_sc_hd__clkbuf_2)
                                                         net401 (net)
                      0.445897    0.003203   15.133564 ^ _3412_/B_N (sky130_fd_sc_hd__nor2b_2)
     4    0.021425    0.407960    0.640013   15.773577 ^ _3412_/Y (sky130_fd_sc_hd__nor2b_2)
                                                         _2625_ (net)
                      0.407960    0.001082   15.774658 ^ _3555_/C1 (sky130_fd_sc_hd__a221oi_2)
     5    0.020224    0.232034    0.255678   16.030336 v _3555_/Y (sky130_fd_sc_hd__a221oi_2)
                                                         _2765_ (net)
                      0.232035    0.001153   16.031490 v _3683_/A3 (sky130_fd_sc_hd__o31a_2)
     3    0.015640    0.151542    0.730095   16.761585 v _3683_/X (sky130_fd_sc_hd__o31a_2)
                                                         _2891_ (net)
                      0.151542    0.000556   16.762140 v _3686_/B (sky130_fd_sc_hd__or4_4)
     1    0.005251    0.155317    1.095224   17.857365 v _3686_/X (sky130_fd_sc_hd__or4_4)
                                                         _2894_ (net)
                      0.155317    0.000169   17.857533 v _3687_/A (sky130_fd_sc_hd__buf_6)
     8    0.036773    0.079117    0.305315   18.162848 v _3687_/X (sky130_fd_sc_hd__buf_6)
                                                         _2895_ (net)
                      0.079121    0.000723   18.163570 v _3689_/C (sky130_fd_sc_hd__and3_2)
     3    0.014090    0.123079    0.529514   18.693085 v _3689_/X (sky130_fd_sc_hd__and3_2)
                                                         _2897_ (net)
                      0.123079    0.000362   18.693447 v _3734_/C (sky130_fd_sc_hd__or3_2)
     2    0.005777    0.186347    1.074644   19.768091 v _3734_/X (sky130_fd_sc_hd__or3_2)
                                                         _2941_ (net)
                      0.186347    0.000162   19.768253 v _3735_/D (sky130_fd_sc_hd__or4_2)
     1    0.006181    0.247037    1.457599   21.225851 v _3735_/X (sky130_fd_sc_hd__or4_2)
                                                         _2942_ (net)
                      0.247037    0.000250   21.226103 v _3765_/A3 (sky130_fd_sc_hd__a31o_2)
     2    0.020634    0.137908    0.643480   21.869583 v _3765_/X (sky130_fd_sc_hd__a31o_2)
                                                         net199 (net)
                      0.137918    0.001332   21.870914 v output199/A (sky130_fd_sc_hd__clkdlybuf4s25_1)
     1    0.036167    0.487947    0.857490   22.728405 v output199/X (sky130_fd_sc_hd__clkdlybuf4s25_1)
                                                         result[8] (net)
                      0.487947    0.000776   22.729181 v result[8] (out)
                                             22.729181   data arrival time

                      0.000000   40.000000   40.000000   clock __VIRTUAL_CLK__ (rise edge)
                                  0.000000   40.000000   clock network delay (ideal)
                                 -0.250000   39.750000   clock uncertainty
                                  0.000000   39.750000   clock reconvergence pessimism
                                 -8.000000   31.750000   output external delay
                                             31.750000   data required time
---------------------------------------------------------------------------------------------
                                             31.750000   data required time
                                            -22.729181   data arrival time
---------------------------------------------------------------------------------------------
                                              9.020818   slack (MET)


Startpoint: operand_b[1] (input port clocked by __VIRTUAL_CLK__)
Endpoint: result[10] (output port clocked by __VIRTUAL_CLK__)
Path Group: __VIRTUAL_CLK__
Path Type: max

Fanout         Cap        Slew       Delay        Time   Description
---------------------------------------------------------------------------------------------
                      0.000000    0.000000    0.000000   clock __VIRTUAL_CLK__ (rise edge)
                                  0.000000    0.000000   clock network delay (ideal)
                                  8.000000    8.000000 ^ input external delay
     1    0.008500    0.070905    0.047341    8.047340 ^ operand_b[1] (in)
                                                         operand_b[1] (net)
                      0.070908    0.000000    8.047340 ^ input81/A (sky130_fd_sc_hd__clkdlybuf4s25_1)
     1    0.005794    0.116615    0.520789    8.568130 ^ input81/X (sky130_fd_sc_hd__clkdlybuf4s25_1)
                                                         net81 (net)
                      0.116615    0.000236    8.568366 ^ fanout406/A (sky130_fd_sc_hd__clkdlybuf4s25_1)
     7    0.093663    1.478227    1.561354   10.129720 ^ fanout406/X (sky130_fd_sc_hd__clkdlybuf4s25_1)
                                                         net406 (net)
                      1.478227    0.001344   10.131063 ^ fanout404/A (sky130_fd_sc_hd__clkdlybuf4s25_1)
     8    0.058635    0.933058    1.565110   11.696174 ^ fanout404/X (sky130_fd_sc_hd__clkdlybuf4s25_1)
                                                         net404 (net)
                      0.933058    0.000779   11.696952 ^ fanout402/A (sky130_fd_sc_hd__clkdlybuf4s25_1)
     3    0.027065    0.442111    1.066192   12.763144 ^ fanout402/X (sky130_fd_sc_hd__clkdlybuf4s25_1)
                                                         net402 (net)
                      0.442111    0.001388   12.764532 ^ load_slew403/A (sky130_fd_sc_hd__buf_4)
     8    0.056684    0.259575    0.532008   13.296540 ^ load_slew403/X (sky130_fd_sc_hd__buf_4)
                                                         net403 (net)
                      0.259590    0.002268   13.298808 ^ fanout400/A (sky130_fd_sc_hd__clkdlybuf4s25_1)
     5    0.046645    0.747677    1.080863   14.379671 ^ fanout400/X (sky130_fd_sc_hd__clkdlybuf4s25_1)
                                                         net400 (net)
                      0.747680    0.003067   14.382738 ^ load_slew401/A (sky130_fd_sc_hd__clkbuf_2)
     6    0.052794    0.445883    0.747623   15.130362 ^ load_slew401/X (sky130_fd_sc_hd__clkbuf_2)
                                                         net401 (net)
                      0.445897    0.003203   15.133564 ^ _3412_/B_N (sky130_fd_sc_hd__nor2b_2)
     4    0.021425    0.407960    0.640013   15.773577 ^ _3412_/Y (sky130_fd_sc_hd__nor2b_2)
                                                         _2625_ (net)
                      0.407960    0.001082   15.774658 ^ _3555_/C1 (sky130_fd_sc_hd__a221oi_2)
     5    0.020224    0.232034    0.255678   16.030336 v _3555_/Y (sky130_fd_sc_hd__a221oi_2)
                                                         _2765_ (net)
                      0.232035    0.001153   16.031490 v _3683_/A3 (sky130_fd_sc_hd__o31a_2)
     3    0.015640    0.151542    0.730095   16.761585 v _3683_/X (sky130_fd_sc_hd__o31a_2)
                                                         _2891_ (net)
                      0.151542    0.000556   16.762140 v _3686_/B (sky130_fd_sc_hd__or4_4)
     1    0.005251    0.155317    1.095224   17.857365 v _3686_/X (sky130_fd_sc_hd__or4_4)
                                                         _2894_ (net)
                      0.155317    0.000169   17.857533 v _3687_/A (sky130_fd_sc_hd__buf_6)
     8    0.036773    0.079117    0.305315   18.162848 v _3687_/X (sky130_fd_sc_hd__buf_6)
                                                         _2895_ (net)
                      0.079121    0.000723   18.163570 v _3689_/C (sky130_fd_sc_hd__and3_2)
     3    0.014090    0.123079    0.529514   18.693085 v _3689_/X (sky130_fd_sc_hd__and3_2)
                                                         _2897_ (net)
                      0.123079    0.000362   18.693447 v _3734_/C (sky130_fd_sc_hd__or3_2)
     2    0.005777    0.186347    1.074644   19.768091 v _3734_/X (sky130_fd_sc_hd__or3_2)
                                                         _2941_ (net)
                      0.186347    0.000183   19.768274 v _3822_/D1 (sky130_fd_sc_hd__a2111o_2)
     2    0.023668    0.212217    0.905366   20.673641 v _3822_/X (sky130_fd_sc_hd__a2111o_2)
                                                         _3027_ (net)
                      0.212357    0.001332   20.674973 v _3823_/A (sky130_fd_sc_hd__xnor2_2)
     1    0.005707    0.106175    0.323128   20.998102 v _3823_/Y (sky130_fd_sc_hd__xnor2_2)
                                                         _3028_ (net)
                      0.106175    0.000185   20.998287 v _3854_/B1 (sky130_fd_sc_hd__o221ai_2)
     2    0.007074    0.304019    0.330223   21.328510 ^ _3854_/Y (sky130_fd_sc_hd__o221ai_2)
                                                         net138 (net)
                      0.304019    0.000236   21.328745 ^ output138/A (sky130_fd_sc_hd__clkdlybuf4s25_1)
     1    0.035598    0.574213    0.969564   22.298309 ^ output138/X (sky130_fd_sc_hd__clkdlybuf4s25_1)
                                                         result[10] (net)
                      0.574213    0.000723   22.299032 ^ result[10] (out)
                                             22.299032   data arrival time

                      0.000000   40.000000   40.000000   clock __VIRTUAL_CLK__ (rise edge)
                                  0.000000   40.000000   clock network delay (ideal)
                                 -0.250000   39.750000   clock uncertainty
                                  0.000000   39.750000   clock reconvergence pessimism
                                 -8.000000   31.750000   output external delay
                                             31.750000   data required time
---------------------------------------------------------------------------------------------
                                             31.750000   data required time
                                            -22.299032   data arrival time
---------------------------------------------------------------------------------------------
                                              9.450967   slack (MET)


Startpoint: operand_b[1] (input port clocked by __VIRTUAL_CLK__)
Endpoint: result[9] (output port clocked by __VIRTUAL_CLK__)
Path Group: __VIRTUAL_CLK__
Path Type: max

Fanout         Cap        Slew       Delay        Time   Description
---------------------------------------------------------------------------------------------
                      0.000000    0.000000    0.000000   clock __VIRTUAL_CLK__ (rise edge)
                                  0.000000    0.000000   clock network delay (ideal)
                                  8.000000    8.000000 v input external delay
     1    0.008323    0.040527    0.027714    8.027714 v operand_b[1] (in)
                                                         operand_b[1] (net)
                      0.040532    0.000000    8.027714 v input81/A (sky130_fd_sc_hd__clkdlybuf4s25_1)
     1    0.005617    0.107537    0.498562    8.526276 v input81/X (sky130_fd_sc_hd__clkdlybuf4s25_1)
                                                         net81 (net)
                      0.107537    0.000227    8.526504 v fanout406/A (sky130_fd_sc_hd__clkdlybuf4s25_1)
     7    0.092424    1.215621    1.400757    9.927260 v fanout406/X (sky130_fd_sc_hd__clkdlybuf4s25_1)
                                                         net406 (net)
                      1.215621    0.001321    9.928581 v fanout404/A (sky130_fd_sc_hd__clkdlybuf4s25_1)
     8    0.057164    0.759260    1.374406   11.302987 v fanout404/X (sky130_fd_sc_hd__clkdlybuf4s25_1)
                                                         net404 (net)
                      0.759260    0.000757   11.303744 v fanout402/A (sky130_fd_sc_hd__clkdlybuf4s25_1)
     3    0.026324    0.364119    0.973351   12.277095 v fanout402/X (sky130_fd_sc_hd__clkdlybuf4s25_1)
                                                         net402 (net)
                      0.364119    0.001343   12.278439 v load_slew403/A (sky130_fd_sc_hd__buf_4)
     8    0.054617    0.144042    0.501699   12.780137 v load_slew403/X (sky130_fd_sc_hd__buf_4)
                                                         net403 (net)
                      0.144074    0.002195   12.782332 v fanout400/A (sky130_fd_sc_hd__clkdlybuf4s25_1)
     5    0.045151    0.604109    0.948909   13.731240 v fanout400/X (sky130_fd_sc_hd__clkdlybuf4s25_1)
                                                         net400 (net)
                      0.604116    0.002970   13.734211 v load_slew401/A (sky130_fd_sc_hd__clkbuf_2)
     6    0.051553    0.356965    0.676062   14.410273 v load_slew401/X (sky130_fd_sc_hd__clkbuf_2)
                                                         net401 (net)
                      0.356986    0.003086   14.413358 v _3405_/A1 (sky130_fd_sc_hd__o22a_2)
     3    0.020587    0.166589    0.679357   15.092715 v _3405_/X (sky130_fd_sc_hd__o22a_2)
                                                         _2618_ (net)
                      0.166589    0.001712   15.094427 v _3464_/C (sky130_fd_sc_hd__and3_2)
     2    0.026503    0.168599    0.631138   15.725565 v _3464_/X (sky130_fd_sc_hd__and3_2)
                                                         _2676_ (net)
                      0.168604    0.001348   15.726913 v _3666_/A (sky130_fd_sc_hd__or3_2)
     2    0.014333    0.232681    1.321984   17.048899 v _3666_/X (sky130_fd_sc_hd__or3_2)
                                                         _2874_ (net)
                      0.232681    0.000744   17.049643 v _3741_/A2 (sky130_fd_sc_hd__a41oi_2)
     3    0.044677    0.924389    0.941951   17.991592 ^ _3741_/Y (sky130_fd_sc_hd__a41oi_2)
                                                         _2948_ (net)
                      0.924439    0.005912   17.997505 ^ _3744_/A (sky130_fd_sc_hd__nand2_2)
     4    0.057077    0.554857    0.784707   18.782211 v _3744_/Y (sky130_fd_sc_hd__nand2_2)
                                                         _2951_ (net)
                      0.554859    0.002043   18.784254 v _3768_/A2 (sky130_fd_sc_hd__a21boi_2)
     4    0.031922    0.637612    0.814124   19.598379 ^ _3768_/Y (sky130_fd_sc_hd__a21boi_2)
                                                         _2974_ (net)
                      0.637612    0.001366   19.599745 ^ _3769_/B (sky130_fd_sc_hd__xnor2_2)
     1    0.004311    0.117297    0.284915   19.884661 v _3769_/Y (sky130_fd_sc_hd__xnor2_2)
                                                         _2975_ (net)
                      0.117297    0.000155   19.884815 v _3810_/A2 (sky130_fd_sc_hd__a221o_2)
     2    0.008186    0.117534    0.811438   20.696253 v _3810_/X (sky130_fd_sc_hd__a221o_2)
                                                         net200 (net)
                      0.117534    0.000353   20.696606 v output200/A (sky130_fd_sc_hd__clkdlybuf4s25_1)
     1    0.036241    0.488954    0.848319   21.544924 v output200/X (sky130_fd_sc_hd__clkdlybuf4s25_1)
                                                         result[9] (net)
                      0.488954    0.000904   21.545830 v result[9] (out)
                                             21.545830   data arrival time

                      0.000000   40.000000   40.000000   clock __VIRTUAL_CLK__ (rise edge)
                                  0.000000   40.000000   clock network delay (ideal)
                                 -0.250000   39.750000   clock uncertainty
                                  0.000000   39.750000   clock reconvergence pessimism
                                 -8.000000   31.750000   output external delay
                                             31.750000   data required time
---------------------------------------------------------------------------------------------
                                             31.750000   data required time
                                            -21.545830   data arrival time
---------------------------------------------------------------------------------------------
                                             10.204170   slack (MET)


Startpoint: operand_b[1] (input port clocked by __VIRTUAL_CLK__)
Endpoint: result[7] (output port clocked by __VIRTUAL_CLK__)
Path Group: __VIRTUAL_CLK__
Path Type: max

Fanout         Cap        Slew       Delay        Time   Description
---------------------------------------------------------------------------------------------
                      0.000000    0.000000    0.000000   clock __VIRTUAL_CLK__ (rise edge)
                                  0.000000    0.000000   clock network delay (ideal)
                                  8.000000    8.000000 v input external delay
     1    0.008323    0.040527    0.027714    8.027714 v operand_b[1] (in)
                                                         operand_b[1] (net)
                      0.040532    0.000000    8.027714 v input81/A (sky130_fd_sc_hd__clkdlybuf4s25_1)
     1    0.005617    0.107537    0.498562    8.526276 v input81/X (sky130_fd_sc_hd__clkdlybuf4s25_1)
                                                         net81 (net)
                      0.107537    0.000227    8.526504 v fanout406/A (sky130_fd_sc_hd__clkdlybuf4s25_1)
     7    0.092424    1.215621    1.400757    9.927260 v fanout406/X (sky130_fd_sc_hd__clkdlybuf4s25_1)
                                                         net406 (net)
                      1.215621    0.001321    9.928581 v fanout404/A (sky130_fd_sc_hd__clkdlybuf4s25_1)
     8    0.057164    0.759260    1.374406   11.302987 v fanout404/X (sky130_fd_sc_hd__clkdlybuf4s25_1)
                                                         net404 (net)
                      0.759260    0.000757   11.303744 v fanout402/A (sky130_fd_sc_hd__clkdlybuf4s25_1)
     3    0.026324    0.364119    0.973351   12.277095 v fanout402/X (sky130_fd_sc_hd__clkdlybuf4s25_1)
                                                         net402 (net)
                      0.364119    0.001343   12.278439 v load_slew403/A (sky130_fd_sc_hd__buf_4)
     8    0.054617    0.144042    0.501699   12.780137 v load_slew403/X (sky130_fd_sc_hd__buf_4)
                                                         net403 (net)
                      0.144074    0.002195   12.782332 v fanout400/A (sky130_fd_sc_hd__clkdlybuf4s25_1)
     5    0.045151    0.604109    0.948909   13.731240 v fanout400/X (sky130_fd_sc_hd__clkdlybuf4s25_1)
                                                         net400 (net)
                      0.604116    0.002970   13.734211 v load_slew401/A (sky130_fd_sc_hd__clkbuf_2)
     6    0.051553    0.356965    0.676062   14.410273 v load_slew401/X (sky130_fd_sc_hd__clkbuf_2)
                                                         net401 (net)
                      0.356985    0.003041   14.413314 v _3408_/A_N (sky130_fd_sc_hd__nand2b_2)
     4    0.016035    0.170506    0.606621   15.019934 v _3408_/Y (sky130_fd_sc_hd__nand2b_2)
                                                         _2621_ (net)
                      0.170506    0.000556   15.020490 v _3477_/B1 (sky130_fd_sc_hd__a221o_2)
     9    0.050932    0.304897    0.954973   15.975463 v _3477_/X (sky130_fd_sc_hd__a221o_2)
                                                         _2689_ (net)
                      0.304901    0.001473   15.976935 v _3511_/A3 (sky130_fd_sc_hd__a31o_2)
     4    0.016773    0.125343    0.653422   16.630358 v _3511_/X (sky130_fd_sc_hd__a31o_2)
                                                         _2722_ (net)
                      0.125472    0.000615   16.630972 v _3547_/C (sky130_fd_sc_hd__and4b_2)
     1    0.002521    0.076056    0.501380   17.132353 v _3547_/X (sky130_fd_sc_hd__and4b_2)
                                                         _2757_ (net)
                      0.076056    0.000053   17.132406 v _3551_/A (sky130_fd_sc_hd__or3_2)
     1    0.004803    0.177098    1.179814   18.312220 v _3551_/X (sky130_fd_sc_hd__or3_2)
                                                         _2761_ (net)
                      0.177098    0.000181   18.312401 v _3552_/A (sky130_fd_sc_hd__buf_1)
     5    0.031524    0.357283    0.465661   18.778063 v _3552_/X (sky130_fd_sc_hd__buf_1)
                                                         _2762_ (net)
                      0.357283    0.000817   18.778879 v _3692_/B (sky130_fd_sc_hd__and4_2)
     2    0.013338    0.122240    0.668145   19.447023 v _3692_/X (sky130_fd_sc_hd__and4_2)
                                                         _2900_ (net)
                      0.122240    0.000398   19.447422 v _3693_/B (sky130_fd_sc_hd__xnor2_2)
     1    0.005346    0.113208    0.274419   19.721840 v _3693_/Y (sky130_fd_sc_hd__xnor2_2)
                                                         _2901_ (net)
                      0.113208    0.000172   19.722013 v _3721_/B1 (sky130_fd_sc_hd__a221oi_2)
     2    0.013062    0.520975    0.596437   20.318449 ^ _3721_/Y (sky130_fd_sc_hd__a221oi_2)
                                                         _2929_ (net)
                      0.520975    0.000375   20.318825 ^ _3722_/A (sky130_fd_sc_hd__inv_2)
     1    0.003050    0.087121    0.162014   20.480839 v _3722_/Y (sky130_fd_sc_hd__inv_2)
                                                         net198 (net)
                      0.087121    0.000098   20.480936 v output198/A (sky130_fd_sc_hd__clkdlybuf4s25_1)
     1    0.035331    0.477429    0.824686   21.305622 v output198/X (sky130_fd_sc_hd__clkdlybuf4s25_1)
                                                         result[7] (net)
                      0.477429    0.000750   21.306372 v result[7] (out)
                                             21.306372   data arrival time

                      0.000000   40.000000   40.000000   clock __VIRTUAL_CLK__ (rise edge)
                                  0.000000   40.000000   clock network delay (ideal)
                                 -0.250000   39.750000   clock uncertainty
                                  0.000000   39.750000   clock reconvergence pessimism
                                 -8.000000   31.750000   output external delay
                                             31.750000   data required time
---------------------------------------------------------------------------------------------
                                             31.750000   data required time
                                            -21.306372   data arrival time
---------------------------------------------------------------------------------------------
                                             10.443626   slack (MET)


Startpoint: operand_b[2] (input port clocked by __VIRTUAL_CLK__)
Endpoint: result[0] (output port clocked by __VIRTUAL_CLK__)
Path Group: __VIRTUAL_CLK__
Path Type: max

Fanout         Cap        Slew       Delay        Time   Description
---------------------------------------------------------------------------------------------
                      0.000000    0.000000    0.000000   clock __VIRTUAL_CLK__ (rise edge)
                                  0.000000    0.000000   clock network delay (ideal)
                                  8.000000    8.000000 v input external delay
     1    0.004180    0.023852    0.014261    8.014260 v operand_b[2] (in)
                                                         operand_b[2] (net)
                      0.023852    0.000000    8.014260 v input92/A (sky130_fd_sc_hd__clkdlybuf4s25_1)
     1    0.012704    0.191315    0.568763    8.583023 v input92/X (sky130_fd_sc_hd__clkdlybuf4s25_1)
                                                         net92 (net)
                      0.191315    0.000581    8.583604 v fanout355/A (sky130_fd_sc_hd__clkdlybuf4s25_1)
     6    0.046556    0.622617    0.985469    9.569073 v fanout355/X (sky130_fd_sc_hd__clkdlybuf4s25_1)
                                                         net355 (net)
                      0.622634    0.004063    9.573135 v fanout353/A (sky130_fd_sc_hd__clkdlybuf4s25_1)
     4    0.040827    0.549556    1.087353   10.660489 v fanout353/X (sky130_fd_sc_hd__clkdlybuf4s25_1)
                                                         net353 (net)
                      0.549556    0.001732   10.662221 v load_slew354/A (sky130_fd_sc_hd__buf_2)
     6    0.058213    0.263284    0.678286   11.340507 v load_slew354/X (sky130_fd_sc_hd__buf_2)
                                                         net354 (net)
                      0.263362    0.004499   11.345005 v fanout351/A (sky130_fd_sc_hd__clkdlybuf4s25_1)
     5    0.058974    0.784403    1.139591   12.484596 v fanout351/X (sky130_fd_sc_hd__clkdlybuf4s25_1)
                                                         net351 (net)
                      0.784403    0.001702   12.486298 v load_slew352/A (sky130_fd_sc_hd__buf_4)
     6    0.059612    0.159319    0.697415   13.183713 v load_slew352/X (sky130_fd_sc_hd__buf_4)
                                                         net352 (net)
                      0.159340    0.001974   13.185687 v _3266_/B (sky130_fd_sc_hd__or3_2)
     1    0.007055    0.191999    1.185869   14.371556 v _3266_/X (sky130_fd_sc_hd__or3_2)
                                                         _1513_ (net)
                      0.191999    0.000327   14.371882 v _3267_/A (sky130_fd_sc_hd__clkbuf_1)
     3    0.020334    0.235551    0.380287   14.752170 v _3267_/X (sky130_fd_sc_hd__clkbuf_1)
                                                         _1523_ (net)
                      0.235551    0.000300   14.752470 v max_cap310/A (sky130_fd_sc_hd__buf_2)
     6    0.046730    0.216154    0.485986   15.238457 v max_cap310/X (sky130_fd_sc_hd__buf_2)
                                                         net310 (net)
                      0.216166    0.001872   15.240329 v _3268_/B (sky130_fd_sc_hd__or2_2)
     1    0.004557    0.119980    0.726814   15.967143 v _3268_/X (sky130_fd_sc_hd__or2_2)
                                                         _1534_ (net)
                      0.119980    0.000172   15.967315 v _3269_/A (sky130_fd_sc_hd__clkbuf_1)
     3    0.018775    0.218591    0.330809   16.298124 v _3269_/X (sky130_fd_sc_hd__clkbuf_1)
                                                         _1545_ (net)
                      0.218591    0.000510   16.298634 v max_cap275/A (sky130_fd_sc_hd__buf_2)
     6    0.046565    0.215638    0.476478   16.775112 v max_cap275/X (sky130_fd_sc_hd__buf_2)
                                                         net275 (net)
                      0.215684    0.003190   16.778301 v _3270_/B (sky130_fd_sc_hd__or2_2)
     4    0.027781    0.223897    0.884045   17.662346 v _3270_/X (sky130_fd_sc_hd__or2_2)
                                                         _1556_ (net)
                      0.223897    0.000700   17.663046 v _3271_/D (sky130_fd_sc_hd__or4_2)
     1    0.008613    0.260837    1.500682   19.163729 v _3271_/X (sky130_fd_sc_hd__or4_2)
                                                         _1566_ (net)
                      0.260837    0.000375   19.164104 v _3272_/C1 (sky130_fd_sc_hd__o221a_2)
     1    0.006532    0.103229    0.351541   19.515644 v _3272_/X (sky130_fd_sc_hd__o221a_2)
                                                         _1577_ (net)
                      0.104259    0.000250   19.515896 v _3297_/B1 (sky130_fd_sc_hd__o211ai_2)
     2    0.015568    0.418056    0.201124   19.717020 ^ _3297_/Y (sky130_fd_sc_hd__o211ai_2)
                                                         net137 (net)
                      0.418056    0.000730   19.717751 ^ output137/A (sky130_fd_sc_hd__clkdlybuf4s25_1)
     1    0.036638    0.590795    1.023821   20.741571 ^ output137/X (sky130_fd_sc_hd__clkdlybuf4s25_1)
                                                         result[0] (net)
                      0.590795    0.001258   20.742828 ^ result[0] (out)
                                             20.742828   data arrival time

                      0.000000   40.000000   40.000000   clock __VIRTUAL_CLK__ (rise edge)
                                  0.000000   40.000000   clock network delay (ideal)
                                 -0.250000   39.750000   clock uncertainty
                                  0.000000   39.750000   clock reconvergence pessimism
                                 -8.000000   31.750000   output external delay
                                             31.750000   data required time
---------------------------------------------------------------------------------------------
                                             31.750000   data required time
                                            -20.742828   data arrival time
---------------------------------------------------------------------------------------------
                                             11.007171   slack (MET)


Startpoint: operand_b[1] (input port clocked by __VIRTUAL_CLK__)
Endpoint: result[6] (output port clocked by __VIRTUAL_CLK__)
Path Group: __VIRTUAL_CLK__
Path Type: max

Fanout         Cap        Slew       Delay        Time   Description
---------------------------------------------------------------------------------------------
                      0.000000    0.000000    0.000000   clock __VIRTUAL_CLK__ (rise edge)
                                  0.000000    0.000000   clock network delay (ideal)
                                  8.000000    8.000000 v input external delay
     1    0.008323    0.040527    0.027714    8.027714 v operand_b[1] (in)
                                                         operand_b[1] (net)
                      0.040532    0.000000    8.027714 v input81/A (sky130_fd_sc_hd__clkdlybuf4s25_1)
     1    0.005617    0.107537    0.498562    8.526276 v input81/X (sky130_fd_sc_hd__clkdlybuf4s25_1)
                                                         net81 (net)
                      0.107537    0.000227    8.526504 v fanout406/A (sky130_fd_sc_hd__clkdlybuf4s25_1)
     7    0.092424    1.215621    1.400757    9.927260 v fanout406/X (sky130_fd_sc_hd__clkdlybuf4s25_1)
                                                         net406 (net)
                      1.215621    0.001321    9.928581 v fanout404/A (sky130_fd_sc_hd__clkdlybuf4s25_1)
     8    0.057164    0.759260    1.374406   11.302987 v fanout404/X (sky130_fd_sc_hd__clkdlybuf4s25_1)
                                                         net404 (net)
                      0.759260    0.000757   11.303744 v fanout402/A (sky130_fd_sc_hd__clkdlybuf4s25_1)
     3    0.026324    0.364119    0.973351   12.277095 v fanout402/X (sky130_fd_sc_hd__clkdlybuf4s25_1)
                                                         net402 (net)
                      0.364119    0.001343   12.278439 v load_slew403/A (sky130_fd_sc_hd__buf_4)
     8    0.054617    0.144042    0.501699   12.780137 v load_slew403/X (sky130_fd_sc_hd__buf_4)
                                                         net403 (net)
                      0.144074    0.002195   12.782332 v fanout400/A (sky130_fd_sc_hd__clkdlybuf4s25_1)
     5    0.045151    0.604109    0.948909   13.731240 v fanout400/X (sky130_fd_sc_hd__clkdlybuf4s25_1)
                                                         net400 (net)
                      0.604116    0.002970   13.734211 v load_slew401/A (sky130_fd_sc_hd__clkbuf_2)
     6    0.051553    0.356965    0.676062   14.410273 v load_slew401/X (sky130_fd_sc_hd__clkbuf_2)
                                                         net401 (net)
                      0.356985    0.003041   14.413314 v _3408_/A_N (sky130_fd_sc_hd__nand2b_2)
     4    0.016035    0.170506    0.606621   15.019934 v _3408_/Y (sky130_fd_sc_hd__nand2b_2)
                                                         _2621_ (net)
                      0.170506    0.000556   15.020490 v _3477_/B1 (sky130_fd_sc_hd__a221o_2)
     9    0.050932    0.304897    0.954973   15.975463 v _3477_/X (sky130_fd_sc_hd__a221o_2)
                                                         _2689_ (net)
                      0.304901    0.001473   15.976935 v _3511_/A3 (sky130_fd_sc_hd__a31o_2)
     4    0.016773    0.125343    0.653422   16.630358 v _3511_/X (sky130_fd_sc_hd__a31o_2)
                                                         _2722_ (net)
                      0.125472    0.000615   16.630972 v _3547_/C (sky130_fd_sc_hd__and4b_2)
     1    0.002521    0.076056    0.501380   17.132353 v _3547_/X (sky130_fd_sc_hd__and4b_2)
                                                         _2757_ (net)
                      0.076056    0.000053   17.132406 v _3551_/A (sky130_fd_sc_hd__or3_2)
     1    0.004803    0.177098    1.179814   18.312220 v _3551_/X (sky130_fd_sc_hd__or3_2)
                                                         _2761_ (net)
                      0.177098    0.000181   18.312401 v _3552_/A (sky130_fd_sc_hd__buf_1)
     5    0.031524    0.357283    0.465661   18.778063 v _3552_/X (sky130_fd_sc_hd__buf_1)
                                                         _2762_ (net)
                      0.357283    0.001126   18.779188 v _3617_/A (sky130_fd_sc_hd__nand2_2)
     4    0.015320    0.173482    0.291662   19.070850 ^ _3617_/Y (sky130_fd_sc_hd__nand2_2)
                                                         _2826_ (net)
                      0.173482    0.000339   19.071190 ^ _3618_/B (sky130_fd_sc_hd__nor2_2)
     1    0.010768    0.201285    0.133781   19.204971 v _3618_/Y (sky130_fd_sc_hd__nor2_2)
                                                         _2827_ (net)
                      0.201285    0.000327   19.205297 v _3619_/B (sky130_fd_sc_hd__xnor2_2)
     2    0.008654    0.134526    0.334961   19.540258 v _3619_/Y (sky130_fd_sc_hd__xnor2_2)
                                                         _2828_ (net)
                      0.134527    0.000252   19.540510 v _3661_/A2 (sky130_fd_sc_hd__o21ai_2)
     1    0.005248    0.204929    0.237893   19.778404 ^ _3661_/Y (sky130_fd_sc_hd__o21ai_2)
                                                         net197 (net)
                      0.204929    0.000203   19.778606 ^ output197/A (sky130_fd_sc_hd__clkdlybuf4s25_1)
     1    0.036427    0.587165    0.940293   20.718899 ^ output197/X (sky130_fd_sc_hd__clkdlybuf4s25_1)
                                                         result[6] (net)
                      0.587165    0.000789   20.719688 ^ result[6] (out)
                                             20.719688   data arrival time

                      0.000000   40.000000   40.000000   clock __VIRTUAL_CLK__ (rise edge)
                                  0.000000   40.000000   clock network delay (ideal)
                                 -0.250000   39.750000   clock uncertainty
                                  0.000000   39.750000   clock reconvergence pessimism
                                 -8.000000   31.750000   output external delay
                                             31.750000   data required time
---------------------------------------------------------------------------------------------
                                             31.750000   data required time
                                            -20.719688   data arrival time
---------------------------------------------------------------------------------------------
                                             11.030312   slack (MET)


Startpoint: operand_b[1] (input port clocked by __VIRTUAL_CLK__)
Endpoint: result[5] (output port clocked by __VIRTUAL_CLK__)
Path Group: __VIRTUAL_CLK__
Path Type: max

Fanout         Cap        Slew       Delay        Time   Description
---------------------------------------------------------------------------------------------
                      0.000000    0.000000    0.000000   clock __VIRTUAL_CLK__ (rise edge)
                                  0.000000    0.000000   clock network delay (ideal)
                                  8.000000    8.000000 v input external delay
     1    0.008323    0.040527    0.027714    8.027714 v operand_b[1] (in)
                                                         operand_b[1] (net)
                      0.040532    0.000000    8.027714 v input81/A (sky130_fd_sc_hd__clkdlybuf4s25_1)
     1    0.005617    0.107537    0.498562    8.526276 v input81/X (sky130_fd_sc_hd__clkdlybuf4s25_1)
                                                         net81 (net)
                      0.107537    0.000227    8.526504 v fanout406/A (sky130_fd_sc_hd__clkdlybuf4s25_1)
     7    0.092424    1.215621    1.400757    9.927260 v fanout406/X (sky130_fd_sc_hd__clkdlybuf4s25_1)
                                                         net406 (net)
                      1.215621    0.001321    9.928581 v fanout404/A (sky130_fd_sc_hd__clkdlybuf4s25_1)
     8    0.057164    0.759260    1.374406   11.302987 v fanout404/X (sky130_fd_sc_hd__clkdlybuf4s25_1)
                                                         net404 (net)
                      0.759260    0.000757   11.303744 v fanout402/A (sky130_fd_sc_hd__clkdlybuf4s25_1)
     3    0.026324    0.364119    0.973351   12.277095 v fanout402/X (sky130_fd_sc_hd__clkdlybuf4s25_1)
                                                         net402 (net)
                      0.364119    0.001343   12.278439 v load_slew403/A (sky130_fd_sc_hd__buf_4)
     8    0.054617    0.144042    0.501699   12.780137 v load_slew403/X (sky130_fd_sc_hd__buf_4)
                                                         net403 (net)
                      0.144074    0.002195   12.782332 v fanout400/A (sky130_fd_sc_hd__clkdlybuf4s25_1)
     5    0.045151    0.604109    0.948909   13.731240 v fanout400/X (sky130_fd_sc_hd__clkdlybuf4s25_1)
                                                         net400 (net)
                      0.604116    0.002970   13.734211 v load_slew401/A (sky130_fd_sc_hd__clkbuf_2)
     6    0.051553    0.356965    0.676062   14.410273 v load_slew401/X (sky130_fd_sc_hd__clkbuf_2)
                                                         net401 (net)
                      0.356985    0.003041   14.413314 v _3408_/A_N (sky130_fd_sc_hd__nand2b_2)
     4    0.016035    0.170506    0.606621   15.019934 v _3408_/Y (sky130_fd_sc_hd__nand2b_2)
                                                         _2621_ (net)
                      0.170506    0.000556   15.020490 v _3477_/B1 (sky130_fd_sc_hd__a221o_2)
     9    0.050932    0.304897    0.954973   15.975463 v _3477_/X (sky130_fd_sc_hd__a221o_2)
                                                         _2689_ (net)
                      0.304901    0.001473   15.976935 v _3511_/A3 (sky130_fd_sc_hd__a31o_2)
     4    0.016773    0.125343    0.653422   16.630358 v _3511_/X (sky130_fd_sc_hd__a31o_2)
                                                         _2722_ (net)
                      0.125472    0.000615   16.630972 v _3547_/C (sky130_fd_sc_hd__and4b_2)
     1    0.002521    0.076056    0.501380   17.132353 v _3547_/X (sky130_fd_sc_hd__and4b_2)
                                                         _2757_ (net)
                      0.076056    0.000053   17.132406 v _3551_/A (sky130_fd_sc_hd__or3_2)
     1    0.004803    0.177098    1.179814   18.312220 v _3551_/X (sky130_fd_sc_hd__or3_2)
                                                         _2761_ (net)
                      0.177098    0.000181   18.312401 v _3552_/A (sky130_fd_sc_hd__buf_1)
     5    0.031524    0.357283    0.465661   18.778063 v _3552_/X (sky130_fd_sc_hd__buf_1)
                                                         _2762_ (net)
                      0.357283    0.000863   18.778925 v _3561_/A (sky130_fd_sc_hd__xnor2_2)
     1    0.002736    0.115755    0.363224   19.142149 v _3561_/Y (sky130_fd_sc_hd__xnor2_2)
                                                         _2771_ (net)
                      0.115755    0.000057   19.142206 v _3605_/A2 (sky130_fd_sc_hd__a211o_2)
     2    0.007937    0.108118    0.702695   19.844902 v _3605_/X (sky130_fd_sc_hd__a211o_2)
                                                         net192 (net)
                      0.108118    0.000213   19.845114 v output192/A (sky130_fd_sc_hd__clkdlybuf4s25_1)
     1    0.037250    0.501384    0.853960   20.699076 v output192/X (sky130_fd_sc_hd__clkdlybuf4s25_1)
                                                         result[5] (net)
                      0.501384    0.000798   20.699873 v result[5] (out)
                                             20.699873   data arrival time

                      0.000000   40.000000   40.000000   clock __VIRTUAL_CLK__ (rise edge)
                                  0.000000   40.000000   clock network delay (ideal)
                                 -0.250000   39.750000   clock uncertainty
                                  0.000000   39.750000   clock reconvergence pessimism
                                 -8.000000   31.750000   output external delay
                                             31.750000   data required time
---------------------------------------------------------------------------------------------
                                             31.750000   data required time
                                            -20.699873   data arrival time
---------------------------------------------------------------------------------------------
                                             11.050126   slack (MET)


Startpoint: operand_b[1] (input port clocked by __VIRTUAL_CLK__)
Endpoint: result[1] (output port clocked by __VIRTUAL_CLK__)
Path Group: __VIRTUAL_CLK__
Path Type: max

Fanout         Cap        Slew       Delay        Time   Description
---------------------------------------------------------------------------------------------
                      0.000000    0.000000    0.000000   clock __VIRTUAL_CLK__ (rise edge)
                                  0.000000    0.000000   clock network delay (ideal)
                                  8.000000    8.000000 ^ input external delay
     1    0.008500    0.070905    0.047341    8.047340 ^ operand_b[1] (in)
                                                         operand_b[1] (net)
                      0.070908    0.000000    8.047340 ^ input81/A (sky130_fd_sc_hd__clkdlybuf4s25_1)
     1    0.005794    0.116615    0.520789    8.568130 ^ input81/X (sky130_fd_sc_hd__clkdlybuf4s25_1)
                                                         net81 (net)
                      0.116615    0.000236    8.568366 ^ fanout406/A (sky130_fd_sc_hd__clkdlybuf4s25_1)
     7    0.093663    1.478227    1.561354   10.129720 ^ fanout406/X (sky130_fd_sc_hd__clkdlybuf4s25_1)
                                                         net406 (net)
                      1.478268    0.007013   10.136733 ^ fanout379/A (sky130_fd_sc_hd__clkdlybuf4s25_1)
     6    0.037457    0.602832    1.319598   11.456330 ^ fanout379/X (sky130_fd_sc_hd__clkdlybuf4s25_1)
                                                         net379 (net)
                      0.602832    0.002053   11.458383 ^ fanout378/A (sky130_fd_sc_hd__clkdlybuf4s25_1)
     5    0.028442    0.463796    0.997171   12.455554 ^ fanout378/X (sky130_fd_sc_hd__clkdlybuf4s25_1)
                                                         net378 (net)
                      0.463796    0.001058   12.456612 ^ fanout377/A (sky130_fd_sc_hd__clkdlybuf4s25_1)
     6    0.038854    0.625758    1.067017   13.523629 ^ fanout377/X (sky130_fd_sc_hd__clkdlybuf4s25_1)
                                                         net377 (net)
                      0.625758    0.000966   13.524595 ^ fanout375/A (sky130_fd_sc_hd__clkdlybuf4s25_1)
     4    0.021940    0.362968    0.931570   14.456164 ^ fanout375/X (sky130_fd_sc_hd__clkdlybuf4s25_1)
                                                         net375 (net)
                      0.362968    0.000465   14.456629 ^ load_slew376/A (sky130_fd_sc_hd__buf_4)
     7    0.038786    0.185362    0.442413   14.899042 ^ load_slew376/X (sky130_fd_sc_hd__buf_4)
                                                         net376 (net)
                      0.185371    0.001588   14.900631 ^ _3234_/S0 (sky130_fd_sc_hd__mux4_2)
     4    0.030740    0.290341    1.412479   16.313110 v _3234_/X (sky130_fd_sc_hd__mux4_2)
                                                         _1170_ (net)
                      0.290369    0.003212   16.316320 v _3326_/A1 (sky130_fd_sc_hd__mux4_2)
     3    0.031958    0.295243    1.365075   17.681396 v _3326_/X (sky130_fd_sc_hd__mux4_2)
                                                         _2157_ (net)
                      0.295243    0.000602   17.681999 v _3336_/A2 (sky130_fd_sc_hd__a22oi_2)
     1    0.025799    0.571046    0.702626   18.384624 ^ _3336_/Y (sky130_fd_sc_hd__a22oi_2)
                                                         _2267_ (net)
                      0.571046    0.001165   18.385790 ^ _3337_/B (sky130_fd_sc_hd__nor2_2)
     2    0.013660    0.148953    0.277607   18.663397 v _3337_/Y (sky130_fd_sc_hd__nor2_2)
                                                         _2278_ (net)
                      0.148955    0.000657   18.664055 v _3375_/B1 (sky130_fd_sc_hd__a211o_2)
     1    0.007375    0.105783    0.669676   19.333731 v _3375_/X (sky130_fd_sc_hd__a211o_2)
                                                         net148 (net)
                      0.105783    0.000350   19.334080 v output148/A (sky130_fd_sc_hd__clkdlybuf4s25_1)
     1    0.035253    0.476465    0.832722   20.166801 v output148/X (sky130_fd_sc_hd__clkdlybuf4s25_1)
                                                         result[1] (net)
                      0.476465    0.000968   20.167770 v result[1] (out)
                                             20.167770   data arrival time

                      0.000000   40.000000   40.000000   clock __VIRTUAL_CLK__ (rise edge)
                                  0.000000   40.000000   clock network delay (ideal)
                                 -0.250000   39.750000   clock uncertainty
                                  0.000000   39.750000   clock reconvergence pessimism
                                 -8.000000   31.750000   output external delay
                                             31.750000   data required time
---------------------------------------------------------------------------------------------
                                             31.750000   data required time
                                            -20.167770   data arrival time
---------------------------------------------------------------------------------------------
                                             11.582229   slack (MET)


Startpoint: cmd[2] (input port clocked by __VIRTUAL_CLK__)
Endpoint: result[2] (output port clocked by __VIRTUAL_CLK__)
Path Group: __VIRTUAL_CLK__
Path Type: max

Fanout         Cap        Slew       Delay        Time   Description
---------------------------------------------------------------------------------------------
                      0.000000    0.000000    0.000000   clock __VIRTUAL_CLK__ (rise edge)
                                  0.000000    0.000000   clock network delay (ideal)
                                  8.000000    8.000000 ^ input external delay
     1    0.008392    0.070170    0.046763    8.046763 ^ cmd[2] (in)
                                                         cmd[2] (net)
                      0.070172    0.000000    8.046763 ^ input4/A (sky130_fd_sc_hd__clkdlybuf4s25_1)
     4    0.079050    1.249707    1.368352    9.415115 ^ input4/X (sky130_fd_sc_hd__clkdlybuf4s25_1)
                                                         net4 (net)
                      1.249707    0.001981    9.417096 ^ fanout526/A (sky130_fd_sc_hd__clkdlybuf4s25_1)
     7    0.077239    1.224815    1.721506   11.138601 ^ fanout526/X (sky130_fd_sc_hd__clkdlybuf4s25_1)
                                                         net526 (net)
                      1.224815    0.001799   11.140400 ^ fanout525/A (sky130_fd_sc_hd__clkdlybuf4s25_1)
     6    0.035950    0.579141    1.240601   12.381001 ^ fanout525/X (sky130_fd_sc_hd__clkdlybuf4s25_1)
                                                         net525 (net)
                      0.579141    0.000428   12.381429 ^ fanout524/A (sky130_fd_sc_hd__clkdlybuf4s25_1)
    10    0.060729    0.966926    1.365197   13.746626 ^ fanout524/X (sky130_fd_sc_hd__clkdlybuf4s25_1)
                                                         net524 (net)
                      0.966926    0.001796   13.748422 ^ _3289_/A (sky130_fd_sc_hd__inv_2)
     4    0.019350    0.230847    0.416120   14.164541 v _3289_/Y (sky130_fd_sc_hd__inv_2)
                                                         _1760_ (net)
                      0.230849    0.001200   14.165741 v _3290_/C (sky130_fd_sc_hd__and4b_2)
     1    0.014522    0.132896    0.641655   14.807396 v _3290_/X (sky130_fd_sc_hd__and4b_2)
                                                         _1770_ (net)
                      0.132906    0.001302   14.808698 v _3291_/A (sky130_fd_sc_hd__buf_1)
     5    0.042474    0.477041    0.534389   15.343087 v _3291_/X (sky130_fd_sc_hd__buf_1)
                                                         _1781_ (net)
                      0.477041    0.001243   15.344331 v _3294_/A (sky130_fd_sc_hd__nor2_2)
     2    0.012746    0.275092    0.464967   15.809298 ^ _3294_/Y (sky130_fd_sc_hd__nor2_2)
                                                         _1813_ (net)
                      0.275092    0.000567   15.809864 ^ _3302_/A (sky130_fd_sc_hd__clkbuf_2)
    10    0.091476    0.758681    0.802565   16.612429 ^ _3302_/X (sky130_fd_sc_hd__clkbuf_2)
                                                         _1897_ (net)
                      0.758689    0.002208   16.614637 ^ _3303_/B (sky130_fd_sc_hd__nor2_2)
     4    0.024222    0.227111    0.388305   17.002941 v _3303_/Y (sky130_fd_sc_hd__nor2_2)
                                                         _1908_ (net)
                      0.227111    0.000554   17.003496 v max_cap243/A (sky130_fd_sc_hd__buf_2)
     6    0.043264    0.202376    0.469932   17.473427 v max_cap243/X (sky130_fd_sc_hd__buf_2)
                                                         net243 (net)
                      0.202402    0.002411   17.475838 v _3386_/B2 (sky130_fd_sc_hd__a221o_2)
     1    0.009224    0.122651    0.805425   18.281263 v _3386_/X (sky130_fd_sc_hd__a221o_2)
                                                         _2599_ (net)
                      0.122651    0.000449   18.281713 v _3436_/A1 (sky130_fd_sc_hd__a221o_2)
     2    0.012038    0.138020    0.776414   19.058126 v _3436_/X (sky130_fd_sc_hd__a221o_2)
                                                         net159 (net)
                      0.138020    0.000526   19.058653 v output159/A (sky130_fd_sc_hd__clkdlybuf4s25_1)
     1    0.035628    0.481181    0.851960   19.910612 v output159/X (sky130_fd_sc_hd__clkdlybuf4s25_1)
                                                         result[2] (net)
                      0.481181    0.001030   19.911642 v result[2] (out)
                                             19.911642   data arrival time

                      0.000000   40.000000   40.000000   clock __VIRTUAL_CLK__ (rise edge)
                                  0.000000   40.000000   clock network delay (ideal)
                                 -0.250000   39.750000   clock uncertainty
                                  0.000000   39.750000   clock reconvergence pessimism
                                 -8.000000   31.750000   output external delay
                                             31.750000   data required time
---------------------------------------------------------------------------------------------
                                             31.750000   data required time
                                            -19.911642   data arrival time
---------------------------------------------------------------------------------------------
                                             11.838356   slack (MET)


Startpoint: cmd[0] (input port clocked by __VIRTUAL_CLK__)
Endpoint: result[4] (output port clocked by __VIRTUAL_CLK__)
Path Group: __VIRTUAL_CLK__
Path Type: max

Fanout         Cap        Slew       Delay        Time   Description
---------------------------------------------------------------------------------------------
                      0.000000    0.000000    0.000000   clock __VIRTUAL_CLK__ (rise edge)
                                  0.000000    0.000000   clock network delay (ideal)
                                  8.000000    8.000000 ^ input external delay
     1    0.009852    0.080138    0.054512    8.054512 ^ cmd[0] (in)
                                                         cmd[0] (net)
                      0.080143    0.000000    8.054512 ^ input2/A (sky130_fd_sc_hd__buf_1)
     4    0.044283    0.823222    0.727504    8.782016 ^ input2/X (sky130_fd_sc_hd__buf_1)
                                                         net2 (net)
                      0.823232    0.002579    8.784595 ^ fanout587/A (sky130_fd_sc_hd__clkdlybuf4s25_1)
     6    0.049164    0.786567    1.295098   10.079694 ^ fanout587/X (sky130_fd_sc_hd__clkdlybuf4s25_1)
                                                         net587 (net)
                      0.786567    0.001009   10.080703 ^ fanout586/A (sky130_fd_sc_hd__clkdlybuf4s25_1)
     5    0.032075    0.519735    1.088059   11.168761 ^ fanout586/X (sky130_fd_sc_hd__clkdlybuf4s25_1)
                                                         net586 (net)
                      0.519735    0.001082   11.169843 ^ fanout584/A (sky130_fd_sc_hd__clkdlybuf4s25_1)
     5    0.047897    0.766850    1.193123   12.362967 ^ fanout584/X (sky130_fd_sc_hd__clkdlybuf4s25_1)
                                                         net584 (net)
                      0.766850    0.002220   12.365187 ^ load_slew585/A (sky130_fd_sc_hd__clkbuf_2)
     6    0.041120    0.352868    0.683672   13.048859 ^ load_slew585/X (sky130_fd_sc_hd__clkbuf_2)
                                                         net585 (net)
                      0.352871    0.001866   13.050724 ^ _3246_/A (sky130_fd_sc_hd__inv_2)
     5    0.022879    0.136232    0.247780   13.298504 v _3246_/Y (sky130_fd_sc_hd__inv_2)
                                                         _1298_ (net)
                      0.136254    0.001818   13.300323 v _3367_/A (sky130_fd_sc_hd__or2_2)
     1    0.007182    0.135003    0.762607   14.062929 v _3367_/X (sky130_fd_sc_hd__or2_2)
                                                         _2581_ (net)
                      0.135003    0.000304   14.063232 v _3368_/A (sky130_fd_sc_hd__clkbuf_1)
     6    0.066990    0.746592    0.737586   14.800818 v _3368_/X (sky130_fd_sc_hd__clkbuf_1)
                                                         _2582_ (net)
                      0.746614    0.003710   14.804528 v _3420_/C (sky130_fd_sc_hd__or3_2)
     1    0.007850    0.194839    1.351283   16.155811 v _3420_/X (sky130_fd_sc_hd__or3_2)
                                                         _2633_ (net)
                      0.194839    0.000343   16.156155 v _3421_/A (sky130_fd_sc_hd__clkbuf_1)
     3    0.025518    0.292065    0.424622   16.580776 v _3421_/X (sky130_fd_sc_hd__clkbuf_1)
                                                         _2634_ (net)
                      0.292065    0.000945   16.581722 v max_cap256/A (sky130_fd_sc_hd__buf_2)
     5    0.063173    0.278335    0.567841   17.149563 v max_cap256/X (sky130_fd_sc_hd__buf_2)
                                                         net256 (net)
                      0.278368    0.003254   17.152817 v _3514_/A (sky130_fd_sc_hd__or3_2)
     1    0.003028    0.162878    1.228619   18.381435 v _3514_/X (sky130_fd_sc_hd__or3_2)
                                                         _2725_ (net)
                      0.162878    0.000066   18.381502 v _3536_/B1 (sky130_fd_sc_hd__o2111a_2)
     1    0.008691    0.095777    0.369401   18.750902 v _3536_/X (sky130_fd_sc_hd__o2111a_2)
                                                         _2747_ (net)
                      0.095777    0.000441   18.751343 v _3545_/B1 (sky130_fd_sc_hd__o211ai_2)
     2    0.010693    0.304268    0.167612   18.918955 ^ _3545_/Y (sky130_fd_sc_hd__o211ai_2)
                                                         net181 (net)
                      0.304268    0.000405   18.919359 ^ output181/A (sky130_fd_sc_hd__clkdlybuf4s25_1)
     1    0.036393    0.586750    0.978618   19.897978 ^ output181/X (sky130_fd_sc_hd__clkdlybuf4s25_1)
                                                         result[4] (net)
                      0.586750    0.001060   19.899038 ^ result[4] (out)
                                             19.899038   data arrival time

                      0.000000   40.000000   40.000000   clock __VIRTUAL_CLK__ (rise edge)
                                  0.000000   40.000000   clock network delay (ideal)
                                 -0.250000   39.750000   clock uncertainty
                                  0.000000   39.750000   clock reconvergence pessimism
                                 -8.000000   31.750000   output external delay
                                             31.750000   data required time
---------------------------------------------------------------------------------------------
                                             31.750000   data required time
                                            -19.899038   data arrival time
---------------------------------------------------------------------------------------------
                                             11.850962   slack (MET)


Startpoint: cmd[2] (input port clocked by __VIRTUAL_CLK__)
Endpoint: result[3] (output port clocked by __VIRTUAL_CLK__)
Path Group: __VIRTUAL_CLK__
Path Type: max

Fanout         Cap        Slew       Delay        Time   Description
---------------------------------------------------------------------------------------------
                      0.000000    0.000000    0.000000   clock __VIRTUAL_CLK__ (rise edge)
                                  0.000000    0.000000   clock network delay (ideal)
                                  8.000000    8.000000 ^ input external delay
     1    0.008392    0.070170    0.046763    8.046763 ^ cmd[2] (in)
                                                         cmd[2] (net)
                      0.070172    0.000000    8.046763 ^ input4/A (sky130_fd_sc_hd__clkdlybuf4s25_1)
     4    0.079050    1.249707    1.368352    9.415115 ^ input4/X (sky130_fd_sc_hd__clkdlybuf4s25_1)
                                                         net4 (net)
                      1.249707    0.001981    9.417096 ^ fanout526/A (sky130_fd_sc_hd__clkdlybuf4s25_1)
     7    0.077239    1.224815    1.721506   11.138601 ^ fanout526/X (sky130_fd_sc_hd__clkdlybuf4s25_1)
                                                         net526 (net)
                      1.224815    0.001799   11.140400 ^ fanout525/A (sky130_fd_sc_hd__clkdlybuf4s25_1)
     6    0.035950    0.579141    1.240601   12.381001 ^ fanout525/X (sky130_fd_sc_hd__clkdlybuf4s25_1)
                                                         net525 (net)
                      0.579141    0.000428   12.381429 ^ fanout524/A (sky130_fd_sc_hd__clkdlybuf4s25_1)
    10    0.060729    0.966926    1.365197   13.746626 ^ fanout524/X (sky130_fd_sc_hd__clkdlybuf4s25_1)
                                                         net524 (net)
                      0.966926    0.001796   13.748422 ^ _3289_/A (sky130_fd_sc_hd__inv_2)
     4    0.019350    0.230847    0.416120   14.164541 v _3289_/Y (sky130_fd_sc_hd__inv_2)
                                                         _1760_ (net)
                      0.230849    0.001200   14.165741 v _3290_/C (sky130_fd_sc_hd__and4b_2)
     1    0.014522    0.132896    0.641655   14.807396 v _3290_/X (sky130_fd_sc_hd__and4b_2)
                                                         _1770_ (net)
                      0.132906    0.001302   14.808698 v _3291_/A (sky130_fd_sc_hd__buf_1)
     5    0.042474    0.477041    0.534389   15.343087 v _3291_/X (sky130_fd_sc_hd__buf_1)
                                                         _1781_ (net)
                      0.477041    0.001243   15.344331 v _3294_/A (sky130_fd_sc_hd__nor2_2)
     2    0.012746    0.275092    0.464967   15.809298 ^ _3294_/Y (sky130_fd_sc_hd__nor2_2)
                                                         _1813_ (net)
                      0.275092    0.000567   15.809864 ^ _3302_/A (sky130_fd_sc_hd__clkbuf_2)
    10    0.091476    0.758681    0.802565   16.612429 ^ _3302_/X (sky130_fd_sc_hd__clkbuf_2)
                                                         _1897_ (net)
                      0.758689    0.002208   16.614637 ^ _3303_/B (sky130_fd_sc_hd__nor2_2)
     4    0.024222    0.227111    0.388305   17.002941 v _3303_/Y (sky130_fd_sc_hd__nor2_2)
                                                         _1908_ (net)
                      0.227111    0.000554   17.003496 v max_cap243/A (sky130_fd_sc_hd__buf_2)
     6    0.043264    0.202376    0.469932   17.473427 v max_cap243/X (sky130_fd_sc_hd__buf_2)
                                                         net243 (net)
                      0.202404    0.002489   17.475916 v _3447_/A1 (sky130_fd_sc_hd__a22o_2)
     1    0.005554    0.081011    0.520766   17.996681 v _3447_/X (sky130_fd_sc_hd__a22o_2)
                                                         _2659_ (net)
                      0.081011    0.000233   17.996914 v _3448_/B (sky130_fd_sc_hd__and2_2)
     2    0.004674    0.078497    0.430399   18.427313 v _3448_/X (sky130_fd_sc_hd__and2_2)
                                                         _2660_ (net)
                      0.078497    0.000071   18.427385 v _3492_/A_N (sky130_fd_sc_hd__nand3b_2)
     1    0.006546    0.159480    0.477199   18.904583 v _3492_/Y (sky130_fd_sc_hd__nand3b_2)
                                                         net170 (net)
                      0.159480    0.000291   18.904875 v output170/A (sky130_fd_sc_hd__clkdlybuf4s25_1)
     1    0.039362    0.529036    0.898677   19.803551 v output170/X (sky130_fd_sc_hd__clkdlybuf4s25_1)
                                                         result[3] (net)
                      0.529039    0.002233   19.805784 v result[3] (out)
                                             19.805784   data arrival time

                      0.000000   40.000000   40.000000   clock __VIRTUAL_CLK__ (rise edge)
                                  0.000000   40.000000   clock network delay (ideal)
                                 -0.250000   39.750000   clock uncertainty
                                  0.000000   39.750000   clock reconvergence pessimism
                                 -8.000000   31.750000   output external delay
                                             31.750000   data required time
---------------------------------------------------------------------------------------------
                                             31.750000   data required time
                                            -19.805784   data arrival time
---------------------------------------------------------------------------------------------
                                             11.944215   slack (MET)



%OL_END_REPORT
%OL_CREATE_REPORT checks.rpt

===========================================================================
report_checks -unconstrained
===========================================================================
======================= nom_ss_100C_1v60 Corner ===================================

Startpoint: operand_b[1] (input port clocked by __VIRTUAL_CLK__)
Endpoint: zero_flag (output port clocked by __VIRTUAL_CLK__)
Path Group: __VIRTUAL_CLK__
Path Type: max

Fanout         Cap        Slew       Delay        Time   Description
---------------------------------------------------------------------------------------------
                      0.000000    0.000000    0.000000   clock __VIRTUAL_CLK__ (rise edge)
                                  0.000000    0.000000   clock network delay (ideal)
                                  8.000000    8.000000 ^ input external delay
     1    0.008500    0.070905    0.047341    8.047340 ^ operand_b[1] (in)
                                                         operand_b[1] (net)
                      0.070908    0.000000    8.047340 ^ input81/A (sky130_fd_sc_hd__clkdlybuf4s25_1)
     1    0.005794    0.116615    0.520789    8.568130 ^ input81/X (sky130_fd_sc_hd__clkdlybuf4s25_1)
                                                         net81 (net)
                      0.116615    0.000236    8.568366 ^ fanout406/A (sky130_fd_sc_hd__clkdlybuf4s25_1)
     7    0.093663    1.478227    1.561354   10.129720 ^ fanout406/X (sky130_fd_sc_hd__clkdlybuf4s25_1)
                                                         net406 (net)
                      1.478227    0.001344   10.131063 ^ fanout404/A (sky130_fd_sc_hd__clkdlybuf4s25_1)
     8    0.058635    0.933058    1.565110   11.696174 ^ fanout404/X (sky130_fd_sc_hd__clkdlybuf4s25_1)
                                                         net404 (net)
                      0.933058    0.000779   11.696952 ^ fanout402/A (sky130_fd_sc_hd__clkdlybuf4s25_1)
     3    0.027065    0.442111    1.066192   12.763144 ^ fanout402/X (sky130_fd_sc_hd__clkdlybuf4s25_1)
                                                         net402 (net)
                      0.442111    0.001388   12.764532 ^ load_slew403/A (sky130_fd_sc_hd__buf_4)
     8    0.056684    0.259575    0.532008   13.296540 ^ load_slew403/X (sky130_fd_sc_hd__buf_4)
                                                         net403 (net)
                      0.259590    0.002268   13.298808 ^ fanout400/A (sky130_fd_sc_hd__clkdlybuf4s25_1)
     5    0.046645    0.747677    1.080863   14.379671 ^ fanout400/X (sky130_fd_sc_hd__clkdlybuf4s25_1)
                                                         net400 (net)
                      0.747680    0.003067   14.382738 ^ load_slew401/A (sky130_fd_sc_hd__clkbuf_2)
     6    0.052794    0.445883    0.747623   15.130362 ^ load_slew401/X (sky130_fd_sc_hd__clkbuf_2)
                                                         net401 (net)
                      0.445897    0.003203   15.133564 ^ _3412_/B_N (sky130_fd_sc_hd__nor2b_2)
     4    0.021425    0.407960    0.640013   15.773577 ^ _3412_/Y (sky130_fd_sc_hd__nor2b_2)
                                                         _2625_ (net)
                      0.407960    0.001082   15.774658 ^ _3555_/C1 (sky130_fd_sc_hd__a221oi_2)
     5    0.020224    0.232034    0.255678   16.030336 v _3555_/Y (sky130_fd_sc_hd__a221oi_2)
                                                         _2765_ (net)
                      0.232035    0.001153   16.031490 v _3683_/A3 (sky130_fd_sc_hd__o31a_2)
     3    0.015640    0.151542    0.730095   16.761585 v _3683_/X (sky130_fd_sc_hd__o31a_2)
                                                         _2891_ (net)
                      0.151544    0.000806   16.762390 v _4087_/A2 (sky130_fd_sc_hd__o41a_2)
     4    0.045430    0.316031    1.249928   18.012320 v _4087_/X (sky130_fd_sc_hd__o41a_2)
                                                         _0069_ (net)
                      0.316044    0.002364   18.014683 v _4441_/A3 (sky130_fd_sc_hd__o31ai_4)
     1    0.011144    0.354117    0.463556   18.478239 ^ _4441_/Y (sky130_fd_sc_hd__o31ai_4)
                                                         _0415_ (net)
                      0.354117    0.000604   18.478844 ^ wire248/A (sky130_fd_sc_hd__buf_2)
     5    0.048615    0.380008    0.566541   19.045385 ^ wire248/X (sky130_fd_sc_hd__buf_2)
                                                         net248 (net)
                      0.380075    0.005228   19.050611 ^ _4442_/A (sky130_fd_sc_hd__clkbuf_1)
     5    0.027343    0.516177    0.605239   19.655851 ^ _4442_/X (sky130_fd_sc_hd__clkbuf_1)
                                                         _0416_ (net)
                      0.516177    0.000680   19.656530 ^ max_cap234/A (sky130_fd_sc_hd__buf_2)
     6    0.038519    0.305327    0.578291   20.234823 ^ max_cap234/X (sky130_fd_sc_hd__buf_2)
                                                         net234 (net)
                      0.305337    0.002210   20.237032 ^ _4443_/B (sky130_fd_sc_hd__nand2_2)
     9    0.045865    0.395463    0.457604   20.694635 v _4443_/Y (sky130_fd_sc_hd__nand2_2)
                                                         _0417_ (net)
                      0.395463    0.000917   20.695553 v _4541_/S (sky130_fd_sc_hd__mux2_2)
     1    0.005964    0.108380    0.743196   21.438747 v _4541_/X (sky130_fd_sc_hd__mux2_2)
                                                         _0513_ (net)
                      0.108380    0.000211   21.438959 v _4542_/B1 (sky130_fd_sc_hd__o31ai_2)
     3    0.007395    0.375585    0.137632   21.576591 ^ _4542_/Y (sky130_fd_sc_hd__o31ai_2)
                                                         _0514_ (net)
                      0.375585    0.000190   21.576782 ^ _4586_/D_N (sky130_fd_sc_hd__or4b_2)
     4    0.026364    0.358236    1.825690   23.402472 v _4586_/X (sky130_fd_sc_hd__or4b_2)
                                                         _0557_ (net)
                      0.358237    0.001627   23.404099 v _4743_/C (sky130_fd_sc_hd__or4b_4)
     6    0.042319    0.260319    1.303441   24.707541 v _4743_/X (sky130_fd_sc_hd__or4b_4)
                                                         _0710_ (net)
                      0.260341    0.002665   24.710205 v _5301_/A (sky130_fd_sc_hd__or3_2)
     2    0.014764    0.235677    1.363134   26.073338 v _5301_/X (sky130_fd_sc_hd__or3_2)
                                                         _1283_ (net)
                      0.235677    0.000684   26.074022 v _5499_/A (sky130_fd_sc_hd__or4_2)
     1    0.009057    0.263700    1.785461   27.859482 v _5499_/X (sky130_fd_sc_hd__or4_2)
                                                         _1495_ (net)
                      0.263700    0.000293   27.859776 v _5500_/B (sky130_fd_sc_hd__xnor2_2)
     1    0.003337    0.095016    0.323267   28.183043 v _5500_/Y (sky130_fd_sc_hd__xnor2_2)
                                                         _1496_ (net)
                      0.095016    0.000103   28.183146 v _5520_/A2 (sky130_fd_sc_hd__a221o_2)
     2    0.012708    0.141973    0.834799   29.017944 v _5520_/X (sky130_fd_sc_hd__a221o_2)
                                                         net182 (net)
                      0.141973    0.000277   29.018221 v _5981_/D (sky130_fd_sc_hd__or4_2)
     1    0.015020    0.304972    1.559322   30.577543 v _5981_/X (sky130_fd_sc_hd__or4_2)
                                                         _2010_ (net)
                      0.304972    0.000675   30.578218 v _5983_/C (sky130_fd_sc_hd__or4b_4)
     1    0.003869    0.149495    1.082103   31.660322 v _5983_/X (sky130_fd_sc_hd__or4b_4)
                                                         _2012_ (net)
                      0.149495    0.000128   31.660450 v _6003_/C (sky130_fd_sc_hd__or4_4)
     1    0.008030    0.168122    1.055263   32.715714 v _6003_/X (sky130_fd_sc_hd__or4_4)
                                                         _2034_ (net)
                      0.168122    0.000355   32.716068 v _6004_/D (sky130_fd_sc_hd__or4_4)
     1    0.009463    0.171570    0.945256   33.661324 v _6004_/X (sky130_fd_sc_hd__or4_4)
                                                         _2035_ (net)
                      0.171570    0.000338   33.661659 v _6005_/D (sky130_fd_sc_hd__nor4_4)
     1    0.006264    0.348536    0.303906   33.965569 ^ _6005_/Y (sky130_fd_sc_hd__nor4_4)
                                                         net201 (net)
                      0.348536    0.000270   33.965836 ^ output201/A (sky130_fd_sc_hd__clkdlybuf4s25_1)
     1    0.036971    0.596351    1.001649   34.967487 ^ output201/X (sky130_fd_sc_hd__clkdlybuf4s25_1)
                                                         zero_flag (net)
                      0.596351    0.001354   34.968838 ^ zero_flag (out)
                                             34.968838   data arrival time

                      0.000000   40.000000   40.000000   clock __VIRTUAL_CLK__ (rise edge)
                                  0.000000   40.000000   clock network delay (ideal)
                                 -0.250000   39.750000   clock uncertainty
                                  0.000000   39.750000   clock reconvergence pessimism
                                 -8.000000   31.750000   output external delay
                                             31.750000   data required time
---------------------------------------------------------------------------------------------
                                             31.750000   data required time
                                            -34.968838   data arrival time
---------------------------------------------------------------------------------------------
                                             -3.218840   slack (VIOLATED)




===========================================================================
report_checks --slack_max -0.01
============================================================================
======================= nom_ss_100C_1v60 Corner ===================================

Startpoint: operand_b[1] (input port clocked by __VIRTUAL_CLK__)
Endpoint: zero_flag (output port clocked by __VIRTUAL_CLK__)
Path Group: __VIRTUAL_CLK__
Path Type: max

Fanout         Cap        Slew       Delay        Time   Description
---------------------------------------------------------------------------------------------
                      0.000000    0.000000    0.000000   clock __VIRTUAL_CLK__ (rise edge)
                                  0.000000    0.000000   clock network delay (ideal)
                                  8.000000    8.000000 ^ input external delay
     1    0.008500    0.070905    0.047341    8.047340 ^ operand_b[1] (in)
                                                         operand_b[1] (net)
                      0.070908    0.000000    8.047340 ^ input81/A (sky130_fd_sc_hd__clkdlybuf4s25_1)
     1    0.005794    0.116615    0.520789    8.568130 ^ input81/X (sky130_fd_sc_hd__clkdlybuf4s25_1)
                                                         net81 (net)
                      0.116615    0.000236    8.568366 ^ fanout406/A (sky130_fd_sc_hd__clkdlybuf4s25_1)
     7    0.093663    1.478227    1.561354   10.129720 ^ fanout406/X (sky130_fd_sc_hd__clkdlybuf4s25_1)
                                                         net406 (net)
                      1.478227    0.001344   10.131063 ^ fanout404/A (sky130_fd_sc_hd__clkdlybuf4s25_1)
     8    0.058635    0.933058    1.565110   11.696174 ^ fanout404/X (sky130_fd_sc_hd__clkdlybuf4s25_1)
                                                         net404 (net)
                      0.933058    0.000779   11.696952 ^ fanout402/A (sky130_fd_sc_hd__clkdlybuf4s25_1)
     3    0.027065    0.442111    1.066192   12.763144 ^ fanout402/X (sky130_fd_sc_hd__clkdlybuf4s25_1)
                                                         net402 (net)
                      0.442111    0.001388   12.764532 ^ load_slew403/A (sky130_fd_sc_hd__buf_4)
     8    0.056684    0.259575    0.532008   13.296540 ^ load_slew403/X (sky130_fd_sc_hd__buf_4)
                                                         net403 (net)
                      0.259590    0.002268   13.298808 ^ fanout400/A (sky130_fd_sc_hd__clkdlybuf4s25_1)
     5    0.046645    0.747677    1.080863   14.379671 ^ fanout400/X (sky130_fd_sc_hd__clkdlybuf4s25_1)
                                                         net400 (net)
                      0.747680    0.003067   14.382738 ^ load_slew401/A (sky130_fd_sc_hd__clkbuf_2)
     6    0.052794    0.445883    0.747623   15.130362 ^ load_slew401/X (sky130_fd_sc_hd__clkbuf_2)
                                                         net401 (net)
                      0.445897    0.003203   15.133564 ^ _3412_/B_N (sky130_fd_sc_hd__nor2b_2)
     4    0.021425    0.407960    0.640013   15.773577 ^ _3412_/Y (sky130_fd_sc_hd__nor2b_2)
                                                         _2625_ (net)
                      0.407960    0.001082   15.774658 ^ _3555_/C1 (sky130_fd_sc_hd__a221oi_2)
     5    0.020224    0.232034    0.255678   16.030336 v _3555_/Y (sky130_fd_sc_hd__a221oi_2)
                                                         _2765_ (net)
                      0.232035    0.001153   16.031490 v _3683_/A3 (sky130_fd_sc_hd__o31a_2)
     3    0.015640    0.151542    0.730095   16.761585 v _3683_/X (sky130_fd_sc_hd__o31a_2)
                                                         _2891_ (net)
                      0.151544    0.000806   16.762390 v _4087_/A2 (sky130_fd_sc_hd__o41a_2)
     4    0.045430    0.316031    1.249928   18.012320 v _4087_/X (sky130_fd_sc_hd__o41a_2)
                                                         _0069_ (net)
                      0.316044    0.002364   18.014683 v _4441_/A3 (sky130_fd_sc_hd__o31ai_4)
     1    0.011144    0.354117    0.463556   18.478239 ^ _4441_/Y (sky130_fd_sc_hd__o31ai_4)
                                                         _0415_ (net)
                      0.354117    0.000604   18.478844 ^ wire248/A (sky130_fd_sc_hd__buf_2)
     5    0.048615    0.380008    0.566541   19.045385 ^ wire248/X (sky130_fd_sc_hd__buf_2)
                                                         net248 (net)
                      0.380075    0.005228   19.050611 ^ _4442_/A (sky130_fd_sc_hd__clkbuf_1)
     5    0.027343    0.516177    0.605239   19.655851 ^ _4442_/X (sky130_fd_sc_hd__clkbuf_1)
                                                         _0416_ (net)
                      0.516177    0.000680   19.656530 ^ max_cap234/A (sky130_fd_sc_hd__buf_2)
     6    0.038519    0.305327    0.578291   20.234823 ^ max_cap234/X (sky130_fd_sc_hd__buf_2)
                                                         net234 (net)
                      0.305337    0.002210   20.237032 ^ _4443_/B (sky130_fd_sc_hd__nand2_2)
     9    0.045865    0.395463    0.457604   20.694635 v _4443_/Y (sky130_fd_sc_hd__nand2_2)
                                                         _0417_ (net)
                      0.395463    0.000917   20.695553 v _4541_/S (sky130_fd_sc_hd__mux2_2)
     1    0.005964    0.108380    0.743196   21.438747 v _4541_/X (sky130_fd_sc_hd__mux2_2)
                                                         _0513_ (net)
                      0.108380    0.000211   21.438959 v _4542_/B1 (sky130_fd_sc_hd__o31ai_2)
     3    0.007395    0.375585    0.137632   21.576591 ^ _4542_/Y (sky130_fd_sc_hd__o31ai_2)
                                                         _0514_ (net)
                      0.375585    0.000190   21.576782 ^ _4586_/D_N (sky130_fd_sc_hd__or4b_2)
     4    0.026364    0.358236    1.825690   23.402472 v _4586_/X (sky130_fd_sc_hd__or4b_2)
                                                         _0557_ (net)
                      0.358237    0.001627   23.404099 v _4743_/C (sky130_fd_sc_hd__or4b_4)
     6    0.042319    0.260319    1.303441   24.707541 v _4743_/X (sky130_fd_sc_hd__or4b_4)
                                                         _0710_ (net)
                      0.260341    0.002665   24.710205 v _5301_/A (sky130_fd_sc_hd__or3_2)
     2    0.014764    0.235677    1.363134   26.073338 v _5301_/X (sky130_fd_sc_hd__or3_2)
                                                         _1283_ (net)
                      0.235677    0.000684   26.074022 v _5499_/A (sky130_fd_sc_hd__or4_2)
     1    0.009057    0.263700    1.785461   27.859482 v _5499_/X (sky130_fd_sc_hd__or4_2)
                                                         _1495_ (net)
                      0.263700    0.000293   27.859776 v _5500_/B (sky130_fd_sc_hd__xnor2_2)
     1    0.003337    0.095016    0.323267   28.183043 v _5500_/Y (sky130_fd_sc_hd__xnor2_2)
                                                         _1496_ (net)
                      0.095016    0.000103   28.183146 v _5520_/A2 (sky130_fd_sc_hd__a221o_2)
     2    0.012708    0.141973    0.834799   29.017944 v _5520_/X (sky130_fd_sc_hd__a221o_2)
                                                         net182 (net)
                      0.141973    0.000277   29.018221 v _5981_/D (sky130_fd_sc_hd__or4_2)
     1    0.015020    0.304972    1.559322   30.577543 v _5981_/X (sky130_fd_sc_hd__or4_2)
                                                         _2010_ (net)
                      0.304972    0.000675   30.578218 v _5983_/C (sky130_fd_sc_hd__or4b_4)
     1    0.003869    0.149495    1.082103   31.660322 v _5983_/X (sky130_fd_sc_hd__or4b_4)
                                                         _2012_ (net)
                      0.149495    0.000128   31.660450 v _6003_/C (sky130_fd_sc_hd__or4_4)
     1    0.008030    0.168122    1.055263   32.715714 v _6003_/X (sky130_fd_sc_hd__or4_4)
                                                         _2034_ (net)
                      0.168122    0.000355   32.716068 v _6004_/D (sky130_fd_sc_hd__or4_4)
     1    0.009463    0.171570    0.945256   33.661324 v _6004_/X (sky130_fd_sc_hd__or4_4)
                                                         _2035_ (net)
                      0.171570    0.000338   33.661659 v _6005_/D (sky130_fd_sc_hd__nor4_4)
     1    0.006264    0.348536    0.303906   33.965569 ^ _6005_/Y (sky130_fd_sc_hd__nor4_4)
                                                         net201 (net)
                      0.348536    0.000270   33.965836 ^ output201/A (sky130_fd_sc_hd__clkdlybuf4s25_1)
     1    0.036971    0.596351    1.001649   34.967487 ^ output201/X (sky130_fd_sc_hd__clkdlybuf4s25_1)
                                                         zero_flag (net)
                      0.596351    0.001354   34.968838 ^ zero_flag (out)
                                             34.968838   data arrival time

                      0.000000   40.000000   40.000000   clock __VIRTUAL_CLK__ (rise edge)
                                  0.000000   40.000000   clock network delay (ideal)
                                 -0.250000   39.750000   clock uncertainty
                                  0.000000   39.750000   clock reconvergence pessimism
                                 -8.000000   31.750000   output external delay
                                             31.750000   data required time
---------------------------------------------------------------------------------------------
                                             31.750000   data required time
                                            -34.968838   data arrival time
---------------------------------------------------------------------------------------------
                                             -3.218840   slack (VIOLATED)




===========================================================================
 report_check_types -max_slew -max_cap -max_fanout -violators
============================================================================
======================= nom_ss_100C_1v60 Corner ===================================

max slew

Pin                                        Limit        Slew       Slack
------------------------------------------------------------------------
fanout373/A                             0.750000    1.478276   -0.728276 (VIOLATED)
fanout379/A                             0.750000    1.478268   -0.728268 (VIOLATED)
fanout393/A                             0.750000    1.478255   -0.728255 (VIOLATED)
fanout398/A                             0.750000    1.478241   -0.728241 (VIOLATED)
fanout387/A                             0.750000    1.478233   -0.728233 (VIOLATED)
fanout405/A                             0.750000    1.478232   -0.728232 (VIOLATED)
fanout404/A                             0.750000    1.478227   -0.728227 (VIOLATED)
fanout406/X                             0.750000    1.478227   -0.728227 (VIOLATED)
_3234_/A3                               0.750000    1.472675   -0.722675 (VIOLATED)
_3384_/A2                               0.750000    1.472675   -0.722675 (VIOLATED)
_5132_/A1                               0.750000    1.472668   -0.722668 (VIOLATED)
_5173_/A2                               0.750000    1.472669   -0.722669 (VIOLATED)
_5082_/A0                               0.750000    1.472665   -0.722665 (VIOLATED)
_5067_/A                                0.750000    1.472663   -0.722663 (VIOLATED)
_5086_/A                                0.750000    1.472663   -0.722663 (VIOLATED)
_5124_/A                                0.750000    1.472663   -0.722663 (VIOLATED)
_5128_/A                                0.750000    1.472663   -0.722663 (VIOLATED)
_6280_/A1                               0.750000    1.472663   -0.722663 (VIOLATED)
fanout530/X                             0.750000    1.472663   -0.722663 (VIOLATED)
_4955_/A1                               0.750000    1.372757   -0.622757 (VIOLATED)
_5112_/A1                               0.750000    1.372757   -0.622757 (VIOLATED)
_4871_/A1                               0.750000    1.372756   -0.622756 (VIOLATED)
_4440_/A                                0.750000    1.372754   -0.622754 (VIOLATED)
_4485_/A                                0.750000    1.372754   -0.622754 (VIOLATED)
_4439_/Y                                0.750000    1.372751   -0.622751 (VIOLATED)
_5862_/A                                0.750000    1.328561   -0.578561 (VIOLATED)
_5885_/B                                0.750000    1.328559   -0.578559 (VIOLATED)
_5843_/B                                0.750000    1.328557   -0.578557 (VIOLATED)
_5872_/B                                0.750000    1.328558   -0.578558 (VIOLATED)
_5886_/B                                0.750000    1.328554   -0.578554 (VIOLATED)
_5840_/A                                0.750000    1.328551   -0.578551 (VIOLATED)
_5860_/B                                0.750000    1.328551   -0.578551 (VIOLATED)
_5888_/B1                               0.750000    1.328551   -0.578551 (VIOLATED)
_6038_/A2                               0.750000    1.328551   -0.578551 (VIOLATED)
_6040_/A                                0.750000    1.328551   -0.578551 (VIOLATED)
fanout608/X                             0.750000    1.328551   -0.578551 (VIOLATED)
_6415_/A1                               0.750000    1.323760   -0.573760 (VIOLATED)
_5878_/A                                0.750000    1.323759   -0.573759 (VIOLATED)
_6047_/A1                               0.750000    1.323758   -0.573758 (VIOLATED)
_5901_/A0                               0.750000    1.323756   -0.573756 (VIOLATED)
_5963_/A2                               0.750000    1.323756   -0.573756 (VIOLATED)
_5931_/A                                0.750000    1.323751   -0.573752 (VIOLATED)
_5932_/A                                0.750000    1.323750   -0.573750 (VIOLATED)
_5881_/A                                0.750000    1.323731   -0.573731 (VIOLATED)
_5946_/A1                               0.750000    1.323717   -0.573717 (VIOLATED)
_3220_/A0                               0.750000    1.323365   -0.573365 (VIOLATED)
fanout462/X                             0.750000    1.323365   -0.573365 (VIOLATED)
_3286_/A1                               0.750000    1.316958   -0.566958 (VIOLATED)
_3331_/A0                               0.750000    1.316958   -0.566958 (VIOLATED)
_3341_/B                                0.750000    1.316958   -0.566958 (VIOLATED)
_3347_/A                                0.750000    1.316958   -0.566958 (VIOLATED)
_3357_/B                                0.750000    1.316958   -0.566958 (VIOLATED)
_3358_/A2                               0.750000    1.316958   -0.566958 (VIOLATED)
_3365_/A0                               0.750000    1.316958   -0.566958 (VIOLATED)
_3405_/A2                               0.750000    1.316958   -0.566958 (VIOLATED)
_3468_/A1                               0.750000    1.316958   -0.566958 (VIOLATED)
_6465_/A3                               0.750000    1.316958   -0.566958 (VIOLATED)
fanout593/X                             0.750000    1.316958   -0.566958 (VIOLATED)
_3235_/A2                               0.750000    1.273002   -0.523002 (VIOLATED)
_5379_/A3                               0.750000    1.272999   -0.522999 (VIOLATED)
_5325_/A1                               0.750000    1.272997   -0.522997 (VIOLATED)
_5288_/A                                0.750000    1.272996   -0.522996 (VIOLATED)
_5406_/A1                               0.750000    1.272996   -0.522996 (VIOLATED)
_5286_/A                                0.750000    1.272994   -0.522994 (VIOLATED)
_5266_/A                                0.750000    1.272993   -0.522993 (VIOLATED)
_5316_/A                                0.750000    1.272992   -0.522992 (VIOLATED)
_5320_/B1                               0.750000    1.272992   -0.522992 (VIOLATED)
_6372_/A1_N                             0.750000    1.272992   -0.522992 (VIOLATED)
fanout513/X                             0.750000    1.272992   -0.522992 (VIOLATED)
_3670_/B                                0.750000    1.268279   -0.518279 (VIOLATED)
_3607_/B                                0.750000    1.268277   -0.518277 (VIOLATED)
_3636_/A                                0.750000    1.268277   -0.518277 (VIOLATED)
_3638_/B                                0.750000    1.268277   -0.518277 (VIOLATED)
_3641_/A                                0.750000    1.268277   -0.518277 (VIOLATED)
_3672_/A2                               0.750000    1.268277   -0.518277 (VIOLATED)
_3673_/B                                0.750000    1.268277   -0.518277 (VIOLATED)
_3919_/A                                0.750000    1.268277   -0.518277 (VIOLATED)
_6014_/B                                0.750000    1.268277   -0.518277 (VIOLATED)
_6093_/A1                               0.750000    1.268277   -0.518277 (VIOLATED)
fanout602/X                             0.750000    1.268277   -0.518277 (VIOLATED)
_3369_/A_N                              0.750000    1.258548   -0.508548 (VIOLATED)
_3407_/B                                0.750000    1.258547   -0.508547 (VIOLATED)
_3694_/B                                0.750000    1.258543   -0.508543 (VIOLATED)
max_cap294/A                            0.750000    1.258542   -0.508542 (VIOLATED)
_3420_/C                                0.750000    1.258540   -0.508540 (VIOLATED)
_3417_/B                                0.750000    1.258533   -0.508533 (VIOLATED)
_3368_/X                                0.750000    1.258526   -0.508526 (VIOLATED)
_3505_/A2                               0.750000    1.255377   -0.505377 (VIOLATED)
_3439_/A3                               0.750000    1.255376   -0.505376 (VIOLATED)
_3582_/A2                               0.750000    1.255376   -0.505376 (VIOLATED)
_3235_/A1                               0.750000    1.255374   -0.505374 (VIOLATED)
_3324_/A0                               0.750000    1.255371   -0.505371 (VIOLATED)
_5281_/A2                               0.750000    1.255366   -0.505366 (VIOLATED)
_5325_/A3                               0.750000    1.255358   -0.505358 (VIOLATED)
_5237_/A1                               0.750000    1.255355   -0.505355 (VIOLATED)
_5225_/S                                0.750000    1.255354   -0.505354 (VIOLATED)
fanout517/A                             0.750000    1.255354   -0.505354 (VIOLATED)
fanout518/X                             0.750000    1.255354   -0.505354 (VIOLATED)
_5189_/D1                               0.750000    1.250048   -0.500048 (VIOLATED)
_4830_/C1                               0.750000    1.250047   -0.500047 (VIOLATED)
_3606_/A                                0.750000    1.250028   -0.500028 (VIOLATED)
fanout526/A                             0.750000    1.249707   -0.499707 (VIOLATED)
input4/X                                0.750000    1.249707   -0.499707 (VIOLATED)
_5810_/A_N                              0.750000    1.226667   -0.476667 (VIOLATED)
_5811_/B                                0.750000    1.226667   -0.476667 (VIOLATED)
_5831_/A_N                              0.750000    1.226667   -0.476667 (VIOLATED)
_5833_/A2                               0.750000    1.226667   -0.476667 (VIOLATED)
_5834_/A1                               0.750000    1.226667   -0.476667 (VIOLATED)
_5866_/B                                0.750000    1.226667   -0.476667 (VIOLATED)
_5868_/A2                               0.750000    1.226667   -0.476667 (VIOLATED)
_6036_/A                                0.750000    1.226667   -0.476667 (VIOLATED)
_6038_/A1                               0.750000    1.226667   -0.476667 (VIOLATED)
_6400_/A                                0.750000    1.226667   -0.476667 (VIOLATED)
fanout624/X                             0.750000    1.226667   -0.476667 (VIOLATED)
_3694_/A                                0.750000    1.224914   -0.474914 (VIOLATED)
_5012_/B                                0.750000    1.224868   -0.474868 (VIOLATED)
_3241_/C                                0.750000    1.224858   -0.474858 (VIOLATED)
_6478_/A2                               0.750000    1.224850   -0.474850 (VIOLATED)
_6486_/B                                0.750000    1.224849   -0.474849 (VIOLATED)
_3243_/B                                0.750000    1.224848   -0.474848 (VIOLATED)
fanout525/A                             0.750000    1.224815   -0.474815 (VIOLATED)
fanout526/X                             0.750000    1.224815   -0.474815 (VIOLATED)
_6162_/A                                0.750000    1.219183   -0.469183 (VIOLATED)
_4035_/A_N                              0.750000    1.219179   -0.469179 (VIOLATED)
_4050_/A2                               0.750000    1.219179   -0.469179 (VIOLATED)
_4051_/A1                               0.750000    1.219179   -0.469179 (VIOLATED)
_4036_/B_N                              0.750000    1.219178   -0.469178 (VIOLATED)
_4039_/B                                0.750000    1.219177   -0.469177 (VIOLATED)
_6020_/B                                0.750000    1.219177   -0.469177 (VIOLATED)
_6064_/A                                0.750000    1.219177   -0.469177 (VIOLATED)
_6157_/A                                0.750000    1.219177   -0.469177 (VIOLATED)
_6214_/A1                               0.750000    1.219177   -0.469177 (VIOLATED)
fanout413/X                             0.750000    1.219177   -0.469177 (VIOLATED)
_4968_/A                                0.750000    1.216835   -0.466835 (VIOLATED)
_4709_/Y                                0.750000    1.216834   -0.466834 (VIOLATED)
_4710_/D                                0.750000    1.216834   -0.466834 (VIOLATED)
ANTENNA_17/DIODE                        0.750000    1.205414   -0.455414 (VIOLATED)
fanout495/A                             0.750000    1.205414   -0.455414 (VIOLATED)
_3872_/A                                0.750000    1.205406   -0.455406 (VIOLATED)
_3893_/B1                               0.750000    1.205405   -0.455405 (VIOLATED)
fanout496/A                             0.750000    1.205403   -0.455403 (VIOLATED)
fanout499/A                             0.750000    1.205403   -0.455403 (VIOLATED)
fanout501/X                             0.750000    1.205403   -0.455403 (VIOLATED)
_3226_/A0                               0.750000    1.204957   -0.454957 (VIOLATED)
_5546_/A3                               0.750000    1.204951   -0.454951 (VIOLATED)
_5481_/A1                               0.750000    1.204946   -0.454946 (VIOLATED)
_5401_/A                                0.750000    1.204942   -0.454942 (VIOLATED)
_5460_/A                                0.750000    1.204942   -0.454942 (VIOLATED)
_5471_/B1                               0.750000    1.204942   -0.454942 (VIOLATED)
_5502_/A1                               0.750000    1.204942   -0.454942 (VIOLATED)
_6323_/A1                               0.750000    1.204942   -0.454942 (VIOLATED)
_6325_/A1                               0.750000    1.204942   -0.454942 (VIOLATED)
_6341_/A1                               0.750000    1.204942   -0.454942 (VIOLATED)
fanout504/X                             0.750000    1.204942   -0.454942 (VIOLATED)
_6106_/A                                0.750000    1.200349   -0.450349 (VIOLATED)
_6103_/A1                               0.750000    1.200330   -0.450331 (VIOLATED)
_5134_/S                                0.750000    1.200182   -0.450182 (VIOLATED)
_5443_/S0                               0.750000    1.200179   -0.450179 (VIOLATED)
_4331_/A1                               0.750000    1.200048   -0.450048 (VIOLATED)
_4142_/S1                               0.750000    1.200043   -0.450043 (VIOLATED)
_4553_/S1                               0.750000    1.199997   -0.449997 (VIOLATED)
_4805_/A                                0.750000    1.199975   -0.449975 (VIOLATED)
_4759_/S1                               0.750000    1.199974   -0.449974 (VIOLATED)
_4677_/S                                0.750000    1.199972   -0.449972 (VIOLATED)
_4141_/X                                0.750000    1.199906   -0.449906 (VIOLATED)
_3233_/A0                               0.750000    1.186501   -0.436501 (VIOLATED)
_3505_/A1                               0.750000    1.186500   -0.436500 (VIOLATED)
_3384_/A3                               0.750000    1.186499   -0.436500 (VIOLATED)
_3584_/A2                               0.750000    1.186499   -0.436499 (VIOLATED)
_3632_/A1                               0.750000    1.186496   -0.436496 (VIOLATED)
_5219_/A1                               0.750000    1.186461   -0.436461 (VIOLATED)
_5281_/A3                               0.750000    1.186458   -0.436458 (VIOLATED)
_5173_/A0                               0.750000    1.186453   -0.436453 (VIOLATED)
_5237_/A2                               0.750000    1.186449   -0.436449 (VIOLATED)
fanout519/A                             0.750000    1.186427   -0.436427 (VIOLATED)
fanout520/X                             0.750000    1.186427   -0.436427 (VIOLATED)
_4993_/A                                0.750000    1.168268   -0.418268 (VIOLATED)
_5008_/A0                               0.750000    1.168268   -0.418268 (VIOLATED)
_5018_/S                                0.750000    1.168268   -0.418268 (VIOLATED)
_5020_/B                                0.750000    1.168268   -0.418268 (VIOLATED)
_5031_/A                                0.750000    1.168268   -0.418268 (VIOLATED)
_5040_/B2                               0.750000    1.168268   -0.418268 (VIOLATED)
_5041_/A1                               0.750000    1.168268   -0.418268 (VIOLATED)
_5082_/A2                               0.750000    1.168268   -0.418268 (VIOLATED)
_6265_/B                                0.750000    1.168268   -0.418268 (VIOLATED)
_6271_/A1                               0.750000    1.168268   -0.418268 (VIOLATED)
fanout535/X                             0.750000    1.168268   -0.418268 (VIOLATED)
_3225_/A1                               0.750000    1.167620   -0.417620 (VIOLATED)
_3390_/A0                               0.750000    1.167620   -0.417620 (VIOLATED)
_5521_/A                                0.750000    1.167618   -0.417618 (VIOLATED)
_5546_/A0                               0.750000    1.167619   -0.417619 (VIOLATED)
_5576_/A1                               0.750000    1.167618   -0.417618 (VIOLATED)
_5577_/A1                               0.750000    1.167618   -0.417618 (VIOLATED)
_5615_/A2                               0.750000    1.167618   -0.417618 (VIOLATED)
_5712_/A                                0.750000    1.167618   -0.417618 (VIOLATED)
_6329_/A2                               0.750000    1.167618   -0.417618 (VIOLATED)
_6335_/B2                               0.750000    1.167618   -0.417618 (VIOLATED)
fanout487/X                             0.750000    1.167618   -0.417618 (VIOLATED)
_4094_/A                                0.750000    1.167502   -0.417502 (VIOLATED)
_4031_/B2                               0.750000    1.167499   -0.417499 (VIOLATED)
_3953_/B2                               0.750000    1.167498   -0.417498 (VIOLATED)
_3810_/B2                               0.750000    1.167495   -0.417495 (VIOLATED)
_3605_/A1                               0.750000    1.167486   -0.417486 (VIOLATED)
_3415_/B1                               0.750000    1.167479   -0.417479 (VIOLATED)
_3407_/Y                                0.750000    1.167200   -0.417200 (VIOLATED)
_4959_/A                                0.750000    1.165188   -0.415188 (VIOLATED)
_4983_/B                                0.750000    1.165188   -0.415188 (VIOLATED)
_4985_/A                                0.750000    1.165188   -0.415188 (VIOLATED)
_4996_/B2                               0.750000    1.165188   -0.415188 (VIOLATED)
_5008_/A1                               0.750000    1.165188   -0.415188 (VIOLATED)
_5040_/A1                               0.750000    1.165188   -0.415188 (VIOLATED)
_5045_/A2                               0.750000    1.165188   -0.415188 (VIOLATED)
_5082_/A3                               0.750000    1.165188   -0.415188 (VIOLATED)
_6265_/A                                0.750000    1.165188   -0.415188 (VIOLATED)
_6269_/A1                               0.750000    1.165188   -0.415188 (VIOLATED)
fanout537/X                             0.750000    1.165188   -0.415188 (VIOLATED)
_3505_/A3                               0.750000    1.157606   -0.407606 (VIOLATED)
_3584_/A3                               0.750000    1.157605   -0.407605 (VIOLATED)
_3632_/A2                               0.750000    1.157602   -0.407602 (VIOLATED)
_3383_/A0                               0.750000    1.157593   -0.407594 (VIOLATED)
_3233_/A1                               0.750000    1.157593   -0.407593 (VIOLATED)
_5338_/A3                               0.750000    1.157564   -0.407564 (VIOLATED)
_5281_/A1                               0.750000    1.157562   -0.407562 (VIOLATED)
_5325_/A2                               0.750000    1.157542   -0.407542 (VIOLATED)
_5237_/A0                               0.750000    1.157540   -0.407540 (VIOLATED)
fanout515/A                             0.750000    1.157530   -0.407530 (VIOLATED)
fanout516/X                             0.750000    1.157530   -0.407530 (VIOLATED)
_3234_/A1                               0.750000    1.156288   -0.406288 (VIOLATED)
_3384_/A0                               0.750000    1.156288   -0.406288 (VIOLATED)
_4970_/A1                               0.750000    1.156276   -0.406276 (VIOLATED)
_4933_/A0                               0.750000    1.156270   -0.406270 (VIOLATED)
_5045_/A3                               0.750000    1.156270   -0.406270 (VIOLATED)
_5008_/A2                               0.750000    1.156266   -0.406266 (VIOLATED)
_4894_/B                                0.750000    1.156240   -0.406240 (VIOLATED)
_4895_/A                                0.750000    1.156240   -0.406240 (VIOLATED)
_4942_/A                                0.750000    1.156240   -0.406240 (VIOLATED)
_6057_/B1                               0.750000    1.156240   -0.406240 (VIOLATED)
fanout539/X                             0.750000    1.156240   -0.406240 (VIOLATED)
_3388_/A0                               0.750000    1.147004   -0.397004 (VIOLATED)
_3277_/A1                               0.750000    1.147003   -0.397003 (VIOLATED)
_3530_/A3                               0.750000    1.147003   -0.397003 (VIOLATED)
_4212_/A                                0.750000    1.147003   -0.397003 (VIOLATED)
_4229_/A                                0.750000    1.147003   -0.397003 (VIOLATED)
_4239_/A                                0.750000    1.147003   -0.397003 (VIOLATED)
_4269_/A1                               0.750000    1.147003   -0.397003 (VIOLATED)
_4270_/A1                               0.750000    1.147003   -0.397003 (VIOLATED)
_4271_/A1                               0.750000    1.147003   -0.397003 (VIOLATED)
_6219_/B2                               0.750000    1.147003   -0.397003 (VIOLATED)
fanout594/X                             0.750000    1.147003   -0.397003 (VIOLATED)
_6405_/A1                               0.750000    1.142338   -0.392338 (VIOLATED)
_5810_/B                                0.750000    1.142337   -0.392337 (VIOLATED)
_5811_/A_N                              0.750000    1.142337   -0.392337 (VIOLATED)
_5831_/B                                0.750000    1.142336   -0.392336 (VIOLATED)
_5832_/S                                0.750000    1.142336   -0.392336 (VIOLATED)
_5866_/A                                0.750000    1.142336   -0.392336 (VIOLATED)
_5868_/A1                               0.750000    1.142336   -0.392336 (VIOLATED)
_6046_/A1                               0.750000    1.142336   -0.392336 (VIOLATED)
_6415_/B2                               0.750000    1.142336   -0.392336 (VIOLATED)
_6418_/A1                               0.750000    1.142336   -0.392336 (VIOLATED)
fanout469/X                             0.750000    1.142336   -0.392336 (VIOLATED)
_3428_/A                                0.750000    1.140001   -0.390001 (VIOLATED)
_3431_/B                                0.750000    1.139997   -0.389997 (VIOLATED)
_3380_/A0                               0.750000    1.139995   -0.389995 (VIOLATED)
_3331_/A1                               0.750000    1.139993   -0.389993 (VIOLATED)
_3425_/A0                               0.750000    1.139992   -0.389992 (VIOLATED)
_3286_/A2                               0.750000    1.139991   -0.389991 (VIOLATED)
_3520_/A1                               0.750000    1.139988   -0.389988 (VIOLATED)
_3464_/A                                0.750000    1.139984   -0.389984 (VIOLATED)
_6465_/A1                               0.750000    1.139981   -0.389981 (VIOLATED)
_3414_/B                                0.750000    1.139977   -0.389977 (VIOLATED)
fanout555/X                             0.750000    1.139977   -0.389977 (VIOLATED)
_4156_/A                                0.750000    1.120675   -0.370675 (VIOLATED)
_4021_/A0                               0.750000    1.120674   -0.370674 (VIOLATED)
_4049_/A1                               0.750000    1.120673   -0.370673 (VIOLATED)
_3982_/A1                               0.750000    1.120671   -0.370671 (VIOLATED)
_3889_/A1                               0.750000    1.120669   -0.370669 (VIOLATED)
_3787_/A1                               0.750000    1.120663   -0.370663 (VIOLATED)
_3716_/A0                               0.750000    1.120660   -0.370660 (VIOLATED)
_3599_/A1                               0.750000    1.120653   -0.370653 (VIOLATED)
_3354_/A0                               0.750000    1.120651   -0.370651 (VIOLATED)
_3352_/Y                                0.750000    1.120648   -0.370648 (VIOLATED)
_5305_/A                                0.750000    1.117424   -0.367425 (VIOLATED)
_5308_/A                                0.750000    1.117424   -0.367425 (VIOLATED)
_5315_/A                                0.750000    1.117424   -0.367425 (VIOLATED)
_5325_/A0                               0.750000    1.117424   -0.367425 (VIOLATED)
_5379_/A2                               0.750000    1.117424   -0.367425 (VIOLATED)
_5384_/A                                0.750000    1.117424   -0.367425 (VIOLATED)
_5393_/A                                0.750000    1.117424   -0.367425 (VIOLATED)
_5406_/B2                               0.750000    1.117424   -0.367425 (VIOLATED)
_5441_/A3                               0.750000    1.117424   -0.367425 (VIOLATED)
_6358_/A                                0.750000    1.117424   -0.367425 (VIOLATED)
fanout511/X                             0.750000    1.117424   -0.367425 (VIOLATED)
_3325_/A3                               0.750000    1.116924   -0.366924 (VIOLATED)
_3505_/A0                               0.750000    1.116925   -0.366925 (VIOLATED)
_6446_/A0                               0.750000    1.116924   -0.366924 (VIOLATED)
_3439_/A2                               0.750000    1.116921   -0.366921 (VIOLATED)
_3582_/A1                               0.750000    1.116917   -0.366917 (VIOLATED)
_3235_/A0                               0.750000    1.116914   -0.366914 (VIOLATED)
fanout522/A                             0.750000    1.116913   -0.366913 (VIOLATED)
_5219_/A2                               0.750000    1.116909   -0.366909 (VIOLATED)
_5132_/A0                               0.750000    1.116907   -0.366907 (VIOLATED)
fanout521/A                             0.750000    1.116882   -0.366882 (VIOLATED)
fanout523/X                             0.750000    1.116882   -0.366882 (VIOLATED)
_3285_/A2                               0.750000    1.110467   -0.360467 (VIOLATED)
_3444_/A3                               0.750000    1.110467   -0.360467 (VIOLATED)
_3607_/A                                0.750000    1.110467   -0.360467 (VIOLATED)
_3644_/A0                               0.750000    1.110467   -0.360467 (VIOLATED)
_3670_/A                                0.750000    1.110467   -0.360467 (VIOLATED)
_3672_/A1                               0.750000    1.110467   -0.360467 (VIOLATED)
_3673_/A                                0.750000    1.110467   -0.360467 (VIOLATED)
_3681_/A                                0.750000    1.110467   -0.360467 (VIOLATED)
_3738_/B1                               0.750000    1.110467   -0.360467 (VIOLATED)
_6468_/A1                               0.750000    1.110467   -0.360467 (VIOLATED)
fanout452/X                             0.750000    1.110467   -0.360467 (VIOLATED)
_3249_/A1                               0.750000    1.106197   -0.356197 (VIOLATED)
_3250_/A1                               0.750000    1.106197   -0.356197 (VIOLATED)
_3252_/A1                               0.750000    1.106197   -0.356197 (VIOLATED)
_3262_/B                                0.750000    1.106197   -0.356197 (VIOLATED)
_3264_/A                                0.750000    1.106197   -0.356197 (VIOLATED)
_3286_/A0                               0.750000    1.106197   -0.356197 (VIOLATED)
_3365_/A1                               0.750000    1.106197   -0.356197 (VIOLATED)
_3425_/A1                               0.750000    1.106197   -0.356197 (VIOLATED)
_3521_/A1                               0.750000    1.106197   -0.356197 (VIOLATED)
_6465_/A0                               0.750000    1.106197   -0.356197 (VIOLATED)
fanout471/X                             0.750000    1.106197   -0.356197 (VIOLATED)
_5260_/A                                0.750000    1.103506   -0.353506 (VIOLATED)
_4952_/B2                               0.750000    1.103499   -0.353499 (VIOLATED)
_4764_/B2                               0.750000    1.103492   -0.353492 (VIOLATED)
_5871_/A1                               0.750000    1.103432   -0.353432 (VIOLATED)
_5777_/B2                               0.750000    1.103429   -0.353430 (VIOLATED)
_5685_/A                                0.750000    1.103426   -0.353426 (VIOLATED)
_4246_/A1                               0.750000    1.103399   -0.353399 (VIOLATED)
_4065_/B2                               0.750000    1.103356   -0.353356 (VIOLATED)
_3905_/A1                               0.750000    1.103336   -0.353336 (VIOLATED)
_3765_/A1                               0.750000    1.103319   -0.353319 (VIOLATED)
_3723_/X                                0.750000    1.103308   -0.353308 (VIOLATED)
_5809_/A                                0.750000    1.103080   -0.353080 (VIOLATED)
_5778_/A                                0.750000    1.103079   -0.353079 (VIOLATED)
_5781_/A                                0.750000    1.103079   -0.353079 (VIOLATED)
_5828_/A1                               0.750000    1.103079   -0.353079 (VIOLATED)
_5845_/A1                               0.750000    1.103079   -0.353079 (VIOLATED)
_5846_/A1                               0.750000    1.103079   -0.353079 (VIOLATED)
_5855_/A2                               0.750000    1.103079   -0.353079 (VIOLATED)
_5874_/A                                0.750000    1.103079   -0.353079 (VIOLATED)
_5901_/A3                               0.750000    1.103079   -0.353079 (VIOLATED)
_6043_/B2                               0.750000    1.103079   -0.353079 (VIOLATED)
fanout473/X                             0.750000    1.103079   -0.353079 (VIOLATED)
_5155_/A                                0.750000    1.101687   -0.351687 (VIOLATED)
_5157_/A                                0.750000    1.101686   -0.351686 (VIOLATED)
_5179_/S                                0.750000    1.101687   -0.351687 (VIOLATED)
_5158_/B_N                              0.750000    1.101686   -0.351686 (VIOLATED)
_5253_/A1                               0.750000    1.101686   -0.351686 (VIOLATED)
_5212_/A1                               0.750000    1.101685   -0.351685 (VIOLATED)
_5211_/B2                               0.750000    1.101683   -0.351684 (VIOLATED)
_6380_/B                                0.750000    1.101683   -0.351684 (VIOLATED)
_6386_/A                                0.750000    1.101683   -0.351684 (VIOLATED)
_6391_/B                                0.750000    1.101683   -0.351684 (VIOLATED)
fanout519/X                             0.750000    1.101683   -0.351684 (VIOLATED)
_3277_/A3                               0.750000    1.098927   -0.348928 (VIOLATED)
_3388_/A2                               0.750000    1.098927   -0.348928 (VIOLATED)
_3528_/A3                               0.750000    1.098927   -0.348928 (VIOLATED)
_4397_/A                                0.750000    1.098927   -0.348928 (VIOLATED)
_4408_/B_N                              0.750000    1.098927   -0.348928 (VIOLATED)
_4410_/S                                0.750000    1.098927   -0.348928 (VIOLATED)
_4436_/A_N                              0.750000    1.098927   -0.348928 (VIOLATED)
_4451_/B1                               0.750000    1.098927   -0.348928 (VIOLATED)
_6199_/D                                0.750000    1.098927   -0.348928 (VIOLATED)
_6208_/A                                0.750000    1.098927   -0.348928 (VIOLATED)
fanout570/X                             0.750000    1.098927   -0.348928 (VIOLATED)
_4340_/A1_N                             0.750000    1.098838   -0.348838 (VIOLATED)
_5014_/B                                0.750000    1.098828   -0.348828 (VIOLATED)
_5619_/A1                               0.750000    1.098829   -0.348829 (VIOLATED)
_3593_/A2_N                             0.750000    1.098823   -0.348823 (VIOLATED)
_3589_/Y                                0.750000    1.098821   -0.348821 (VIOLATED)
_3225_/A0                               0.750000    1.081986   -0.331986 (VIOLATED)
_6439_/A3                               0.750000    1.081986   -0.331986 (VIOLATED)
_3503_/A1                               0.750000    1.081985   -0.331985 (VIOLATED)
_3383_/A3                               0.750000    1.081985   -0.331985 (VIOLATED)
_3631_/A1                               0.750000    1.081983   -0.331983 (VIOLATED)
_3583_/A2                               0.750000    1.081983   -0.331983 (VIOLATED)
_5584_/A3                               0.750000    1.081981   -0.331981 (VIOLATED)
_5506_/A1                               0.750000    1.081978   -0.331978 (VIOLATED)
fanout502/A                             0.750000    1.081942   -0.331942 (VIOLATED)
fanout503/X                             0.750000    1.081942   -0.331942 (VIOLATED)
_3319_/A0                               0.750000    1.069812   -0.319812 (VIOLATED)
_3226_/A1                               0.750000    1.069810   -0.319810 (VIOLATED)
_3438_/A3                               0.750000    1.069809   -0.319809 (VIOLATED)
_3503_/A2                               0.750000    1.069809   -0.319809 (VIOLATED)
_3581_/A2                               0.750000    1.069808   -0.319808 (VIOLATED)
_5506_/A0                               0.750000    1.069806   -0.319806 (VIOLATED)
_5546_/A1                               0.750000    1.069806   -0.319806 (VIOLATED)
_5584_/A2                               0.750000    1.069806   -0.319806 (VIOLATED)
_5615_/A3                               0.750000    1.069806   -0.319806 (VIOLATED)
fanout489/A                             0.750000    1.069806   -0.319806 (VIOLATED)
fanout490/X                             0.750000    1.069806   -0.319806 (VIOLATED)
_6450_/A3                               0.750000    1.067948   -0.317948 (VIOLATED)
_3234_/A2                               0.750000    1.067946   -0.317946 (VIOLATED)
_3384_/A1                               0.750000    1.067946   -0.317946 (VIOLATED)
_3506_/A1                               0.750000    1.067946   -0.317946 (VIOLATED)
_3584_/A0                               0.750000    1.067947   -0.317947 (VIOLATED)
_3648_/A3                               0.750000    1.067947   -0.317947 (VIOLATED)
_5045_/A1                               0.750000    1.067945   -0.317945 (VIOLATED)
_5132_/A3                               0.750000    1.067945   -0.317945 (VIOLATED)
fanout535/A                             0.750000    1.067945   -0.317945 (VIOLATED)
fanout536/X                             0.750000    1.067945   -0.317945 (VIOLATED)
_3329_/A1                               0.750000    1.066699   -0.316699 (VIOLATED)
_4099_/A0                               0.750000    1.066696   -0.316696 (VIOLATED)
_4189_/A1                               0.750000    1.066693   -0.316693 (VIOLATED)
_3441_/A2                               0.750000    1.066690   -0.316690 (VIOLATED)
_3278_/A0                               0.750000    1.066686   -0.316686 (VIOLATED)
_3569_/A1                               0.750000    1.066673   -0.316673 (VIOLATED)
_4131_/A1                               0.750000    1.066660   -0.316660 (VIOLATED)
_4177_/A1                               0.750000    1.066655   -0.316655 (VIOLATED)
_4175_/A                                0.750000    1.066653   -0.316653 (VIOLATED)
fanout603/A                             0.750000    1.066653   -0.316653 (VIOLATED)
fanout604/X                             0.750000    1.066653   -0.316653 (VIOLATED)
_6428_/A0                               0.750000    1.058681   -0.308681 (VIOLATED)
_3705_/A0                               0.750000    1.058681   -0.308681 (VIOLATED)
_3222_/A0                               0.750000    1.058680   -0.308680 (VIOLATED)
_3319_/A3                               0.750000    1.058677   -0.308677 (VIOLATED)
_3458_/A2                               0.750000    1.058674   -0.308674 (VIOLATED)
_3586_/A1                               0.750000    1.058673   -0.308673 (VIOLATED)
_5828_/A3                               0.750000    1.058669   -0.308669 (VIOLATED)
fanout477/A                             0.750000    1.058658   -0.308658 (VIOLATED)
fanout478/X                             0.750000    1.058658   -0.308658 (VIOLATED)
_6450_/A1                               0.750000    1.054782   -0.304782 (VIOLATED)
_3582_/A0                               0.750000    1.054780   -0.304780 (VIOLATED)
_3439_/A1                               0.750000    1.054779   -0.304779 (VIOLATED)
_3506_/A2                               0.750000    1.054778   -0.304778 (VIOLATED)
_3325_/A2                               0.750000    1.054775   -0.304775 (VIOLATED)
_3236_/A3                               0.750000    1.054772   -0.304772 (VIOLATED)
_5045_/A0                               0.750000    1.054766   -0.304766 (VIOLATED)
_5094_/C1                               0.750000    1.054766   -0.304766 (VIOLATED)
fanout533/A                             0.750000    1.054765   -0.304765 (VIOLATED)
fanout534/X                             0.750000    1.054765   -0.304765 (VIOLATED)
_3388_/A1                               0.750000    1.054538   -0.304538 (VIOLATED)
_3277_/A2                               0.750000    1.054538   -0.304538 (VIOLATED)
_3528_/A1                               0.750000    1.054538   -0.304538 (VIOLATED)
_4298_/A                                0.750000    1.054538   -0.304538 (VIOLATED)
_4300_/A                                0.750000    1.054538   -0.304538 (VIOLATED)
_4307_/A                                0.750000    1.054538   -0.304538 (VIOLATED)
_4348_/B_N                              0.750000    1.054538   -0.304538 (VIOLATED)
_4385_/A                                0.750000    1.054538   -0.304538 (VIOLATED)
_4386_/B2                               0.750000    1.054538   -0.304538 (VIOLATED)
_6199_/B                                0.750000    1.054538   -0.304538 (VIOLATED)
fanout589/X                             0.750000    1.054538   -0.304538 (VIOLATED)
_5841_/A                                0.750000    1.051578   -0.301578 (VIOLATED)
_5842_/A                                0.750000    1.051578   -0.301578 (VIOLATED)
_5855_/A0                               0.750000    1.051578   -0.301578 (VIOLATED)
_5890_/A                                0.750000    1.051578   -0.301578 (VIOLATED)
_5897_/A                                0.750000    1.051578   -0.301578 (VIOLATED)
_5898_/A                                0.750000    1.051578   -0.301578 (VIOLATED)
_5901_/A1                               0.750000    1.051578   -0.301578 (VIOLATED)
_5923_/A                                0.750000    1.051578   -0.301578 (VIOLATED)
_6039_/A1                               0.750000    1.051578   -0.301578 (VIOLATED)
_6416_/C1                               0.750000    1.051578   -0.301578 (VIOLATED)
fanout464/X                             0.750000    1.051578   -0.301578 (VIOLATED)
_3442_/S                                0.750000    1.049205   -0.299205 (VIOLATED)
_3444_/S0                               0.750000    1.049204   -0.299204 (VIOLATED)
_3285_/S0                               0.750000    1.049203   -0.299203 (VIOLATED)
_3380_/S0                               0.750000    1.049196   -0.299196 (VIOLATED)
_6095_/A                                0.750000    1.049192   -0.299192 (VIOLATED)
_6012_/A                                0.750000    1.049191   -0.299191 (VIOLATED)
ANTENNA_37/DIODE                        0.750000    1.049190   -0.299190 (VIOLATED)
_6100_/A                                0.750000    1.049190   -0.299190 (VIOLATED)
fanout441/A                             0.750000    1.049190   -0.299190 (VIOLATED)
fanout443/X                             0.750000    1.049190   -0.299190 (VIOLATED)
_3327_/A1                               0.750000    1.043835   -0.293835 (VIOLATED)
_3280_/A0                               0.750000    1.043835   -0.293835 (VIOLATED)
_3936_/A                                0.750000    1.043831   -0.293831 (VIOLATED)
_3964_/A1                               0.750000    1.043828   -0.293828 (VIOLATED)
_3906_/A                                0.750000    1.043827   -0.293827 (VIOLATED)
_3934_/B                                0.750000    1.043827   -0.293827 (VIOLATED)
_3957_/B1                               0.750000    1.043827   -0.293827 (VIOLATED)
_3965_/A                                0.750000    1.043827   -0.293827 (VIOLATED)
_3995_/A1                               0.750000    1.043827   -0.293827 (VIOLATED)
_6149_/B1                               0.750000    1.043827   -0.293827 (VIOLATED)
fanout359/X                             0.750000    1.043827   -0.293827 (VIOLATED)
_6164_/A                                0.750000    1.041335   -0.291335 (VIOLATED)
_4107_/A                                0.750000    1.041334   -0.291334 (VIOLATED)
_6064_/B                                0.750000    1.041332   -0.291333 (VIOLATED)
_4066_/B                                0.750000    1.041332   -0.291332 (VIOLATED)
_4112_/A                                0.750000    1.041332   -0.291332 (VIOLATED)
_4113_/A1                               0.750000    1.041332   -0.291332 (VIOLATED)
_4128_/A1                               0.750000    1.041332   -0.291332 (VIOLATED)
_4182_/B1                               0.750000    1.041332   -0.291332 (VIOLATED)
_6020_/C                                0.750000    1.041332   -0.291332 (VIOLATED)
_6216_/A1                               0.750000    1.041332   -0.291332 (VIOLATED)
fanout412/X                             0.750000    1.041332   -0.291332 (VIOLATED)
_4247_/A                                0.750000    1.036997   -0.286997 (VIOLATED)
_4289_/S                                0.750000    1.036997   -0.286997 (VIOLATED)
_4386_/A1                               0.750000    1.036997   -0.286997 (VIOLATED)
_4316_/B1                               0.750000    1.036996   -0.286996 (VIOLATED)
_6199_/A                                0.750000    1.036996   -0.286997 (VIOLATED)
_4305_/A1                               0.750000    1.036996   -0.286996 (VIOLATED)
_4308_/B2                               0.750000    1.036996   -0.286996 (VIOLATED)
_4291_/B                                0.750000    1.036986   -0.286986 (VIOLATED)
_6200_/A_N                              0.750000    1.036986   -0.286986 (VIOLATED)
_6204_/A1                               0.750000    1.036986   -0.286986 (VIOLATED)
fanout591/X                             0.750000    1.036986   -0.286986 (VIOLATED)
_3659_/A1                               0.750000    1.031343   -0.281343 (VIOLATED)
_3735_/A                                0.750000    1.031340   -0.281341 (VIOLATED)
_3618_/A                                0.750000    1.031340   -0.281340 (VIOLATED)
_3254_/B                                0.750000    1.031332   -0.281332 (VIOLATED)
_3434_/B1                               0.750000    1.031330   -0.281331 (VIOLATED)
_3369_/C                                0.750000    1.031328   -0.281328 (VIOLATED)
_3256_/A                                0.750000    1.031327   -0.281327 (VIOLATED)
_3259_/A0                               0.750000    1.031327   -0.281327 (VIOLATED)
_3272_/A1                               0.750000    1.031327   -0.281327 (VIOLATED)
_3290_/B                                0.750000    1.031327   -0.281327 (VIOLATED)
fanout498/X                             0.750000    1.031327   -0.281327 (VIOLATED)
_6349_/A                                0.750000    1.030334   -0.280334 (VIOLATED)
_5729_/A1                               0.750000    1.030331   -0.280331 (VIOLATED)
_5728_/A1                               0.750000    1.030329   -0.280329 (VIOLATED)
_5727_/B1                               0.750000    1.030328   -0.280328 (VIOLATED)
_6375_/A2                               0.750000    1.030323   -0.280323 (VIOLATED)
_6378_/A1                               0.750000    1.030322   -0.280322 (VIOLATED)
_5670_/A                                0.750000    1.030320   -0.280320 (VIOLATED)
_5702_/A0                               0.750000    1.030320   -0.280320 (VIOLATED)
_5737_/A1                               0.750000    1.030320   -0.280320 (VIOLATED)
_5764_/A2                               0.750000    1.030320   -0.280320 (VIOLATED)
fanout479/X                             0.750000    1.030320   -0.280320 (VIOLATED)
_4024_/A1                               0.750000    1.029536   -0.279536 (VIOLATED)
_4018_/B                                0.750000    1.029533   -0.279533 (VIOLATED)
_4022_/A                                0.750000    1.029533   -0.279533 (VIOLATED)
_4032_/A2                               0.750000    1.029533   -0.279533 (VIOLATED)
_4034_/A2                               0.750000    1.029532   -0.279533 (VIOLATED)
_4033_/B1                               0.750000    1.029531   -0.279531 (VIOLATED)
_3994_/B                                0.750000    1.029526   -0.279526 (VIOLATED)
_6020_/A                                0.750000    1.029525   -0.279525 (VIOLATED)
_6158_/A                                0.750000    1.029525   -0.279525 (VIOLATED)
_6063_/B                                0.750000    1.029523   -0.279523 (VIOLATED)
fanout414/X                             0.750000    1.029523   -0.279523 (VIOLATED)
_4163_/A1                               0.750000    1.026912   -0.276912 (VIOLATED)
_4838_/A2                               0.750000    1.026907   -0.276907 (VIOLATED)
_5485_/A                                0.750000    1.026904   -0.276904 (VIOLATED)
_4153_/Y                                0.750000    1.026898   -0.276898 (VIOLATED)
_5965_/S1                               0.750000    1.020998   -0.270998 (VIOLATED)
_5705_/C1                               0.750000    1.020991   -0.270991 (VIOLATED)
_5377_/B1                               0.750000    1.020988   -0.270988 (VIOLATED)
_4937_/A                                0.750000    1.020947   -0.270947 (VIOLATED)
_4882_/B1                               0.750000    1.020904   -0.270904 (VIOLATED)
_5903_/S1                               0.750000    1.020904   -0.270904 (VIOLATED)
_4341_/A1                               0.750000    1.020749   -0.270749 (VIOLATED)
_4384_/A                                0.750000    1.020717   -0.270717 (VIOLATED)
_6123_/A1                               0.750000    1.020709   -0.270709 (VIOLATED)
_4245_/A1                               0.750000    1.020703   -0.270703 (VIOLATED)
_4218_/X                                0.750000    1.020687   -0.270687 (VIOLATED)
_3282_/A1                               0.750000    1.019388   -0.269389 (VIOLATED)
_3376_/A2                               0.750000    1.019386   -0.269386 (VIOLATED)
_4049_/S                                0.750000    1.019380   -0.269380 (VIOLATED)
_4035_/B                                0.750000    1.019377   -0.269377 (VIOLATED)
_4036_/A                                0.750000    1.019371   -0.269371 (VIOLATED)
_4039_/A                                0.750000    1.019368   -0.269368 (VIOLATED)
_4072_/A1                               0.750000    1.019365   -0.269365 (VIOLATED)
_4071_/B2                               0.750000    1.019364   -0.269364 (VIOLATED)
_6159_/A1                               0.750000    1.019364   -0.269364 (VIOLATED)
_6169_/B2                               0.750000    1.019364   -0.269364 (VIOLATED)
fanout630/X                             0.750000    1.019364   -0.269364 (VIOLATED)
_5814_/B                                0.750000    1.003022   -0.253022 (VIOLATED)
_5815_/B                                0.750000    1.003020   -0.253020 (VIOLATED)
_5822_/B                                0.750000    1.003020   -0.253020 (VIOLATED)
_5821_/A                                0.750000    1.002993   -0.252993 (VIOLATED)
_5823_/A2                               0.750000    1.002990   -0.252990 (VIOLATED)
_5813_/X                                0.750000    1.002986   -0.252986 (VIOLATED)
_6449_/A1                               0.750000    0.999803   -0.249804 (VIOLATED)
_3235_/A3                               0.750000    0.999803   -0.249803 (VIOLATED)
_3581_/A0                               0.750000    0.999802   -0.249802 (VIOLATED)
_3324_/A2                               0.750000    0.999800   -0.249800 (VIOLATED)
_3504_/A2                               0.750000    0.999801   -0.249801 (VIOLATED)
_3438_/A1                               0.750000    0.999800   -0.249800 (VIOLATED)
_5338_/A0                               0.750000    0.999784   -0.249784 (VIOLATED)
fanout509/A                             0.750000    0.999782   -0.249782 (VIOLATED)
fanout508/A                             0.750000    0.999776   -0.249776 (VIOLATED)
fanout510/X                             0.750000    0.999776   -0.249776 (VIOLATED)
_3786_/A_N                              0.750000    0.996361   -0.246361 (VIOLATED)
_3766_/B                                0.750000    0.996361   -0.246361 (VIOLATED)
_3788_/A2                               0.750000    0.996361   -0.246361 (VIOLATED)
_3826_/B                                0.750000    0.996360   -0.246360 (VIOLATED)
_3815_/B                                0.750000    0.996357   -0.246357 (VIOLATED)
_3824_/B                                0.750000    0.996357   -0.246357 (VIOLATED)
_3874_/A2                               0.750000    0.996357   -0.246357 (VIOLATED)
_6017_/B                                0.750000    0.996357   -0.246357 (VIOLATED)
_6062_/B                                0.750000    0.996357   -0.246357 (VIOLATED)
_6126_/B                                0.750000    0.996357   -0.246357 (VIOLATED)
fanout599/X                             0.750000    0.996357   -0.246357 (VIOLATED)
_3253_/A                                0.750000    0.989871   -0.239871 (VIOLATED)
_3261_/B2                               0.750000    0.989871   -0.239871 (VIOLATED)
_3340_/B1                               0.750000    0.989871   -0.239871 (VIOLATED)
_3342_/A1                               0.750000    0.989871   -0.239871 (VIOLATED)
_3345_/A1                               0.750000    0.989871   -0.239871 (VIOLATED)
_3346_/A1                               0.750000    0.989871   -0.239871 (VIOLATED)
_3404_/A2                               0.750000    0.989871   -0.239871 (VIOLATED)
_3405_/B1                               0.750000    0.989871   -0.239871 (VIOLATED)
_3409_/A                                0.750000    0.989871   -0.239871 (VIOLATED)
_3410_/B                                0.750000    0.989871   -0.239871 (VIOLATED)
fanout697/X                             0.750000    0.989871   -0.239871 (VIOLATED)
_6102_/B                                0.750000    0.988965   -0.238965 (VIOLATED)
_6101_/A                                0.750000    0.988964   -0.238964 (VIOLATED)
_3494_/X                                0.750000    0.988957   -0.238957 (VIOLATED)
max_cap308/A                            0.750000    0.988957   -0.238957 (VIOLATED)
_3801_/C1                               0.750000    0.988027   -0.238027 (VIOLATED)
_3882_/S0                               0.750000    0.988027   -0.238027 (VIOLATED)
_3973_/S0                               0.750000    0.988027   -0.238027 (VIOLATED)
_4061_/S1                               0.750000    0.988027   -0.238027 (VIOLATED)
fanout678/A                             0.750000    0.988027   -0.238027 (VIOLATED)
fanout684/A                             0.750000    0.988027   -0.238027 (VIOLATED)
fanout687/A                             0.750000    0.988027   -0.238027 (VIOLATED)
fanout688/X                             0.750000    0.988027   -0.238027 (VIOLATED)
_6468_/A3                               0.750000    0.986827   -0.236827 (VIOLATED)
_3595_/A0                               0.750000    0.986826   -0.236826 (VIOLATED)
_3711_/A1                               0.750000    0.986827   -0.236827 (VIOLATED)
_3380_/A3                               0.750000    0.986823   -0.236823 (VIOLATED)
_3444_/A2                               0.750000    0.986823   -0.236823 (VIOLATED)
_3600_/B                                0.750000    0.986823   -0.236823 (VIOLATED)
_3546_/B                                0.750000    0.986822   -0.236822 (VIOLATED)
_3599_/S                                0.750000    0.986822   -0.236822 (VIOLATED)
_3621_/A1                               0.750000    0.986822   -0.236822 (VIOLATED)
_3622_/A1                               0.750000    0.986822   -0.236822 (VIOLATED)
fanout466/X                             0.750000    0.986822   -0.236822 (VIOLATED)
_6400_/B                                0.750000    0.986609   -0.236609 (VIOLATED)
_5823_/A1                               0.750000    0.986608   -0.236608 (VIOLATED)
_5781_/Y                                0.750000    0.986604   -0.236604 (VIOLATED)
_5782_/B                                0.750000    0.986604   -0.236604 (VIOLATED)
_5815_/A                                0.750000    0.986604   -0.236604 (VIOLATED)
_5849_/A                                0.750000    0.986604   -0.236604 (VIOLATED)
_3482_/A3                               0.750000    0.984485   -0.234485 (VIOLATED)
_3236_/A1                               0.750000    0.984484   -0.234484 (VIOLATED)
_3325_/A0                               0.750000    0.984484   -0.234484 (VIOLATED)
_3573_/A2                               0.750000    0.984484   -0.234484 (VIOLATED)
_3526_/A2                               0.750000    0.984482   -0.234482 (VIOLATED)
_6447_/A1                               0.750000    0.984480   -0.234480 (VIOLATED)
_5008_/A3                               0.750000    0.984467   -0.234467 (VIOLATED)
_4970_/A2                               0.750000    0.984466   -0.234466 (VIOLATED)
fanout540/A                             0.750000    0.984466   -0.234466 (VIOLATED)
fanout541/X                             0.750000    0.984466   -0.234466 (VIOLATED)
_3283_/A1                               0.750000    0.983358   -0.233358 (VIOLATED)
_3861_/A                                0.750000    0.983358   -0.233358 (VIOLATED)
_3877_/A0                               0.750000    0.983357   -0.233357 (VIOLATED)
_6464_/A2                               0.750000    0.983358   -0.233358 (VIOLATED)
_3977_/A1                               0.750000    0.983357   -0.233357 (VIOLATED)
_3891_/B_N                              0.750000    0.983356   -0.233356 (VIOLATED)
_3651_/A0                               0.750000    0.983356   -0.233356 (VIOLATED)
_3376_/A0                               0.750000    0.983355   -0.233355 (VIOLATED)
_3889_/S                                0.750000    0.983355   -0.233355 (VIOLATED)
_3908_/A                                0.750000    0.983355   -0.233355 (VIOLATED)
fanout409/X                             0.750000    0.983355   -0.233355 (VIOLATED)
fanout469/A                             0.750000    0.981636   -0.231636 (VIOLATED)
_5855_/A1                               0.750000    0.981631   -0.231631 (VIOLATED)
_5828_/A0                               0.750000    0.981628   -0.231628 (VIOLATED)
_5901_/A2                               0.750000    0.981628   -0.231628 (VIOLATED)
_5946_/A3                               0.750000    0.981627   -0.231627 (VIOLATED)
_3587_/A3                               0.750000    0.981624   -0.231624 (VIOLATED)
_3395_/A1                               0.750000    0.981623   -0.231623 (VIOLATED)
_3222_/A3                               0.750000    0.981621   -0.231621 (VIOLATED)
_3304_/A2                               0.750000    0.981621   -0.231621 (VIOLATED)
_3451_/A0                               0.750000    0.981621   -0.231621 (VIOLATED)
fanout470/X                             0.750000    0.981621   -0.231621 (VIOLATED)
_4130_/B1                               0.750000    0.974301   -0.224301 (VIOLATED)
_4128_/B1                               0.750000    0.974300   -0.224300 (VIOLATED)
_4066_/A                                0.750000    0.974300   -0.224300 (VIOLATED)
_4108_/A                                0.750000    0.974300   -0.224300 (VIOLATED)
_4112_/B_N                              0.750000    0.974300   -0.224300 (VIOLATED)
_4121_/A1                               0.750000    0.974300   -0.224300 (VIOLATED)
_4182_/C1                               0.750000    0.974300   -0.224300 (VIOLATED)
_6165_/S                                0.750000    0.974300   -0.224300 (VIOLATED)
_6167_/A                                0.750000    0.974300   -0.224300 (VIOLATED)
_6212_/B1                               0.750000    0.974300   -0.224300 (VIOLATED)
fanout603/X                             0.750000    0.974300   -0.224300 (VIOLATED)
_6431_/A0                               0.750000    0.971074   -0.221074 (VIOLATED)
_3304_/A0                               0.750000    0.971074   -0.221074 (VIOLATED)
_3624_/A1                               0.750000    0.971074   -0.221074 (VIOLATED)
_3222_/A1                               0.750000    0.971073   -0.221073 (VIOLATED)
_3587_/A2                               0.750000    0.971071   -0.221071 (VIOLATED)
_3390_/A3                               0.750000    0.971070   -0.221070 (VIOLATED)
_5801_/A1                               0.750000    0.971067   -0.221067 (VIOLATED)
_5855_/A3                               0.750000    0.971066   -0.221066 (VIOLATED)
fanout475/A                             0.750000    0.971066   -0.221066 (VIOLATED)
fanout476/X                             0.750000    0.971066   -0.221066 (VIOLATED)
_6459_/S                                0.750000    0.969742   -0.219742 (VIOLATED)
_6462_/S                                0.750000    0.969742   -0.219742 (VIOLATED)
_6448_/S                                0.750000    0.969740   -0.219740 (VIOLATED)
_6451_/S                                0.750000    0.969714   -0.219714 (VIOLATED)
_6445_/S                                0.750000    0.969651   -0.219651 (VIOLATED)
_6469_/S                                0.750000    0.969646   -0.219646 (VIOLATED)
_6466_/S                                0.750000    0.969644   -0.219644 (VIOLATED)
_6444_/Y                                0.750000    0.969639   -0.219639 (VIOLATED)
_6036_/B                                0.750000    0.967295   -0.217295 (VIOLATED)
_6417_/B                                0.750000    0.967295   -0.217295 (VIOLATED)
_6045_/B1                               0.750000    0.967288   -0.217288 (VIOLATED)
_6414_/B                                0.750000    0.967284   -0.217284 (VIOLATED)
_6035_/X                                0.750000    0.967281   -0.217281 (VIOLATED)
_6038_/A3                               0.750000    0.967281   -0.217281 (VIOLATED)
_6046_/A3                               0.750000    0.967281   -0.217281 (VIOLATED)
_5019_/A2                               0.750000    0.966926   -0.216926 (VIOLATED)
_3248_/B                                0.750000    0.966926   -0.216926 (VIOLATED)
_3251_/A_N                              0.750000    0.966926   -0.216926 (VIOLATED)
_3254_/A                                0.750000    0.966926   -0.216926 (VIOLATED)
_3258_/A                                0.750000    0.966926   -0.216926 (VIOLATED)
_3259_/A1                               0.750000    0.966926   -0.216926 (VIOLATED)
_3260_/B                                0.750000    0.966926   -0.216926 (VIOLATED)
_3289_/A                                0.750000    0.966926   -0.216926 (VIOLATED)
_3292_/C                                0.750000    0.966926   -0.216926 (VIOLATED)
_3351_/A2                               0.750000    0.966926   -0.216926 (VIOLATED)
_3361_/C                                0.750000    0.966926   -0.216926 (VIOLATED)
fanout524/X                             0.750000    0.966926   -0.216926 (VIOLATED)
_5020_/A_N                              0.750000    0.966924   -0.216924 (VIOLATED)
_4993_/B                                0.750000    0.966924   -0.216924 (VIOLATED)
_5040_/B1                               0.750000    0.966924   -0.216924 (VIOLATED)
_5041_/A2                               0.750000    0.966924   -0.216924 (VIOLATED)
_6010_/C                                0.750000    0.966924   -0.216924 (VIOLATED)
_6077_/D                                0.750000    0.966924   -0.216924 (VIOLATED)
_6267_/B1                               0.750000    0.966924   -0.216924 (VIOLATED)
_6268_/B1                               0.750000    0.966924   -0.216924 (VIOLATED)
_6270_/A                                0.750000    0.966924   -0.216924 (VIOLATED)
fanout694/X                             0.750000    0.966924   -0.216924 (VIOLATED)
_5728_/B1                               0.750000    0.964820   -0.214820 (VIOLATED)
_5694_/B2                               0.750000    0.964820   -0.214820 (VIOLATED)
_6350_/C1                               0.750000    0.964820   -0.214820 (VIOLATED)
_6375_/A1                               0.750000    0.964819   -0.214819 (VIOLATED)
_5631_/A                                0.750000    0.964817   -0.214818 (VIOLATED)
_5655_/A                                0.750000    0.964817   -0.214817 (VIOLATED)
_6370_/A1                               0.750000    0.964817   -0.214817 (VIOLATED)
_5658_/A                                0.750000    0.964817   -0.214817 (VIOLATED)
_5715_/A1                               0.750000    0.964815   -0.214815 (VIOLATED)
_5702_/A1                               0.750000    0.964813   -0.214813 (VIOLATED)
fanout481/X                             0.750000    0.964813   -0.214813 (VIOLATED)
_3223_/A                                0.750000    0.958913   -0.208913 (VIOLATED)
_3433_/A1_N                             0.750000    0.958913   -0.208913 (VIOLATED)
_3465_/B1                               0.750000    0.958913   -0.208913 (VIOLATED)
_3554_/A                                0.750000    0.958913   -0.208913 (VIOLATED)
fanout351/X                             0.750000    0.958913   -0.208913 (VIOLATED)
load_slew352/A                          0.750000    0.958913   -0.208913 (VIOLATED)
_6111_/A1                               0.750000    0.954772   -0.204772 (VIOLATED)
_4149_/A                                0.750000    0.954544   -0.204544 (VIOLATED)
_5017_/A1                               0.750000    0.954495   -0.204495 (VIOLATED)
_4193_/A                                0.750000    0.954426   -0.204426 (VIOLATED)
_4194_/A1                               0.750000    0.954424   -0.204424 (VIOLATED)
_4550_/S                                0.750000    0.954340   -0.204340 (VIOLATED)
_4757_/S                                0.750000    0.954273   -0.204273 (VIOLATED)
_4673_/S                                0.750000    0.954197   -0.204197 (VIOLATED)
_4678_/S                                0.750000    0.954197   -0.204197 (VIOLATED)
_4724_/A1                               0.750000    0.954185   -0.204185 (VIOLATED)
_4148_/X                                0.750000    0.954177   -0.204177 (VIOLATED)
ANTENNA_35/DIODE                        0.750000    0.953721   -0.203721 (VIOLATED)
wire289/A                               0.750000    0.953721   -0.203721 (VIOLATED)
_5012_/C                                0.750000    0.953709   -0.203709 (VIOLATED)
_4475_/B2                               0.750000    0.953708   -0.203708 (VIOLATED)
_3940_/X                                0.750000    0.953705   -0.203705 (VIOLATED)
_3277_/A0                               0.750000    0.949136   -0.199136 (VIOLATED)
_3376_/A3                               0.750000    0.949136   -0.199136 (VIOLATED)
_3530_/A2                               0.750000    0.949135   -0.199135 (VIOLATED)
_4181_/A                                0.750000    0.949131   -0.199131 (VIOLATED)
_4119_/A                                0.750000    0.949131   -0.199131 (VIOLATED)
_4125_/B                                0.750000    0.949131   -0.199131 (VIOLATED)
_4126_/A_N                              0.750000    0.949131   -0.199131 (VIOLATED)
_4157_/S                                0.750000    0.949131   -0.199131 (VIOLATED)
_4182_/A1                               0.750000    0.949131   -0.199131 (VIOLATED)
_6212_/A1                               0.750000    0.949131   -0.199131 (VIOLATED)
fanout598/X                             0.750000    0.949131   -0.199131 (VIOLATED)
ANTENNA_8/DIODE                         0.750000    0.947694   -0.197694 (VIOLATED)
_3952_/A1                               0.750000    0.947694   -0.197694 (VIOLATED)
ANTENNA_9/DIODE                         0.750000    0.947693   -0.197693 (VIOLATED)
max_cap258/A                            0.750000    0.947692   -0.197692 (VIOLATED)
ANTENNA_7/DIODE                         0.750000    0.947682   -0.197682 (VIOLATED)
_3373_/B1                               0.750000    0.947682   -0.197682 (VIOLATED)
_3370_/X                                0.750000    0.947672   -0.197672 (VIOLATED)
_3274_/A3                               0.750000    0.945207   -0.195208 (VIOLATED)
_4592_/A0                               0.750000    0.945204   -0.195204 (VIOLATED)
_4720_/A3                               0.750000    0.945202   -0.195202 (VIOLATED)
_4675_/A2                               0.750000    0.945202   -0.195202 (VIOLATED)
_4631_/A1                               0.750000    0.945202   -0.195202 (VIOLATED)
_4572_/B_N                              0.750000    0.945201   -0.195201 (VIOLATED)
_4573_/A                                0.750000    0.945201   -0.195201 (VIOLATED)
_4599_/A                                0.750000    0.945201   -0.195201 (VIOLATED)
_4625_/B2                               0.750000    0.945201   -0.195201 (VIOLATED)
_4626_/A1                               0.750000    0.945201   -0.195201 (VIOLATED)
fanout562/X                             0.750000    0.945201   -0.195201 (VIOLATED)
_3274_/A1                               0.750000    0.945141   -0.195141 (VIOLATED)
_3315_/A0                               0.750000    0.945141   -0.195141 (VIOLATED)
_4487_/A_N                              0.750000    0.945141   -0.195141 (VIOLATED)
_4488_/B_N                              0.750000    0.945141   -0.195141 (VIOLATED)
_4491_/A                                0.750000    0.945141   -0.195141 (VIOLATED)
_4516_/S                                0.750000    0.945141   -0.195141 (VIOLATED)
_4546_/A                                0.750000    0.945141   -0.195141 (VIOLATED)
_4547_/B2                               0.750000    0.945141   -0.195141 (VIOLATED)
_6222_/A2                               0.750000    0.945141   -0.195141 (VIOLATED)
_6226_/B1_N                             0.750000    0.945141   -0.195141 (VIOLATED)
fanout566/X                             0.750000    0.945141   -0.195141 (VIOLATED)
_5067_/B                                0.750000    0.944178   -0.194178 (VIOLATED)
_5086_/B                                0.750000    0.944178   -0.194178 (VIOLATED)
_5114_/A                                0.750000    0.944178   -0.194178 (VIOLATED)
_5115_/A1                               0.750000    0.944178   -0.194178 (VIOLATED)
_5124_/B                                0.750000    0.944178   -0.194178 (VIOLATED)
_5128_/B                                0.750000    0.944178   -0.194178 (VIOLATED)
_6273_/B1_N                             0.750000    0.944178   -0.194178 (VIOLATED)
_6275_/B                                0.750000    0.944178   -0.194178 (VIOLATED)
_6276_/B1                               0.750000    0.944178   -0.194178 (VIOLATED)
_6279_/A1                               0.750000    0.944178   -0.194178 (VIOLATED)
fanout689/X                             0.750000    0.944178   -0.194178 (VIOLATED)
_3248_/A_N                              0.750000    0.943590   -0.193590 (VIOLATED)
_3251_/B                                0.750000    0.943590   -0.193590 (VIOLATED)
_3339_/A                                0.750000    0.943590   -0.193590 (VIOLATED)
_3344_/A                                0.750000    0.943590   -0.193590 (VIOLATED)
_3349_/B                                0.750000    0.943590   -0.193590 (VIOLATED)
_3352_/B_N                              0.750000    0.943590   -0.193590 (VIOLATED)
_3353_/A                                0.750000    0.943590   -0.193590 (VIOLATED)
_3403_/B                                0.750000    0.943590   -0.193590 (VIOLATED)
_3416_/B                                0.750000    0.943590   -0.193590 (VIOLATED)
_3515_/B                                0.750000    0.943590   -0.193590 (VIOLATED)
fanout550/X                             0.750000    0.943590   -0.193590 (VIOLATED)
_5448_/A1                               0.750000    0.942867   -0.192867 (VIOLATED)
_5475_/A                                0.750000    0.942867   -0.192867 (VIOLATED)
_5513_/A                                0.750000    0.942865   -0.192866 (VIOLATED)
_5554_/A1                               0.750000    0.942863   -0.192863 (VIOLATED)
_6485_/A                                0.750000    0.942842   -0.192842 (VIOLATED)
_6487_/A1                               0.750000    0.942842   -0.192842 (VIOLATED)
fanout581/A                             0.750000    0.942842   -0.192842 (VIOLATED)
fanout583/X                             0.750000    0.942842   -0.192842 (VIOLATED)
_6491_/A                                0.750000    0.942554   -0.192554 (VIOLATED)
_6492_/A                                0.750000    0.942551   -0.192551 (VIOLATED)
_5261_/A                                0.750000    0.942503   -0.192503 (VIOLATED)
_5990_/A1                               0.750000    0.942498   -0.192498 (VIOLATED)
_3661_/A1                               0.750000    0.942496   -0.192496 (VIOLATED)
_4512_/A                                0.750000    0.942487   -0.192487 (VIOLATED)
_3606_/X                                0.750000    0.942484   -0.192484 (VIOLATED)
_6482_/B1                               0.750000    0.939775   -0.189775 (VIOLATED)
_5826_/B1                               0.750000    0.939746   -0.189746 (VIOLATED)
_5628_/A                                0.750000    0.939704   -0.189704 (VIOLATED)
ANTENNA_1/DIODE                         0.750000    0.939703   -0.189703 (VIOLATED)
_5544_/A                                0.750000    0.939599   -0.189599 (VIOLATED)
_5361_/A                                0.750000    0.939521   -0.189521 (VIOLATED)
_5232_/A1                               0.750000    0.939496   -0.189496 (VIOLATED)
_5169_/A1                               0.750000    0.939418   -0.189418 (VIOLATED)
_5064_/A1                               0.750000    0.939409   -0.189409 (VIOLATED)
_4858_/B1                               0.750000    0.939377   -0.189377 (VIOLATED)
_4653_/A1                               0.750000    0.939319   -0.189319 (VIOLATED)
_4611_/X                                0.750000    0.939308   -0.189308 (VIOLATED)
_3909_/B                                0.750000    0.937729   -0.187729 (VIOLATED)
_3892_/A1_N                             0.750000    0.937728   -0.187728 (VIOLATED)
_3890_/A2                               0.750000    0.937727   -0.187727 (VIOLATED)
_3891_/A                                0.750000    0.937726   -0.187726 (VIOLATED)
_3861_/B                                0.750000    0.937726   -0.187726 (VIOLATED)
_3908_/B                                0.750000    0.937726   -0.187726 (VIOLATED)
_3913_/B                                0.750000    0.937726   -0.187726 (VIOLATED)
_6062_/D                                0.750000    0.937726   -0.187726 (VIOLATED)
_6142_/B1                               0.750000    0.937726   -0.187726 (VIOLATED)
_6143_/A1_N                             0.750000    0.937726   -0.187726 (VIOLATED)
fanout417/X                             0.750000    0.937726   -0.187726 (VIOLATED)
_3300_/A                                0.750000    0.934371   -0.184371 (VIOLATED)
_3546_/A                                0.750000    0.934371   -0.184371 (VIOLATED)
_3598_/B                                0.750000    0.934371   -0.184371 (VIOLATED)
_3601_/A1                               0.750000    0.934371   -0.184371 (VIOLATED)
_3621_/B1                               0.750000    0.934371   -0.184371 (VIOLATED)
_3674_/A1                               0.750000    0.934371   -0.184371 (VIOLATED)
_3738_/A1                               0.750000    0.934371   -0.184371 (VIOLATED)
_3742_/A1                               0.750000    0.934371   -0.184371 (VIOLATED)
_6014_/A                                0.750000    0.934371   -0.184371 (VIOLATED)
_6090_/A                                0.750000    0.934371   -0.184371 (VIOLATED)
fanout619/X                             0.750000    0.934371   -0.184371 (VIOLATED)
_3444_/S1                               0.750000    0.933061   -0.183061 (VIOLATED)
_3644_/S                                0.750000    0.933061   -0.183061 (VIOLATED)
_3285_/S1                               0.750000    0.933060   -0.183060 (VIOLATED)
_3380_/S1                               0.750000    0.933058   -0.183058 (VIOLATED)
_3465_/A1                               0.750000    0.933058   -0.183058 (VIOLATED)
_3595_/S                                0.750000    0.933058   -0.183058 (VIOLATED)
_3711_/S                                0.750000    0.933058   -0.183058 (VIOLATED)
fanout402/A                             0.750000    0.933058   -0.183058 (VIOLATED)
fanout404/X                             0.750000    0.933058   -0.183058 (VIOLATED)
_4248_/A                                0.750000    0.928451   -0.178451 (VIOLATED)
_4267_/A                                0.750000    0.928449   -0.178449 (VIOLATED)
_4187_/A                                0.750000    0.928442   -0.178442 (VIOLATED)
_4173_/A                                0.750000    0.928439   -0.178439 (VIOLATED)
_4169_/Y                                0.750000    0.928438   -0.178438 (VIOLATED)
_5917_/A                                0.750000    0.928045   -0.178045 (VIOLATED)
_5918_/A                                0.750000    0.928045   -0.178045 (VIOLATED)
_5946_/A0                               0.750000    0.928045   -0.178045 (VIOLATED)
_5955_/A1                               0.750000    0.928045   -0.178045 (VIOLATED)
_5956_/A1                               0.750000    0.928045   -0.178045 (VIOLATED)
_5963_/A1                               0.750000    0.928045   -0.178045 (VIOLATED)
_5978_/B1                               0.750000    0.928045   -0.178045 (VIOLATED)
_6409_/A1                               0.750000    0.928045   -0.178045 (VIOLATED)
_6411_/A1                               0.750000    0.928045   -0.178045 (VIOLATED)
_6480_/A1                               0.750000    0.928045   -0.178045 (VIOLATED)
fanout460/X                             0.750000    0.928045   -0.178045 (VIOLATED)
_5107_/A                                0.750000    0.926526   -0.176526 (VIOLATED)
_5144_/A                                0.750000    0.926526   -0.176526 (VIOLATED)
_5165_/B1                               0.750000    0.926526   -0.176526 (VIOLATED)
_5203_/B1                               0.750000    0.926526   -0.176526 (VIOLATED)
_5211_/A1                               0.750000    0.926526   -0.176526 (VIOLATED)
_5275_/A1                               0.750000    0.926526   -0.176526 (VIOLATED)
_6302_/A1                               0.750000    0.926526   -0.176526 (VIOLATED)
_6380_/A                                0.750000    0.926526   -0.176526 (VIOLATED)
_6385_/B2                               0.750000    0.926526   -0.176526 (VIOLATED)
_6391_/A                                0.750000    0.926526   -0.176526 (VIOLATED)
fanout521/X                             0.750000    0.926526   -0.176526 (VIOLATED)
_6301_/A1                               0.750000    0.925997   -0.175997 (VIOLATED)
_6384_/A1                               0.750000    0.925997   -0.175997 (VIOLATED)
_6383_/A                                0.750000    0.925997   -0.175997 (VIOLATED)
_6305_/A                                0.750000    0.925996   -0.175996 (VIOLATED)
_5154_/B                                0.750000    0.925996   -0.175996 (VIOLATED)
_5211_/A2                               0.750000    0.925996   -0.175996 (VIOLATED)
_6006_/A                                0.750000    0.925996   -0.175996 (VIOLATED)
_6300_/A                                0.750000    0.925996   -0.175996 (VIOLATED)
_6306_/B                                0.750000    0.925996   -0.175996 (VIOLATED)
fanout676/A                             0.750000    0.925996   -0.175996 (VIOLATED)
fanout677/X                             0.750000    0.925996   -0.175996 (VIOLATED)
_3744_/A                                0.750000    0.924439   -0.174439 (VIOLATED)
_4448_/A1                               0.750000    0.924436   -0.174436 (VIOLATED)
_3767_/A2                               0.750000    0.924432   -0.174432 (VIOLATED)
_3741_/Y                                0.750000    0.924389   -0.174389 (VIOLATED)
_4758_/A0                               0.750000    0.923732   -0.173732 (VIOLATED)
_4730_/A                                0.750000    0.923731   -0.173731 (VIOLATED)
_4749_/S                                0.750000    0.923731   -0.173731 (VIOLATED)
_4751_/A                                0.750000    0.923731   -0.173731 (VIOLATED)
_4771_/B1                               0.750000    0.923731   -0.173731 (VIOLATED)
_4780_/A1                               0.750000    0.923731   -0.173731 (VIOLATED)
_4781_/A1                               0.750000    0.923731   -0.173731 (VIOLATED)
_6245_/A1                               0.750000    0.923731   -0.173731 (VIOLATED)
_6248_/B2                               0.750000    0.923731   -0.173731 (VIOLATED)
_6263_/A1                               0.750000    0.923731   -0.173731 (VIOLATED)
fanout548/X                             0.750000    0.923731   -0.173731 (VIOLATED)
_4212_/B                                0.750000    0.923582   -0.173582 (VIOLATED)
_4229_/B                                0.750000    0.923582   -0.173582 (VIOLATED)
_4253_/B1                               0.750000    0.923582   -0.173582 (VIOLATED)
_4254_/A1                               0.750000    0.923582   -0.173582 (VIOLATED)
_4269_/A2                               0.750000    0.923582   -0.173582 (VIOLATED)
_4270_/A2                               0.750000    0.923582   -0.173582 (VIOLATED)
_4271_/A2                               0.750000    0.923582   -0.173582 (VIOLATED)
_6021_/B                                0.750000    0.923582   -0.173582 (VIOLATED)
_6171_/B                                0.750000    0.923582   -0.173582 (VIOLATED)
_6179_/B1                               0.750000    0.923582   -0.173582 (VIOLATED)
fanout407/X                             0.750000    0.923582   -0.173582 (VIOLATED)
_3229_/A                                0.750000    0.923145   -0.173145 (VIOLATED)
_3511_/B1                               0.750000    0.923145   -0.173145 (VIOLATED)
_3524_/A                                0.750000    0.923145   -0.173145 (VIOLATED)
_3608_/A                                0.750000    0.923145   -0.173145 (VIOLATED)
_3737_/S1                               0.750000    0.923145   -0.173145 (VIOLATED)
_6013_/B                                0.750000    0.923145   -0.173145 (VIOLATED)
_6113_/B                                0.750000    0.923145   -0.173145 (VIOLATED)
fanout685/A                             0.750000    0.923145   -0.173145 (VIOLATED)
fanout687/X                             0.750000    0.923145   -0.173145 (VIOLATED)
_6346_/A                                0.750000    0.917821   -0.167821 (VIOLATED)
_5563_/A                                0.750000    0.917820   -0.167820 (VIOLATED)
_5566_/A                                0.750000    0.917820   -0.167820 (VIOLATED)
_5584_/A0                               0.750000    0.917820   -0.167820 (VIOLATED)
_5615_/A1                               0.750000    0.917820   -0.167820 (VIOLATED)
_5635_/A                                0.750000    0.917820   -0.167820 (VIOLATED)
_5638_/A1                               0.750000    0.917820   -0.167820 (VIOLATED)
_5686_/A1                               0.750000    0.917820   -0.167820 (VIOLATED)
_5689_/B1                               0.750000    0.917820   -0.167820 (VIOLATED)
_6345_/A1                               0.750000    0.917820   -0.167820 (VIOLATED)
fanout485/X                             0.750000    0.917820   -0.167820 (VIOLATED)
_4654_/A                                0.750000    0.915798   -0.165798 (VIOLATED)
_4657_/B                                0.750000    0.915798   -0.165798 (VIOLATED)
_4658_/A                                0.750000    0.915798   -0.165798 (VIOLATED)
_4675_/A0                               0.750000    0.915798   -0.165798 (VIOLATED)
_4681_/S                                0.750000    0.915798   -0.165798 (VIOLATED)
_4695_/A                                0.750000    0.915798   -0.165798 (VIOLATED)
_4697_/A1                               0.750000    0.915798   -0.165798 (VIOLATED)
_4720_/A1                               0.750000    0.915798   -0.165798 (VIOLATED)
_4769_/B2                               0.750000    0.915798   -0.165798 (VIOLATED)
_6255_/B2                               0.750000    0.915798   -0.165798 (VIOLATED)
fanout557/X                             0.750000    0.915798   -0.165798 (VIOLATED)
_3278_/A2                               0.750000    0.915611   -0.165611 (VIOLATED)
_3314_/A1                               0.750000    0.915611   -0.165611 (VIOLATED)
_3483_/A0                               0.750000    0.915611   -0.165611 (VIOLATED)
_3528_/A0                               0.750000    0.915611   -0.165611 (VIOLATED)
_3569_/A3                               0.750000    0.915611   -0.165611 (VIOLATED)
_4310_/A                                0.750000    0.915611   -0.165611 (VIOLATED)
_4344_/A1                               0.750000    0.915611   -0.165611 (VIOLATED)
_4353_/A                                0.750000    0.915611   -0.165611 (VIOLATED)
_4355_/A                                0.750000    0.915611   -0.165611 (VIOLATED)
fanout591/A                             0.750000    0.915611   -0.165611 (VIOLATED)
fanout592/X                             0.750000    0.915611   -0.165611 (VIOLATED)
_3885_/A                                0.750000    0.912292   -0.162292 (VIOLATED)
_3848_/B_N                              0.750000    0.912291   -0.162291 (VIOLATED)
_3874_/B2                               0.750000    0.912291   -0.162291 (VIOLATED)
_3811_/A                                0.750000    0.912290   -0.162290 (VIOLATED)
_3873_/A1                               0.750000    0.912289   -0.162289 (VIOLATED)
_3846_/S                                0.750000    0.912288   -0.162288 (VIOLATED)
_3864_/A                                0.750000    0.912288   -0.162288 (VIOLATED)
_3868_/A                                0.750000    0.912288   -0.162288 (VIOLATED)
_3886_/A1                               0.750000    0.912288   -0.162288 (VIOLATED)
_6130_/S                                0.750000    0.912288   -0.162288 (VIOLATED)
fanout445/X                             0.750000    0.912288   -0.162288 (VIOLATED)
_5107_/B                                0.750000    0.911685   -0.161685 (VIOLATED)
_5143_/A                                0.750000    0.911685   -0.161685 (VIOLATED)
_5145_/B                                0.750000    0.911685   -0.161685 (VIOLATED)
_5148_/A                                0.750000    0.911685   -0.161685 (VIOLATED)
_5153_/A2                               0.750000    0.911685   -0.161685 (VIOLATED)
_5161_/B1                               0.750000    0.911685   -0.161685 (VIOLATED)
_5170_/B1                               0.750000    0.911685   -0.161685 (VIOLATED)
_5182_/A                                0.750000    0.911685   -0.161685 (VIOLATED)
_5183_/A                                0.750000    0.911685   -0.161685 (VIOLATED)
_5191_/B                                0.750000    0.911685   -0.161685 (VIOLATED)
fanout676/X                             0.750000    0.911685   -0.161685 (VIOLATED)
_6108_/B                                0.750000    0.910690   -0.160690 (VIOLATED)
_3564_/B                                0.750000    0.910689   -0.160689 (VIOLATED)
_3671_/A2                               0.750000    0.910689   -0.160689 (VIOLATED)
_6111_/A2                               0.750000    0.910688   -0.160688 (VIOLATED)
_6109_/C_N                              0.750000    0.910688   -0.160688 (VIOLATED)
_3566_/A1                               0.750000    0.910686   -0.160686 (VIOLATED)
_3565_/A1                               0.750000    0.910685   -0.160685 (VIOLATED)
_3493_/B                                0.750000    0.910682   -0.160682 (VIOLATED)
_3516_/B_N                              0.750000    0.910682   -0.160682 (VIOLATED)
_3672_/C1                               0.750000    0.910682   -0.160682 (VIOLATED)
fanout491/X                             0.750000    0.910682   -0.160682 (VIOLATED)
_5688_/A2                               0.750000    0.909204   -0.159204 (VIOLATED)
_5579_/A                                0.750000    0.909204   -0.159204 (VIOLATED)
_5411_/A2                               0.750000    0.909203   -0.159203 (VIOLATED)
_5271_/A2                               0.750000    0.909194   -0.159194 (VIOLATED)
_5267_/Y                                0.750000    0.909193   -0.159193 (VIOLATED)
_4959_/B                                0.750000    0.908034   -0.158034 (VIOLATED)
_4983_/A_N                              0.750000    0.908034   -0.158034 (VIOLATED)
_4984_/B                                0.750000    0.908034   -0.158034 (VIOLATED)
_4987_/A                                0.750000    0.908034   -0.158034 (VIOLATED)
_4994_/A                                0.750000    0.908034   -0.158034 (VIOLATED)
_4998_/A2                               0.750000    0.908034   -0.158034 (VIOLATED)
_6010_/B                                0.750000    0.908034   -0.158034 (VIOLATED)
_6077_/C                                0.750000    0.908034   -0.158034 (VIOLATED)
_6267_/A1                               0.750000    0.908034   -0.158034 (VIOLATED)
_6268_/A1                               0.750000    0.908034   -0.158034 (VIOLATED)
fanout335/X                             0.750000    0.908034   -0.158034 (VIOLATED)
_4933_/A1                               0.750000    0.905833   -0.155833 (VIOLATED)
_4877_/A0                               0.750000    0.905833   -0.155833 (VIOLATED)
_4897_/A                                0.750000    0.905826   -0.155826 (VIOLATED)
_4900_/A                                0.750000    0.905826   -0.155826 (VIOLATED)
_4860_/B                                0.750000    0.905823   -0.155824 (VIOLATED)
_4861_/A_N                              0.750000    0.905823   -0.155824 (VIOLATED)
_4887_/A                                0.750000    0.905823   -0.155824 (VIOLATED)
_4938_/B2                               0.750000    0.905823   -0.155824 (VIOLATED)
_6058_/A1                               0.750000    0.905823   -0.155824 (VIOLATED)
_6074_/B2                               0.750000    0.905823   -0.155824 (VIOLATED)
fanout540/X                             0.750000    0.905823   -0.155824 (VIOLATED)
_3331_/A2                               0.750000    0.901598   -0.151598 (VIOLATED)
_3595_/A1                               0.750000    0.901598   -0.151598 (VIOLATED)
_3444_/A0                               0.750000    0.901597   -0.151597 (VIOLATED)
_3380_/A1                               0.750000    0.901596   -0.151597 (VIOLATED)
_3286_/A3                               0.750000    0.901596   -0.151596 (VIOLATED)
_3468_/A0                               0.750000    0.901596   -0.151596 (VIOLATED)
_3496_/B                                0.750000    0.901596   -0.151596 (VIOLATED)
_3537_/A1                               0.750000    0.901596   -0.151596 (VIOLATED)
_3538_/A                                0.750000    0.901596   -0.151596 (VIOLATED)
_3556_/A                                0.750000    0.901596   -0.151596 (VIOLATED)
fanout527/X                             0.750000    0.901596   -0.151596 (VIOLATED)
_4119_/B                                0.750000    0.901417   -0.151417 (VIOLATED)
_4125_/A_N                              0.750000    0.901417   -0.151417 (VIOLATED)
_4126_/B                                0.750000    0.901417   -0.151417 (VIOLATED)
_4158_/A2                               0.750000    0.901417   -0.151417 (VIOLATED)
_4160_/A1_N                             0.750000    0.901417   -0.151417 (VIOLATED)
_4181_/B                                0.750000    0.901417   -0.151417 (VIOLATED)
_4182_/A2                               0.750000    0.901417   -0.151417 (VIOLATED)
_6022_/A                                0.750000    0.901417   -0.151417 (VIOLATED)
_6064_/C                                0.750000    0.901417   -0.151417 (VIOLATED)
_6170_/A                                0.750000    0.901417   -0.151417 (VIOLATED)
fanout411/X                             0.750000    0.901417   -0.151417 (VIOLATED)
_4618_/B                                0.750000    0.900827   -0.150827 (VIOLATED)
_4643_/A                                0.750000    0.900827   -0.150827 (VIOLATED)
_4648_/A_N                              0.750000    0.900827   -0.150827 (VIOLATED)
_4649_/A1                               0.750000    0.900827   -0.150827 (VIOLATED)
_4655_/A2                               0.750000    0.900827   -0.150827 (VIOLATED)
_4696_/A1                               0.750000    0.900827   -0.150827 (VIOLATED)
_4697_/B2                               0.750000    0.900827   -0.150827 (VIOLATED)
_4769_/A2                               0.750000    0.900827   -0.150827 (VIOLATED)
_6024_/A                                0.750000    0.900827   -0.150827 (VIOLATED)
_6060_/D                                0.750000    0.900827   -0.150827 (VIOLATED)
fanout357/X                             0.750000    0.900827   -0.150827 (VIOLATED)
_4730_/B                                0.750000    0.900183   -0.150183 (VIOLATED)
_4748_/B                                0.750000    0.900183   -0.150183 (VIOLATED)
_4750_/A                                0.750000    0.900183   -0.150183 (VIOLATED)
_4752_/A1                               0.750000    0.900183   -0.150183 (VIOLATED)
_4771_/A1                               0.750000    0.900183   -0.150183 (VIOLATED)
_4772_/A                                0.750000    0.900183   -0.150183 (VIOLATED)
_6026_/C                                0.750000    0.900183   -0.150183 (VIOLATED)
_6068_/A                                0.750000    0.900183   -0.150183 (VIOLATED)
_6071_/A                                0.750000    0.900183   -0.150183 (VIOLATED)
_6244_/A                                0.750000    0.900183   -0.150183 (VIOLATED)
fanout338/X                             0.750000    0.900183   -0.150183 (VIOLATED)
_5480_/A1                               0.750000    0.899724   -0.149724 (VIOLATED)
_5450_/A2                               0.750000    0.899724   -0.149724 (VIOLATED)
_5660_/A1                               0.750000    0.899724   -0.149724 (VIOLATED)
_5376_/A1                               0.750000    0.899723   -0.149723 (VIOLATED)
_5613_/A1                               0.750000    0.899723   -0.149723 (VIOLATED)
_3363_/B                                0.750000    0.899719   -0.149719 (VIOLATED)
_3594_/B                                0.750000    0.899719   -0.149719 (VIOLATED)
_3362_/Y                                0.750000    0.899717   -0.149717 (VIOLATED)
_4169_/A                                0.750000    0.899408   -0.149408 (VIOLATED)
_4197_/B_N                              0.750000    0.899408   -0.149408 (VIOLATED)
_4201_/S                                0.750000    0.899408   -0.149408 (VIOLATED)
_4213_/B1_N                             0.750000    0.899408   -0.149408 (VIOLATED)
_4227_/A                                0.750000    0.899408   -0.149408 (VIOLATED)
_4230_/A                                0.750000    0.899408   -0.149408 (VIOLATED)
_4250_/A_N                              0.750000    0.899408   -0.149408 (VIOLATED)
_4270_/C1                               0.750000    0.899408   -0.149408 (VIOLATED)
_6169_/A1                               0.750000    0.899408   -0.149408 (VIOLATED)
_6219_/A1                               0.750000    0.899408   -0.149408 (VIOLATED)
fanout596/X                             0.750000    0.899408   -0.149408 (VIOLATED)
_4520_/B2                               0.750000    0.899129   -0.149129 (VIOLATED)
_4568_/B2                               0.750000    0.899122   -0.149122 (VIOLATED)
_3946_/A1                               0.750000    0.899105   -0.149105 (VIOLATED)
_3903_/A1_N                             0.750000    0.899095   -0.149095 (VIOLATED)
_3835_/A1                               0.750000    0.899067   -0.149067 (VIOLATED)
_3544_/B2                               0.750000    0.899065   -0.149065 (VIOLATED)
_3808_/A1                               0.750000    0.899045   -0.149045 (VIOLATED)
_4058_/A1                               0.750000    0.898911   -0.148911 (VIOLATED)
_3704_/A                                0.750000    0.898819   -0.148819 (VIOLATED)
_6150_/B1                               0.750000    0.898756   -0.148756 (VIOLATED)
_6154_/C_N                              0.750000    0.898755   -0.148755 (VIOLATED)
_3530_/A0                               0.750000    0.898755   -0.148755 (VIOLATED)
_3954_/B_N                              0.750000    0.898755   -0.148755 (VIOLATED)
_3955_/A                                0.750000    0.898755   -0.148755 (VIOLATED)
_3963_/A                                0.750000    0.898755   -0.148755 (VIOLATED)
_3982_/S                                0.750000    0.898755   -0.148755 (VIOLATED)
_3995_/B2                               0.750000    0.898755   -0.148755 (VIOLATED)
_3996_/A1                               0.750000    0.898755   -0.148755 (VIOLATED)
_4033_/A1                               0.750000    0.898755   -0.148755 (VIOLATED)
fanout695/X                             0.750000    0.898755   -0.148755 (VIOLATED)
_5331_/C1                               0.750000    0.898655   -0.148655 (VIOLATED)
_5354_/C1                               0.750000    0.898653   -0.148653 (VIOLATED)
_4891_/C1                               0.750000    0.898641   -0.148641 (VIOLATED)
_5023_/A                                0.750000    0.898597   -0.148597 (VIOLATED)
_4115_/B1                               0.750000    0.898571   -0.148571 (VIOLATED)
_5228_/A                                0.750000    0.898557   -0.148557 (VIOLATED)
_4287_/A1                               0.750000    0.898539   -0.148540 (VIOLATED)
_3543_/Y                                0.750000    0.898501   -0.148502 (VIOLATED)
_4475_/A1                               0.750000    0.898455   -0.148455 (VIOLATED)
_3749_/X                                0.750000    0.898393   -0.148393 (VIOLATED)
_3751_/A2                               0.750000    0.898393   -0.148393 (VIOLATED)
_6446_/S1                               0.750000    0.893368   -0.143368 (VIOLATED)
_6447_/S1                               0.750000    0.893367   -0.143367 (VIOLATED)
_6460_/S1                               0.750000    0.893366   -0.143366 (VIOLATED)
_5155_/B                                0.750000    0.893365   -0.143365 (VIOLATED)
_5157_/B_N                              0.750000    0.893365   -0.143365 (VIOLATED)
_5211_/B1                               0.750000    0.893365   -0.143365 (VIOLATED)
_5212_/A2                               0.750000    0.893365   -0.143365 (VIOLATED)
_5251_/A                                0.750000    0.893365   -0.143365 (VIOLATED)
_6006_/B                                0.750000    0.893365   -0.143365 (VIOLATED)
_6305_/B                                0.750000    0.893365   -0.143365 (VIOLATED)
_6306_/C                                0.750000    0.893365   -0.143365 (VIOLATED)
_6384_/B1                               0.750000    0.893365   -0.143365 (VIOLATED)
_6387_/A1                               0.750000    0.893365   -0.143365 (VIOLATED)
fanout675/X                             0.750000    0.893365   -0.143365 (VIOLATED)
_6461_/S1                               0.750000    0.893364   -0.143364 (VIOLATED)
_6457_/S1                               0.750000    0.893351   -0.143351 (VIOLATED)
_6458_/S1                               0.750000    0.893323   -0.143323 (VIOLATED)
_6464_/S1                               0.750000    0.893244   -0.143244 (VIOLATED)
_6465_/S1                               0.750000    0.893228   -0.143228 (VIOLATED)
_6439_/S1                               0.750000    0.893165   -0.143165 (VIOLATED)
_6440_/S1                               0.750000    0.893165   -0.143165 (VIOLATED)
_6438_/X                                0.750000    0.893156   -0.143156 (VIOLATED)
_4011_/A1                               0.750000    0.889512   -0.139512 (VIOLATED)
_5952_/B_N                              0.750000    0.889512   -0.139512 (VIOLATED)
_5953_/A                                0.750000    0.889512   -0.139512 (VIOLATED)
_5963_/A0                               0.750000    0.889512   -0.139512 (VIOLATED)
_5969_/S                                0.750000    0.889512   -0.139512 (VIOLATED)
_5972_/A1_N                             0.750000    0.889512   -0.139512 (VIOLATED)
_6409_/B1                               0.750000    0.889512   -0.139512 (VIOLATED)
_6423_/A                                0.750000    0.889512   -0.139512 (VIOLATED)
_6476_/A                                0.750000    0.889512   -0.139512 (VIOLATED)
_6480_/B1                               0.750000    0.889512   -0.139512 (VIOLATED)
fanout454/X                             0.750000    0.889512   -0.139512 (VIOLATED)
_3983_/A2                               0.750000    0.889197   -0.139197 (VIOLATED)
_3954_/A                                0.750000    0.889197   -0.139197 (VIOLATED)
_3955_/B_N                              0.750000    0.889194   -0.139194 (VIOLATED)
_3995_/B1                               0.750000    0.889193   -0.139193 (VIOLATED)
_4033_/A2                               0.750000    0.889193   -0.139193 (VIOLATED)
_3963_/B                                0.750000    0.889192   -0.139192 (VIOLATED)
_6019_/A                                0.750000    0.889190   -0.139190 (VIOLATED)
_6063_/A                                0.750000    0.889190   -0.139190 (VIOLATED)
_6152_/A                                0.750000    0.889190   -0.139190 (VIOLATED)
_6153_/A1                               0.750000    0.889190   -0.139190 (VIOLATED)
fanout415/X                             0.750000    0.889190   -0.139190 (VIOLATED)
_6440_/A3                               0.750000    0.885264   -0.135264 (VIOLATED)
_3225_/A2                               0.750000    0.885263   -0.135263 (VIOLATED)
_3587_/A0                               0.750000    0.885261   -0.135261 (VIOLATED)
_3390_/A1                               0.750000    0.885261   -0.135261 (VIOLATED)
_3499_/A1                               0.750000    0.885261   -0.135261 (VIOLATED)
_3631_/A3                               0.750000    0.885261   -0.135261 (VIOLATED)
_5661_/A1                               0.750000    0.885261   -0.135261 (VIOLATED)
_5737_/A3                               0.750000    0.885261   -0.135261 (VIOLATED)
fanout483/A                             0.750000    0.885261   -0.135261 (VIOLATED)
fanout484/X                             0.750000    0.885261   -0.135261 (VIOLATED)
_4169_/B                                0.750000    0.884870   -0.134870 (VIOLATED)
_4197_/A                                0.750000    0.884870   -0.134870 (VIOLATED)
_4198_/B                                0.750000    0.884870   -0.134870 (VIOLATED)
_4203_/A                                0.750000    0.884870   -0.134870 (VIOLATED)
_4213_/A1                               0.750000    0.884870   -0.134870 (VIOLATED)
_4214_/A1                               0.750000    0.884870   -0.134870 (VIOLATED)
_4270_/B1                               0.750000    0.884870   -0.134870 (VIOLATED)
_6021_/A                                0.750000    0.884870   -0.134870 (VIOLATED)
_6171_/A                                0.750000    0.884870   -0.134870 (VIOLATED)
_6179_/A1                               0.750000    0.884870   -0.134870 (VIOLATED)
fanout410/X                             0.750000    0.884870   -0.134870 (VIOLATED)
_5737_/A0                               0.750000    0.883583   -0.133583 (VIOLATED)
_5801_/A2                               0.750000    0.883582   -0.133582 (VIOLATED)
_5764_/A1                               0.750000    0.883580   -0.133580 (VIOLATED)
_5751_/A                                0.750000    0.883575   -0.133575 (VIOLATED)
_5718_/A                                0.750000    0.883574   -0.133574 (VIOLATED)
_5752_/A                                0.750000    0.883572   -0.133572 (VIOLATED)
_5791_/A1                               0.750000    0.883568   -0.133568 (VIOLATED)
_5792_/C1                               0.750000    0.883568   -0.133568 (VIOLATED)
_6399_/A1                               0.750000    0.883568   -0.133568 (VIOLATED)
_6406_/A1                               0.750000    0.883568   -0.133568 (VIOLATED)
fanout477/X                             0.750000    0.883568   -0.133568 (VIOLATED)
_4892_/B1                               0.750000    0.882869   -0.132869 (VIOLATED)
ANTENNA_23/DIODE                        0.750000    0.882869   -0.132869 (VIOLATED)
_4963_/A1                               0.750000    0.882865   -0.132865 (VIOLATED)
_4874_/B                                0.750000    0.882864   -0.132864 (VIOLATED)
_4873_/Y                                0.750000    0.882857   -0.132857 (VIOLATED)
_4734_/B                                0.750000    0.880447   -0.130447 (VIOLATED)
_4692_/A                                0.750000    0.880447   -0.130447 (VIOLATED)
_4693_/B_N                              0.750000    0.880447   -0.130447 (VIOLATED)
_4713_/B                                0.750000    0.880447   -0.130447 (VIOLATED)
_4716_/A                                0.750000    0.880447   -0.130447 (VIOLATED)
_4732_/B                                0.750000    0.880447   -0.130447 (VIOLATED)
_6026_/B                                0.750000    0.880447   -0.130447 (VIOLATED)
_6067_/A                                0.750000    0.880447   -0.130447 (VIOLATED)
_6246_/B1                               0.750000    0.880447   -0.130447 (VIOLATED)
_6247_/A                                0.750000    0.880447   -0.130447 (VIOLATED)
fanout339/X                             0.750000    0.880447   -0.130447 (VIOLATED)
_3831_/A1                               0.750000    0.876473   -0.126473 (VIOLATED)
_3705_/S1                               0.750000    0.876472   -0.126472 (VIOLATED)
_3624_/S1                               0.750000    0.876471   -0.126471 (VIOLATED)
_3312_/A                                0.750000    0.876471   -0.126471 (VIOLATED)
_3780_/A                                0.750000    0.876471   -0.126471 (VIOLATED)
_3225_/S1                               0.750000    0.876470   -0.126470 (VIOLATED)
_3319_/S1                               0.750000    0.876470   -0.126470 (VIOLATED)
_3586_/S1                               0.750000    0.876470   -0.126470 (VIOLATED)
_3590_/A                                0.750000    0.876470   -0.126470 (VIOLATED)
_4603_/A1                               0.750000    0.876470   -0.126470 (VIOLATED)
fanout349/X                             0.750000    0.876470   -0.126470 (VIOLATED)
_3274_/A0                               0.750000    0.874146   -0.124146 (VIOLATED)
_3314_/A3                               0.750000    0.874146   -0.124146 (VIOLATED)
_3483_/A2                               0.750000    0.874146   -0.124146 (VIOLATED)
_3574_/A1                               0.750000    0.874146   -0.124146 (VIOLATED)
_3695_/A0                               0.750000    0.874146   -0.124146 (VIOLATED)
_4429_/A                                0.750000    0.874146   -0.124146 (VIOLATED)
_4459_/A0                               0.750000    0.874146   -0.124146 (VIOLATED)
_4494_/B1                               0.750000    0.874146   -0.124146 (VIOLATED)
_4551_/A2                               0.750000    0.874146   -0.124146 (VIOLATED)
_4592_/A3                               0.750000    0.874146   -0.124146 (VIOLATED)
fanout568/X                             0.750000    0.874146   -0.124146 (VIOLATED)
_6214_/B1                               0.750000    0.872666   -0.122666 (VIOLATED)
_4172_/B1                               0.750000    0.872666   -0.122666 (VIOLATED)
_4259_/A                                0.750000    0.872665   -0.122665 (VIOLATED)
_4260_/A1                               0.750000    0.872665   -0.122665 (VIOLATED)
_4171_/Y                                0.750000    0.872662   -0.122662 (VIOLATED)
_4261_/A2                               0.750000    0.872662   -0.122662 (VIOLATED)
_4459_/A1                               0.750000    0.871693   -0.121693 (VIOLATED)
_4376_/A0                               0.750000    0.871693   -0.121693 (VIOLATED)
_3314_/A2                               0.750000    0.871692   -0.121692 (VIOLATED)
_3528_/A2                               0.750000    0.871691   -0.121691 (VIOLATED)
_3278_/A3                               0.750000    0.871691   -0.121691 (VIOLATED)
_3483_/A1                               0.750000    0.871691   -0.121691 (VIOLATED)
_3574_/A0                               0.750000    0.871689   -0.121689 (VIOLATED)
_6199_/C                                0.750000    0.871689   -0.121689 (VIOLATED)
_6207_/A1                               0.750000    0.871689   -0.121689 (VIOLATED)
fanout572/A                             0.750000    0.871689   -0.121689 (VIOLATED)
fanout573/X                             0.750000    0.871689   -0.121689 (VIOLATED)
_3273_/A3                               0.750000    0.870155   -0.120155 (VIOLATED)
_6460_/A2                               0.750000    0.870155   -0.120155 (VIOLATED)
_3315_/A3                               0.750000    0.870154   -0.120154 (VIOLATED)
_3387_/A2                               0.750000    0.870153   -0.120153 (VIOLATED)
_3648_/A0                               0.750000    0.870153   -0.120153 (VIOLATED)
_3575_/A1                               0.750000    0.870149   -0.120149 (VIOLATED)
_4803_/A1                               0.750000    0.870127   -0.120127 (VIOLATED)
_4832_/A2                               0.750000    0.870123   -0.120123 (VIOLATED)
_4877_/A3                               0.750000    0.870121   -0.120121 (VIOLATED)
fanout548/A                             0.750000    0.870116   -0.120116 (VIOLATED)
fanout549/X                             0.750000    0.870116   -0.120116 (VIOLATED)
_3810_/A1                               0.750000    0.867877   -0.117877 (VIOLATED)
max_cap291/A                            0.750000    0.867876   -0.117876 (VIOLATED)
_3764_/B2                               0.750000    0.867875   -0.117875 (VIOLATED)
_3721_/A1                               0.750000    0.867875   -0.117875 (VIOLATED)
_3604_/A1                               0.750000    0.867872   -0.117872 (VIOLATED)
_3563_/X                                0.750000    0.867858   -0.117858 (VIOLATED)
_3463_/B                                0.750000    0.866094   -0.116094 (VIOLATED)
_3471_/A                                0.750000    0.866094   -0.116094 (VIOLATED)
_6104_/A1                               0.750000    0.866094   -0.116094 (VIOLATED)
_6109_/B                                0.750000    0.866094   -0.116094 (VIOLATED)
_6465_/A2                               0.750000    0.866094   -0.116094 (VIOLATED)
fanout527/A                             0.750000    0.866094   -0.116094 (VIOLATED)
fanout528/A                             0.750000    0.866094   -0.116094 (VIOLATED)
fanout529/X                             0.750000    0.866094   -0.116094 (VIOLATED)
_4547_/A1                               0.750000    0.865364   -0.115364 (VIOLATED)
fanout568/A                             0.750000    0.865364   -0.115364 (VIOLATED)
_4492_/B1                               0.750000    0.865362   -0.115362 (VIOLATED)
_4470_/A                                0.750000    0.865361   -0.115361 (VIOLATED)
_4472_/B                                0.750000    0.865361   -0.115361 (VIOLATED)
_4483_/A1                               0.750000    0.865361   -0.115361 (VIOLATED)
_4523_/A1                               0.750000    0.865361   -0.115361 (VIOLATED)
_4540_/A                                0.750000    0.865361   -0.115361 (VIOLATED)
_6222_/A1                               0.750000    0.865361   -0.115361 (VIOLATED)
_6224_/A                                0.750000    0.865361   -0.115361 (VIOLATED)
fanout569/X                             0.750000    0.865361   -0.115361 (VIOLATED)
_4277_/A1                               0.750000    0.864914   -0.114914 (VIOLATED)
_3314_/A0                               0.750000    0.864914   -0.114914 (VIOLATED)
_4189_/A0                               0.750000    0.864913   -0.114913 (VIOLATED)
_3441_/A3                               0.750000    0.864913   -0.114913 (VIOLATED)
_3278_/A1                               0.750000    0.864911   -0.114912 (VIOLATED)
_3569_/A2                               0.750000    0.864909   -0.114909 (VIOLATED)
_6458_/A1                               0.750000    0.864908   -0.114908 (VIOLATED)
_6218_/A1                               0.750000    0.864902   -0.114902 (VIOLATED)
fanout596/A                             0.750000    0.864902   -0.114902 (VIOLATED)
fanout597/X                             0.750000    0.864902   -0.114902 (VIOLATED)
_3460_/C1                               0.750000    0.864129   -0.114129 (VIOLATED)
_3461_/A1_N                             0.750000    0.864129   -0.114129 (VIOLATED)
_3626_/C1                               0.750000    0.864128   -0.114128 (VIOLATED)
_3707_/A                                0.750000    0.864125   -0.114125 (VIOLATED)
_3881_/S0                               0.750000    0.864120   -0.114120 (VIOLATED)
_3750_/A                                0.750000    0.864117   -0.114117 (VIOLATED)
_3696_/S1                               0.750000    0.864116   -0.114116 (VIOLATED)
_3700_/S                                0.750000    0.864111   -0.114111 (VIOLATED)
_3334_/S1                               0.750000    0.864106   -0.114106 (VIOLATED)
_3802_/A1                               0.750000    0.864103   -0.114103 (VIOLATED)
_3333_/X                                0.750000    0.864102   -0.114102 (VIOLATED)
_4291_/A_N                              0.750000    0.862845   -0.112845 (VIOLATED)
_4316_/A1                               0.750000    0.862845   -0.112845 (VIOLATED)
_4317_/A1                               0.750000    0.862845   -0.112845 (VIOLATED)
_4353_/B                                0.750000    0.862845   -0.112845 (VIOLATED)
_4386_/A2                               0.750000    0.862845   -0.112845 (VIOLATED)
_6021_/C                                0.750000    0.862845   -0.112845 (VIOLATED)
_6173_/A                                0.750000    0.862845   -0.112845 (VIOLATED)
_6202_/A1                               0.750000    0.862845   -0.112845 (VIOLATED)
_6203_/A1                               0.750000    0.862845   -0.112845 (VIOLATED)
fanout369/A                             0.750000    0.862845   -0.112845 (VIOLATED)
fanout370/X                             0.750000    0.862845   -0.112845 (VIOLATED)
_3219_/S                                0.750000    0.861458   -0.111458 (VIOLATED)
_3220_/S                                0.750000    0.861458   -0.111458 (VIOLATED)
_3266_/C                                0.750000    0.861458   -0.111458 (VIOLATED)
_3309_/S                                0.750000    0.861458   -0.111458 (VIOLATED)
_3364_/C                                0.750000    0.861458   -0.111458 (VIOLATED)
_3394_/A_N                              0.750000    0.861458   -0.111458 (VIOLATED)
_3397_/A2                               0.750000    0.861458   -0.111458 (VIOLATED)
_3451_/S                                0.750000    0.861458   -0.111458 (VIOLATED)
_4205_/A2                               0.750000    0.861458   -0.111458 (VIOLATED)
_6425_/A2                               0.750000    0.861458   -0.111458 (VIOLATED)
fanout405/X                             0.750000    0.861458   -0.111458 (VIOLATED)
_4147_/A                                0.750000    0.860998   -0.110998 (VIOLATED)
_4028_/A1                               0.750000    0.860970   -0.110970 (VIOLATED)
_3975_/S                                0.750000    0.860967   -0.110967 (VIOLATED)
_4423_/B1                               0.750000    0.860920   -0.110920 (VIOLATED)
_4684_/A1                               0.750000    0.860910   -0.110910 (VIOLATED)
_4059_/A1                               0.750000    0.860909   -0.110910 (VIOLATED)
_5010_/S                                0.750000    0.860900   -0.110900 (VIOLATED)
_4418_/S                                0.750000    0.860851   -0.110851 (VIOLATED)
_4219_/S                                0.750000    0.860851   -0.110851 (VIOLATED)
_4097_/S                                0.750000    0.860837   -0.110837 (VIOLATED)
_3974_/X                                0.750000    0.860673   -0.110673 (VIOLATED)
wire290/A                               0.750000    0.859653   -0.109653 (VIOLATED)
_3992_/A1                               0.750000    0.859652   -0.109652 (VIOLATED)
_3853_/A1                               0.750000    0.859647   -0.109647 (VIOLATED)
_3620_/X                                0.750000    0.859636   -0.109636 (VIOLATED)
_3660_/A1                               0.750000    0.859636   -0.109636 (VIOLATED)
_5230_/A1                               0.750000    0.858472   -0.108472 (VIOLATED)
_3851_/B1                               0.750000    0.858469   -0.108469 (VIOLATED)
_4555_/A2                               0.750000    0.858469   -0.108469 (VIOLATED)
_3844_/Y                                0.750000    0.858466   -0.108466 (VIOLATED)
_4802_/C1                               0.750000    0.856275   -0.106275 (VIOLATED)
_5864_/B1                               0.750000    0.856255   -0.106255 (VIOLATED)
_5775_/C1                               0.750000    0.856252   -0.106252 (VIOLATED)
_5061_/A                                0.750000    0.856185   -0.106185 (VIOLATED)
_5292_/C1                               0.750000    0.856021   -0.106021 (VIOLATED)
_5150_/C1                               0.750000    0.856000   -0.106000 (VIOLATED)
_4950_/C1                               0.750000    0.855971   -0.105971 (VIOLATED)
_5185_/C1                               0.750000    0.855967   -0.105967 (VIOLATED)
_4989_/C1                               0.750000    0.855962   -0.105962 (VIOLATED)
_4850_/D1                               0.750000    0.855953   -0.105953 (VIOLATED)
_4801_/X                                0.750000    0.855941   -0.105941 (VIOLATED)
_3332_/A1                               0.750000    0.852671   -0.102671 (VIOLATED)
_3379_/A0                               0.750000    0.852671   -0.102671 (VIOLATED)
_3637_/A                                0.750000    0.852671   -0.102671 (VIOLATED)
_3639_/S                                0.750000    0.852671   -0.102671 (VIOLATED)
_3758_/A1                               0.750000    0.852671   -0.102671 (VIOLATED)
_3817_/A                                0.750000    0.852671   -0.102671 (VIOLATED)
_3922_/A                                0.750000    0.852671   -0.102671 (VIOLATED)
_4086_/A                                0.750000    0.852671   -0.102671 (VIOLATED)
_6091_/B1                               0.750000    0.852671   -0.102671 (VIOLATED)
fanout452/A                             0.750000    0.852671   -0.102671 (VIOLATED)
fanout453/X                             0.750000    0.852671   -0.102671 (VIOLATED)
fanout460/A                             0.750000    0.851609   -0.101609 (VIOLATED)
_3219_/A1                               0.750000    0.851608   -0.101608 (VIOLATED)
_3306_/B                                0.750000    0.851608   -0.101608 (VIOLATED)
_3308_/A1                               0.750000    0.851608   -0.101608 (VIOLATED)
_3393_/A0                               0.750000    0.851608   -0.101608 (VIOLATED)
_3628_/A0                               0.750000    0.851608   -0.101608 (VIOLATED)
_3705_/A3                               0.750000    0.851608   -0.101608 (VIOLATED)
_4011_/A0                               0.750000    0.851608   -0.101608 (VIOLATED)
_5962_/A                                0.750000    0.851608   -0.101608 (VIOLATED)
_6430_/A2                               0.750000    0.851608   -0.101608 (VIOLATED)
fanout461/X                             0.750000    0.851608   -0.101608 (VIOLATED)
_6221_/C                                0.750000    0.850211   -0.100211 (VIOLATED)
_6223_/A2                               0.750000    0.850210   -0.100210 (VIOLATED)
_6189_/C                                0.750000    0.850210   -0.100210 (VIOLATED)
_6185_/B                                0.750000    0.850208   -0.100208 (VIOLATED)
_6188_/B                                0.750000    0.850208   -0.100208 (VIOLATED)
_6186_/A2                               0.750000    0.850208   -0.100208 (VIOLATED)
_6211_/A1                               0.750000    0.850193   -0.100193 (VIOLATED)
_6184_/X                                0.750000    0.850187   -0.100187 (VIOLATED)
_5549_/A1                               0.750000    0.849556   -0.099556 (VIOLATED)
_5704_/A                                0.750000    0.849553   -0.099553 (VIOLATED)
_4421_/A                                0.750000    0.849553   -0.099553 (VIOLATED)
_4456_/A                                0.750000    0.849553   -0.099553 (VIOLATED)
fanout645/A                             0.750000    0.849551   -0.099551 (VIOLATED)
_5375_/A2                               0.750000    0.849550   -0.099550 (VIOLATED)
fanout647/A                             0.750000    0.849549   -0.099549 (VIOLATED)
fanout649/X                             0.750000    0.849549   -0.099549 (VIOLATED)
_3577_/S1                               0.750000    0.848941   -0.098941 (VIOLATED)
_3279_/S                                0.750000    0.848939   -0.098939 (VIOLATED)
_3698_/S                                0.750000    0.848938   -0.098938 (VIOLATED)
_3237_/X                                0.750000    0.848934   -0.098934 (VIOLATED)
max_cap313/A                            0.750000    0.848934   -0.098934 (VIOLATED)
_6440_/A1                               0.750000    0.847431   -0.097431 (VIOLATED)
_3319_/A2                               0.750000    0.847428   -0.097428 (VIOLATED)
_3586_/A0                               0.750000    0.847426   -0.097426 (VIOLATED)
_3458_/A1                               0.750000    0.847422   -0.097422 (VIOLATED)
_3226_/A3                               0.750000    0.847421   -0.097421 (VIOLATED)
_3499_/A2                               0.750000    0.847418   -0.097418 (VIOLATED)
_5661_/A0                               0.750000    0.847404   -0.097404 (VIOLATED)
_5737_/A2                               0.750000    0.847404   -0.097404 (VIOLATED)
_5764_/A3                               0.750000    0.847404   -0.097404 (VIOLATED)
fanout481/A                             0.750000    0.847404   -0.097404 (VIOLATED)
fanout482/X                             0.750000    0.847404   -0.097404 (VIOLATED)
_6383_/B                                0.750000    0.846910   -0.096910 (VIOLATED)
_6384_/A2                               0.750000    0.846906   -0.096906 (VIOLATED)
_6301_/A2                               0.750000    0.846905   -0.096905 (VIOLATED)
_6305_/C                                0.750000    0.846903   -0.096903 (VIOLATED)
_6387_/A3                               0.750000    0.846900   -0.096900 (VIOLATED)
_6303_/A2                               0.750000    0.846900   -0.096900 (VIOLATED)
_6299_/X                                0.750000    0.846898   -0.096898 (VIOLATED)
_6300_/B                                0.750000    0.846898   -0.096898 (VIOLATED)
_3695_/A3                               0.750000    0.846346   -0.096346 (VIOLATED)
_6460_/A1                               0.750000    0.846345   -0.096345 (VIOLATED)
_3482_/A1                               0.750000    0.846345   -0.096345 (VIOLATED)
_3316_/A2                               0.750000    0.846344   -0.096344 (VIOLATED)
_3273_/A2                               0.750000    0.846343   -0.096343 (VIOLATED)
_3573_/A0                               0.750000    0.846342   -0.096342 (VIOLATED)
_4803_/A2                               0.750000    0.846339   -0.096339 (VIOLATED)
_4832_/A3                               0.750000    0.846339   -0.096339 (VIOLATED)
fanout553/A                             0.750000    0.846338   -0.096338 (VIOLATED)
fanout554/X                             0.750000    0.846338   -0.096338 (VIOLATED)
_4141_/A                                0.750000    0.845847   -0.095847 (VIOLATED)
_6108_/A                                0.750000    0.845846   -0.095846 (VIOLATED)
_4275_/S                                0.750000    0.845809   -0.095809 (VIOLATED)
_4280_/A1                               0.750000    0.845774   -0.095774 (VIOLATED)
_4279_/A                                0.750000    0.845770   -0.095770 (VIOLATED)
_4192_/S1                               0.750000    0.845713   -0.095714 (VIOLATED)
_4633_/S                                0.750000    0.845696   -0.095696 (VIOLATED)
_4594_/S                                0.750000    0.845693   -0.095693 (VIOLATED)
_5083_/S1                               0.750000    0.845692   -0.095692 (VIOLATED)
_4722_/S                                0.750000    0.845691   -0.095691 (VIOLATED)
_4140_/X                                0.750000    0.845684   -0.095684 (VIOLATED)
_4472_/A_N                              0.750000    0.844278   -0.094278 (VIOLATED)
_4481_/A                                0.750000    0.844278   -0.094278 (VIOLATED)
_4484_/B                                0.750000    0.844278   -0.094278 (VIOLATED)
_4538_/A                                0.750000    0.844278   -0.094278 (VIOLATED)
_4540_/B                                0.750000    0.844278   -0.094278 (VIOLATED)
_6023_/A                                0.750000    0.844278   -0.094278 (VIOLATED)
_6061_/A                                0.750000    0.844278   -0.094278 (VIOLATED)
_6186_/A1                               0.750000    0.844278   -0.094278 (VIOLATED)
_6189_/A                                0.750000    0.844278   -0.094278 (VIOLATED)
_6223_/A1                               0.750000    0.844278   -0.094278 (VIOLATED)
fanout364/X                             0.750000    0.844278   -0.094278 (VIOLATED)
_4720_/A0                               0.750000    0.843457   -0.093457 (VIOLATED)
_4758_/A1                               0.750000    0.843457   -0.093457 (VIOLATED)
_4734_/A                                0.750000    0.843455   -0.093455 (VIOLATED)
_4692_/B_N                              0.750000    0.843455   -0.093455 (VIOLATED)
_4693_/A                                0.750000    0.843455   -0.093455 (VIOLATED)
_4714_/A                                0.750000    0.843455   -0.093455 (VIOLATED)
_4732_/A                                0.750000    0.843455   -0.093455 (VIOLATED)
_6245_/B1                               0.750000    0.843455   -0.093455 (VIOLATED)
_6256_/A1                               0.750000    0.843455   -0.093455 (VIOLATED)
_6263_/B2                               0.750000    0.843455   -0.093455 (VIOLATED)
fanout553/X                             0.750000    0.843455   -0.093455 (VIOLATED)
_3649_/A3                               0.750000    0.843082   -0.093082 (VIOLATED)
_3273_/A1                               0.750000    0.843082   -0.093082 (VIOLATED)
_6460_/A3                               0.750000    0.843081   -0.093081 (VIOLATED)
_3315_/A2                               0.750000    0.843081   -0.093081 (VIOLATED)
_3387_/A1                               0.750000    0.843080   -0.093080 (VIOLATED)
_3575_/A0                               0.750000    0.843078   -0.093078 (VIOLATED)
_4758_/A2                               0.750000    0.843069   -0.093069 (VIOLATED)
_4803_/A3                               0.750000    0.843069   -0.093069 (VIOLATED)
fanout557/A                             0.750000    0.843067   -0.093067 (VIOLATED)
fanout558/X                             0.750000    0.843067   -0.093067 (VIOLATED)
_3994_/A                                0.750000    0.842817   -0.092817 (VIOLATED)
_4020_/A                                0.750000    0.842817   -0.092817 (VIOLATED)
_4023_/A                                0.750000    0.842817   -0.092817 (VIOLATED)
_4032_/A1                               0.750000    0.842817   -0.092817 (VIOLATED)
_4033_/B2                               0.750000    0.842817   -0.092817 (VIOLATED)
_4034_/A1                               0.750000    0.842817   -0.092817 (VIOLATED)
_4042_/A                                0.750000    0.842817   -0.092817 (VIOLATED)
_4043_/A1                               0.750000    0.842817   -0.092817 (VIOLATED)
_4071_/A1                               0.750000    0.842817   -0.092817 (VIOLATED)
_6159_/B2                               0.750000    0.842817   -0.092817 (VIOLATED)
fanout666/X                             0.750000    0.842817   -0.092817 (VIOLATED)
_3365_/S                                0.750000    0.841551   -0.091551 (VIOLATED)
_3521_/C1                               0.750000    0.841550   -0.091550 (VIOLATED)
_3783_/S1                               0.750000    0.841549   -0.091549 (VIOLATED)
_3320_/S                                0.750000    0.841549   -0.091549 (VIOLATED)
_3452_/C1                               0.750000    0.841546   -0.091546 (VIOLATED)
_3221_/S                                0.750000    0.841545   -0.091545 (VIOLATED)
_3308_/S                                0.750000    0.841542   -0.091542 (VIOLATED)
_6429_/A                                0.750000    0.841541   -0.091541 (VIOLATED)
_3266_/A                                0.750000    0.841540   -0.091540 (VIOLATED)
_6433_/C1                               0.750000    0.841540   -0.091540 (VIOLATED)
fanout438/X                             0.750000    0.841540   -0.091540 (VIOLATED)
_6403_/A1                               0.750000    0.840594   -0.090594 (VIOLATED)
_5747_/B_N                              0.750000    0.840593   -0.090593 (VIOLATED)
_5749_/A_N                              0.750000    0.840593   -0.090593 (VIOLATED)
_5764_/A0                               0.750000    0.840593   -0.090593 (VIOLATED)
_5771_/S                                0.750000    0.840593   -0.090593 (VIOLATED)
_5791_/B2                               0.750000    0.840593   -0.090593 (VIOLATED)
_5792_/A1                               0.750000    0.840593   -0.090593 (VIOLATED)
_5793_/A1                               0.750000    0.840593   -0.090593 (VIOLATED)
_5828_/A2                               0.750000    0.840593   -0.090593 (VIOLATED)
_6050_/A                                0.750000    0.840593   -0.090593 (VIOLATED)
fanout475/X                             0.750000    0.840593   -0.090593 (VIOLATED)
_4696_/B1                               0.750000    0.839903   -0.089903 (VIOLATED)
_6241_/B1                               0.750000    0.839902   -0.089902 (VIOLATED)
_4618_/A                                0.750000    0.839902   -0.089902 (VIOLATED)
_6243_/A                                0.750000    0.839901   -0.089901 (VIOLATED)
_4644_/A                                0.750000    0.839900   -0.089900 (VIOLATED)
_4648_/B                                0.750000    0.839900   -0.089900 (VIOLATED)
_4661_/A1                               0.750000    0.839900   -0.089900 (VIOLATED)
_4769_/A1                               0.750000    0.839900   -0.089900 (VIOLATED)
_6242_/A1                               0.750000    0.839900   -0.089900 (VIOLATED)
_6255_/A1                               0.750000    0.839900   -0.089900 (VIOLATED)
fanout559/X                             0.750000    0.839900   -0.089900 (VIOLATED)
_4668_/B                                0.750000    0.839106   -0.089106 (VIOLATED)
_4587_/B                                0.750000    0.839106   -0.089106 (VIOLATED)
_4612_/B                                0.750000    0.839106   -0.089106 (VIOLATED)
_4743_/B                                0.750000    0.839105   -0.089105 (VIOLATED)
_5534_/B                                0.750000    0.839093   -0.089093 (VIOLATED)
_4363_/B                                0.750000    0.839091   -0.089091 (VIOLATED)
_4402_/A2                               0.750000    0.839088   -0.089088 (VIOLATED)
_4362_/X                                0.750000    0.839086   -0.089086 (VIOLATED)
_4401_/B                                0.750000    0.839086   -0.089086 (VIOLATED)
_5696_/A                                0.750000    0.838730   -0.088730 (VIOLATED)
_5215_/A                                0.750000    0.838718   -0.088718 (VIOLATED)
_5558_/B1                               0.750000    0.838700   -0.088700 (VIOLATED)
_5196_/B1                               0.750000    0.838554   -0.088554 (VIOLATED)
_4950_/A1                               0.750000    0.838500   -0.088500 (VIOLATED)
_5063_/B2                               0.750000    0.838488   -0.088488 (VIOLATED)
_4990_/B2                               0.750000    0.838446   -0.088446 (VIOLATED)
_5151_/A1                               0.750000    0.838443   -0.088443 (VIOLATED)
_4569_/A1                               0.750000    0.838370   -0.088370 (VIOLATED)
_4319_/A                                0.750000    0.838329   -0.088329 (VIOLATED)
_4314_/X                                0.750000    0.838327   -0.088327 (VIOLATED)
wire271/A                               0.750000    0.837510   -0.087510 (VIOLATED)
_3743_/Y                                0.750000    0.837503   -0.087503 (VIOLATED)
_5054_/A                                0.750000    0.834887   -0.084887 (VIOLATED)
_5079_/A1                               0.750000    0.834887   -0.084887 (VIOLATED)
_5082_/A1                               0.750000    0.834887   -0.084887 (VIOLATED)
_5132_/A2                               0.750000    0.834887   -0.084887 (VIOLATED)
_5173_/A3                               0.750000    0.834887   -0.084887 (VIOLATED)
fanout532/A                             0.750000    0.834887   -0.084887 (VIOLATED)
fanout533/X                             0.750000    0.834887   -0.084887 (VIOLATED)
_5287_/B                                0.750000    0.830197   -0.080197 (VIOLATED)
_6292_/A                                0.750000    0.830197   -0.080197 (VIOLATED)
_5285_/A                                0.750000    0.830196   -0.080196 (VIOLATED)
_5314_/A2                               0.750000    0.830196   -0.080196 (VIOLATED)
_5290_/A                                0.750000    0.830196   -0.080196 (VIOLATED)
_6007_/B                                0.750000    0.830196   -0.080196 (VIOLATED)
_5313_/A2                               0.750000    0.830195   -0.080196 (VIOLATED)
_5311_/A2                               0.750000    0.830195   -0.080195 (VIOLATED)
_5266_/B                                0.750000    0.830194   -0.080194 (VIOLATED)
_5312_/A2                               0.750000    0.830194   -0.080194 (VIOLATED)
fanout670/X                             0.750000    0.830194   -0.080194 (VIOLATED)
_3338_/A                                0.750000    0.828262   -0.078262 (VIOLATED)
_3371_/A                                0.750000    0.828262   -0.078262 (VIOLATED)
_3404_/A1                               0.750000    0.828262   -0.078262 (VIOLATED)
_3405_/B2                               0.750000    0.828262   -0.078262 (VIOLATED)
_3409_/B_N                              0.750000    0.828262   -0.078262 (VIOLATED)
_3410_/A_N                              0.750000    0.828262   -0.078262 (VIOLATED)
fanout472/X                             0.750000    0.828262   -0.078262 (VIOLATED)
_4375_/C1                               0.750000    0.827150   -0.077150 (VIOLATED)
_3310_/A                                0.750000    0.827148   -0.077148 (VIOLATED)
_3305_/A                                0.750000    0.827148   -0.077148 (VIOLATED)
_4842_/A                                0.750000    0.827147   -0.077147 (VIOLATED)
_5011_/B1                               0.750000    0.827140   -0.077140 (VIOLATED)
_3322_/A1                               0.750000    0.827122   -0.077122 (VIOLATED)
_3303_/A                                0.750000    0.827096   -0.077096 (VIOLATED)
_4116_/A1                               0.750000    0.827089   -0.077089 (VIOLATED)
_4218_/A                                0.750000    0.827089   -0.077089 (VIOLATED)
_3600_/A                                0.750000    0.827075   -0.077075 (VIOLATED)
ANTENNA_5/DIODE                         0.750000    0.827074   -0.077074 (VIOLATED)
_3301_/X                                0.750000    0.827061   -0.077062 (VIOLATED)
_5495_/A                                0.750000    0.826326   -0.076326 (VIOLATED)
_5514_/A                                0.750000    0.826326   -0.076326 (VIOLATED)
_5516_/C                                0.750000    0.826326   -0.076326 (VIOLATED)
_5541_/A1                               0.750000    0.826326   -0.076326 (VIOLATED)
_5542_/A1                               0.750000    0.826326   -0.076326 (VIOLATED)
_5557_/A                                0.750000    0.826326   -0.076326 (VIOLATED)
_5575_/B1                               0.750000    0.826326   -0.076326 (VIOLATED)
_6317_/S                                0.750000    0.826326   -0.076326 (VIOLATED)
_6329_/A1                               0.750000    0.826326   -0.076326 (VIOLATED)
_6334_/B2                               0.750000    0.826326   -0.076326 (VIOLATED)
fanout489/X                             0.750000    0.826326   -0.076326 (VIOLATED)
_3725_/B                                0.750000    0.825066   -0.075066 (VIOLATED)
_3771_/A1                               0.750000    0.825066   -0.075066 (VIOLATED)
_3752_/A_N                              0.750000    0.825065   -0.075065 (VIOLATED)
_3753_/A                                0.750000    0.825065   -0.075065 (VIOLATED)
_3757_/A1                               0.750000    0.825065   -0.075065 (VIOLATED)
_3768_/A1                               0.750000    0.825065   -0.075065 (VIOLATED)
_3772_/A2                               0.750000    0.825065   -0.075065 (VIOLATED)
_6017_/A                                0.750000    0.825065   -0.075065 (VIOLATED)
_6062_/A                                0.750000    0.825065   -0.075065 (VIOLATED)
_6126_/A                                0.750000    0.825065   -0.075065 (VIOLATED)
fanout600/X                             0.750000    0.825065   -0.075065 (VIOLATED)
fanout464/A                             0.750000    0.824800   -0.074800 (VIOLATED)
_5963_/A3                               0.750000    0.824798   -0.074798 (VIOLATED)
_5946_/A2                               0.750000    0.824795   -0.074795 (VIOLATED)
_3586_/A3                               0.750000    0.824785   -0.074785 (VIOLATED)
_3395_/A2                               0.750000    0.824777   -0.074777 (VIOLATED)
_3219_/A0                               0.750000    0.824771   -0.074771 (VIOLATED)
_3304_/A3                               0.750000    0.824770   -0.074770 (VIOLATED)
_3705_/A2                               0.750000    0.824770   -0.074770 (VIOLATED)
_6428_/A2                               0.750000    0.824770   -0.074770 (VIOLATED)
fanout465/X                             0.750000    0.824770   -0.074770 (VIOLATED)
_3711_/A0                               0.750000    0.823538   -0.073538 (VIOLATED)
_3791_/A1                               0.750000    0.823536   -0.073536 (VIOLATED)
_3285_/A3                               0.750000    0.823536   -0.073536 (VIOLATED)
_3443_/A0                               0.750000    0.823536   -0.073536 (VIOLATED)
_3379_/A1                               0.750000    0.823536   -0.073536 (VIOLATED)
_3332_/A2                               0.750000    0.823534   -0.073534 (VIOLATED)
_3662_/A                                0.750000    0.823532   -0.073532 (VIOLATED)
_3664_/A                                0.750000    0.823532   -0.073532 (VIOLATED)
_3724_/A_N                              0.750000    0.823532   -0.073532 (VIOLATED)
_6091_/A1                               0.750000    0.823532   -0.073532 (VIOLATED)
fanout451/X                             0.750000    0.823532   -0.073532 (VIOLATED)
ANTENNA_31/DIODE                        0.750000    0.823233   -0.073233 (VIOLATED)
fanout587/A                             0.750000    0.823232   -0.073232 (VIOLATED)
fanout583/A                             0.750000    0.823227   -0.073227 (VIOLATED)
max_cap588/A                            0.750000    0.823224   -0.073224 (VIOLATED)
input2/X                                0.750000    0.823222   -0.073222 (VIOLATED)
_5067_/Y                                0.750000    0.820004   -0.070004 (VIOLATED)
_5072_/A                                0.750000    0.820004   -0.070004 (VIOLATED)
_5073_/B1                               0.750000    0.820004   -0.070004 (VIOLATED)
_5078_/A                                0.750000    0.820004   -0.070004 (VIOLATED)
_5079_/B1                               0.750000    0.820004   -0.070004 (VIOLATED)
_5085_/B                                0.750000    0.820004   -0.070004 (VIOLATED)
_5092_/B                                0.750000    0.820004   -0.070004 (VIOLATED)
_5123_/C                                0.750000    0.820004   -0.070004 (VIOLATED)
_3544_/A1                               0.750000    0.819460   -0.069460 (VIOLATED)
wire257/A                               0.750000    0.819459   -0.069459 (VIOLATED)
_3490_/B1                               0.750000    0.819457   -0.069457 (VIOLATED)
_3419_/B1                               0.750000    0.819457   -0.069457 (VIOLATED)
_3418_/X                                0.750000    0.819454   -0.069454 (VIOLATED)
_5248_/B1                               0.750000    0.819317   -0.069317 (VIOLATED)
_5263_/A                                0.750000    0.819312   -0.069312 (VIOLATED)
_5292_/B2                               0.750000    0.819310   -0.069310 (VIOLATED)
_5150_/B2                               0.750000    0.819305   -0.069305 (VIOLATED)
_4744_/A                                0.750000    0.819291   -0.069291 (VIOLATED)
_5101_/A1                               0.750000    0.819285   -0.069285 (VIOLATED)
fanout493/A                             0.750000    0.819282   -0.069282 (VIOLATED)
fanout495/X                             0.750000    0.819282   -0.069282 (VIOLATED)
_3548_/B                                0.750000    0.818592   -0.068592 (VIOLATED)
_3520_/A0                               0.750000    0.818590   -0.068590 (VIOLATED)
_6468_/A0                               0.750000    0.818590   -0.068590 (VIOLATED)
_3331_/A3                               0.750000    0.818590   -0.068590 (VIOLATED)
_3380_/A2                               0.750000    0.818589   -0.068589 (VIOLATED)
_3644_/A1                               0.750000    0.818587   -0.068587 (VIOLATED)
_3285_/A0                               0.750000    0.818586   -0.068586 (VIOLATED)
_3444_/A1                               0.750000    0.818586   -0.068586 (VIOLATED)
_3517_/S                                0.750000    0.818586   -0.068586 (VIOLATED)
fanout491/A                             0.750000    0.818586   -0.068586 (VIOLATED)
fanout492/X                             0.750000    0.818586   -0.068586 (VIOLATED)
_6440_/A0                               0.750000    0.817358   -0.067358 (VIOLATED)
_3319_/A1                               0.750000    0.817356   -0.067356 (VIOLATED)
_3458_/A0                               0.750000    0.817352   -0.067352 (VIOLATED)
_3226_/A2                               0.750000    0.817349   -0.067349 (VIOLATED)
_3581_/A3                               0.750000    0.817348   -0.067348 (VIOLATED)
_3499_/A0                               0.750000    0.817348   -0.067348 (VIOLATED)
_5661_/A2                               0.750000    0.817339   -0.067339 (VIOLATED)
_5702_/A3                               0.750000    0.817339   -0.067339 (VIOLATED)
fanout485/A                             0.750000    0.817339   -0.067339 (VIOLATED)
fanout486/X                             0.750000    0.817339   -0.067339 (VIOLATED)
_4152_/A2                               0.750000    0.816501   -0.066501 (VIOLATED)
_4843_/A2                               0.750000    0.816500   -0.066500 (VIOLATED)
_5480_/A2                               0.750000    0.816491   -0.066491 (VIOLATED)
_4151_/Y                                0.750000    0.816478   -0.066478 (VIOLATED)
_3808_/A2                               0.750000    0.814726   -0.064726 (VIOLATED)
_5186_/B2                               0.750000    0.814724   -0.064724 (VIOLATED)
_3785_/Y                                0.750000    0.814718   -0.064718 (VIOLATED)
_3294_/A                                0.750000    0.813030   -0.063030 (VIOLATED)
_4423_/A2                               0.750000    0.813030   -0.063030 (VIOLATED)
_4374_/A                                0.750000    0.813030   -0.063030 (VIOLATED)
_3748_/C                                0.750000    0.813029   -0.063029 (VIOLATED)
_3543_/B                                0.750000    0.813029   -0.063029 (VIOLATED)
_3291_/X                                0.750000    0.813028   -0.063028 (VIOLATED)
_4825_/A                                0.750000    0.810579   -0.060579 (VIOLATED)
_4920_/A1                               0.750000    0.810578   -0.060578 (VIOLATED)
_4786_/A                                0.750000    0.810577   -0.060577 (VIOLATED)
_4911_/A1                               0.750000    0.810577   -0.060577 (VIOLATED)
_4912_/A1                               0.750000    0.810576   -0.060576 (VIOLATED)
_4914_/D_N                              0.750000    0.810574   -0.060574 (VIOLATED)
_4916_/A                                0.750000    0.810573   -0.060573 (VIOLATED)
_4870_/A1                               0.750000    0.810571   -0.060571 (VIOLATED)
_5162_/A                                0.750000    0.810570   -0.060570 (VIOLATED)
_5111_/A                                0.750000    0.810569   -0.060569 (VIOLATED)
_4782_/X                                0.750000    0.810568   -0.060568 (VIOLATED)
_3829_/S0                               0.750000    0.809303   -0.059303 (VIOLATED)
_3502_/A1                               0.750000    0.809300   -0.059300 (VIOLATED)
_3650_/S0                               0.750000    0.809297   -0.059297 (VIOLATED)
_3746_/S1                               0.750000    0.809295   -0.059295 (VIOLATED)
_3321_/B                                0.750000    0.809293   -0.059293 (VIOLATED)
_3837_/S0                               0.750000    0.809290   -0.059291 (VIOLATED)
_3633_/A                                0.750000    0.809286   -0.059286 (VIOLATED)
_3446_/S                                0.750000    0.809279   -0.059279 (VIOLATED)
_3318_/X                                0.750000    0.809275   -0.059275 (VIOLATED)
_3333_/A                                0.750000    0.809275   -0.059275 (VIOLATED)
_3537_/B1                               0.750000    0.809275   -0.059275 (VIOLATED)
_3811_/B                                0.750000    0.808177   -0.058177 (VIOLATED)
_3845_/A                                0.750000    0.808177   -0.058177 (VIOLATED)
_3848_/A                                0.750000    0.808177   -0.058177 (VIOLATED)
_3849_/A1_N                             0.750000    0.808177   -0.058177 (VIOLATED)
_3873_/A2                               0.750000    0.808177   -0.058177 (VIOLATED)
_3874_/B1                               0.750000    0.808177   -0.058177 (VIOLATED)
_3885_/B                                0.750000    0.808177   -0.058177 (VIOLATED)
_3886_/A2                               0.750000    0.808177   -0.058177 (VIOLATED)
_6017_/C                                0.750000    0.808177   -0.058177 (VIOLATED)
_6062_/C                                0.750000    0.808177   -0.058177 (VIOLATED)
fanout419/X                             0.750000    0.808177   -0.058177 (VIOLATED)
_5200_/A                                0.750000    0.808095   -0.058095 (VIOLATED)
_5223_/B                                0.750000    0.808095   -0.058095 (VIOLATED)
_5234_/B1                               0.750000    0.808095   -0.058095 (VIOLATED)
_5252_/A                                0.750000    0.808095   -0.058095 (VIOLATED)
_5268_/B1                               0.750000    0.808095   -0.058095 (VIOLATED)
_6304_/A_N                              0.750000    0.808095   -0.058095 (VIOLATED)
_6308_/A                                0.750000    0.808095   -0.058095 (VIOLATED)
_6309_/A                                0.750000    0.808095   -0.058095 (VIOLATED)
_6382_/B1_N                             0.750000    0.808095   -0.058095 (VIOLATED)
_6391_/C                                0.750000    0.808095   -0.058095 (VIOLATED)
fanout517/X                             0.750000    0.808095   -0.058095 (VIOLATED)
_5099_/A                                0.750000    0.806762   -0.056762 (VIOLATED)
_5100_/A2                               0.750000    0.806762   -0.056762 (VIOLATED)
_5098_/A2                               0.750000    0.806762   -0.056762 (VIOLATED)
fanout689/A                             0.750000    0.806761   -0.056761 (VIOLATED)
fanout690/A                             0.750000    0.806761   -0.056761 (VIOLATED)
fanout691/X                             0.750000    0.806761   -0.056761 (VIOLATED)
_4417_/C1                               0.750000    0.805283   -0.055283 (VIOLATED)
_4596_/B                                0.750000    0.805283   -0.055283 (VIOLATED)
_3397_/A1                               0.750000    0.805242   -0.055242 (VIOLATED)
_3226_/S1                               0.750000    0.805240   -0.055240 (VIOLATED)
_3587_/S1                               0.750000    0.805240   -0.055240 (VIOLATED)
_3458_/S1                               0.750000    0.805240   -0.055240 (VIOLATED)
_3390_/S1                               0.750000    0.805239   -0.055239 (VIOLATED)
_3631_/S1                               0.750000    0.805238   -0.055238 (VIOLATED)
_3583_/S1                               0.750000    0.805237   -0.055237 (VIOLATED)
_3581_/S1                               0.750000    0.805237   -0.055237 (VIOLATED)
_3383_/S1                               0.750000    0.805237   -0.055237 (VIOLATED)
_3438_/S1                               0.750000    0.805237   -0.055237 (VIOLATED)
fanout348/X                             0.750000    0.805237   -0.055237 (VIOLATED)
_4144_/A                                0.750000    0.805198   -0.055199 (VIOLATED)
_4281_/C1                               0.750000    0.805189   -0.055189 (VIOLATED)
_4381_/C1                               0.750000    0.805060   -0.055060 (VIOLATED)
_4509_/C1                               0.750000    0.805023   -0.055023 (VIOLATED)
_4225_/C1                               0.750000    0.805006   -0.055006 (VIOLATED)
_4840_/B                                0.750000    0.804825   -0.054825 (VIOLATED)
_4464_/C1                               0.750000    0.804813   -0.054813 (VIOLATED)
_4098_/X                                0.750000    0.804798   -0.054798 (VIOLATED)
_4104_/A                                0.750000    0.804798   -0.054798 (VIOLATED)
_6494_/A                                0.750000    0.803947   -0.053947 (VIOLATED)
_5540_/B1                               0.750000    0.803947   -0.053947 (VIOLATED)
_5539_/Y                                0.750000    0.803944   -0.053944 (VIOLATED)
_5330_/A1                               0.750000    0.803346   -0.053346 (VIOLATED)
_5307_/A                                0.750000    0.803346   -0.053346 (VIOLATED)
_5393_/B                                0.750000    0.803345   -0.053345 (VIOLATED)
_5384_/B                                0.750000    0.803345   -0.053345 (VIOLATED)
_5306_/B                                0.750000    0.803344   -0.053344 (VIOLATED)
_5315_/B                                0.750000    0.803344   -0.053344 (VIOLATED)
_6008_/A                                0.750000    0.803344   -0.053344 (VIOLATED)
_6356_/B1                               0.750000    0.803344   -0.053344 (VIOLATED)
_6357_/B2                               0.750000    0.803344   -0.053344 (VIOLATED)
_6359_/A                                0.750000    0.803344   -0.053344 (VIOLATED)
fanout669/X                             0.750000    0.803344   -0.053344 (VIOLATED)
_6379_/B                                0.750000    0.802573   -0.052573 (VIOLATED)
_5246_/A                                0.750000    0.802572   -0.052572 (VIOLATED)
_5233_/B                                0.750000    0.802571   -0.052571 (VIOLATED)
_5245_/A2                               0.750000    0.802571   -0.052571 (VIOLATED)
_5255_/B_N                              0.750000    0.802571   -0.052571 (VIOLATED)
_6006_/D                                0.750000    0.802571   -0.052571 (VIOLATED)
_6388_/D                                0.750000    0.802571   -0.052571 (VIOLATED)
_6389_/A1                               0.750000    0.802571   -0.052571 (VIOLATED)
_6390_/A2                               0.750000    0.802571   -0.052571 (VIOLATED)
_6392_/B                                0.750000    0.802571   -0.052571 (VIOLATED)
fanout671/X                             0.750000    0.802571   -0.052571 (VIOLATED)
_5551_/A2                               0.750000    0.802255   -0.052255 (VIOLATED)
_4372_/Y                                0.750000    0.802254   -0.052254 (VIOLATED)
_4375_/A2                               0.750000    0.802254   -0.052254 (VIOLATED)
_5445_/A2                               0.750000    0.802254   -0.052254 (VIOLATED)
_5485_/B                                0.750000    0.802254   -0.052254 (VIOLATED)
_5665_/A2                               0.750000    0.802254   -0.052254 (VIOLATED)
_5741_/A2                               0.750000    0.802254   -0.052254 (VIOLATED)
fanout436/A                             0.750000    0.800466   -0.050466 (VIOLATED)
fanout437/A                             0.750000    0.800463   -0.050463 (VIOLATED)
fanout435/A                             0.750000    0.800460   -0.050460 (VIOLATED)
fanout439/A                             0.750000    0.800439   -0.050439 (VIOLATED)
fanout443/A                             0.750000    0.800436   -0.050436 (VIOLATED)
fanout444/X                             0.750000    0.800436   -0.050436 (VIOLATED)
_4547_/A2                               0.750000    0.800177   -0.050177 (VIOLATED)
_4429_/B                                0.750000    0.800175   -0.050175 (VIOLATED)
_4495_/A1                               0.750000    0.800175   -0.050175 (VIOLATED)
_4494_/A1                               0.750000    0.800174   -0.050174 (VIOLATED)
_4469_/B                                0.750000    0.800173   -0.050173 (VIOLATED)
_4474_/A1                               0.750000    0.800173   -0.050173 (VIOLATED)
_4498_/A                                0.750000    0.800170   -0.050170 (VIOLATED)
_4513_/A                                0.750000    0.800170   -0.050170 (VIOLATED)
_6225_/A1                               0.750000    0.800170   -0.050170 (VIOLATED)
fanout364/A                             0.750000    0.800170   -0.050170 (VIOLATED)
fanout365/X                             0.750000    0.800170   -0.050170 (VIOLATED)
_4747_/A2                               0.750000    0.799827   -0.049827 (VIOLATED)
_5967_/A1                               0.750000    0.799801   -0.049801 (VIOLATED)
_6474_/B                                0.750000    0.799798   -0.049798 (VIOLATED)
_4746_/Y                                0.750000    0.799797   -0.049797 (VIOLATED)
_5786_/B1                               0.750000    0.799068   -0.049068 (VIOLATED)
_5795_/A                                0.750000    0.799067   -0.049067 (VIOLATED)
_5785_/A                                0.750000    0.799064   -0.049064 (VIOLATED)
_6404_/S                                0.750000    0.799054   -0.049054 (VIOLATED)
_5782_/Y                                0.750000    0.799007   -0.049007 (VIOLATED)
_4228_/B                                0.750000    0.798943   -0.048944 (VIOLATED)
_4231_/B                                0.750000    0.798943   -0.048943 (VIOLATED)
_4186_/Y                                0.750000    0.798942   -0.048942 (VIOLATED)
_4187_/B                                0.750000    0.798942   -0.048942 (VIOLATED)
_3958_/A1                               0.750000    0.797325   -0.047325 (VIOLATED)
_3906_/B                                0.750000    0.797325   -0.047325 (VIOLATED)
_3934_/A_N                              0.750000    0.797325   -0.047325 (VIOLATED)
_3935_/A                                0.750000    0.797325   -0.047325 (VIOLATED)
_3939_/A1                               0.750000    0.797325   -0.047325 (VIOLATED)
_3957_/A1                               0.750000    0.797325   -0.047325 (VIOLATED)
_3995_/A2                               0.750000    0.797325   -0.047325 (VIOLATED)
_6018_/B                                0.750000    0.797325   -0.047325 (VIOLATED)
_6065_/A                                0.750000    0.797325   -0.047325 (VIOLATED)
_6151_/B                                0.750000    0.797325   -0.047325 (VIOLATED)
fanout416/X                             0.750000    0.797325   -0.047325 (VIOLATED)
_4369_/A                                0.750000    0.794925   -0.044925 (VIOLATED)
_6175_/A                                0.750000    0.794925   -0.044925 (VIOLATED)
_4366_/A                                0.750000    0.794924   -0.044925 (VIOLATED)
_4393_/A                                0.750000    0.794924   -0.044924 (VIOLATED)
_4433_/A                                0.750000    0.794923   -0.044923 (VIOLATED)
_4395_/A1                               0.750000    0.794922   -0.044922 (VIOLATED)
_4403_/A                                0.750000    0.794922   -0.044922 (VIOLATED)
_4346_/A                                0.750000    0.794922   -0.044922 (VIOLATED)
_4404_/A                                0.750000    0.794922   -0.044922 (VIOLATED)
_6176_/A                                0.750000    0.794922   -0.044922 (VIOLATED)
fanout572/X                             0.750000    0.794922   -0.044922 (VIOLATED)
_5487_/B2                               0.750000    0.794111   -0.044111 (VIOLATED)
_4884_/B                                0.750000    0.794110   -0.044110 (VIOLATED)
_4974_/A1                               0.750000    0.794109   -0.044109 (VIOLATED)
_5768_/A1                               0.750000    0.794108   -0.044108 (VIOLATED)
_3244_/A                                0.750000    0.794107   -0.044107 (VIOLATED)
_3310_/B                                0.750000    0.794107   -0.044107 (VIOLATED)
_4424_/A1                               0.750000    0.794107   -0.044107 (VIOLATED)
_3242_/X                                0.750000    0.794106   -0.044106 (VIOLATED)
_4212_/Y                                0.750000    0.793877   -0.043877 (VIOLATED)
_4215_/A                                0.750000    0.793877   -0.043877 (VIOLATED)
_4232_/A1                               0.750000    0.793877   -0.043877 (VIOLATED)
_4248_/B                                0.750000    0.793877   -0.043877 (VIOLATED)
_4267_/B                                0.750000    0.793877   -0.043877 (VIOLATED)
_3424_/B                                0.750000    0.791809   -0.041809 (VIOLATED)
_4285_/A2                               0.750000    0.791809   -0.041809 (VIOLATED)
_3324_/S1                               0.750000    0.791808   -0.041808 (VIOLATED)
_3233_/S1                               0.750000    0.791807   -0.041807 (VIOLATED)
_3235_/S1                               0.750000    0.791804   -0.041804 (VIOLATED)
_3483_/S1                               0.750000    0.791804   -0.041804 (VIOLATED)
fanout342/A                             0.750000    0.791804   -0.041804 (VIOLATED)
fanout343/A                             0.750000    0.791804   -0.041804 (VIOLATED)
fanout345/X                             0.750000    0.791804   -0.041804 (VIOLATED)
_4290_/A2                               0.750000    0.791122   -0.041122 (VIOLATED)
_4326_/A1                               0.750000    0.791121   -0.041121 (VIOLATED)
_4303_/A                                0.750000    0.791121   -0.041121 (VIOLATED)
_4292_/A1_N                             0.750000    0.791120   -0.041120 (VIOLATED)
_4321_/A                                0.750000    0.791120   -0.041120 (VIOLATED)
_4247_/B                                0.750000    0.791120   -0.041120 (VIOLATED)
_4304_/A                                0.750000    0.791120   -0.041120 (VIOLATED)
_4306_/B1_N                             0.750000    0.791120   -0.041120 (VIOLATED)
_4310_/B_N                              0.750000    0.791120   -0.041120 (VIOLATED)
_4355_/B                                0.750000    0.791120   -0.041120 (VIOLATED)
fanout369/X                             0.750000    0.791120   -0.041120 (VIOLATED)
_4346_/B                                0.750000    0.791084   -0.041084 (VIOLATED)
_4368_/A                                0.750000    0.791083   -0.041083 (VIOLATED)
_4403_/B                                0.750000    0.791083   -0.041083 (VIOLATED)
_4365_/B                                0.750000    0.791083   -0.041083 (VIOLATED)
_4404_/B                                0.750000    0.791083   -0.041083 (VIOLATED)
_4371_/A1                               0.750000    0.791083   -0.041083 (VIOLATED)
_4434_/D1                               0.750000    0.791082   -0.041082 (VIOLATED)
_6022_/B                                0.750000    0.791082   -0.041082 (VIOLATED)
_6059_/A                                0.750000    0.791082   -0.041082 (VIOLATED)
_6206_/A2                               0.750000    0.791082   -0.041082 (VIOLATED)
fanout367/X                             0.750000    0.791082   -0.041082 (VIOLATED)
_5782_/A                                0.750000    0.789862   -0.039862 (VIOLATED)
_5847_/A                                0.750000    0.789862   -0.039862 (VIOLATED)
_5798_/B2                               0.750000    0.789860   -0.039860 (VIOLATED)
_4307_/B                                0.750000    0.789860   -0.039860 (VIOLATED)
_4338_/A1                               0.750000    0.789859   -0.039859 (VIOLATED)
_4337_/A2                               0.750000    0.789859   -0.039859 (VIOLATED)
_4299_/B                                0.750000    0.789858   -0.039858 (VIOLATED)
_5779_/Y                                0.750000    0.789857   -0.039857 (VIOLATED)
_4300_/B_N                              0.750000    0.789856   -0.039856 (VIOLATED)
_4348_/A                                0.750000    0.789856   -0.039856 (VIOLATED)
_6205_/A1                               0.750000    0.789853   -0.039853 (VIOLATED)
_4385_/B                                0.750000    0.789851   -0.039851 (VIOLATED)
_4386_/B1                               0.750000    0.789851   -0.039851 (VIOLATED)
_6021_/D                                0.750000    0.789851   -0.039851 (VIOLATED)
fanout368/X                             0.750000    0.789851   -0.039851 (VIOLATED)
_6069_/A                                0.750000    0.788848   -0.038848 (VIOLATED)
_4977_/B1                               0.750000    0.788847   -0.038847 (VIOLATED)
_6259_/A1                               0.750000    0.788847   -0.038847 (VIOLATED)
_4765_/A                                0.750000    0.788847   -0.038847 (VIOLATED)
_4766_/B                                0.750000    0.788847   -0.038847 (VIOLATED)
_4793_/A                                0.750000    0.788847   -0.038847 (VIOLATED)
_4814_/B                                0.750000    0.788847   -0.038847 (VIOLATED)
_4818_/B                                0.750000    0.788847   -0.038847 (VIOLATED)
_4914_/C                                0.750000    0.788847   -0.038847 (VIOLATED)
_6071_/B                                0.750000    0.788847   -0.038847 (VIOLATED)
fanout337/X                             0.750000    0.788847   -0.038847 (VIOLATED)
_3751_/A1                               0.750000    0.787761   -0.037761 (VIOLATED)
_3709_/A1                               0.750000    0.787761   -0.037761 (VIOLATED)
_3268_/A                                0.750000    0.787761   -0.037761 (VIOLATED)
_3323_/A1                               0.750000    0.787761   -0.037761 (VIOLATED)
_3364_/A                                0.750000    0.787761   -0.037761 (VIOLATED)
_3805_/A                                0.750000    0.787761   -0.037761 (VIOLATED)
_4150_/A                                0.750000    0.787761   -0.037761 (VIOLATED)
_4151_/A1                               0.750000    0.787761   -0.037761 (VIOLATED)
_4153_/A1                               0.750000    0.787761   -0.037761 (VIOLATED)
_5141_/A1                               0.750000    0.787761   -0.037761 (VIOLATED)
fanout682/X                             0.750000    0.787761   -0.037761 (VIOLATED)
_3526_/A3                               0.750000    0.787168   -0.037168 (VIOLATED)
_3575_/A3                               0.750000    0.787168   -0.037168 (VIOLATED)
_3648_/A2                               0.750000    0.787168   -0.037168 (VIOLATED)
_6447_/A2                               0.750000    0.787168   -0.037168 (VIOLATED)
fanout539/A                             0.750000    0.787168   -0.037168 (VIOLATED)
input34/X                               0.750000    0.787168   -0.037168 (VIOLATED)
_3788_/A1                               0.750000    0.786573   -0.036573 (VIOLATED)
_3638_/A                                0.750000    0.786572   -0.036572 (VIOLATED)
_3717_/A1                               0.750000    0.786571   -0.036571 (VIOLATED)
ANTENNA_38/DIODE                        0.750000    0.786570   -0.036570 (VIOLATED)
_3598_/A                                0.750000    0.786569   -0.036569 (VIOLATED)
fanout586/A                             0.750000    0.786567   -0.036567 (VIOLATED)
fanout587/X                             0.750000    0.786567   -0.036567 (VIOLATED)
_5334_/A                                0.750000    0.784921   -0.034921 (VIOLATED)
_5385_/A                                0.750000    0.784921   -0.034921 (VIOLATED)
_5413_/A                                0.750000    0.784921   -0.034921 (VIOLATED)
_5417_/B1                               0.750000    0.784921   -0.034921 (VIOLATED)
_6287_/A                                0.750000    0.784921   -0.034921 (VIOLATED)
_6288_/A1                               0.750000    0.784921   -0.034921 (VIOLATED)
_6362_/A1                               0.750000    0.784921   -0.034921 (VIOLATED)
_6363_/A                                0.750000    0.784921   -0.034921 (VIOLATED)
_6366_/A1                               0.750000    0.784921   -0.034921 (VIOLATED)
_6371_/B1                               0.750000    0.784921   -0.034921 (VIOLATED)
fanout508/X                             0.750000    0.784921   -0.034921 (VIOLATED)
_4654_/B                                0.750000    0.784644   -0.034644 (VIOLATED)
_4657_/A_N                              0.750000    0.784644   -0.034644 (VIOLATED)
_4658_/B_N                              0.750000    0.784644   -0.034644 (VIOLATED)
_4682_/A2                               0.750000    0.784644   -0.034644 (VIOLATED)
_4683_/A1                               0.750000    0.784644   -0.034644 (VIOLATED)
_4695_/B                                0.750000    0.784644   -0.034644 (VIOLATED)
_4697_/A2                               0.750000    0.784644   -0.034644 (VIOLATED)
_4769_/B1                               0.750000    0.784644   -0.034644 (VIOLATED)
_6026_/A                                0.750000    0.784644   -0.034644 (VIOLATED)
_6061_/B                                0.750000    0.784644   -0.034644 (VIOLATED)
fanout356/X                             0.750000    0.784644   -0.034644 (VIOLATED)
_4729_/A1                               0.750000    0.783234   -0.033235 (VIOLATED)
_4764_/A1                               0.750000    0.783234   -0.033234 (VIOLATED)
wire250/A                               0.750000    0.783234   -0.033234 (VIOLATED)
_4166_/A1                               0.750000    0.783232   -0.033232 (VIOLATED)
_4124_/X                                0.750000    0.783231   -0.033231 (VIOLATED)
fanout657/A                             0.750000    0.778816   -0.028816 (VIOLATED)
fanout654/A                             0.750000    0.778815   -0.028815 (VIOLATED)
_3950_/A                                0.750000    0.778814   -0.028814 (VIOLATED)
_4027_/A                                0.750000    0.778814   -0.028814 (VIOLATED)
fanout651/A                             0.750000    0.778814   -0.028814 (VIOLATED)
fanout659/X                             0.750000    0.778814   -0.028814 (VIOLATED)
_5588_/A1                               0.750000    0.778003   -0.028003 (VIOLATED)
_4286_/B                                0.750000    0.778001   -0.028001 (VIOLATED)
_3509_/A2                               0.750000    0.777997   -0.027997 (VIOLATED)
_3502_/Y                                0.750000    0.777996   -0.027996 (VIOLATED)
_3542_/A2                               0.750000    0.777996   -0.027996 (VIOLATED)
_5441_/A1                               0.750000    0.776601   -0.026601 (VIOLATED)
_5481_/A2                               0.750000    0.776600   -0.026601 (VIOLATED)
_5379_/A0                               0.750000    0.776599   -0.026599 (VIOLATED)
_5366_/B                                0.750000    0.776597   -0.026597 (VIOLATED)
_5367_/A_N                              0.750000    0.776597   -0.026597 (VIOLATED)
_5388_/S                                0.750000    0.776597   -0.026597 (VIOLATED)
_5408_/B1                               0.750000    0.776597   -0.026597 (VIOLATED)
_5424_/B_N                              0.750000    0.776597   -0.026597 (VIOLATED)
_6362_/B1                               0.750000    0.776597   -0.026597 (VIOLATED)
_6364_/B1                               0.750000    0.776597   -0.026597 (VIOLATED)
fanout506/X                             0.750000    0.776597   -0.026597 (VIOLATED)
_3560_/B1                               0.750000    0.776124   -0.026124 (VIOLATED)
_3487_/B1                               0.750000    0.776124   -0.026124 (VIOLATED)
_3486_/Y                                0.750000    0.776120   -0.026120 (VIOLATED)
_4159_/X                                0.750000    0.774185   -0.024185 (VIOLATED)
_4717_/A1                               0.750000    0.774185   -0.024185 (VIOLATED)
_4797_/A                                0.750000    0.774185   -0.024185 (VIOLATED)
_5021_/B1                               0.750000    0.774185   -0.024185 (VIOLATED)
_5181_/A1                               0.750000    0.774185   -0.024185 (VIOLATED)
max_cap268/A                            0.750000    0.774185   -0.024185 (VIOLATED)
_3973_/S1                               0.750000    0.774006   -0.024006 (VIOLATED)
_3531_/S                                0.750000    0.774005   -0.024005 (VIOLATED)
_3882_/S1                               0.750000    0.774005   -0.024005 (VIOLATED)
_3284_/S1                               0.750000    0.774002   -0.024002 (VIOLATED)
_3328_/S                                0.750000    0.774002   -0.024002 (VIOLATED)
_3330_/S                                0.750000    0.774002   -0.024002 (VIOLATED)
_3570_/S                                0.750000    0.774002   -0.024002 (VIOLATED)
_3655_/S                                0.750000    0.774002   -0.024002 (VIOLATED)
_3800_/A                                0.750000    0.774002   -0.024002 (VIOLATED)
_3837_/S1                               0.750000    0.774002   -0.024002 (VIOLATED)
fanout436/X                             0.750000    0.774002   -0.024002 (VIOLATED)
_5334_/B                                0.750000    0.773214   -0.023214 (VIOLATED)
_5351_/A                                0.750000    0.773214   -0.023214 (VIOLATED)
_5385_/B                                0.750000    0.773214   -0.023214 (VIOLATED)
_6009_/A                                0.750000    0.773214   -0.023214 (VIOLATED)
_6285_/A                                0.750000    0.773214   -0.023214 (VIOLATED)
_6286_/A                                0.750000    0.773214   -0.023214 (VIOLATED)
_6319_/A                                0.750000    0.773214   -0.023214 (VIOLATED)
_6364_/A1                               0.750000    0.773214   -0.023214 (VIOLATED)
_6372_/B2                               0.750000    0.773214   -0.023214 (VIOLATED)
_6373_/A1                               0.750000    0.773214   -0.023214 (VIOLATED)
fanout664/X                             0.750000    0.773214   -0.023214 (VIOLATED)
max_cap211/A                            0.750000    0.772116   -0.022116 (VIOLATED)
_5400_/A1                               0.750000    0.772116   -0.022116 (VIOLATED)
_4571_/A1                               0.750000    0.772106   -0.022106 (VIOLATED)
ANTENNA_22/DIODE                        0.750000    0.772106   -0.022106 (VIOLATED)
_4527_/X                                0.750000    0.772104   -0.022104 (VIOLATED)
_5719_/B                                0.750000    0.770672   -0.020672 (VIOLATED)
_5720_/B                                0.750000    0.770672   -0.020672 (VIOLATED)
_5735_/A2                               0.750000    0.770672   -0.020672 (VIOLATED)
_5736_/A1                               0.750000    0.770672   -0.020672 (VIOLATED)
_5751_/B                                0.750000    0.770672   -0.020672 (VIOLATED)
_5752_/B                                0.750000    0.770672   -0.020672 (VIOLATED)
_5755_/A2                               0.750000    0.770672   -0.020672 (VIOLATED)
_5756_/A2                               0.750000    0.770672   -0.020672 (VIOLATED)
_5791_/A2                               0.750000    0.770672   -0.020672 (VIOLATED)
_5792_/B1                               0.750000    0.770672   -0.020672 (VIOLATED)
fanout627/X                             0.750000    0.770672   -0.020672 (VIOLATED)
_5353_/A2                               0.750000    0.769713   -0.019713 (VIOLATED)
_5180_/B                                0.750000    0.769695   -0.019695 (VIOLATED)
_5021_/A2_N                             0.750000    0.769679   -0.019679 (VIOLATED)
_4716_/B                                0.750000    0.769638   -0.019638 (VIOLATED)
_4752_/A2                               0.750000    0.769619   -0.019619 (VIOLATED)
_4649_/A2                               0.750000    0.769612   -0.019612 (VIOLATED)
_4564_/A                                0.750000    0.769600   -0.019600 (VIOLATED)
_4338_/A2                               0.750000    0.769550   -0.019550 (VIOLATED)
_4371_/A2                               0.750000    0.769546   -0.019546 (VIOLATED)
_4202_/X                                0.750000    0.769536   -0.019536 (VIOLATED)
_4203_/B                                0.750000    0.769536   -0.019536 (VIOLATED)
_6060_/A                                0.750000    0.769156   -0.019156 (VIOLATED)
_6023_/B                                0.750000    0.769156   -0.019156 (VIOLATED)
_4547_/B1                               0.750000    0.769155   -0.019155 (VIOLATED)
_4546_/B                                0.750000    0.769155   -0.019155 (VIOLATED)
_4487_/B                                0.750000    0.769154   -0.019154 (VIOLATED)
_4488_/A                                0.750000    0.769154   -0.019154 (VIOLATED)
_4491_/B                                0.750000    0.769154   -0.019154 (VIOLATED)
_4517_/A2                               0.750000    0.769154   -0.019154 (VIOLATED)
_4518_/A1_N                             0.750000    0.769154   -0.019154 (VIOLATED)
_6189_/B                                0.750000    0.769154   -0.019154 (VIOLATED)
fanout363/X                             0.750000    0.769154   -0.019154 (VIOLATED)
_3338_/B                                0.750000    0.766850   -0.016850 (VIOLATED)
_3403_/A                                0.750000    0.766850   -0.016850 (VIOLATED)
_3416_/A                                0.750000    0.766850   -0.016850 (VIOLATED)
_3515_/A                                0.750000    0.766850   -0.016850 (VIOLATED)
fanout584/X                             0.750000    0.766850   -0.016850 (VIOLATED)
load_slew585/A                          0.750000    0.766850   -0.016850 (VIOLATED)
_5454_/B                                0.750000    0.766014   -0.016014 (VIOLATED)
_5455_/A_N                              0.750000    0.766014   -0.016014 (VIOLATED)
_5474_/B_N                              0.750000    0.766014   -0.016014 (VIOLATED)
_5476_/S                                0.750000    0.766014   -0.016014 (VIOLATED)
_5481_/A0                               0.750000    0.766014   -0.016014 (VIOLATED)
_5502_/B2                               0.750000    0.766014   -0.016014 (VIOLATED)
_5503_/A1                               0.750000    0.766014   -0.016014 (VIOLATED)
_5546_/A2                               0.750000    0.766014   -0.016014 (VIOLATED)
_6323_/A2                               0.750000    0.766014   -0.016014 (VIOLATED)
_6325_/A2                               0.750000    0.766014   -0.016014 (VIOLATED)
fanout502/X                             0.750000    0.766014   -0.016014 (VIOLATED)
_4797_/X                                0.750000    0.764237   -0.014238 (VIOLATED)
_4798_/B1                               0.750000    0.764237   -0.014238 (VIOLATED)
_4988_/A1                               0.750000    0.764237   -0.014238 (VIOLATED)
_5059_/A1                               0.750000    0.764237   -0.014238 (VIOLATED)
_5149_/A1                               0.750000    0.764237   -0.014238 (VIOLATED)
wire247/A                               0.750000    0.764237   -0.014238 (VIOLATED)
_6446_/A1                               0.750000    0.763730   -0.013730 (VIOLATED)
_5219_/A0                               0.750000    0.763712   -0.013712 (VIOLATED)
ANTENNA_13/DIODE                        0.750000    0.763708   -0.013708 (VIOLATED)
fanout518/A                             0.750000    0.763693   -0.013693 (VIOLATED)
input42/X                               0.750000    0.763693   -0.013693 (VIOLATED)
_3811_/Y                                0.750000    0.763369   -0.013369 (VIOLATED)
_3858_/A                                0.750000    0.763369   -0.013369 (VIOLATED)
_3907_/B                                0.750000    0.763369   -0.013369 (VIOLATED)
_3914_/B                                0.750000    0.763369   -0.013369 (VIOLATED)
_3918_/A                                0.750000    0.763369   -0.013369 (VIOLATED)
_3921_/A                                0.750000    0.763369   -0.013369 (VIOLATED)
max_cap327/A                            0.750000    0.763369   -0.013369 (VIOLATED)
fanout353/A                             0.750000    0.760771   -0.010771 (VIOLATED)
ANTENNA_36/DIODE                        0.750000    0.760765   -0.010765 (VIOLATED)
_3798_/A                                0.750000    0.760765   -0.010765 (VIOLATED)
_3699_/S                                0.750000    0.760762   -0.010762 (VIOLATED)
fanout345/A                             0.750000    0.760761   -0.010761 (VIOLATED)
fanout346/A                             0.750000    0.760761   -0.010761 (VIOLATED)
fanout355/X                             0.750000    0.760761   -0.010761 (VIOLATED)
_5155_/Y                                0.750000    0.759235   -0.009235 (VIOLATED)
_5156_/B1                               0.750000    0.759235   -0.009235 (VIOLATED)
_5172_/C                                0.750000    0.759235   -0.009235 (VIOLATED)
_5182_/B                                0.750000    0.759235   -0.009235 (VIOLATED)
_5183_/B                                0.750000    0.759235   -0.009235 (VIOLATED)
_5192_/B1                               0.750000    0.759235   -0.009235 (VIOLATED)
_5194_/B1                               0.750000    0.759235   -0.009235 (VIOLATED)
_5195_/A3                               0.750000    0.759235   -0.009235 (VIOLATED)
_5206_/B                                0.750000    0.759235   -0.009235 (VIOLATED)
_5207_/A1                               0.750000    0.759235   -0.009235 (VIOLATED)
_5274_/B                                0.750000    0.759235   -0.009235 (VIOLATED)
_4810_/A2                               0.750000    0.758830   -0.008830 (VIOLATED)
_6472_/S                                0.750000    0.758821   -0.008821 (VIOLATED)
_6434_/A                                0.750000    0.758805   -0.008805 (VIOLATED)
_6430_/A3                               0.750000    0.758798   -0.008798 (VIOLATED)
_6433_/A3                               0.750000    0.758797   -0.008797 (VIOLATED)
_6455_/A                                0.750000    0.758788   -0.008788 (VIOLATED)
_6444_/A                                0.750000    0.758763   -0.008763 (VIOLATED)
_6424_/B                                0.750000    0.758717   -0.008717 (VIOLATED)
_3303_/B                                0.750000    0.758689   -0.008689 (VIOLATED)
_3485_/C                                0.750000    0.758689   -0.008689 (VIOLATED)
_3302_/X                                0.750000    0.758681   -0.008681 (VIOLATED)
_3316_/A3                               0.750000    0.758410   -0.008410 (VIOLATED)
_3482_/A2                               0.750000    0.758409   -0.008409 (VIOLATED)
_6447_/A0                               0.750000    0.758409   -0.008409 (VIOLATED)
_3526_/A0                               0.750000    0.758409   -0.008409 (VIOLATED)
_3573_/A1                               0.750000    0.758407   -0.008407 (VIOLATED)
_3236_/A0                               0.750000    0.758406   -0.008406 (VIOLATED)
fanout546/A                             0.750000    0.758387   -0.008387 (VIOLATED)
fanout547/X                             0.750000    0.758387   -0.008387 (VIOLATED)
_3332_/A3                               0.750000    0.757504   -0.007504 (VIOLATED)
_3379_/A2                               0.750000    0.757504   -0.007504 (VIOLATED)
_3281_/A0                               0.750000    0.757504   -0.007504 (VIOLATED)
_3443_/A1                               0.750000    0.757504   -0.007504 (VIOLATED)
_3725_/A                                0.750000    0.757504   -0.007504 (VIOLATED)
_3752_/B                                0.750000    0.757504   -0.007504 (VIOLATED)
_3754_/A                                0.750000    0.757504   -0.007504 (VIOLATED)
_3758_/A0                               0.750000    0.757504   -0.007504 (VIOLATED)
_3841_/A1                               0.750000    0.757504   -0.007504 (VIOLATED)
_6464_/A0                               0.750000    0.757504   -0.007504 (VIOLATED)
fanout449/X                             0.750000    0.757504   -0.007504 (VIOLATED)
_3898_/A                                0.750000    0.756932   -0.006932 (VIOLATED)
_3899_/A1                               0.750000    0.756932   -0.006932 (VIOLATED)
_3902_/A1                               0.750000    0.756932   -0.006932 (VIOLATED)
_3944_/A                                0.750000    0.756932   -0.006932 (VIOLATED)
_3946_/C1                               0.750000    0.756932   -0.006932 (VIOLATED)
_4417_/A1                               0.750000    0.756932   -0.006932 (VIOLATED)
_4597_/S                                0.750000    0.756932   -0.006932 (VIOLATED)
_4636_/S                                0.750000    0.756932   -0.006932 (VIOLATED)
fanout643/A                             0.750000    0.756932   -0.006932 (VIOLATED)
fanout644/X                             0.750000    0.756932   -0.006932 (VIOLATED)
_5233_/A                                0.750000    0.756677   -0.006677 (VIOLATED)
_5244_/S                                0.750000    0.756676   -0.006676 (VIOLATED)
_5269_/A1                               0.750000    0.756673   -0.006673 (VIOLATED)
_5270_/A1                               0.750000    0.756673   -0.006673 (VIOLATED)
_5278_/A1                               0.750000    0.756671   -0.006671 (VIOLATED)
_5255_/A                                0.750000    0.756666   -0.006666 (VIOLATED)
_6391_/D                                0.750000    0.756665   -0.006665 (VIOLATED)
_5246_/B_N                              0.750000    0.756664   -0.006664 (VIOLATED)
_6381_/A1_N                             0.750000    0.756664   -0.006664 (VIOLATED)
_6389_/B1_N                             0.750000    0.756664   -0.006664 (VIOLATED)
fanout515/X                             0.750000    0.756664   -0.006664 (VIOLATED)
_5757_/A1                               0.750000    0.755069   -0.005069 (VIOLATED)
_5783_/A2                               0.750000    0.755069   -0.005069 (VIOLATED)
_6033_/A                                0.750000    0.755069   -0.005069 (VIOLATED)
_6048_/C                                0.750000    0.755069   -0.005069 (VIOLATED)
_6049_/A1                               0.750000    0.755069   -0.005069 (VIOLATED)
_6051_/A                                0.750000    0.755069   -0.005069 (VIOLATED)
_6402_/A1                               0.750000    0.755069   -0.005069 (VIOLATED)
fanout627/A                             0.750000    0.755069   -0.005069 (VIOLATED)
fanout628/X                             0.750000    0.755069   -0.005069 (VIOLATED)
_6464_/A3                               0.750000    0.753743   -0.003743 (VIOLATED)
_3791_/A0                               0.750000    0.753743   -0.003743 (VIOLATED)
_3379_/A3                               0.750000    0.753743   -0.003743 (VIOLATED)
_3877_/A1                               0.750000    0.753742   -0.003742 (VIOLATED)
_3443_/A2                               0.750000    0.753742   -0.003742 (VIOLATED)
_3283_/A0                               0.750000    0.753741   -0.003741 (VIOLATED)
_3766_/A                                0.750000    0.753741   -0.003741 (VIOLATED)
_3786_/B                                0.750000    0.753741   -0.003741 (VIOLATED)
_3787_/S                                0.750000    0.753741   -0.003741 (VIOLATED)
_3812_/A                                0.750000    0.753741   -0.003741 (VIOLATED)
fanout447/X                             0.750000    0.753741   -0.003741 (VIOLATED)
_5546_/S1                               0.750000    0.752321   -0.002321 (VIOLATED)
_5764_/S1                               0.750000    0.752321   -0.002321 (VIOLATED)
_5702_/S1                               0.750000    0.752320   -0.002320 (VIOLATED)
_5615_/S1                               0.750000    0.752320   -0.002320 (VIOLATED)
_5441_/S1                               0.750000    0.752320   -0.002320 (VIOLATED)
_5481_/S1                               0.750000    0.752320   -0.002320 (VIOLATED)
_5506_/S1                               0.750000    0.752320   -0.002320 (VIOLATED)
_5584_/S1                               0.750000    0.752320   -0.002320 (VIOLATED)
_5661_/S1                               0.750000    0.752320   -0.002320 (VIOLATED)
_5801_/S1                               0.750000    0.752320   -0.002320 (VIOLATED)
fanout380/X                             0.750000    0.752320   -0.002320 (VIOLATED)
_3947_/Y                                0.750000    0.751805   -0.001805 (VIOLATED)
_3952_/C1                               0.750000    0.751805   -0.001805 (VIOLATED)
_3220_/A1                               0.750000    0.750881   -0.000881 (VIOLATED)
_4422_/A                                0.750000    0.750880   -0.000880 (VIOLATED)
_3393_/A1                               0.750000    0.750879   -0.000879 (VIOLATED)
_4603_/B1                               0.750000    0.750879   -0.000879 (VIOLATED)
_5733_/A0                               0.750000    0.750879   -0.000879 (VIOLATED)
_4423_/A1                               0.750000    0.750878   -0.000878 (VIOLATED)
_3628_/A1                               0.750000    0.750878   -0.000878 (VIOLATED)
_3832_/A                                0.750000    0.750878   -0.000878 (VIOLATED)
_5091_/A2                               0.750000    0.750878   -0.000878 (VIOLATED)
_6428_/A3                               0.750000    0.750878   -0.000878 (VIOLATED)
fanout455/X                             0.750000    0.750878   -0.000878 (VIOLATED)

max fanout

Pin                                   Limit Fanout  Slack
---------------------------------------------------------
_3248_/Y                                 10     11        (VIOLATED)
_3301_/X                                 10     11        (VIOLATED)
_4611_/X                                 10     11        (VIOLATED)



===========================================================================
report_parasitic_annotation -report_unannotated
============================================================================
Found 2 unannotated drivers.
 clk
 rst_n
Found 0 partially unannotated drivers.

===========================================================================
max slew violation count 2207
%OL_METRIC_I design__max_slew_violation__count__corner:nom_ss_100C_1v60 2207
max fanout violation count 3
%OL_METRIC_I design__max_fanout_violation__count__corner:nom_ss_100C_1v60 3
max cap violation count 0
%OL_METRIC_I design__max_cap_violation__count__corner:nom_ss_100C_1v60 0
============================================================================

===========================================================================
check_setup -verbose -unconstrained_endpoints -multiple_clock -no_clock -no_input_delay -loops -generated_clocks
===========================================================================
%OL_END_REPORT
%OL_CREATE_REPORT power.rpt

===========================================================================
 report_power
============================================================================
======================= nom_ss_100C_1v60 Corner ===================================

Group                    Internal    Switching      Leakage        Total
                            Power        Power        Power        Power (Watts)
------------------------------------------------------------------------
Sequential           0.000000e+00 0.000000e+00 0.000000e+00 0.000000e+00   0.0%
Combinational        2.322793e-04 3.268278e-04 2.108077e-05 5.801879e-04 100.0%
Clock                -1.174790e-10 0.000000e+00 9.342265e-09 9.224785e-09   0.0%
Macro                0.000000e+00 0.000000e+00 0.000000e+00 0.000000e+00   0.0%
Pad                  0.000000e+00 0.000000e+00 0.000000e+00 0.000000e+00   0.0%
------------------------------------------------------------------------
Total                2.322792e-04 3.268278e-04 2.109011e-05 5.801971e-04 100.0%
                            40.0%        56.3%         3.6%
%OL_METRIC_F power__internal__total 0.00023227919882629067
%OL_METRIC_F power__switching__total 0.00032682783785276115
%OL_METRIC_F power__leakage__total 2.1090114387334324e-5
%OL_METRIC_F power__total 0.0005801971419714391

%OL_END_REPORT
%OL_CREATE_REPORT skew.min.rpt

===========================================================================
Clock Skew (Hold)
============================================================================
%OL_METRIC_F clock__skew__worst_hold__corner:nom_ss_100C_1v60 0.0
======================= nom_ss_100C_1v60 Corner ===================================

Clock __VIRTUAL_CLK__
No launch/capture paths found.

%OL_END_REPORT
%OL_CREATE_REPORT skew.max.rpt

===========================================================================
Clock Skew (Setup)
============================================================================
%OL_METRIC_F clock__skew__worst_setup__corner:nom_ss_100C_1v60 0.0
======================= nom_ss_100C_1v60 Corner ===================================

Clock __VIRTUAL_CLK__
No launch/capture paths found.

%OL_END_REPORT
%OL_CREATE_REPORT ws.min.rpt

===========================================================================
Worst Slack (Hold)
============================================================================
%OL_METRIC_F timing__hold__ws__corner:nom_ss_100C_1v60 17.294173693730983
nom_ss_100C_1v60: 17.294173693730983
%OL_END_REPORT
%OL_CREATE_REPORT ws.max.rpt

===========================================================================
Worst Slack (Setup)
============================================================================
%OL_METRIC_F timing__setup__ws__corner:nom_ss_100C_1v60 -3.2188403964428898
nom_ss_100C_1v60: -3.2188403964428898
%OL_END_REPORT
%OL_CREATE_REPORT tns.min.rpt

===========================================================================
Total Negative Slack (Hold)
============================================================================
%OL_METRIC_F timing__hold__tns__corner:nom_ss_100C_1v60 0.0
nom_ss_100C_1v60: 0.0
%OL_END_REPORT
%OL_CREATE_REPORT tns.max.rpt

===========================================================================
Total Negative Slack (Setup)
============================================================================
%OL_METRIC_F timing__setup__tns__corner:nom_ss_100C_1v60 -3.2188403964428898
nom_ss_100C_1v60: -3.2188403964428898
%OL_END_REPORT
%OL_CREATE_REPORT wns.min.rpt

===========================================================================
Worst Negative Slack (Hold)
============================================================================
%OL_METRIC_F timing__hold__wns__corner:nom_ss_100C_1v60 0
nom_ss_100C_1v60: 0
%OL_END_REPORT
%OL_CREATE_REPORT wns.max.rpt

===========================================================================
Worst Negative Slack (Setup)
============================================================================
%OL_METRIC_F timing__setup__wns__corner:nom_ss_100C_1v60 -3.2188403964428898
nom_ss_100C_1v60: -3.2188403964428898
%OL_END_REPORT
%OL_CREATE_REPORT violator_list.rpt

===========================================================================
Violator List
============================================================================
[setup in-out] operand_b[1] -> zero_flag : -3.218840
%OL_METRIC_I timing__hold_vio__count__corner:nom_ss_100C_1v60 0
%OL_METRIC_F timing__hold_r2r__ws__corner:nom_ss_100C_1v60 inf
%OL_METRIC_I timing__hold_r2r_vio__count__corner:nom_ss_100C_1v60 0
%OL_METRIC_I timing__setup_vio__count__corner:nom_ss_100C_1v60 1
%OL_METRIC_F timing__setup_r2r__ws__corner:nom_ss_100C_1v60 inf
%OL_METRIC_I timing__setup_r2r_vio__count__corner:nom_ss_100C_1v60 0
%OL_END_REPORT
%OL_CREATE_REPORT unpropagated.rpt
__VIRTUAL_CLK__
%OL_END_REPORT
%OL_CREATE_REPORT clock.rpt
Clock: __VIRTUAL_CLK__
Sources: 
Generated: no
Virtual: yes
Propagated: no
Period: 40.000000

===========================================================================
report_clock_properties
============================================================================
Clock                   Period          Waveform
----------------------------------------------------
__VIRTUAL_CLK__      40.000000    0.000000 20.000000

===========================================================================
report_clock_latency
============================================================================
Clock __VIRTUAL_CLK__


===========================================================================
report_clock_min_period
============================================================================
__VIRTUAL_CLK__ period_min = 0.00 fmax = inf
%OL_END_REPORT
Writing SDF files for all corners…
Removing Clock latencies before writing libs…
Writing timing models for all corners…
Writing timing models for the nom_ss_100C_1v60 corner to /home/ubuntu/asic_projects1/alu64/runs/RUN_2026-09-02_10-53-20/55-openroad-stapostpnr/nom_ss_100C_1v60/alu64_top__nom_ss_100C_1v60.lib…
