Net: _0363_
  Pin:   _8295_/D (sky130_fd_sc_hd__dfxtp_2)
    Layer: mcon
      Partial area ratio:    0.23
      Required ratio:    3.00 (Gate area) 
      Cumulative area ratio:    0.23
      Required ratio:    0.00 (Cumulative area) 

    Layer: met1
      Partial area ratio:    3.77
      Required ratio:    0.00 (Gate area) 
      Cumulative area ratio:    3.77
      Required ratio:    0.00 (Cumulative area) 
      Partial area ratio:   17.75
      Required ratio:  400.00 (Side area) 
      Cumulative area ratio:   17.75
      Required ratio:    0.00 (Cumulative side area) 

    Layer: via
      Partial area ratio:    0.30
      Required ratio:    6.00 (Gate area) 
      Cumulative area ratio:    0.53
      Required ratio:    0.00 (Cumulative area) 

    Layer: met2
      Partial area ratio:   39.69
      Required ratio:    0.00 (Gate area) 
      Cumulative area ratio:   43.45
      Required ratio:    0.00 (Cumulative area) 
      Partial area ratio:  196.36
      Required ratio:  400.00 (Side area) 
      Cumulative area ratio:  214.11
      Required ratio:    0.00 (Cumulative side area) 

    Layer: via2
      Partial area ratio:    0.32
      Required ratio:    6.00 (Gate area) 
      Cumulative area ratio:    0.84
      Required ratio:    0.00 (Cumulative area) 

    Layer: met3
      Partial area ratio:  280.27
      Required ratio:    0.00 (Gate area) 
      Cumulative area ratio:  323.72
      Required ratio:    0.00 (Cumulative area) 
      Partial area ratio: 1498.48
      Required ratio:  400.00 (Side area) (VIOLATED)
      Cumulative area ratio: 1712.59
      Required ratio:    0.00 (Cumulative side area) 

    Layer: via3
      Partial area ratio:    0.32
      Required ratio:    6.00 (Gate area) 
      Cumulative area ratio:    1.16
      Required ratio:    0.00 (Cumulative area) 

    Layer: met4
      Partial area ratio:   50.23
      Required ratio:    0.00 (Gate area) 
      Cumulative area ratio:  373.95
      Required ratio:    0.00 (Cumulative area) 
      Partial area ratio:  271.62
      Required ratio: 2778.20 (Side area) 
      Cumulative area ratio: 1984.21
      Required ratio:    0.00 (Cumulative side area) 



Net: _0418_
  Pin:   _8350_/D (sky130_fd_sc_hd__dfxtp_2)
    Layer: mcon
      Partial area ratio:    0.23
      Required ratio:    3.00 (Gate area) 
      Cumulative area ratio:    0.23
      Required ratio:    0.00 (Cumulative area) 

    Layer: met1
      Partial area ratio:  109.66
      Required ratio:    0.00 (Gate area) 
      Cumulative area ratio:  109.66
      Required ratio:    0.00 (Cumulative area) 
      Partial area ratio:  546.81
      Required ratio:  400.00 (Side area) (VIOLATED)
      Cumulative area ratio:  546.81
      Required ratio:    0.00 (Cumulative side area) 

    Layer: via
      Partial area ratio:    0.36
      Required ratio:    6.00 (Gate area) 
      Cumulative area ratio:    0.59
      Required ratio:    0.00 (Cumulative area) 

    Layer: met2
      Partial area ratio:    9.29
      Required ratio:    0.00 (Gate area) 
      Cumulative area ratio:  118.95
      Required ratio:    0.00 (Cumulative area) 
      Partial area ratio:   45.44
      Required ratio: 2964.40 (Side area) 
      Cumulative area ratio:  592.25
      Required ratio:    0.00 (Cumulative side area) 



Net: _0420_
  Pin:   _8352_/D (sky130_fd_sc_hd__dfxtp_2)
    Layer: mcon
      Partial area ratio:    0.23
      Required ratio:    3.00 (Gate area) 
      Cumulative area ratio:    0.23
      Required ratio:    0.00 (Cumulative area) 

    Layer: met1
      Partial area ratio:  129.16
      Required ratio:    0.00 (Gate area) 
      Cumulative area ratio:  129.16
      Required ratio:    0.00 (Cumulative area) 
      Partial area ratio:  644.31
      Required ratio:  400.00 (Side area) (VIOLATED)
      Cumulative area ratio:  644.31
      Required ratio:    0.00 (Cumulative side area) 

    Layer: via
      Partial area ratio:    0.36
      Required ratio:    6.00 (Gate area) 
      Cumulative area ratio:    0.59
      Required ratio:    0.00 (Cumulative area) 

    Layer: met2
      Partial area ratio:    9.95
      Required ratio:    0.00 (Gate area) 
      Cumulative area ratio:  139.11
      Required ratio:    0.00 (Cumulative area) 
      Partial area ratio:   48.67
      Required ratio: 2964.40 (Side area) 
      Cumulative area ratio:  692.97
      Required ratio:    0.00 (Cumulative side area) 



Net: _0496_
  Pin:   _4017_/A (sky130_fd_sc_hd__or4_2)
    Layer: mcon
      Partial area ratio:    0.23
      Required ratio:    3.00 (Gate area) 
      Cumulative area ratio:    0.23
      Required ratio:    0.00 (Cumulative area) 

    Layer: met1
      Partial area ratio:    5.37
      Required ratio:    0.00 (Gate area) 
      Cumulative area ratio:    5.37
      Required ratio:    0.00 (Cumulative area) 
      Partial area ratio:   25.37
      Required ratio:  400.00 (Side area) 
      Cumulative area ratio:   25.37
      Required ratio:    0.00 (Cumulative side area) 

    Layer: via
      Partial area ratio:    0.36
      Required ratio:    6.00 (Gate area) 
      Cumulative area ratio:    0.59
      Required ratio:    0.00 (Cumulative area) 

    Layer: met2
      Partial area ratio:    1.48
      Required ratio:    0.00 (Gate area) 
      Cumulative area ratio:    6.85
      Required ratio:    0.00 (Cumulative area) 
      Partial area ratio:    6.83
      Required ratio:  400.00 (Side area) 
      Cumulative area ratio:   32.21
      Required ratio:    0.00 (Cumulative side area) 

    Layer: via2
      Partial area ratio:    0.32
      Required ratio:    6.00 (Gate area) 
      Cumulative area ratio:    0.90
      Required ratio:    0.00 (Cumulative area) 

    Layer: met3
      Partial area ratio:    0.99
      Required ratio:    0.00 (Gate area) 
      Cumulative area ratio:    7.84
      Required ratio:    0.00 (Cumulative area) 
      Partial area ratio:    9.02
      Required ratio:  400.00 (Side area) 
      Cumulative area ratio:   41.22
      Required ratio:    0.00 (Cumulative side area) 

    Layer: via3
      Partial area ratio:    0.32
      Required ratio:    6.00 (Gate area) 
      Cumulative area ratio:    1.22
      Required ratio:    0.00 (Cumulative area) 

    Layer: met4
      Partial area ratio:  674.51
      Required ratio:    0.00 (Gate area) 
      Cumulative area ratio:  682.36
      Required ratio:    0.00 (Cumulative area) 
      Partial area ratio: 3601.14
      Required ratio: 2778.20 (Side area) (VIOLATED)
      Cumulative area ratio: 3642.36
      Required ratio:    0.00 (Cumulative side area) 



Net: _0500_
  Pin:   _4032_/A (sky130_fd_sc_hd__or4_2)
    Layer: mcon
      Partial area ratio:    0.23
      Required ratio:    3.00 (Gate area) 
      Cumulative area ratio:    0.23
      Required ratio:    0.00 (Cumulative area) 

    Layer: met1
      Partial area ratio:    5.68
      Required ratio:    0.00 (Gate area) 
      Cumulative area ratio:    5.68
      Required ratio:    0.00 (Cumulative area) 
      Partial area ratio:   26.91
      Required ratio:  400.00 (Side area) 
      Cumulative area ratio:   26.91
      Required ratio:    0.00 (Cumulative side area) 

    Layer: via
      Partial area ratio:    0.36
      Required ratio:    6.00 (Gate area) 
      Cumulative area ratio:    0.59
      Required ratio:    0.00 (Cumulative area) 

    Layer: met2
      Partial area ratio:  101.43
      Required ratio:    0.00 (Gate area) 
      Cumulative area ratio:  107.10
      Required ratio:    0.00 (Cumulative area) 
      Partial area ratio:  505.69
      Required ratio:  400.00 (Side area) (VIOLATED)
      Cumulative area ratio:  532.60
      Required ratio:    0.00 (Cumulative side area) 

    Layer: via2
      Partial area ratio:    0.32
      Required ratio:    6.00 (Gate area) 
      Cumulative area ratio:    0.90
      Required ratio:    0.00 (Cumulative area) 

    Layer: met3
      Partial area ratio:   99.56
      Required ratio:    0.00 (Gate area) 
      Cumulative area ratio:  206.66
      Required ratio:    0.00 (Cumulative area) 
      Partial area ratio:  534.67
      Required ratio:  400.00 (Side area) (VIOLATED)
      Cumulative area ratio: 1067.27
      Required ratio:    0.00 (Cumulative side area) 

    Layer: via3
      Partial area ratio:    0.32
      Required ratio:    6.00 (Gate area) 
      Cumulative area ratio:    1.22
      Required ratio:    0.00 (Cumulative area) 

    Layer: met4
      Partial area ratio:  378.80
      Required ratio:    0.00 (Gate area) 
      Cumulative area ratio:  585.46
      Required ratio:    0.00 (Cumulative area) 
      Partial area ratio: 2024.00
      Required ratio: 2778.20 (Side area) 
      Cumulative area ratio: 3091.27
      Required ratio:    0.00 (Cumulative side area) 



Net: _1179_
  Pin:   _5057_/A2 (sky130_fd_sc_hd__o221a_2)
    Layer: mcon
      Partial area ratio:    0.12
      Required ratio:    3.00 (Gate area) 
      Cumulative area ratio:    0.12
      Required ratio:    0.00 (Cumulative area) 

    Layer: met1
      Partial area ratio:    3.18
      Required ratio:    0.00 (Gate area) 
      Cumulative area ratio:    3.18
      Required ratio:    0.00 (Cumulative area) 
      Partial area ratio:   15.14
      Required ratio:  400.00 (Side area) 
      Cumulative area ratio:   15.14
      Required ratio:    0.00 (Cumulative side area) 

    Layer: via
      Partial area ratio:    0.18
      Required ratio:    6.00 (Gate area) 
      Cumulative area ratio:    0.30
      Required ratio:    0.00 (Cumulative area) 

    Layer: met2
      Partial area ratio:    0.75
      Required ratio:    0.00 (Gate area) 
      Cumulative area ratio:    3.93
      Required ratio:    0.00 (Cumulative area) 
      Partial area ratio:    3.48
      Required ratio:  400.00 (Side area) 
      Cumulative area ratio:   18.62
      Required ratio:    0.00 (Cumulative side area) 

    Layer: via2
      Partial area ratio:    0.16
      Required ratio:    6.00 (Gate area) 
      Cumulative area ratio:    0.46
      Required ratio:    0.00 (Cumulative area) 

    Layer: met3
      Partial area ratio:  117.59
      Required ratio:    0.00 (Gate area) 
      Cumulative area ratio:  121.52
      Required ratio:    0.00 (Cumulative area) 
      Partial area ratio:  629.04
      Required ratio:  400.00 (Side area) (VIOLATED)
      Cumulative area ratio:  647.66
      Required ratio:    0.00 (Cumulative side area) 

    Layer: via3
      Partial area ratio:    0.16
      Required ratio:    6.00 (Gate area) 
      Cumulative area ratio:    0.62
      Required ratio:    0.00 (Cumulative area) 

    Layer: met4
      Partial area ratio:    8.84
      Required ratio:    0.00 (Gate area) 
      Cumulative area ratio:  130.37
      Required ratio:    0.00 (Cumulative area) 
      Partial area ratio:   49.07
      Required ratio: 2778.20 (Side area) 
      Cumulative area ratio:  696.73
      Required ratio:    0.00 (Cumulative side area) 



Net: _1441_
  Pin:   _5538_/B2 (sky130_fd_sc_hd__a221o_2)
    Layer: mcon
      Partial area ratio:    0.12
      Required ratio:    3.00 (Gate area) 
      Cumulative area ratio:    0.12
      Required ratio:    0.00 (Cumulative area) 

    Layer: met1
      Partial area ratio:    1.18
      Required ratio:    0.00 (Gate area) 
      Cumulative area ratio:    1.18
      Required ratio:    0.00 (Cumulative area) 
      Partial area ratio:    4.83
      Required ratio:  400.00 (Side area) 
      Cumulative area ratio:    4.83
      Required ratio:    0.00 (Cumulative side area) 

    Layer: via
      Partial area ratio:    0.18
      Required ratio:    6.00 (Gate area) 
      Cumulative area ratio:    0.30
      Required ratio:    0.00 (Cumulative area) 

    Layer: met2
      Partial area ratio:    0.75
      Required ratio:    0.00 (Gate area) 
      Cumulative area ratio:    1.94
      Required ratio:    0.00 (Cumulative area) 
      Partial area ratio:    3.48
      Required ratio:  400.00 (Side area) 
      Cumulative area ratio:    8.31
      Required ratio:    0.00 (Cumulative side area) 

    Layer: via2
      Partial area ratio:    0.16
      Required ratio:    6.00 (Gate area) 
      Cumulative area ratio:    0.46
      Required ratio:    0.00 (Cumulative area) 

    Layer: met3
      Partial area ratio:   19.70
      Required ratio:    0.00 (Gate area) 
      Cumulative area ratio:   21.64
      Required ratio:    0.00 (Cumulative area) 
      Partial area ratio:  105.68
      Required ratio:  400.00 (Side area) 
      Cumulative area ratio:  113.98
      Required ratio:    0.00 (Cumulative side area) 

    Layer: via3
      Partial area ratio:    0.11
      Required ratio:    6.00 (Gate area) 
      Cumulative area ratio:    0.57
      Required ratio:    0.00 (Cumulative area) 

    Layer: met4
      Partial area ratio:   25.52
      Required ratio:    0.00 (Gate area) 
      Cumulative area ratio:   47.16
      Required ratio:    0.00 (Cumulative area) 
      Partial area ratio:  137.16
      Required ratio: 2736.24 (Side area) 
      Cumulative area ratio:  251.14
      Required ratio:    0.00 (Cumulative side area) 


  Pin:   _5815_/A1_N (sky130_fd_sc_hd__a2bb2o_2)
    Layer: mcon
      Partial area ratio:    0.18
      Required ratio:    3.00 (Gate area) 
      Cumulative area ratio:    0.18
      Required ratio:    0.00 (Cumulative area) 

    Layer: met1
      Partial area ratio:    4.97
      Required ratio:    0.00 (Gate area) 
      Cumulative area ratio:    4.97
      Required ratio:    0.00 (Cumulative area) 
      Partial area ratio:   23.69
      Required ratio:  400.00 (Side area) 
      Cumulative area ratio:   23.69
      Required ratio:    0.00 (Cumulative side area) 

    Layer: via
      Partial area ratio:    0.28
      Required ratio:    6.00 (Gate area) 
      Cumulative area ratio:    0.46
      Required ratio:    0.00 (Cumulative area) 

    Layer: met2
      Partial area ratio:    1.17
      Required ratio:    0.00 (Gate area) 
      Cumulative area ratio:    6.15
      Required ratio:    0.00 (Cumulative area) 
      Partial area ratio:    5.42
      Required ratio:  400.00 (Side area) 
      Cumulative area ratio:   29.10
      Required ratio:    0.00 (Cumulative side area) 

    Layer: via2
      Partial area ratio:    0.25
      Required ratio:    6.00 (Gate area) 
      Cumulative area ratio:    0.72
      Required ratio:    0.00 (Cumulative area) 

    Layer: met3
      Partial area ratio:  209.08
      Required ratio:    0.00 (Gate area) 
      Cumulative area ratio:  215.23
      Required ratio:    0.00 (Cumulative area) 
      Partial area ratio: 1118.04
      Required ratio:  400.00 (Side area) (VIOLATED)
      Cumulative area ratio: 1147.14
      Required ratio:    0.00 (Cumulative side area) 

    Layer: via3
      Partial area ratio:    0.25
      Required ratio:    6.00 (Gate area) 
      Cumulative area ratio:    0.97
      Required ratio:    0.00 (Cumulative area) 

    Layer: met4
      Partial area ratio:   25.52
      Required ratio:    0.00 (Gate area) 
      Cumulative area ratio:  240.75
      Required ratio:    0.00 (Cumulative area) 
      Partial area ratio:  137.16
      Required ratio: 2736.24 (Side area) 
      Cumulative area ratio: 1284.30
      Required ratio:    0.00 (Cumulative side area) 


  Pin:   max_cap219/A (sky130_fd_sc_hd__buf_6)
    Layer: mcon
      Partial area ratio:    0.06
      Required ratio:    3.00 (Gate area) 
      Cumulative area ratio:    0.06
      Required ratio:    0.00 (Cumulative area) 

    Layer: met1
      Partial area ratio:    1.31
      Required ratio:    0.00 (Gate area) 
      Cumulative area ratio:    1.31
      Required ratio:    0.00 (Cumulative area) 
      Partial area ratio:    6.20
      Required ratio:  400.00 (Side area) 
      Cumulative area ratio:    6.20
      Required ratio:    0.00 (Cumulative side area) 

    Layer: via
      Partial area ratio:    0.09
      Required ratio:    6.00 (Gate area) 
      Cumulative area ratio:    0.15
      Required ratio:    0.00 (Cumulative area) 

    Layer: met2
      Partial area ratio:    0.38
      Required ratio:    0.00 (Gate area) 
      Cumulative area ratio:    1.69
      Required ratio:    0.00 (Cumulative area) 
      Partial area ratio:    1.74
      Required ratio:  400.00 (Side area) 
      Cumulative area ratio:    7.94
      Required ratio:    0.00 (Cumulative side area) 

    Layer: via2
      Partial area ratio:    0.08
      Required ratio:    6.00 (Gate area) 
      Cumulative area ratio:    0.23
      Required ratio:    0.00 (Cumulative area) 

    Layer: met3
      Partial area ratio:   19.70
      Required ratio:    0.00 (Gate area) 
      Cumulative area ratio:   21.39
      Required ratio:    0.00 (Cumulative area) 
      Partial area ratio:  105.68
      Required ratio:  400.00 (Side area) 
      Cumulative area ratio:  113.61
      Required ratio:    0.00 (Cumulative side area) 

    Layer: via3
      Partial area ratio:    0.11
      Required ratio:    6.00 (Gate area) 
      Cumulative area ratio:    0.34
      Required ratio:    0.00 (Cumulative area) 

    Layer: met4
      Partial area ratio:   25.52
      Required ratio:    0.00 (Gate area) 
      Cumulative area ratio:   46.91
      Required ratio:    0.00 (Cumulative area) 
      Partial area ratio:  137.16
      Required ratio: 2736.24 (Side area) 
      Cumulative area ratio:  250.77
      Required ratio:    0.00 (Cumulative side area) 



Net: _1444_
  Pin:   _5304_/A1 (sky130_fd_sc_hd__mux2_2)
    Layer: mcon
      Partial area ratio:    0.18
      Required ratio:    3.00 (Gate area) 
      Cumulative area ratio:    0.18
      Required ratio:    0.00 (Cumulative area) 

    Layer: met1
      Partial area ratio:    6.81
      Required ratio:    0.00 (Gate area) 
      Cumulative area ratio:    6.81
      Required ratio:    0.00 (Cumulative area) 
      Partial area ratio:   32.90
      Required ratio:  400.00 (Side area) 
      Cumulative area ratio:   32.90
      Required ratio:    0.00 (Cumulative side area) 

    Layer: via
      Partial area ratio:    0.28
      Required ratio:    6.00 (Gate area) 
      Cumulative area ratio:    0.46
      Required ratio:    0.00 (Cumulative area) 

    Layer: met2
      Partial area ratio:    1.17
      Required ratio:    0.00 (Gate area) 
      Cumulative area ratio:    7.99
      Required ratio:    0.00 (Cumulative area) 
      Partial area ratio:    5.42
      Required ratio:  400.00 (Side area) 
      Cumulative area ratio:   38.32
      Required ratio:    0.00 (Cumulative side area) 

    Layer: via2
      Partial area ratio:    0.25
      Required ratio:    6.00 (Gate area) 
      Cumulative area ratio:    0.72
      Required ratio:    0.00 (Cumulative area) 

    Layer: met3
      Partial area ratio:    0.79
      Required ratio:    0.00 (Gate area) 
      Cumulative area ratio:    8.77
      Required ratio:    0.00 (Cumulative area) 
      Partial area ratio:    7.14
      Required ratio:  400.00 (Side area) 
      Cumulative area ratio:   45.46
      Required ratio:    0.00 (Cumulative side area) 

    Layer: via3
      Partial area ratio:    0.25
      Required ratio:    6.00 (Gate area) 
      Cumulative area ratio:    0.97
      Required ratio:    0.00 (Cumulative area) 

    Layer: met4
      Partial area ratio:   35.95
      Required ratio:    0.00 (Gate area) 
      Cumulative area ratio:   44.72
      Required ratio:    0.00 (Cumulative area) 
      Partial area ratio:  192.85
      Required ratio: 2736.24 (Side area) 
      Cumulative area ratio:  238.31
      Required ratio:    0.00 (Cumulative side area) 


  Pin:   _5317_/A (sky130_fd_sc_hd__buf_1)
    Layer: mcon
      Partial area ratio:    0.15
      Required ratio:    3.00 (Gate area) 
      Cumulative area ratio:    0.15
      Required ratio:    0.00 (Cumulative area) 

    Layer: met1
      Partial area ratio:    7.19
      Required ratio:    0.00 (Gate area) 
      Cumulative area ratio:    7.19
      Required ratio:    0.00 (Cumulative area) 
      Partial area ratio:   34.46
      Required ratio: 2736.24 (Side area) 
      Cumulative area ratio:   34.46
      Required ratio:    0.00 (Cumulative side area) 

    Layer: via
      Partial area ratio:    0.25
      Required ratio:   18.26 (Gate area) 
      Cumulative area ratio:    0.40
      Required ratio:    0.00 (Cumulative area) 

    Layer: met2
      Partial area ratio:    0.99
      Required ratio:    0.00 (Gate area) 
      Cumulative area ratio:    8.19
      Required ratio:    0.00 (Cumulative area) 
      Partial area ratio:    4.71
      Required ratio: 2736.24 (Side area) 
      Cumulative area ratio:   39.17
      Required ratio:    0.00 (Cumulative side area) 

    Layer: via2
      Partial area ratio:    0.11
      Required ratio:   18.26 (Gate area) 
      Cumulative area ratio:    0.51
      Required ratio:    0.00 (Cumulative area) 

    Layer: met3
      Partial area ratio:    0.35
      Required ratio:    0.00 (Gate area) 
      Cumulative area ratio:    8.54
      Required ratio:    0.00 (Cumulative area) 
      Partial area ratio:    3.20
      Required ratio: 2736.24 (Side area) 
      Cumulative area ratio:   42.36
      Required ratio:    0.00 (Cumulative side area) 

    Layer: via3
      Partial area ratio:    0.11
      Required ratio:   18.26 (Gate area) 
      Cumulative area ratio:    0.63
      Required ratio:    0.00 (Cumulative area) 

    Layer: met4
      Partial area ratio:   35.95
      Required ratio:    0.00 (Gate area) 
      Cumulative area ratio:   44.49
      Required ratio:    0.00 (Cumulative area) 
      Partial area ratio:  192.85
      Required ratio: 2736.24 (Side area) 
      Cumulative area ratio:  235.21
      Required ratio:    0.00 (Cumulative side area) 


  Pin:   _5327_/A1 (sky130_fd_sc_hd__mux2_2)
    Layer: mcon
      Partial area ratio:    0.18
      Required ratio:    3.00 (Gate area) 
      Cumulative area ratio:    0.18
      Required ratio:    0.00 (Cumulative area) 

    Layer: met1
      Partial area ratio:    2.69
      Required ratio:    0.00 (Gate area) 
      Cumulative area ratio:    2.69
      Required ratio:    0.00 (Cumulative area) 
      Partial area ratio:   12.27
      Required ratio:  400.00 (Side area) 
      Cumulative area ratio:   12.27
      Required ratio:    0.00 (Cumulative side area) 

    Layer: via
      Partial area ratio:    0.28
      Required ratio:    6.00 (Gate area) 
      Cumulative area ratio:    0.46
      Required ratio:    0.00 (Cumulative area) 

    Layer: met2
      Partial area ratio:   13.55
      Required ratio:    0.00 (Gate area) 
      Cumulative area ratio:   16.23
      Required ratio:    0.00 (Cumulative area) 
      Partial area ratio:   66.59
      Required ratio:  400.00 (Side area) 
      Cumulative area ratio:   78.86
      Required ratio:    0.00 (Cumulative side area) 

    Layer: via2
      Partial area ratio:    0.25
      Required ratio:    6.00 (Gate area) 
      Cumulative area ratio:    0.72
      Required ratio:    0.00 (Cumulative area) 

    Layer: met3
      Partial area ratio:   13.80
      Required ratio:    0.00 (Gate area) 
      Cumulative area ratio:   30.03
      Required ratio:    0.00 (Cumulative area) 
      Partial area ratio:   76.53
      Required ratio:  400.00 (Side area) 
      Cumulative area ratio:  155.39
      Required ratio:    0.00 (Cumulative side area) 

    Layer: via3
      Partial area ratio:    0.25
      Required ratio:    6.00 (Gate area) 
      Cumulative area ratio:    0.97
      Required ratio:    0.00 (Cumulative area) 

    Layer: met4
      Partial area ratio:   35.95
      Required ratio:    0.00 (Gate area) 
      Cumulative area ratio:   65.98
      Required ratio:    0.00 (Cumulative area) 
      Partial area ratio:  192.85
      Required ratio: 2736.24 (Side area) 
      Cumulative area ratio:  348.24
      Required ratio:    0.00 (Cumulative side area) 


  Pin:   _5615_/A (sky130_fd_sc_hd__buf_1)
    Layer: mcon
      Partial area ratio:    0.15
      Required ratio:    3.00 (Gate area) 
      Cumulative area ratio:    0.15
      Required ratio:    0.00 (Cumulative area) 

    Layer: met1
      Partial area ratio:    7.65
      Required ratio:    0.00 (Gate area) 
      Cumulative area ratio:    7.65
      Required ratio:    0.00 (Cumulative area) 
      Partial area ratio:   37.22
      Required ratio:  400.00 (Side area) 
      Cumulative area ratio:   37.22
      Required ratio:    0.00 (Cumulative side area) 

    Layer: via
      Partial area ratio:    0.20
      Required ratio:    6.00 (Gate area) 
      Cumulative area ratio:    0.35
      Required ratio:    0.00 (Cumulative area) 

    Layer: met2
      Partial area ratio:   10.34
      Required ratio:    0.00 (Gate area) 
      Cumulative area ratio:   17.99
      Required ratio:    0.00 (Cumulative area) 
      Partial area ratio:   51.12
      Required ratio:  400.00 (Side area) 
      Cumulative area ratio:   88.34
      Required ratio:    0.00 (Cumulative side area) 

    Layer: via2
      Partial area ratio:    0.20
      Required ratio:    6.00 (Gate area) 
      Cumulative area ratio:    0.55
      Required ratio:    0.00 (Cumulative area) 

    Layer: met3
      Partial area ratio:    0.62
      Required ratio:    0.00 (Gate area) 
      Cumulative area ratio:   18.61
      Required ratio:    0.00 (Cumulative area) 
      Partial area ratio:    5.65
      Required ratio:  400.00 (Side area) 
      Cumulative area ratio:   93.99
      Required ratio:    0.00 (Cumulative side area) 

    Layer: via3
      Partial area ratio:    0.20
      Required ratio:    6.00 (Gate area) 
      Cumulative area ratio:    0.75
      Required ratio:    0.00 (Cumulative area) 

    Layer: met4
      Partial area ratio:   35.95
      Required ratio:    0.00 (Gate area) 
      Cumulative area ratio:   54.56
      Required ratio:    0.00 (Cumulative area) 
      Partial area ratio:  192.85
      Required ratio: 2736.24 (Side area) 
      Cumulative area ratio:  286.84
      Required ratio:    0.00 (Cumulative side area) 


  Pin:   _6337_/A1_N (sky130_fd_sc_hd__o2bb2a_2)
    Layer: mcon
      Partial area ratio:    0.18
      Required ratio:    3.00 (Gate area) 
      Cumulative area ratio:    0.18
      Required ratio:    0.00 (Cumulative area) 

    Layer: met1
      Partial area ratio:    7.19
      Required ratio:    0.00 (Gate area) 
      Cumulative area ratio:    7.19
      Required ratio:    0.00 (Cumulative area) 
      Partial area ratio:   34.46
      Required ratio: 2736.24 (Side area) 
      Cumulative area ratio:   34.46
      Required ratio:    0.00 (Cumulative side area) 

    Layer: via
      Partial area ratio:    0.25
      Required ratio:   18.26 (Gate area) 
      Cumulative area ratio:    0.43
      Required ratio:    0.00 (Cumulative area) 

    Layer: met2
      Partial area ratio:    0.99
      Required ratio:    0.00 (Gate area) 
      Cumulative area ratio:    8.19
      Required ratio:    0.00 (Cumulative area) 
      Partial area ratio:    4.71
      Required ratio: 2736.24 (Side area) 
      Cumulative area ratio:   39.17
      Required ratio:    0.00 (Cumulative side area) 

    Layer: via2
      Partial area ratio:    0.11
      Required ratio:   18.26 (Gate area) 
      Cumulative area ratio:    0.55
      Required ratio:    0.00 (Cumulative area) 

    Layer: met3
      Partial area ratio:    0.35
      Required ratio:    0.00 (Gate area) 
      Cumulative area ratio:    8.54
      Required ratio:    0.00 (Cumulative area) 
      Partial area ratio:    3.20
      Required ratio: 2736.24 (Side area) 
      Cumulative area ratio:   42.36
      Required ratio:    0.00 (Cumulative side area) 

    Layer: via3
      Partial area ratio:    0.11
      Required ratio:   18.26 (Gate area) 
      Cumulative area ratio:    0.66
      Required ratio:    0.00 (Cumulative area) 

    Layer: met4
      Partial area ratio:   35.95
      Required ratio:    0.00 (Gate area) 
      Cumulative area ratio:   44.49
      Required ratio:    0.00 (Cumulative area) 
      Partial area ratio:  192.85
      Required ratio: 2736.24 (Side area) 
      Cumulative area ratio:  235.21
      Required ratio:    0.00 (Cumulative side area) 


  Pin:   _6551_/B1 (sky130_fd_sc_hd__a2bb2o_2)
    Layer: mcon
      Partial area ratio:    0.18
      Required ratio:    3.00 (Gate area) 
      Cumulative area ratio:    0.18
      Required ratio:    0.00 (Cumulative area) 

    Layer: met1
      Partial area ratio:    3.15
      Required ratio:    0.00 (Gate area) 
      Cumulative area ratio:    3.15
      Required ratio:    0.00 (Cumulative area) 
      Partial area ratio:   15.08
      Required ratio:  400.00 (Side area) 
      Cumulative area ratio:   15.08
      Required ratio:    0.00 (Cumulative side area) 

    Layer: via
      Partial area ratio:    0.19
      Required ratio:    6.00 (Gate area) 
      Cumulative area ratio:    0.37
      Required ratio:    0.00 (Cumulative area) 

    Layer: met2
      Partial area ratio:   10.34
      Required ratio:    0.00 (Gate area) 
      Cumulative area ratio:   13.49
      Required ratio:    0.00 (Cumulative area) 
      Partial area ratio:   51.12
      Required ratio:  400.00 (Side area) 
      Cumulative area ratio:   66.20
      Required ratio:    0.00 (Cumulative side area) 

    Layer: via2
      Partial area ratio:    0.20
      Required ratio:    6.00 (Gate area) 
      Cumulative area ratio:    0.57
      Required ratio:    0.00 (Cumulative area) 

    Layer: met3
      Partial area ratio:    0.62
      Required ratio:    0.00 (Gate area) 
      Cumulative area ratio:   14.11
      Required ratio:    0.00 (Cumulative area) 
      Partial area ratio:    5.65
      Required ratio:  400.00 (Side area) 
      Cumulative area ratio:   71.85
      Required ratio:    0.00 (Cumulative side area) 

    Layer: via3
      Partial area ratio:    0.20
      Required ratio:    6.00 (Gate area) 
      Cumulative area ratio:    0.77
      Required ratio:    0.00 (Cumulative area) 

    Layer: met4
      Partial area ratio:   35.95
      Required ratio:    0.00 (Gate area) 
      Cumulative area ratio:   50.06
      Required ratio:    0.00 (Cumulative area) 
      Partial area ratio:  192.85
      Required ratio: 2736.24 (Side area) 
      Cumulative area ratio:  264.70
      Required ratio:    0.00 (Cumulative side area) 


  Pin:   _6716_/A1 (sky130_fd_sc_hd__a22o_2)
    Layer: mcon
      Partial area ratio:    0.12
      Required ratio:    3.00 (Gate area) 
      Cumulative area ratio:    0.12
      Required ratio:    0.00 (Cumulative area) 

    Layer: met1
      Partial area ratio:    7.65
      Required ratio:    0.00 (Gate area) 
      Cumulative area ratio:    7.65
      Required ratio:    0.00 (Cumulative area) 
      Partial area ratio:   37.22
      Required ratio:  400.00 (Side area) 
      Cumulative area ratio:   37.22
      Required ratio:    0.00 (Cumulative side area) 

    Layer: via
      Partial area ratio:    0.20
      Required ratio:    6.00 (Gate area) 
      Cumulative area ratio:    0.32
      Required ratio:    0.00 (Cumulative area) 

    Layer: met2
      Partial area ratio:   10.34
      Required ratio:    0.00 (Gate area) 
      Cumulative area ratio:   17.99
      Required ratio:    0.00 (Cumulative area) 
      Partial area ratio:   51.12
      Required ratio:  400.00 (Side area) 
      Cumulative area ratio:   88.34
      Required ratio:    0.00 (Cumulative side area) 

    Layer: via2
      Partial area ratio:    0.20
      Required ratio:    6.00 (Gate area) 
      Cumulative area ratio:    0.52
      Required ratio:    0.00 (Cumulative area) 

    Layer: met3
      Partial area ratio:    0.62
      Required ratio:    0.00 (Gate area) 
      Cumulative area ratio:   18.61
      Required ratio:    0.00 (Cumulative area) 
      Partial area ratio:    5.65
      Required ratio:  400.00 (Side area) 
      Cumulative area ratio:   93.99
      Required ratio:    0.00 (Cumulative side area) 

    Layer: via3
      Partial area ratio:    0.20
      Required ratio:    6.00 (Gate area) 
      Cumulative area ratio:    0.72
      Required ratio:    0.00 (Cumulative area) 

    Layer: met4
      Partial area ratio:   35.95
      Required ratio:    0.00 (Gate area) 
      Cumulative area ratio:   54.56
      Required ratio:    0.00 (Cumulative area) 
      Partial area ratio:  192.85
      Required ratio: 2736.24 (Side area) 
      Cumulative area ratio:  286.84
      Required ratio:    0.00 (Cumulative side area) 


  Pin:   _7011_/A1_N (sky130_fd_sc_hd__o2bb2a_4)
    Layer: mcon
      Partial area ratio:    0.06
      Required ratio:    3.00 (Gate area) 
      Cumulative area ratio:    0.06
      Required ratio:    0.00 (Cumulative area) 

    Layer: met1
      Partial area ratio:   22.19
      Required ratio:    0.00 (Gate area) 
      Cumulative area ratio:   22.19
      Required ratio:    0.00 (Cumulative area) 
      Partial area ratio:  110.55
      Required ratio:  400.00 (Side area) 
      Cumulative area ratio:  110.55
      Required ratio:    0.00 (Cumulative side area) 

    Layer: via
      Partial area ratio:    0.10
      Required ratio:    6.00 (Gate area) 
      Cumulative area ratio:    0.16
      Required ratio:    0.00 (Cumulative area) 

    Layer: met2
      Partial area ratio:    4.96
      Required ratio:    0.00 (Gate area) 
      Cumulative area ratio:   27.16
      Required ratio:    0.00 (Cumulative area) 
      Partial area ratio:   24.34
      Required ratio:  400.00 (Side area) 
      Cumulative area ratio:  134.89
      Required ratio:    0.00 (Cumulative side area) 

    Layer: via2
      Partial area ratio:    0.18
      Required ratio:    6.00 (Gate area) 
      Cumulative area ratio:    0.34
      Required ratio:    0.00 (Cumulative area) 

    Layer: met3
      Partial area ratio:    0.57
      Required ratio:    0.00 (Gate area) 
      Cumulative area ratio:   27.73
      Required ratio:    0.00 (Cumulative area) 
      Partial area ratio:    5.21
      Required ratio:  400.00 (Side area) 
      Cumulative area ratio:  140.10
      Required ratio:    0.00 (Cumulative side area) 

    Layer: via3
      Partial area ratio:    0.18
      Required ratio:    6.00 (Gate area) 
      Cumulative area ratio:    0.53
      Required ratio:    0.00 (Cumulative area) 

    Layer: met4
      Partial area ratio:   35.95
      Required ratio:    0.00 (Gate area) 
      Cumulative area ratio:   63.68
      Required ratio:    0.00 (Cumulative area) 
      Partial area ratio:  192.85
      Required ratio: 2736.24 (Side area) 
      Cumulative area ratio:  332.95
      Required ratio:    0.00 (Cumulative side area) 


  Pin:   _7509_/A3 (sky130_fd_sc_hd__mux4_2)
    Layer: mcon
      Partial area ratio:    0.18
      Required ratio:    3.00 (Gate area) 
      Cumulative area ratio:    0.18
      Required ratio:    0.00 (Cumulative area) 

    Layer: met1
      Partial area ratio:    4.26
      Required ratio:    0.00 (Gate area) 
      Cumulative area ratio:    4.26
      Required ratio:    0.00 (Cumulative area) 
      Partial area ratio:   20.15
      Required ratio:  400.00 (Side area) 
      Cumulative area ratio:   20.15
      Required ratio:    0.00 (Cumulative side area) 

    Layer: via
      Partial area ratio:    0.28
      Required ratio:    6.00 (Gate area) 
      Cumulative area ratio:    0.46
      Required ratio:    0.00 (Cumulative area) 

    Layer: met2
      Partial area ratio:    7.47
      Required ratio:    0.00 (Gate area) 
      Cumulative area ratio:   11.73
      Required ratio:    0.00 (Cumulative area) 
      Partial area ratio:   36.21
      Required ratio:  400.00 (Side area) 
      Cumulative area ratio:   56.36
      Required ratio:    0.00 (Cumulative side area) 

    Layer: via2
      Partial area ratio:    0.25
      Required ratio:    6.00 (Gate area) 
      Cumulative area ratio:    0.72
      Required ratio:    0.00 (Cumulative area) 

    Layer: met3
      Partial area ratio:  143.99
      Required ratio:    0.00 (Gate area) 
      Cumulative area ratio:  155.72
      Required ratio:    0.00 (Cumulative area) 
      Partial area ratio:  770.87
      Required ratio:  400.00 (Side area) (VIOLATED)
      Cumulative area ratio:  827.23
      Required ratio:    0.00 (Cumulative side area) 

    Layer: via3
      Partial area ratio:    0.25
      Required ratio:    6.00 (Gate area) 
      Cumulative area ratio:    0.97
      Required ratio:    0.00 (Cumulative area) 

    Layer: met4
      Partial area ratio:   35.95
      Required ratio:    0.00 (Gate area) 
      Cumulative area ratio:  191.67
      Required ratio:    0.00 (Cumulative area) 
      Partial area ratio:  192.85
      Required ratio: 2736.24 (Side area) 
      Cumulative area ratio: 1020.08
      Required ratio:    0.00 (Cumulative side area) 


  Pin:   _7536_/B1 (sky130_fd_sc_hd__a2bb2o_2)
    Layer: mcon
      Partial area ratio:    0.18
      Required ratio:    3.00 (Gate area) 
      Cumulative area ratio:    0.18
      Required ratio:    0.00 (Cumulative area) 

    Layer: met1
      Partial area ratio:    1.77
      Required ratio:    0.00 (Gate area) 
      Cumulative area ratio:    1.77
      Required ratio:    0.00 (Cumulative area) 
      Partial area ratio:    7.68
      Required ratio:  400.00 (Side area) 
      Cumulative area ratio:    7.68
      Required ratio:    0.00 (Cumulative side area) 

    Layer: via
      Partial area ratio:    0.28
      Required ratio:    6.00 (Gate area) 
      Cumulative area ratio:    0.46
      Required ratio:    0.00 (Cumulative area) 

    Layer: met2
      Partial area ratio:    4.96
      Required ratio:    0.00 (Gate area) 
      Cumulative area ratio:    6.73
      Required ratio:    0.00 (Cumulative area) 
      Partial area ratio:   24.34
      Required ratio:  400.00 (Side area) 
      Cumulative area ratio:   32.02
      Required ratio:    0.00 (Cumulative side area) 

    Layer: via2
      Partial area ratio:    0.18
      Required ratio:    6.00 (Gate area) 
      Cumulative area ratio:    0.65
      Required ratio:    0.00 (Cumulative area) 

    Layer: met3
      Partial area ratio:    0.57
      Required ratio:    0.00 (Gate area) 
      Cumulative area ratio:    7.31
      Required ratio:    0.00 (Cumulative area) 
      Partial area ratio:    5.21
      Required ratio:  400.00 (Side area) 
      Cumulative area ratio:   37.23
      Required ratio:    0.00 (Cumulative side area) 

    Layer: via3
      Partial area ratio:    0.18
      Required ratio:    6.00 (Gate area) 
      Cumulative area ratio:    0.83
      Required ratio:    0.00 (Cumulative area) 

    Layer: met4
      Partial area ratio:   35.95
      Required ratio:    0.00 (Gate area) 
      Cumulative area ratio:   43.26
      Required ratio:    0.00 (Cumulative area) 
      Partial area ratio:  192.85
      Required ratio: 2736.24 (Side area) 
      Cumulative area ratio:  230.08
      Required ratio:    0.00 (Cumulative side area) 



Net: _1997_
  Pin:   _5877_/A3 (sky130_fd_sc_hd__a32o_2)
    Layer: mcon
      Partial area ratio:    0.12
      Required ratio:    3.00 (Gate area) 
      Cumulative area ratio:    0.12
      Required ratio:    0.00 (Cumulative area) 

    Layer: met1
      Partial area ratio:   12.97
      Required ratio:    0.00 (Gate area) 
      Cumulative area ratio:   12.97
      Required ratio:    0.00 (Cumulative area) 
      Partial area ratio:   64.37
      Required ratio:  400.00 (Side area) 
      Cumulative area ratio:   64.37
      Required ratio:    0.00 (Cumulative side area) 

    Layer: via
      Partial area ratio:    0.18
      Required ratio:    6.00 (Gate area) 
      Cumulative area ratio:    0.30
      Required ratio:    0.00 (Cumulative area) 

    Layer: met2
      Partial area ratio:   12.60
      Required ratio:    0.00 (Gate area) 
      Cumulative area ratio:   25.58
      Required ratio:    0.00 (Cumulative area) 
      Partial area ratio:   62.29
      Required ratio:  400.00 (Side area) 
      Cumulative area ratio:  126.66
      Required ratio:    0.00 (Cumulative side area) 

    Layer: via2
      Partial area ratio:    0.16
      Required ratio:    6.00 (Gate area) 
      Cumulative area ratio:    0.46
      Required ratio:    0.00 (Cumulative area) 

    Layer: met3
      Partial area ratio:   92.50
      Required ratio:    0.00 (Gate area) 
      Cumulative area ratio:  118.08
      Required ratio:    0.00 (Cumulative area) 
      Partial area ratio:  495.22
      Required ratio:  400.00 (Side area) (VIOLATED)
      Cumulative area ratio:  621.88
      Required ratio:    0.00 (Cumulative side area) 

    Layer: via3
      Partial area ratio:    0.16
      Required ratio:    6.00 (Gate area) 
      Cumulative area ratio:    0.62
      Required ratio:    0.00 (Cumulative area) 

    Layer: met4
      Partial area ratio:  100.84
      Required ratio:    0.00 (Gate area) 
      Cumulative area ratio:  218.92
      Required ratio:    0.00 (Cumulative area) 
      Partial area ratio:  539.73
      Required ratio: 2778.20 (Side area) 
      Cumulative area ratio: 1161.62
      Required ratio:    0.00 (Cumulative side area) 



Net: _2091_
  Pin:   _5963_/C (sky130_fd_sc_hd__and3_2)
    Layer: mcon
      Partial area ratio:    0.23
      Required ratio:    3.00 (Gate area) 
      Cumulative area ratio:    0.23
      Required ratio:    0.00 (Cumulative area) 

    Layer: met1
      Partial area ratio:    5.24
      Required ratio:    0.00 (Gate area) 
      Cumulative area ratio:    5.24
      Required ratio:    0.00 (Cumulative area) 
      Partial area ratio:   24.71
      Required ratio:  400.00 (Side area) 
      Cumulative area ratio:   24.71
      Required ratio:    0.00 (Cumulative side area) 

    Layer: via
      Partial area ratio:    0.36
      Required ratio:    6.00 (Gate area) 
      Cumulative area ratio:    0.59
      Required ratio:    0.00 (Cumulative area) 

    Layer: met2
      Partial area ratio:    1.48
      Required ratio:    0.00 (Gate area) 
      Cumulative area ratio:    6.72
      Required ratio:    0.00 (Cumulative area) 
      Partial area ratio:    6.83
      Required ratio:  400.00 (Side area) 
      Cumulative area ratio:   31.54
      Required ratio:    0.00 (Cumulative side area) 

    Layer: via2
      Partial area ratio:    0.32
      Required ratio:    6.00 (Gate area) 
      Cumulative area ratio:    0.90
      Required ratio:    0.00 (Cumulative area) 

    Layer: met3
      Partial area ratio:  132.41
      Required ratio:    0.00 (Gate area) 
      Cumulative area ratio:  139.13
      Required ratio:    0.00 (Cumulative area) 
      Partial area ratio:  709.90
      Required ratio:  400.00 (Side area) (VIOLATED)
      Cumulative area ratio:  741.44
      Required ratio:    0.00 (Cumulative side area) 

    Layer: via3
      Partial area ratio:    0.32
      Required ratio:    6.00 (Gate area) 
      Cumulative area ratio:    1.22
      Required ratio:    0.00 (Cumulative area) 

    Layer: met4
      Partial area ratio:  444.51
      Required ratio:    0.00 (Gate area) 
      Cumulative area ratio:  583.65
      Required ratio:    0.00 (Cumulative area) 
      Partial area ratio: 2374.48
      Required ratio: 2778.20 (Side area) 
      Cumulative area ratio: 3115.92
      Required ratio:    0.00 (Cumulative side area) 



Net: _2330_
  Pin:   _6215_/A2 (sky130_fd_sc_hd__o31a_2)
    Layer: mcon
      Partial area ratio:    0.12
      Required ratio:    3.00 (Gate area) 
      Cumulative area ratio:    0.12
      Required ratio:    0.00 (Cumulative area) 

    Layer: met1
      Partial area ratio:    0.93
      Required ratio:    0.00 (Gate area) 
      Cumulative area ratio:    0.93
      Required ratio:    0.00 (Cumulative area) 
      Partial area ratio:    3.73
      Required ratio:  400.00 (Side area) 
      Cumulative area ratio:    3.73
      Required ratio:    0.00 (Cumulative side area) 

    Layer: via
      Partial area ratio:    0.18
      Required ratio:    6.00 (Gate area) 
      Cumulative area ratio:    0.30
      Required ratio:    0.00 (Cumulative area) 

    Layer: met2
      Partial area ratio:   20.41
      Required ratio:    0.00 (Gate area) 
      Cumulative area ratio:   21.35
      Required ratio:    0.00 (Cumulative area) 
      Partial area ratio:  101.32
      Required ratio:  400.00 (Side area) 
      Cumulative area ratio:  105.05
      Required ratio:    0.00 (Cumulative side area) 

    Layer: via2
      Partial area ratio:    0.16
      Required ratio:    6.00 (Gate area) 
      Cumulative area ratio:    0.46
      Required ratio:    0.00 (Cumulative area) 

    Layer: met3
      Partial area ratio:   75.77
      Required ratio:    0.00 (Gate area) 
      Cumulative area ratio:   97.12
      Required ratio:    0.00 (Cumulative area) 
      Partial area ratio:  406.01
      Required ratio:  400.00 (Side area) (VIOLATED)
      Cumulative area ratio:  511.06
      Required ratio:    0.00 (Cumulative side area) 

    Layer: via3
      Partial area ratio:    0.16
      Required ratio:    6.00 (Gate area) 
      Cumulative area ratio:    0.62
      Required ratio:    0.00 (Cumulative area) 

    Layer: met4
      Partial area ratio:  125.93
      Required ratio:    0.00 (Gate area) 
      Cumulative area ratio:  223.05
      Required ratio:    0.00 (Cumulative area) 
      Partial area ratio:  673.55
      Required ratio: 2778.20 (Side area) 
      Cumulative area ratio: 1184.61
      Required ratio:    0.00 (Cumulative side area) 



Net: _2653_
  Pin:   _6555_/A (sky130_fd_sc_hd__or3_4)
    Layer: mcon
      Partial area ratio:    0.12
      Required ratio:    3.00 (Gate area) 
      Cumulative area ratio:    0.12
      Required ratio:    0.00 (Cumulative area) 

    Layer: met1
      Partial area ratio:    2.29
      Required ratio:    0.00 (Gate area) 
      Cumulative area ratio:    2.29
      Required ratio:    0.00 (Cumulative area) 
      Partial area ratio:   10.40
      Required ratio:  400.00 (Side area) 
      Cumulative area ratio:   10.40
      Required ratio:    0.00 (Cumulative side area) 

    Layer: via
      Partial area ratio:    0.18
      Required ratio:    6.00 (Gate area) 
      Cumulative area ratio:    0.30
      Required ratio:    0.00 (Cumulative area) 

    Layer: met2
      Partial area ratio:    0.75
      Required ratio:    0.00 (Gate area) 
      Cumulative area ratio:    3.05
      Required ratio:    0.00 (Cumulative area) 
      Partial area ratio:    3.48
      Required ratio:  400.00 (Side area) 
      Cumulative area ratio:   13.88
      Required ratio:    0.00 (Cumulative side area) 

    Layer: via2
      Partial area ratio:    0.16
      Required ratio:    6.00 (Gate area) 
      Cumulative area ratio:    0.46
      Required ratio:    0.00 (Cumulative area) 

    Layer: met3
      Partial area ratio:  168.25
      Required ratio:    0.00 (Gate area) 
      Cumulative area ratio:  171.30
      Required ratio:    0.00 (Cumulative area) 
      Partial area ratio:  901.14
      Required ratio:  400.00 (Side area) (VIOLATED)
      Cumulative area ratio:  915.02
      Required ratio:    0.00 (Cumulative side area) 

    Layer: via3
      Partial area ratio:    0.16
      Required ratio:    6.00 (Gate area) 
      Cumulative area ratio:    0.62
      Required ratio:    0.00 (Cumulative area) 

    Layer: met4
      Partial area ratio:  100.84
      Required ratio:    0.00 (Gate area) 
      Cumulative area ratio:  272.15
      Required ratio:    0.00 (Cumulative area) 
      Partial area ratio:  539.73
      Required ratio: 2851.00 (Side area) 
      Cumulative area ratio: 1454.75
      Required ratio:    0.00 (Cumulative side area) 



Net: _3027_
  Pin:   _6931_/C1 (sky130_fd_sc_hd__a2111o_2)
    Layer: mcon
      Partial area ratio:    0.12
      Required ratio:    3.00 (Gate area) 
      Cumulative area ratio:    0.12
      Required ratio:    0.00 (Cumulative area) 

    Layer: met1
      Partial area ratio:    3.61
      Required ratio:    0.00 (Gate area) 
      Cumulative area ratio:    3.61
      Required ratio:    0.00 (Cumulative area) 
      Partial area ratio:   17.28
      Required ratio:  400.00 (Side area) 
      Cumulative area ratio:   17.28
      Required ratio:    0.00 (Cumulative side area) 

    Layer: via
      Partial area ratio:    0.18
      Required ratio:    6.00 (Gate area) 
      Cumulative area ratio:    0.30
      Required ratio:    0.00 (Cumulative area) 

    Layer: met2
      Partial area ratio:   12.60
      Required ratio:    0.00 (Gate area) 
      Cumulative area ratio:   16.21
      Required ratio:    0.00 (Cumulative area) 
      Partial area ratio:   62.29
      Required ratio:  400.00 (Side area) 
      Cumulative area ratio:   79.57
      Required ratio:    0.00 (Cumulative side area) 

    Layer: via2
      Partial area ratio:    0.16
      Required ratio:    6.00 (Gate area) 
      Cumulative area ratio:    0.46
      Required ratio:    0.00 (Cumulative area) 

    Layer: met3
      Partial area ratio:  134.32
      Required ratio:    0.00 (Gate area) 
      Cumulative area ratio:  150.53
      Required ratio:    0.00 (Cumulative area) 
      Partial area ratio:  718.25
      Required ratio:  400.00 (Side area) (VIOLATED)
      Cumulative area ratio:  797.83
      Required ratio:    0.00 (Cumulative side area) 

    Layer: via3
      Partial area ratio:    0.16
      Required ratio:    6.00 (Gate area) 
      Cumulative area ratio:    0.62
      Required ratio:    0.00 (Cumulative area) 

    Layer: met4
      Partial area ratio:   33.93
      Required ratio:    0.00 (Gate area) 
      Cumulative area ratio:  184.46
      Required ratio:    0.00 (Cumulative area) 
      Partial area ratio:  182.88
      Required ratio: 2851.00 (Side area) 
      Cumulative area ratio:  980.71
      Required ratio:    0.00 (Cumulative side area) 



Net: _3212_
  Pin:   _7119_/C (sky130_fd_sc_hd__and4bb_2)
    Layer: mcon
      Partial area ratio:    0.23
      Required ratio:    3.00 (Gate area) 
      Cumulative area ratio:    0.23
      Required ratio:    0.00 (Cumulative area) 

    Layer: met1
      Partial area ratio:    7.66
      Required ratio:    0.00 (Gate area) 
      Cumulative area ratio:    7.66
      Required ratio:    0.00 (Cumulative area) 
      Partial area ratio:   36.83
      Required ratio:  400.00 (Side area) 
      Cumulative area ratio:   36.83
      Required ratio:    0.00 (Cumulative side area) 

    Layer: via
      Partial area ratio:    0.36
      Required ratio:    6.00 (Gate area) 
      Cumulative area ratio:    0.59
      Required ratio:    0.00 (Cumulative area) 

    Layer: met2
      Partial area ratio:    1.48
      Required ratio:    0.00 (Gate area) 
      Cumulative area ratio:    9.14
      Required ratio:    0.00 (Cumulative area) 
      Partial area ratio:    6.83
      Required ratio:  400.00 (Side area) 
      Cumulative area ratio:   43.66
      Required ratio:    0.00 (Cumulative side area) 

    Layer: via2
      Partial area ratio:    0.32
      Required ratio:    6.00 (Gate area) 
      Cumulative area ratio:    0.90
      Required ratio:    0.00 (Cumulative area) 

    Layer: met3
      Partial area ratio:  148.84
      Required ratio:    0.00 (Gate area) 
      Cumulative area ratio:  157.98
      Required ratio:    0.00 (Cumulative area) 
      Partial area ratio:  797.52
      Required ratio:  400.00 (Side area) (VIOLATED)
      Cumulative area ratio:  841.18
      Required ratio:    0.00 (Cumulative side area) 

    Layer: via3
      Partial area ratio:    0.32
      Required ratio:    6.00 (Gate area) 
      Cumulative area ratio:    1.22
      Required ratio:    0.00 (Cumulative area) 

    Layer: met4
      Partial area ratio:   33.80
      Required ratio:    0.00 (Gate area) 
      Cumulative area ratio:  191.78
      Required ratio:    0.00 (Cumulative area) 
      Partial area ratio:  184.00
      Required ratio: 2778.20 (Side area) 
      Cumulative area ratio: 1025.18
      Required ratio:    0.00 (Cumulative side area) 



Net: _3237_
  Pin:   _7181_/A1 (sky130_fd_sc_hd__o221a_2)
    Layer: mcon
      Partial area ratio:    0.12
      Required ratio:    3.00 (Gate area) 
      Cumulative area ratio:    0.12
      Required ratio:    0.00 (Cumulative area) 

    Layer: met1
      Partial area ratio:    2.54
      Required ratio:    0.00 (Gate area) 
      Cumulative area ratio:    2.54
      Required ratio:    0.00 (Cumulative area) 
      Partial area ratio:   11.96
      Required ratio:  400.00 (Side area) 
      Cumulative area ratio:   11.96
      Required ratio:    0.00 (Cumulative side area) 

    Layer: via
      Partial area ratio:    0.18
      Required ratio:    6.00 (Gate area) 
      Cumulative area ratio:    0.30
      Required ratio:    0.00 (Cumulative area) 

    Layer: met2
      Partial area ratio:    4.80
      Required ratio:    0.00 (Gate area) 
      Cumulative area ratio:    7.34
      Required ratio:    0.00 (Cumulative area) 
      Partial area ratio:   23.26
      Required ratio:  400.00 (Side area) 
      Cumulative area ratio:   35.23
      Required ratio:    0.00 (Cumulative side area) 

    Layer: via2
      Partial area ratio:    0.16
      Required ratio:    6.00 (Gate area) 
      Cumulative area ratio:    0.46
      Required ratio:    0.00 (Cumulative area) 

    Layer: met3
      Partial area ratio:  100.86
      Required ratio:    0.00 (Gate area) 
      Cumulative area ratio:  108.21
      Required ratio:    0.00 (Cumulative area) 
      Partial area ratio:  539.83
      Required ratio:  400.00 (Side area) (VIOLATED)
      Cumulative area ratio:  575.06
      Required ratio:    0.00 (Cumulative side area) 

    Layer: via3
      Partial area ratio:    0.16
      Required ratio:    6.00 (Gate area) 
      Cumulative area ratio:    0.62
      Required ratio:    0.00 (Cumulative area) 

    Layer: met4
      Partial area ratio:   92.48
      Required ratio:    0.00 (Gate area) 
      Cumulative area ratio:  200.69
      Required ratio:    0.00 (Cumulative area) 
      Partial area ratio:  495.13
      Required ratio: 2778.20 (Side area) 
      Cumulative area ratio: 1070.18
      Required ratio:    0.00 (Cumulative side area) 



Net: _3297_
  Pin:   _7204_/D (sky130_fd_sc_hd__and4b_2)
    Layer: mcon
      Partial area ratio:    0.23
      Required ratio:    3.00 (Gate area) 
      Cumulative area ratio:    0.23
      Required ratio:    0.00 (Cumulative area) 

    Layer: met1
      Partial area ratio:    4.67
      Required ratio:    0.00 (Gate area) 
      Cumulative area ratio:    4.67
      Required ratio:    0.00 (Cumulative area) 
      Partial area ratio:   21.86
      Required ratio:  400.00 (Side area) 
      Cumulative area ratio:   21.86
      Required ratio:    0.00 (Cumulative side area) 

    Layer: via
      Partial area ratio:    0.36
      Required ratio:    6.00 (Gate area) 
      Cumulative area ratio:    0.59
      Required ratio:    0.00 (Cumulative area) 

    Layer: met2
      Partial area ratio:   32.43
      Required ratio:    0.00 (Gate area) 
      Cumulative area ratio:   37.09
      Required ratio:    0.00 (Cumulative area) 
      Partial area ratio:  160.69
      Required ratio:  400.00 (Side area) 
      Cumulative area ratio:  182.56
      Required ratio:    0.00 (Cumulative side area) 

    Layer: via2
      Partial area ratio:    0.32
      Required ratio:    6.00 (Gate area) 
      Cumulative area ratio:    0.90
      Required ratio:    0.00 (Cumulative area) 

    Layer: met3
      Partial area ratio:  115.98
      Required ratio:    0.00 (Gate area) 
      Cumulative area ratio:  153.08
      Required ratio:    0.00 (Cumulative area) 
      Partial area ratio:  622.29
      Required ratio:  400.00 (Side area) (VIOLATED)
      Cumulative area ratio:  804.84
      Required ratio:    0.00 (Cumulative side area) 

    Layer: via3
      Partial area ratio:    0.32
      Required ratio:    6.00 (Gate area) 
      Cumulative area ratio:    1.22
      Required ratio:    0.00 (Cumulative area) 

    Layer: met4
      Partial area ratio:   17.37
      Required ratio:    0.00 (Gate area) 
      Cumulative area ratio:  170.45
      Required ratio:    0.00 (Cumulative area) 
      Partial area ratio:   96.38
      Required ratio: 2778.20 (Side area) 
      Cumulative area ratio:  901.22
      Required ratio:    0.00 (Cumulative side area) 



Net: _3614_
  Pin:   _7539_/C1 (sky130_fd_sc_hd__a2111o_2)
    Layer: mcon
      Partial area ratio:    0.12
      Required ratio:    3.00 (Gate area) 
      Cumulative area ratio:    0.12
      Required ratio:    0.00 (Cumulative area) 

    Layer: met1
      Partial area ratio:    3.57
      Required ratio:    0.00 (Gate area) 
      Cumulative area ratio:    3.57
      Required ratio:    0.00 (Cumulative area) 
      Partial area ratio:   17.08
      Required ratio:  400.00 (Side area) 
      Cumulative area ratio:   17.08
      Required ratio:    0.00 (Cumulative side area) 

    Layer: via
      Partial area ratio:    0.18
      Required ratio:    6.00 (Gate area) 
      Cumulative area ratio:    0.30
      Required ratio:    0.00 (Cumulative area) 

    Layer: met2
      Partial area ratio:   20.41
      Required ratio:    0.00 (Gate area) 
      Cumulative area ratio:   23.98
      Required ratio:    0.00 (Cumulative area) 
      Partial area ratio:  101.32
      Required ratio:  400.00 (Side area) 
      Cumulative area ratio:  118.41
      Required ratio:    0.00 (Cumulative side area) 

    Layer: via2
      Partial area ratio:    0.16
      Required ratio:    6.00 (Gate area) 
      Cumulative area ratio:    0.46
      Required ratio:    0.00 (Cumulative area) 

    Layer: met3
      Partial area ratio:  100.86
      Required ratio:    0.00 (Gate area) 
      Cumulative area ratio:  124.84
      Required ratio:    0.00 (Cumulative area) 
      Partial area ratio:  539.83
      Required ratio:  400.00 (Side area) (VIOLATED)
      Cumulative area ratio:  658.24
      Required ratio:    0.00 (Cumulative side area) 

    Layer: via3
      Partial area ratio:    0.16
      Required ratio:    6.00 (Gate area) 
      Cumulative area ratio:    0.62
      Required ratio:    0.00 (Cumulative area) 

    Layer: met4
      Partial area ratio:   25.57
      Required ratio:    0.00 (Gate area) 
      Cumulative area ratio:  150.41
      Required ratio:    0.00 (Cumulative area) 
      Partial area ratio:  138.28
      Required ratio: 3056.40 (Side area) 
      Cumulative area ratio:  796.52
      Required ratio:    0.00 (Cumulative side area) 



Net: u_pipeline.a_s2\[20\]
  Pin:   _4895_/B_N (sky130_fd_sc_hd__or2b_2)
    Layer: mcon
      Partial area ratio:    0.23
      Required ratio:    3.00 (Gate area) 
      Cumulative area ratio:    0.23
      Required ratio:    0.00 (Cumulative area) 

    Layer: met1
      Partial area ratio:    8.76
      Required ratio:    0.00 (Gate area) 
      Cumulative area ratio:    8.76
      Required ratio:    0.00 (Cumulative area) 
      Partial area ratio:   42.72
      Required ratio:  400.00 (Side area) 
      Cumulative area ratio:   42.72
      Required ratio:    0.00 (Cumulative side area) 

    Layer: via
      Partial area ratio:    0.15
      Required ratio:    6.00 (Gate area) 
      Cumulative area ratio:    0.38
      Required ratio:    0.00 (Cumulative area) 

    Layer: met2
      Partial area ratio:    3.85
      Required ratio:    0.00 (Gate area) 
      Cumulative area ratio:   12.60
      Required ratio:    0.00 (Cumulative area) 
      Partial area ratio:   18.98
      Required ratio:  400.00 (Side area) 
      Cumulative area ratio:   61.70
      Required ratio:    0.00 (Cumulative side area) 

    Layer: via2
      Partial area ratio:    0.01
      Required ratio:    6.00 (Gate area) 
      Cumulative area ratio:    0.39
      Required ratio:    0.00 (Cumulative area) 

    Layer: met3
      Partial area ratio:    2.18
      Required ratio:    0.00 (Gate area) 
      Cumulative area ratio:   14.78
      Required ratio:    0.00 (Cumulative area) 
      Partial area ratio:   11.74
      Required ratio: 2956.40 (Side area) 
      Cumulative area ratio:   73.44
      Required ratio:    0.00 (Cumulative side area) 


  Pin:   _4896_/A (sky130_fd_sc_hd__or2b_2)
    Layer: mcon
      Partial area ratio:    0.23
      Required ratio:    3.00 (Gate area) 
      Cumulative area ratio:    0.23
      Required ratio:    0.00 (Cumulative area) 

    Layer: met1
      Partial area ratio:    8.76
      Required ratio:    0.00 (Gate area) 
      Cumulative area ratio:    8.76
      Required ratio:    0.00 (Cumulative area) 
      Partial area ratio:   42.72
      Required ratio:  400.00 (Side area) 
      Cumulative area ratio:   42.72
      Required ratio:    0.00 (Cumulative side area) 

    Layer: via
      Partial area ratio:    0.15
      Required ratio:    6.00 (Gate area) 
      Cumulative area ratio:    0.38
      Required ratio:    0.00 (Cumulative area) 

    Layer: met2
      Partial area ratio:    3.85
      Required ratio:    0.00 (Gate area) 
      Cumulative area ratio:   12.60
      Required ratio:    0.00 (Cumulative area) 
      Partial area ratio:   18.98
      Required ratio:  400.00 (Side area) 
      Cumulative area ratio:   61.70
      Required ratio:    0.00 (Cumulative side area) 

    Layer: via2
      Partial area ratio:    0.01
      Required ratio:    6.00 (Gate area) 
      Cumulative area ratio:    0.39
      Required ratio:    0.00 (Cumulative area) 

    Layer: met3
      Partial area ratio:    2.18
      Required ratio:    0.00 (Gate area) 
      Cumulative area ratio:   14.78
      Required ratio:    0.00 (Cumulative area) 
      Partial area ratio:   11.74
      Required ratio: 2956.40 (Side area) 
      Cumulative area ratio:   73.44
      Required ratio:    0.00 (Cumulative side area) 


  Pin:   _5164_/A0 (sky130_fd_sc_hd__mux2_2)
    Layer: mcon
      Partial area ratio:    0.18
      Required ratio:    3.00 (Gate area) 
      Cumulative area ratio:    0.18
      Required ratio:    0.00 (Cumulative area) 

    Layer: met1
      Partial area ratio:   34.36
      Required ratio:    0.00 (Gate area) 
      Cumulative area ratio:   34.36
      Required ratio:    0.00 (Cumulative area) 
      Partial area ratio:  169.95
      Required ratio:  400.00 (Side area) 
      Cumulative area ratio:  169.95
      Required ratio:    0.00 (Cumulative side area) 

    Layer: via
      Partial area ratio:    0.42
      Required ratio:    6.00 (Gate area) 
      Cumulative area ratio:    0.61
      Required ratio:    0.00 (Cumulative area) 

    Layer: met2
      Partial area ratio:   21.04
      Required ratio:    0.00 (Gate area) 
      Cumulative area ratio:   55.40
      Required ratio:    0.00 (Cumulative area) 
      Partial area ratio:  104.43
      Required ratio: 2956.40 (Side area) 
      Cumulative area ratio:  274.38
      Required ratio:    0.00 (Cumulative side area) 

    Layer: via2
      Partial area ratio:    0.06
      Required ratio:   38.08 (Gate area) 
      Cumulative area ratio:    0.66
      Required ratio:    0.00 (Cumulative area) 

    Layer: met3
      Partial area ratio:    2.18
      Required ratio:    0.00 (Gate area) 
      Cumulative area ratio:   57.58
      Required ratio:    0.00 (Cumulative area) 
      Partial area ratio:   11.74
      Required ratio: 2956.40 (Side area) 
      Cumulative area ratio:  286.11
      Required ratio:    0.00 (Cumulative side area) 


  Pin:   _5247_/A1 (sky130_fd_sc_hd__mux2_2)
    Layer: mcon
      Partial area ratio:    0.18
      Required ratio:    3.00 (Gate area) 
      Cumulative area ratio:    0.18
      Required ratio:    0.00 (Cumulative area) 

    Layer: met1
      Partial area ratio:    3.14
      Required ratio:    0.00 (Gate area) 
      Cumulative area ratio:    3.14
      Required ratio:    0.00 (Cumulative area) 
      Partial area ratio:   14.54
      Required ratio:  400.00 (Side area) 
      Cumulative area ratio:   14.54
      Required ratio:    0.00 (Cumulative side area) 

    Layer: via
      Partial area ratio:    0.28
      Required ratio:    6.00 (Gate area) 
      Cumulative area ratio:    0.46
      Required ratio:    0.00 (Cumulative area) 

    Layer: met2
      Partial area ratio:    7.47
      Required ratio:    0.00 (Gate area) 
      Cumulative area ratio:   10.61
      Required ratio:    0.00 (Cumulative area) 
      Partial area ratio:   36.21
      Required ratio:  400.00 (Side area) 
      Cumulative area ratio:   50.75
      Required ratio:    0.00 (Cumulative side area) 

    Layer: via2
      Partial area ratio:    0.25
      Required ratio:    6.00 (Gate area) 
      Cumulative area ratio:    0.72
      Required ratio:    0.00 (Cumulative area) 

    Layer: met3
      Partial area ratio:    2.18
      Required ratio:    0.00 (Gate area) 
      Cumulative area ratio:   12.79
      Required ratio:    0.00 (Cumulative area) 
      Partial area ratio:   11.74
      Required ratio: 2956.40 (Side area) 
      Cumulative area ratio:   62.49
      Required ratio:    0.00 (Cumulative side area) 


  Pin:   _6153_/A (sky130_fd_sc_hd__inv_2)
    Layer: mcon
      Partial area ratio:    0.06
      Required ratio:    3.00 (Gate area) 
      Cumulative area ratio:    0.06
      Required ratio:    0.00 (Cumulative area) 

    Layer: met1
      Partial area ratio:    1.39
      Required ratio:    0.00 (Gate area) 
      Cumulative area ratio:    1.39
      Required ratio:    0.00 (Cumulative area) 
      Partial area ratio:    6.60
      Required ratio:  400.00 (Side area) 
      Cumulative area ratio:    6.60
      Required ratio:    0.00 (Cumulative side area) 

    Layer: via
      Partial area ratio:    0.09
      Required ratio:    6.00 (Gate area) 
      Cumulative area ratio:    0.15
      Required ratio:    0.00 (Cumulative area) 

    Layer: met2
      Partial area ratio:    3.85
      Required ratio:    0.00 (Gate area) 
      Cumulative area ratio:    5.24
      Required ratio:    0.00 (Cumulative area) 
      Partial area ratio:   18.98
      Required ratio:  400.00 (Side area) 
      Cumulative area ratio:   25.58
      Required ratio:    0.00 (Cumulative side area) 

    Layer: via2
      Partial area ratio:    0.01
      Required ratio:    6.00 (Gate area) 
      Cumulative area ratio:    0.16
      Required ratio:    0.00 (Cumulative area) 

    Layer: met3
      Partial area ratio:    2.18
      Required ratio:    0.00 (Gate area) 
      Cumulative area ratio:    7.42
      Required ratio:    0.00 (Cumulative area) 
      Partial area ratio:   11.74
      Required ratio: 2956.40 (Side area) 
      Cumulative area ratio:   37.31
      Required ratio:    0.00 (Cumulative side area) 


  Pin:   _6155_/A1 (sky130_fd_sc_hd__o21ai_2)
    Layer: mcon
      Partial area ratio:    0.06
      Required ratio:    3.00 (Gate area) 
      Cumulative area ratio:    0.06
      Required ratio:    0.00 (Cumulative area) 

    Layer: met1
      Partial area ratio:    2.92
      Required ratio:    0.00 (Gate area) 
      Cumulative area ratio:    2.92
      Required ratio:    0.00 (Cumulative area) 
      Partial area ratio:   13.99
      Required ratio:  400.00 (Side area) 
      Cumulative area ratio:   13.99
      Required ratio:    0.00 (Cumulative side area) 

    Layer: via
      Partial area ratio:    0.14
      Required ratio:    6.00 (Gate area) 
      Cumulative area ratio:    0.19
      Required ratio:    0.00 (Cumulative area) 

    Layer: met2
      Partial area ratio:    3.85
      Required ratio:    0.00 (Gate area) 
      Cumulative area ratio:    6.76
      Required ratio:    0.00 (Cumulative area) 
      Partial area ratio:   18.98
      Required ratio:  400.00 (Side area) 
      Cumulative area ratio:   32.97
      Required ratio:    0.00 (Cumulative side area) 

    Layer: via2
      Partial area ratio:    0.01
      Required ratio:    6.00 (Gate area) 
      Cumulative area ratio:    0.20
      Required ratio:    0.00 (Cumulative area) 

    Layer: met3
      Partial area ratio:    2.18
      Required ratio:    0.00 (Gate area) 
      Cumulative area ratio:    8.95
      Required ratio:    0.00 (Cumulative area) 
      Partial area ratio:   11.74
      Required ratio: 2956.40 (Side area) 
      Cumulative area ratio:   44.71
      Required ratio:    0.00 (Cumulative side area) 


  Pin:   _6156_/A0 (sky130_fd_sc_hd__mux2_2)
    Layer: mcon
      Partial area ratio:    0.18
      Required ratio:    3.00 (Gate area) 
      Cumulative area ratio:    0.18
      Required ratio:    0.00 (Cumulative area) 

    Layer: met1
      Partial area ratio:    5.66
      Required ratio:    0.00 (Gate area) 
      Cumulative area ratio:    5.66
      Required ratio:    0.00 (Cumulative area) 
      Partial area ratio:   27.03
      Required ratio:  400.00 (Side area) 
      Cumulative area ratio:   27.03
      Required ratio:    0.00 (Cumulative side area) 

    Layer: via
      Partial area ratio:    0.24
      Required ratio:    6.00 (Gate area) 
      Cumulative area ratio:    0.42
      Required ratio:    0.00 (Cumulative area) 

    Layer: met2
      Partial area ratio:    3.85
      Required ratio:    0.00 (Gate area) 
      Cumulative area ratio:    9.51
      Required ratio:    0.00 (Cumulative area) 
      Partial area ratio:   18.98
      Required ratio:  400.00 (Side area) 
      Cumulative area ratio:   46.01
      Required ratio:    0.00 (Cumulative side area) 

    Layer: via2
      Partial area ratio:    0.01
      Required ratio:    6.00 (Gate area) 
      Cumulative area ratio:    0.43
      Required ratio:    0.00 (Cumulative area) 

    Layer: met3
      Partial area ratio:    2.18
      Required ratio:    0.00 (Gate area) 
      Cumulative area ratio:   11.69
      Required ratio:    0.00 (Cumulative area) 
      Partial area ratio:   11.74
      Required ratio: 2956.40 (Side area) 
      Cumulative area ratio:   57.75
      Required ratio:    0.00 (Cumulative side area) 


  Pin:   _6157_/A (sky130_fd_sc_hd__or2_2)
    Layer: mcon
      Partial area ratio:    0.23
      Required ratio:    3.00 (Gate area) 
      Cumulative area ratio:    0.23
      Required ratio:    0.00 (Cumulative area) 

    Layer: met1
      Partial area ratio:    5.66
      Required ratio:    0.00 (Gate area) 
      Cumulative area ratio:    5.66
      Required ratio:    0.00 (Cumulative area) 
      Partial area ratio:   27.03
      Required ratio:  400.00 (Side area) 
      Cumulative area ratio:   27.03
      Required ratio:    0.00 (Cumulative side area) 

    Layer: via
      Partial area ratio:    0.24
      Required ratio:    6.00 (Gate area) 
      Cumulative area ratio:    0.47
      Required ratio:    0.00 (Cumulative area) 

    Layer: met2
      Partial area ratio:    3.85
      Required ratio:    0.00 (Gate area) 
      Cumulative area ratio:    9.51
      Required ratio:    0.00 (Cumulative area) 
      Partial area ratio:   18.98
      Required ratio:  400.00 (Side area) 
      Cumulative area ratio:   46.01
      Required ratio:    0.00 (Cumulative side area) 

    Layer: via2
      Partial area ratio:    0.01
      Required ratio:    6.00 (Gate area) 
      Cumulative area ratio:    0.48
      Required ratio:    0.00 (Cumulative area) 

    Layer: met3
      Partial area ratio:    2.18
      Required ratio:    0.00 (Gate area) 
      Cumulative area ratio:   11.69
      Required ratio:    0.00 (Cumulative area) 
      Partial area ratio:   11.74
      Required ratio: 2956.40 (Side area) 
      Cumulative area ratio:   57.75
      Required ratio:    0.00 (Cumulative side area) 


  Pin:   _6159_/A (sky130_fd_sc_hd__nand2_2)
    Layer: mcon
      Partial area ratio:    0.06
      Required ratio:    3.00 (Gate area) 
      Cumulative area ratio:    0.06
      Required ratio:    0.00 (Cumulative area) 

    Layer: met1
      Partial area ratio:    1.56
      Required ratio:    0.00 (Gate area) 
      Cumulative area ratio:    1.56
      Required ratio:    0.00 (Cumulative area) 
      Partial area ratio:    7.29
      Required ratio:  400.00 (Side area) 
      Cumulative area ratio:    7.29
      Required ratio:    0.00 (Cumulative side area) 

    Layer: via
      Partial area ratio:    0.09
      Required ratio:    6.00 (Gate area) 
      Cumulative area ratio:    0.15
      Required ratio:    0.00 (Cumulative area) 

    Layer: met2
      Partial area ratio:    3.85
      Required ratio:    0.00 (Gate area) 
      Cumulative area ratio:    5.40
      Required ratio:    0.00 (Cumulative area) 
      Partial area ratio:   18.98
      Required ratio:  400.00 (Side area) 
      Cumulative area ratio:   26.27
      Required ratio:    0.00 (Cumulative side area) 

    Layer: via2
      Partial area ratio:    0.01
      Required ratio:    6.00 (Gate area) 
      Cumulative area ratio:    0.16
      Required ratio:    0.00 (Cumulative area) 

    Layer: met3
      Partial area ratio:    2.18
      Required ratio:    0.00 (Gate area) 
      Cumulative area ratio:    7.58
      Required ratio:    0.00 (Cumulative area) 
      Partial area ratio:   11.74
      Required ratio: 2956.40 (Side area) 
      Cumulative area ratio:   38.01
      Required ratio:    0.00 (Cumulative side area) 


  Pin:   _6162_/A1 (sky130_fd_sc_hd__o22a_2)
    Layer: mcon
      Partial area ratio:    0.12
      Required ratio:    3.00 (Gate area) 
      Cumulative area ratio:    0.12
      Required ratio:    0.00 (Cumulative area) 

    Layer: met1
      Partial area ratio:    1.56
      Required ratio:    0.00 (Gate area) 
      Cumulative area ratio:    1.56
      Required ratio:    0.00 (Cumulative area) 
      Partial area ratio:    7.29
      Required ratio:  400.00 (Side area) 
      Cumulative area ratio:    7.29
      Required ratio:    0.00 (Cumulative side area) 

    Layer: via
      Partial area ratio:    0.09
      Required ratio:    6.00 (Gate area) 
      Cumulative area ratio:    0.21
      Required ratio:    0.00 (Cumulative area) 

    Layer: met2
      Partial area ratio:    3.85
      Required ratio:    0.00 (Gate area) 
      Cumulative area ratio:    5.40
      Required ratio:    0.00 (Cumulative area) 
      Partial area ratio:   18.98
      Required ratio:  400.00 (Side area) 
      Cumulative area ratio:   26.27
      Required ratio:    0.00 (Cumulative side area) 

    Layer: via2
      Partial area ratio:    0.01
      Required ratio:    6.00 (Gate area) 
      Cumulative area ratio:    0.22
      Required ratio:    0.00 (Cumulative area) 

    Layer: met3
      Partial area ratio:    2.18
      Required ratio:    0.00 (Gate area) 
      Cumulative area ratio:    7.58
      Required ratio:    0.00 (Cumulative area) 
      Partial area ratio:   11.74
      Required ratio: 2956.40 (Side area) 
      Cumulative area ratio:   38.01
      Required ratio:    0.00 (Cumulative side area) 


  Pin:   _6165_/A0 (sky130_fd_sc_hd__mux2_2)
    Layer: mcon
      Partial area ratio:    0.18
      Required ratio:    3.00 (Gate area) 
      Cumulative area ratio:    0.18
      Required ratio:    0.00 (Cumulative area) 

    Layer: met1
      Partial area ratio:    3.13
      Required ratio:    0.00 (Gate area) 
      Cumulative area ratio:    3.13
      Required ratio:    0.00 (Cumulative area) 
      Partial area ratio:   14.50
      Required ratio:  400.00 (Side area) 
      Cumulative area ratio:   14.50
      Required ratio:    0.00 (Cumulative side area) 

    Layer: via
      Partial area ratio:    0.28
      Required ratio:    6.00 (Gate area) 
      Cumulative area ratio:    0.46
      Required ratio:    0.00 (Cumulative area) 

    Layer: met2
      Partial area ratio:   21.04
      Required ratio:    0.00 (Gate area) 
      Cumulative area ratio:   24.17
      Required ratio:    0.00 (Cumulative area) 
      Partial area ratio:  104.43
      Required ratio: 2956.40 (Side area) 
      Cumulative area ratio:  118.93
      Required ratio:    0.00 (Cumulative side area) 

    Layer: via2
      Partial area ratio:    0.06
      Required ratio:   38.08 (Gate area) 
      Cumulative area ratio:    0.52
      Required ratio:    0.00 (Cumulative area) 

    Layer: met3
      Partial area ratio:    2.18
      Required ratio:    0.00 (Gate area) 
      Cumulative area ratio:   26.35
      Required ratio:    0.00 (Cumulative area) 
      Partial area ratio:   11.74
      Required ratio: 2956.40 (Side area) 
      Cumulative area ratio:  130.66
      Required ratio:    0.00 (Cumulative side area) 


  Pin:   _6194_/A (sky130_fd_sc_hd__nor2_4)
    Layer: mcon
      Partial area ratio:    0.03
      Required ratio:    3.00 (Gate area) 
      Cumulative area ratio:    0.03
      Required ratio:    0.00 (Cumulative area) 

    Layer: met1
      Partial area ratio:    0.72
      Required ratio:    0.00 (Gate area) 
      Cumulative area ratio:    0.72
      Required ratio:    0.00 (Cumulative area) 
      Partial area ratio:    3.43
      Required ratio:  400.00 (Side area) 
      Cumulative area ratio:    3.43
      Required ratio:    0.00 (Cumulative side area) 

    Layer: via
      Partial area ratio:    0.05
      Required ratio:    6.00 (Gate area) 
      Cumulative area ratio:    0.07
      Required ratio:    0.00 (Cumulative area) 

    Layer: met2
      Partial area ratio:    3.85
      Required ratio:    0.00 (Gate area) 
      Cumulative area ratio:    4.57
      Required ratio:    0.00 (Cumulative area) 
      Partial area ratio:   18.98
      Required ratio:  400.00 (Side area) 
      Cumulative area ratio:   22.41
      Required ratio:    0.00 (Cumulative side area) 

    Layer: via2
      Partial area ratio:    0.01
      Required ratio:    6.00 (Gate area) 
      Cumulative area ratio:    0.08
      Required ratio:    0.00 (Cumulative area) 

    Layer: met3
      Partial area ratio:    2.18
      Required ratio:    0.00 (Gate area) 
      Cumulative area ratio:    6.75
      Required ratio:    0.00 (Cumulative area) 
      Partial area ratio:   11.74
      Required ratio: 2956.40 (Side area) 
      Cumulative area ratio:   34.15
      Required ratio:    0.00 (Cumulative side area) 


  Pin:   _6199_/A1 (sky130_fd_sc_hd__mux4_2)
    Layer: mcon
      Partial area ratio:    0.18
      Required ratio:    3.00 (Gate area) 
      Cumulative area ratio:    0.18
      Required ratio:    0.00 (Cumulative area) 

    Layer: met1
      Partial area ratio:  106.73
      Required ratio:    0.00 (Gate area) 
      Cumulative area ratio:  106.73
      Required ratio:    0.00 (Cumulative area) 
      Partial area ratio:  531.78
      Required ratio:  400.00 (Side area) (VIOLATED)
      Cumulative area ratio:  531.78
      Required ratio:    0.00 (Cumulative side area) 

    Layer: via
      Partial area ratio:    0.42
      Required ratio:    6.00 (Gate area) 
      Cumulative area ratio:    0.61
      Required ratio:    0.00 (Cumulative area) 

    Layer: met2
      Partial area ratio:    3.85
      Required ratio:    0.00 (Gate area) 
      Cumulative area ratio:  110.57
      Required ratio:    0.00 (Cumulative area) 
      Partial area ratio:   18.98
      Required ratio:  400.00 (Side area) 
      Cumulative area ratio:  550.76
      Required ratio:    0.00 (Cumulative side area) 

    Layer: via2
      Partial area ratio:    0.01
      Required ratio:    6.00 (Gate area) 
      Cumulative area ratio:    0.62
      Required ratio:    0.00 (Cumulative area) 

    Layer: met3
      Partial area ratio:    2.18
      Required ratio:    0.00 (Gate area) 
      Cumulative area ratio:  112.75
      Required ratio:    0.00 (Cumulative area) 
      Partial area ratio:   11.74
      Required ratio: 2956.40 (Side area) 
      Cumulative area ratio:  562.50
      Required ratio:    0.00 (Cumulative side area) 


  Pin:   _6209_/A_N (sky130_fd_sc_hd__and2b_2)
    Layer: mcon
      Partial area ratio:    0.23
      Required ratio:    3.00 (Gate area) 
      Cumulative area ratio:    0.23
      Required ratio:    0.00 (Cumulative area) 

    Layer: met1
      Partial area ratio:    8.76
      Required ratio:    0.00 (Gate area) 
      Cumulative area ratio:    8.76
      Required ratio:    0.00 (Cumulative area) 
      Partial area ratio:   42.72
      Required ratio:  400.00 (Side area) 
      Cumulative area ratio:   42.72
      Required ratio:    0.00 (Cumulative side area) 

    Layer: via
      Partial area ratio:    0.15
      Required ratio:    6.00 (Gate area) 
      Cumulative area ratio:    0.38
      Required ratio:    0.00 (Cumulative area) 

    Layer: met2
      Partial area ratio:    3.85
      Required ratio:    0.00 (Gate area) 
      Cumulative area ratio:   12.60
      Required ratio:    0.00 (Cumulative area) 
      Partial area ratio:   18.98
      Required ratio:  400.00 (Side area) 
      Cumulative area ratio:   61.70
      Required ratio:    0.00 (Cumulative side area) 

    Layer: via2
      Partial area ratio:    0.01
      Required ratio:    6.00 (Gate area) 
      Cumulative area ratio:    0.39
      Required ratio:    0.00 (Cumulative area) 

    Layer: met3
      Partial area ratio:    2.18
      Required ratio:    0.00 (Gate area) 
      Cumulative area ratio:   14.78
      Required ratio:    0.00 (Cumulative area) 
      Partial area ratio:   11.74
      Required ratio: 2956.40 (Side area) 
      Cumulative area ratio:   73.44
      Required ratio:    0.00 (Cumulative side area) 


  Pin:   _6274_/A3 (sky130_fd_sc_hd__mux4_2)
    Layer: mcon
      Partial area ratio:    0.18
      Required ratio:    3.00 (Gate area) 
      Cumulative area ratio:    0.18
      Required ratio:    0.00 (Cumulative area) 

    Layer: met1
      Partial area ratio:    5.42
      Required ratio:    0.00 (Gate area) 
      Cumulative area ratio:    5.42
      Required ratio:    0.00 (Cumulative area) 
      Partial area ratio:   25.92
      Required ratio:  400.00 (Side area) 
      Cumulative area ratio:   25.92
      Required ratio:    0.00 (Cumulative side area) 

    Layer: via
      Partial area ratio:    0.28
      Required ratio:    6.00 (Gate area) 
      Cumulative area ratio:    0.46
      Required ratio:    0.00 (Cumulative area) 

    Layer: met2
      Partial area ratio:   21.04
      Required ratio:    0.00 (Gate area) 
      Cumulative area ratio:   26.46
      Required ratio:    0.00 (Cumulative area) 
      Partial area ratio:  104.43
      Required ratio: 2956.40 (Side area) 
      Cumulative area ratio:  130.35
      Required ratio:    0.00 (Cumulative side area) 

    Layer: via2
      Partial area ratio:    0.06
      Required ratio:   38.08 (Gate area) 
      Cumulative area ratio:    0.52
      Required ratio:    0.00 (Cumulative area) 

    Layer: met3
      Partial area ratio:    2.18
      Required ratio:    0.00 (Gate area) 
      Cumulative area ratio:   28.64
      Required ratio:    0.00 (Cumulative area) 
      Partial area ratio:   11.74
      Required ratio: 2956.40 (Side area) 
      Cumulative area ratio:  142.08
      Required ratio:    0.00 (Cumulative side area) 


  Pin:   _6292_/A1 (sky130_fd_sc_hd__a22o_2)
    Layer: mcon
      Partial area ratio:    0.12
      Required ratio:    3.00 (Gate area) 
      Cumulative area ratio:    0.12
      Required ratio:    0.00 (Cumulative area) 

    Layer: met1
      Partial area ratio:    8.76
      Required ratio:    0.00 (Gate area) 
      Cumulative area ratio:    8.76
      Required ratio:    0.00 (Cumulative area) 
      Partial area ratio:   42.72
      Required ratio:  400.00 (Side area) 
      Cumulative area ratio:   42.72
      Required ratio:    0.00 (Cumulative side area) 

    Layer: via
      Partial area ratio:    0.15
      Required ratio:    6.00 (Gate area) 
      Cumulative area ratio:    0.27
      Required ratio:    0.00 (Cumulative area) 

    Layer: met2
      Partial area ratio:    3.85
      Required ratio:    0.00 (Gate area) 
      Cumulative area ratio:   12.60
      Required ratio:    0.00 (Cumulative area) 
      Partial area ratio:   18.98
      Required ratio:  400.00 (Side area) 
      Cumulative area ratio:   61.70
      Required ratio:    0.00 (Cumulative side area) 

    Layer: via2
      Partial area ratio:    0.01
      Required ratio:    6.00 (Gate area) 
      Cumulative area ratio:    0.28
      Required ratio:    0.00 (Cumulative area) 

    Layer: met3
      Partial area ratio:    2.18
      Required ratio:    0.00 (Gate area) 
      Cumulative area ratio:   14.78
      Required ratio:    0.00 (Cumulative area) 
      Partial area ratio:   11.74
      Required ratio: 2956.40 (Side area) 
      Cumulative area ratio:   73.44
      Required ratio:    0.00 (Cumulative side area) 


  Pin:   _6653_/A (sky130_fd_sc_hd__or4_2)
    Layer: mcon
      Partial area ratio:    0.23
      Required ratio:    3.00 (Gate area) 
      Cumulative area ratio:    0.23
      Required ratio:    0.00 (Cumulative area) 

    Layer: met1
      Partial area ratio:   11.27
      Required ratio:    0.00 (Gate area) 
      Cumulative area ratio:   11.27
      Required ratio:    0.00 (Cumulative area) 
      Partial area ratio:   54.86
      Required ratio:  400.00 (Side area) 
      Cumulative area ratio:   54.86
      Required ratio:    0.00 (Cumulative side area) 

    Layer: via
      Partial area ratio:    0.36
      Required ratio:    6.00 (Gate area) 
      Cumulative area ratio:    0.59
      Required ratio:    0.00 (Cumulative area) 

    Layer: met2
      Partial area ratio:    3.85
      Required ratio:    0.00 (Gate area) 
      Cumulative area ratio:   15.11
      Required ratio:    0.00 (Cumulative area) 
      Partial area ratio:   18.98
      Required ratio:  400.00 (Side area) 
      Cumulative area ratio:   73.84
      Required ratio:    0.00 (Cumulative side area) 

    Layer: via2
      Partial area ratio:    0.01
      Required ratio:    6.00 (Gate area) 
      Cumulative area ratio:    0.60
      Required ratio:    0.00 (Cumulative area) 

    Layer: met3
      Partial area ratio:    2.18
      Required ratio:    0.00 (Gate area) 
      Cumulative area ratio:   17.30
      Required ratio:    0.00 (Cumulative area) 
      Partial area ratio:   11.74
      Required ratio: 2956.40 (Side area) 
      Cumulative area ratio:   85.58
      Required ratio:    0.00 (Cumulative side area) 


  Pin:   _7733_/A2 (sky130_fd_sc_hd__a311o_2)
    Layer: mcon
      Partial area ratio:    0.12
      Required ratio:    3.00 (Gate area) 
      Cumulative area ratio:    0.12
      Required ratio:    0.00 (Cumulative area) 

    Layer: met1
      Partial area ratio:    2.97
      Required ratio:    0.00 (Gate area) 
      Cumulative area ratio:    2.97
      Required ratio:    0.00 (Cumulative area) 
      Partial area ratio:   14.08
      Required ratio:  400.00 (Side area) 
      Cumulative area ratio:   14.08
      Required ratio:    0.00 (Cumulative side area) 

    Layer: via
      Partial area ratio:    0.18
      Required ratio:    6.00 (Gate area) 
      Cumulative area ratio:    0.30
      Required ratio:    0.00 (Cumulative area) 

    Layer: met2
      Partial area ratio:   21.04
      Required ratio:    0.00 (Gate area) 
      Cumulative area ratio:   24.01
      Required ratio:    0.00 (Cumulative area) 
      Partial area ratio:  104.43
      Required ratio: 2956.40 (Side area) 
      Cumulative area ratio:  118.51
      Required ratio:    0.00 (Cumulative side area) 

    Layer: via2
      Partial area ratio:    0.06
      Required ratio:   38.08 (Gate area) 
      Cumulative area ratio:    0.35
      Required ratio:    0.00 (Cumulative area) 

    Layer: met3
      Partial area ratio:    2.18
      Required ratio:    0.00 (Gate area) 
      Cumulative area ratio:   26.19
      Required ratio:    0.00 (Cumulative area) 
      Partial area ratio:   11.74
      Required ratio: 2956.40 (Side area) 
      Cumulative area ratio:  130.25
      Required ratio:    0.00 (Cumulative side area) 



Net: u_pipeline.a_s2\[30\]
  Pin:   _4869_/A (sky130_fd_sc_hd__xnor2_2)
    Layer: mcon
      Partial area ratio:    0.03
      Required ratio:    3.00 (Gate area) 
      Cumulative area ratio:    0.03
      Required ratio:    0.00 (Cumulative area) 

    Layer: met1
      Partial area ratio:    0.89
      Required ratio:    0.00 (Gate area) 
      Cumulative area ratio:    0.89
      Required ratio:    0.00 (Cumulative area) 
      Partial area ratio:    4.27
      Required ratio:  400.00 (Side area) 
      Cumulative area ratio:    4.27
      Required ratio:    0.00 (Cumulative side area) 

    Layer: via
      Partial area ratio:    0.05
      Required ratio:    6.00 (Gate area) 
      Cumulative area ratio:    0.07
      Required ratio:    0.00 (Cumulative area) 

    Layer: met2
      Partial area ratio:    2.04
      Required ratio:    0.00 (Gate area) 
      Cumulative area ratio:    2.93
      Required ratio:    0.00 (Cumulative area) 
      Partial area ratio:   10.00
      Required ratio:  400.00 (Side area) 
      Cumulative area ratio:   14.27
      Required ratio:    0.00 (Cumulative side area) 

    Layer: via2
      Partial area ratio:    0.01
      Required ratio:    6.00 (Gate area) 
      Cumulative area ratio:    0.08
      Required ratio:    0.00 (Cumulative area) 

    Layer: met3
      Partial area ratio:    1.46
      Required ratio:    0.00 (Gate area) 
      Cumulative area ratio:    4.40
      Required ratio:    0.00 (Cumulative area) 
      Partial area ratio:    7.88
      Required ratio: 2778.20 (Side area) 
      Cumulative area ratio:   22.15
      Required ratio:    0.00 (Cumulative side area) 


  Pin:   _5054_/A (sky130_fd_sc_hd__nor2_2)
    Layer: mcon
      Partial area ratio:    0.06
      Required ratio:    3.00 (Gate area) 
      Cumulative area ratio:    0.06
      Required ratio:    0.00 (Cumulative area) 

    Layer: met1
      Partial area ratio:    9.10
      Required ratio:    0.00 (Gate area) 
      Cumulative area ratio:    9.10
      Required ratio:    0.00 (Cumulative area) 
      Partial area ratio:   44.62
      Required ratio:  400.00 (Side area) 
      Cumulative area ratio:   44.62
      Required ratio:    0.00 (Cumulative side area) 

    Layer: via
      Partial area ratio:    0.14
      Required ratio:    6.00 (Gate area) 
      Cumulative area ratio:    0.20
      Required ratio:    0.00 (Cumulative area) 

    Layer: met2
      Partial area ratio:    2.04
      Required ratio:    0.00 (Gate area) 
      Cumulative area ratio:   11.14
      Required ratio:    0.00 (Cumulative area) 
      Partial area ratio:   10.00
      Required ratio:  400.00 (Side area) 
      Cumulative area ratio:   54.62
      Required ratio:    0.00 (Cumulative side area) 

    Layer: via2
      Partial area ratio:    0.01
      Required ratio:    6.00 (Gate area) 
      Cumulative area ratio:    0.21
      Required ratio:    0.00 (Cumulative area) 

    Layer: met3
      Partial area ratio:    1.46
      Required ratio:    0.00 (Gate area) 
      Cumulative area ratio:   12.60
      Required ratio:    0.00 (Cumulative area) 
      Partial area ratio:    7.88
      Required ratio: 2778.20 (Side area) 
      Cumulative area ratio:   62.50
      Required ratio:    0.00 (Cumulative side area) 


  Pin:   _5170_/A0 (sky130_fd_sc_hd__mux2_2)
    Layer: mcon
      Partial area ratio:    0.18
      Required ratio:    3.00 (Gate area) 
      Cumulative area ratio:    0.18
      Required ratio:    0.00 (Cumulative area) 

    Layer: met1
      Partial area ratio:   34.25
      Required ratio:    0.00 (Gate area) 
      Cumulative area ratio:   34.25
      Required ratio:    0.00 (Cumulative area) 
      Partial area ratio:  168.71
      Required ratio:  400.00 (Side area) 
      Cumulative area ratio:  168.71
      Required ratio:    0.00 (Cumulative side area) 

    Layer: via
      Partial area ratio:    0.57
      Required ratio:    6.00 (Gate area) 
      Cumulative area ratio:    0.75
      Required ratio:    0.00 (Cumulative area) 

    Layer: met2
      Partial area ratio:    2.04
      Required ratio:    0.00 (Gate area) 
      Cumulative area ratio:   36.29
      Required ratio:    0.00 (Cumulative area) 
      Partial area ratio:   10.00
      Required ratio:  400.00 (Side area) 
      Cumulative area ratio:  178.71
      Required ratio:    0.00 (Cumulative side area) 

    Layer: via2
      Partial area ratio:    0.01
      Required ratio:    6.00 (Gate area) 
      Cumulative area ratio:    0.75
      Required ratio:    0.00 (Cumulative area) 

    Layer: met3
      Partial area ratio:    1.46
      Required ratio:    0.00 (Gate area) 
      Cumulative area ratio:   37.75
      Required ratio:    0.00 (Cumulative area) 
      Partial area ratio:    7.88
      Required ratio: 2778.20 (Side area) 
      Cumulative area ratio:  186.59
      Required ratio:    0.00 (Cumulative side area) 


  Pin:   _5260_/A1 (sky130_fd_sc_hd__mux2_2)
    Layer: mcon
      Partial area ratio:    0.18
      Required ratio:    3.00 (Gate area) 
      Cumulative area ratio:    0.18
      Required ratio:    0.00 (Cumulative area) 

    Layer: met1
      Partial area ratio:  118.36
      Required ratio:    0.00 (Gate area) 
      Cumulative area ratio:  118.36
      Required ratio:    0.00 (Cumulative area) 
      Partial area ratio:  589.97
      Required ratio:  400.00 (Side area) (VIOLATED)
      Cumulative area ratio:  589.97
      Required ratio:    0.00 (Cumulative side area) 

    Layer: via
      Partial area ratio:    0.42
      Required ratio:    6.00 (Gate area) 
      Cumulative area ratio:    0.61
      Required ratio:    0.00 (Cumulative area) 

    Layer: met2
      Partial area ratio:    2.04
      Required ratio:    0.00 (Gate area) 
      Cumulative area ratio:  120.40
      Required ratio:    0.00 (Cumulative area) 
      Partial area ratio:   10.00
      Required ratio:  400.00 (Side area) 
      Cumulative area ratio:  599.97
      Required ratio:    0.00 (Cumulative side area) 

    Layer: via2
      Partial area ratio:    0.01
      Required ratio:    6.00 (Gate area) 
      Cumulative area ratio:    0.61
      Required ratio:    0.00 (Cumulative area) 

    Layer: met3
      Partial area ratio:    1.46
      Required ratio:    0.00 (Gate area) 
      Cumulative area ratio:  121.87
      Required ratio:    0.00 (Cumulative area) 
      Partial area ratio:    7.88
      Required ratio: 2778.20 (Side area) 
      Cumulative area ratio:  607.85
      Required ratio:    0.00 (Cumulative side area) 


  Pin:   _6530_/A0 (sky130_fd_sc_hd__mux2_2)
    Layer: mcon
      Partial area ratio:    0.18
      Required ratio:    3.00 (Gate area) 
      Cumulative area ratio:    0.18
      Required ratio:    0.00 (Cumulative area) 

    Layer: met1
      Partial area ratio:    4.38
      Required ratio:    0.00 (Gate area) 
      Cumulative area ratio:    4.38
      Required ratio:    0.00 (Cumulative area) 
      Partial area ratio:   20.74
      Required ratio:  400.00 (Side area) 
      Cumulative area ratio:   20.74
      Required ratio:    0.00 (Cumulative side area) 

    Layer: via
      Partial area ratio:    0.28
      Required ratio:    6.00 (Gate area) 
      Cumulative area ratio:    0.46
      Required ratio:    0.00 (Cumulative area) 

    Layer: met2
      Partial area ratio:    4.27
      Required ratio:    0.00 (Gate area) 
      Cumulative area ratio:    8.65
      Required ratio:    0.00 (Cumulative area) 
      Partial area ratio:   20.90
      Required ratio: 2778.20 (Side area) 
      Cumulative area ratio:   41.65
      Required ratio:    0.00 (Cumulative side area) 

    Layer: via2
      Partial area ratio:    0.03
      Required ratio:   22.04 (Gate area) 
      Cumulative area ratio:    0.50
      Required ratio:    0.00 (Cumulative area) 

    Layer: met3
      Partial area ratio:    1.46
      Required ratio:    0.00 (Gate area) 
      Cumulative area ratio:   10.11
      Required ratio:    0.00 (Cumulative area) 
      Partial area ratio:    7.88
      Required ratio: 2778.20 (Side area) 
      Cumulative area ratio:   49.53
      Required ratio:    0.00 (Cumulative side area) 


  Pin:   _6541_/A1 (sky130_fd_sc_hd__a21oi_2)
    Layer: mcon
      Partial area ratio:    0.06
      Required ratio:    3.00 (Gate area) 
      Cumulative area ratio:    0.06
      Required ratio:    0.00 (Cumulative area) 

    Layer: met1
      Partial area ratio:    1.15
      Required ratio:    0.00 (Gate area) 
      Cumulative area ratio:    1.15
      Required ratio:    0.00 (Cumulative area) 
      Partial area ratio:    5.37
      Required ratio:  400.00 (Side area) 
      Cumulative area ratio:    5.37
      Required ratio:    0.00 (Cumulative side area) 

    Layer: via
      Partial area ratio:    0.09
      Required ratio:    6.00 (Gate area) 
      Cumulative area ratio:    0.15
      Required ratio:    0.00 (Cumulative area) 

    Layer: met2
      Partial area ratio:    2.04
      Required ratio:    0.00 (Gate area) 
      Cumulative area ratio:    3.19
      Required ratio:    0.00 (Cumulative area) 
      Partial area ratio:   10.00
      Required ratio:  400.00 (Side area) 
      Cumulative area ratio:   15.37
      Required ratio:    0.00 (Cumulative side area) 

    Layer: via2
      Partial area ratio:    0.01
      Required ratio:    6.00 (Gate area) 
      Cumulative area ratio:    0.16
      Required ratio:    0.00 (Cumulative area) 

    Layer: met3
      Partial area ratio:    1.46
      Required ratio:    0.00 (Gate area) 
      Cumulative area ratio:    4.65
      Required ratio:    0.00 (Cumulative area) 
      Partial area ratio:    7.88
      Required ratio: 2778.20 (Side area) 
      Cumulative area ratio:   23.25
      Required ratio:    0.00 (Cumulative side area) 


  Pin:   _6543_/A1 (sky130_fd_sc_hd__o22a_2)
    Layer: mcon
      Partial area ratio:    0.12
      Required ratio:    3.00 (Gate area) 
      Cumulative area ratio:    0.12
      Required ratio:    0.00 (Cumulative area) 

    Layer: met1
      Partial area ratio:    9.10
      Required ratio:    0.00 (Gate area) 
      Cumulative area ratio:    9.10
      Required ratio:    0.00 (Cumulative area) 
      Partial area ratio:   44.62
      Required ratio:  400.00 (Side area) 
      Cumulative area ratio:   44.62
      Required ratio:    0.00 (Cumulative side area) 

    Layer: via
      Partial area ratio:    0.14
      Required ratio:    6.00 (Gate area) 
      Cumulative area ratio:    0.26
      Required ratio:    0.00 (Cumulative area) 

    Layer: met2
      Partial area ratio:    2.04
      Required ratio:    0.00 (Gate area) 
      Cumulative area ratio:   11.14
      Required ratio:    0.00 (Cumulative area) 
      Partial area ratio:   10.00
      Required ratio:  400.00 (Side area) 
      Cumulative area ratio:   54.62
      Required ratio:    0.00 (Cumulative side area) 

    Layer: via2
      Partial area ratio:    0.01
      Required ratio:    6.00 (Gate area) 
      Cumulative area ratio:    0.27
      Required ratio:    0.00 (Cumulative area) 

    Layer: met3
      Partial area ratio:    1.46
      Required ratio:    0.00 (Gate area) 
      Cumulative area ratio:   12.60
      Required ratio:    0.00 (Cumulative area) 
      Partial area ratio:    7.88
      Required ratio: 2778.20 (Side area) 
      Cumulative area ratio:   62.50
      Required ratio:    0.00 (Cumulative side area) 


  Pin:   _6544_/A0 (sky130_fd_sc_hd__mux2_2)
    Layer: mcon
      Partial area ratio:    0.18
      Required ratio:    3.00 (Gate area) 
      Cumulative area ratio:    0.18
      Required ratio:    0.00 (Cumulative area) 

    Layer: met1
      Partial area ratio:    9.10
      Required ratio:    0.00 (Gate area) 
      Cumulative area ratio:    9.10
      Required ratio:    0.00 (Cumulative area) 
      Partial area ratio:   44.62
      Required ratio:  400.00 (Side area) 
      Cumulative area ratio:   44.62
      Required ratio:    0.00 (Cumulative side area) 

    Layer: via
      Partial area ratio:    0.14
      Required ratio:    6.00 (Gate area) 
      Cumulative area ratio:    0.33
      Required ratio:    0.00 (Cumulative area) 

    Layer: met2
      Partial area ratio:    2.04
      Required ratio:    0.00 (Gate area) 
      Cumulative area ratio:   11.14
      Required ratio:    0.00 (Cumulative area) 
      Partial area ratio:   10.00
      Required ratio:  400.00 (Side area) 
      Cumulative area ratio:   54.62
      Required ratio:    0.00 (Cumulative side area) 

    Layer: via2
      Partial area ratio:    0.01
      Required ratio:    6.00 (Gate area) 
      Cumulative area ratio:    0.33
      Required ratio:    0.00 (Cumulative area) 

    Layer: met3
      Partial area ratio:    1.46
      Required ratio:    0.00 (Gate area) 
      Cumulative area ratio:   12.60
      Required ratio:    0.00 (Cumulative area) 
      Partial area ratio:    7.88
      Required ratio: 2778.20 (Side area) 
      Cumulative area ratio:   62.50
      Required ratio:    0.00 (Cumulative side area) 


  Pin:   _6545_/A (sky130_fd_sc_hd__or2_2)
    Layer: mcon
      Partial area ratio:    0.23
      Required ratio:    3.00 (Gate area) 
      Cumulative area ratio:    0.23
      Required ratio:    0.00 (Cumulative area) 

    Layer: met1
      Partial area ratio:    9.10
      Required ratio:    0.00 (Gate area) 
      Cumulative area ratio:    9.10
      Required ratio:    0.00 (Cumulative area) 
      Partial area ratio:   44.62
      Required ratio:  400.00 (Side area) 
      Cumulative area ratio:   44.62
      Required ratio:    0.00 (Cumulative side area) 

    Layer: via
      Partial area ratio:    0.14
      Required ratio:    6.00 (Gate area) 
      Cumulative area ratio:    0.37
      Required ratio:    0.00 (Cumulative area) 

    Layer: met2
      Partial area ratio:    2.04
      Required ratio:    0.00 (Gate area) 
      Cumulative area ratio:   11.14
      Required ratio:    0.00 (Cumulative area) 
      Partial area ratio:   10.00
      Required ratio:  400.00 (Side area) 
      Cumulative area ratio:   54.62
      Required ratio:    0.00 (Cumulative side area) 

    Layer: via2
      Partial area ratio:    0.01
      Required ratio:    6.00 (Gate area) 
      Cumulative area ratio:    0.38
      Required ratio:    0.00 (Cumulative area) 

    Layer: met3
      Partial area ratio:    1.46
      Required ratio:    0.00 (Gate area) 
      Cumulative area ratio:   12.60
      Required ratio:    0.00 (Cumulative area) 
      Partial area ratio:    7.88
      Required ratio: 2778.20 (Side area) 
      Cumulative area ratio:   62.50
      Required ratio:    0.00 (Cumulative side area) 


  Pin:   _6553_/A (sky130_fd_sc_hd__inv_2)
    Layer: mcon
      Partial area ratio:    0.06
      Required ratio:    3.00 (Gate area) 
      Cumulative area ratio:    0.06
      Required ratio:    0.00 (Cumulative area) 

    Layer: met1
      Partial area ratio:    1.85
      Required ratio:    0.00 (Gate area) 
      Cumulative area ratio:    1.85
      Required ratio:    0.00 (Cumulative area) 
      Partial area ratio:    8.89
      Required ratio:  400.00 (Side area) 
      Cumulative area ratio:    8.89
      Required ratio:    0.00 (Cumulative side area) 

    Layer: via
      Partial area ratio:    0.09
      Required ratio:    6.00 (Gate area) 
      Cumulative area ratio:    0.15
      Required ratio:    0.00 (Cumulative area) 

    Layer: met2
      Partial area ratio:    2.04
      Required ratio:    0.00 (Gate area) 
      Cumulative area ratio:    3.89
      Required ratio:    0.00 (Cumulative area) 
      Partial area ratio:   10.00
      Required ratio:  400.00 (Side area) 
      Cumulative area ratio:   18.89
      Required ratio:    0.00 (Cumulative side area) 

    Layer: via2
      Partial area ratio:    0.01
      Required ratio:    6.00 (Gate area) 
      Cumulative area ratio:    0.16
      Required ratio:    0.00 (Cumulative area) 

    Layer: met3
      Partial area ratio:    1.46
      Required ratio:    0.00 (Gate area) 
      Cumulative area ratio:    5.36
      Required ratio:    0.00 (Cumulative area) 
      Partial area ratio:    7.88
      Required ratio: 2778.20 (Side area) 
      Cumulative area ratio:   26.77
      Required ratio:    0.00 (Cumulative side area) 


  Pin:   _6558_/B1 (sky130_fd_sc_hd__a21o_2)
    Layer: mcon
      Partial area ratio:    0.12
      Required ratio:    3.00 (Gate area) 
      Cumulative area ratio:    0.12
      Required ratio:    0.00 (Cumulative area) 

    Layer: met1
      Partial area ratio:    1.58
      Required ratio:    0.00 (Gate area) 
      Cumulative area ratio:    1.58
      Required ratio:    0.00 (Cumulative area) 
      Partial area ratio:    7.14
      Required ratio:  400.00 (Side area) 
      Cumulative area ratio:    7.14
      Required ratio:    0.00 (Cumulative side area) 

    Layer: via
      Partial area ratio:    0.18
      Required ratio:    6.00 (Gate area) 
      Cumulative area ratio:    0.30
      Required ratio:    0.00 (Cumulative area) 

    Layer: met2
      Partial area ratio:    2.04
      Required ratio:    0.00 (Gate area) 
      Cumulative area ratio:    3.62
      Required ratio:    0.00 (Cumulative area) 
      Partial area ratio:   10.00
      Required ratio:  400.00 (Side area) 
      Cumulative area ratio:   17.14
      Required ratio:    0.00 (Cumulative side area) 

    Layer: via2
      Partial area ratio:    0.01
      Required ratio:    6.00 (Gate area) 
      Cumulative area ratio:    0.31
      Required ratio:    0.00 (Cumulative area) 

    Layer: met3
      Partial area ratio:    1.46
      Required ratio:    0.00 (Gate area) 
      Cumulative area ratio:    5.08
      Required ratio:    0.00 (Cumulative area) 
      Partial area ratio:    7.88
      Required ratio: 2778.20 (Side area) 
      Cumulative area ratio:   25.02
      Required ratio:    0.00 (Cumulative side area) 


  Pin:   _6569_/A (sky130_fd_sc_hd__nand2_2)
    Layer: mcon
      Partial area ratio:    0.06
      Required ratio:    3.00 (Gate area) 
      Cumulative area ratio:    0.06
      Required ratio:    0.00 (Cumulative area) 

    Layer: met1
      Partial area ratio:    2.28
      Required ratio:    0.00 (Gate area) 
      Cumulative area ratio:    2.28
      Required ratio:    0.00 (Cumulative area) 
      Partial area ratio:   10.98
      Required ratio:  400.00 (Side area) 
      Cumulative area ratio:   10.98
      Required ratio:    0.00 (Cumulative side area) 

    Layer: via
      Partial area ratio:    0.07
      Required ratio:    6.00 (Gate area) 
      Cumulative area ratio:    0.13
      Required ratio:    0.00 (Cumulative area) 

    Layer: met2
      Partial area ratio:    2.04
      Required ratio:    0.00 (Gate area) 
      Cumulative area ratio:    4.32
      Required ratio:    0.00 (Cumulative area) 
      Partial area ratio:   10.00
      Required ratio:  400.00 (Side area) 
      Cumulative area ratio:   20.99
      Required ratio:    0.00 (Cumulative side area) 

    Layer: via2
      Partial area ratio:    0.01
      Required ratio:    6.00 (Gate area) 
      Cumulative area ratio:    0.13
      Required ratio:    0.00 (Cumulative area) 

    Layer: met3
      Partial area ratio:    1.46
      Required ratio:    0.00 (Gate area) 
      Cumulative area ratio:    5.79
      Required ratio:    0.00 (Cumulative area) 
      Partial area ratio:    7.88
      Required ratio: 2778.20 (Side area) 
      Cumulative area ratio:   28.86
      Required ratio:    0.00 (Cumulative side area) 


  Pin:   _6572_/A1 (sky130_fd_sc_hd__mux4_2)
    Layer: mcon
      Partial area ratio:    0.18
      Required ratio:    3.00 (Gate area) 
      Cumulative area ratio:    0.18
      Required ratio:    0.00 (Cumulative area) 

    Layer: met1
      Partial area ratio:    4.83
      Required ratio:    0.00 (Gate area) 
      Cumulative area ratio:    4.83
      Required ratio:    0.00 (Cumulative area) 
      Partial area ratio:   22.98
      Required ratio:  400.00 (Side area) 
      Cumulative area ratio:   22.98
      Required ratio:    0.00 (Cumulative side area) 

    Layer: via
      Partial area ratio:    0.28
      Required ratio:    6.00 (Gate area) 
      Cumulative area ratio:    0.46
      Required ratio:    0.00 (Cumulative area) 

    Layer: met2
      Partial area ratio:    2.04
      Required ratio:    0.00 (Gate area) 
      Cumulative area ratio:    6.87
      Required ratio:    0.00 (Cumulative area) 
      Partial area ratio:   10.00
      Required ratio:  400.00 (Side area) 
      Cumulative area ratio:   32.98
      Required ratio:    0.00 (Cumulative side area) 

    Layer: via2
      Partial area ratio:    0.01
      Required ratio:    6.00 (Gate area) 
      Cumulative area ratio:    0.47
      Required ratio:    0.00 (Cumulative area) 

    Layer: met3
      Partial area ratio:    1.46
      Required ratio:    0.00 (Gate area) 
      Cumulative area ratio:    8.34
      Required ratio:    0.00 (Cumulative area) 
      Partial area ratio:    7.88
      Required ratio: 2778.20 (Side area) 
      Cumulative area ratio:   40.86
      Required ratio:    0.00 (Cumulative side area) 


  Pin:   _6578_/A (sky130_fd_sc_hd__or3_4)
    Layer: mcon
      Partial area ratio:    0.12
      Required ratio:    3.00 (Gate area) 
      Cumulative area ratio:    0.12
      Required ratio:    0.00 (Cumulative area) 

    Layer: met1
      Partial area ratio:    2.28
      Required ratio:    0.00 (Gate area) 
      Cumulative area ratio:    2.28
      Required ratio:    0.00 (Cumulative area) 
      Partial area ratio:   10.98
      Required ratio:  400.00 (Side area) 
      Cumulative area ratio:   10.98
      Required ratio:    0.00 (Cumulative side area) 

    Layer: via
      Partial area ratio:    0.07
      Required ratio:    6.00 (Gate area) 
      Cumulative area ratio:    0.19
      Required ratio:    0.00 (Cumulative area) 

    Layer: met2
      Partial area ratio:    2.04
      Required ratio:    0.00 (Gate area) 
      Cumulative area ratio:    4.32
      Required ratio:    0.00 (Cumulative area) 
      Partial area ratio:   10.00
      Required ratio:  400.00 (Side area) 
      Cumulative area ratio:   20.99
      Required ratio:    0.00 (Cumulative side area) 

    Layer: via2
      Partial area ratio:    0.01
      Required ratio:    6.00 (Gate area) 
      Cumulative area ratio:    0.19
      Required ratio:    0.00 (Cumulative area) 

    Layer: met3
      Partial area ratio:    1.46
      Required ratio:    0.00 (Gate area) 
      Cumulative area ratio:    5.79
      Required ratio:    0.00 (Cumulative area) 
      Partial area ratio:    7.88
      Required ratio: 2778.20 (Side area) 
      Cumulative area ratio:   28.86
      Required ratio:    0.00 (Cumulative side area) 


  Pin:   _6579_/A1 (sky130_fd_sc_hd__o21ai_2)
    Layer: mcon
      Partial area ratio:    0.06
      Required ratio:    3.00 (Gate area) 
      Cumulative area ratio:    0.06
      Required ratio:    0.00 (Cumulative area) 

    Layer: met1
      Partial area ratio:    2.28
      Required ratio:    0.00 (Gate area) 
      Cumulative area ratio:    2.28
      Required ratio:    0.00 (Cumulative area) 
      Partial area ratio:   10.98
      Required ratio:  400.00 (Side area) 
      Cumulative area ratio:   10.98
      Required ratio:    0.00 (Cumulative side area) 

    Layer: via
      Partial area ratio:    0.07
      Required ratio:    6.00 (Gate area) 
      Cumulative area ratio:    0.13
      Required ratio:    0.00 (Cumulative area) 

    Layer: met2
      Partial area ratio:    2.04
      Required ratio:    0.00 (Gate area) 
      Cumulative area ratio:    4.32
      Required ratio:    0.00 (Cumulative area) 
      Partial area ratio:   10.00
      Required ratio:  400.00 (Side area) 
      Cumulative area ratio:   20.99
      Required ratio:    0.00 (Cumulative side area) 

    Layer: via2
      Partial area ratio:    0.01
      Required ratio:    6.00 (Gate area) 
      Cumulative area ratio:    0.13
      Required ratio:    0.00 (Cumulative area) 

    Layer: met3
      Partial area ratio:    1.46
      Required ratio:    0.00 (Gate area) 
      Cumulative area ratio:    5.79
      Required ratio:    0.00 (Cumulative area) 
      Partial area ratio:    7.88
      Required ratio: 2778.20 (Side area) 
      Cumulative area ratio:   28.86
      Required ratio:    0.00 (Cumulative side area) 


  Pin:   _6596_/B2 (sky130_fd_sc_hd__a221o_2)
    Layer: mcon
      Partial area ratio:    0.12
      Required ratio:    3.00 (Gate area) 
      Cumulative area ratio:    0.12
      Required ratio:    0.00 (Cumulative area) 

    Layer: met1
      Partial area ratio:    9.10
      Required ratio:    0.00 (Gate area) 
      Cumulative area ratio:    9.10
      Required ratio:    0.00 (Cumulative area) 
      Partial area ratio:   44.62
      Required ratio:  400.00 (Side area) 
      Cumulative area ratio:   44.62
      Required ratio:    0.00 (Cumulative side area) 

    Layer: via
      Partial area ratio:    0.14
      Required ratio:    6.00 (Gate area) 
      Cumulative area ratio:    0.26
      Required ratio:    0.00 (Cumulative area) 

    Layer: met2
      Partial area ratio:    2.04
      Required ratio:    0.00 (Gate area) 
      Cumulative area ratio:   11.14
      Required ratio:    0.00 (Cumulative area) 
      Partial area ratio:   10.00
      Required ratio:  400.00 (Side area) 
      Cumulative area ratio:   54.62
      Required ratio:    0.00 (Cumulative side area) 

    Layer: via2
      Partial area ratio:    0.01
      Required ratio:    6.00 (Gate area) 
      Cumulative area ratio:    0.27
      Required ratio:    0.00 (Cumulative area) 

    Layer: met3
      Partial area ratio:    1.46
      Required ratio:    0.00 (Gate area) 
      Cumulative area ratio:   12.60
      Required ratio:    0.00 (Cumulative area) 
      Partial area ratio:    7.88
      Required ratio: 2778.20 (Side area) 
      Cumulative area ratio:   62.50
      Required ratio:    0.00 (Cumulative side area) 


  Pin:   _6646_/A3 (sky130_fd_sc_hd__mux4_2)
    Layer: mcon
      Partial area ratio:    0.18
      Required ratio:    3.00 (Gate area) 
      Cumulative area ratio:    0.18
      Required ratio:    0.00 (Cumulative area) 

    Layer: met1
      Partial area ratio:    9.02
      Required ratio:    0.00 (Gate area) 
      Cumulative area ratio:    9.02
      Required ratio:    0.00 (Cumulative area) 
      Partial area ratio:   43.94
      Required ratio:  400.00 (Side area) 
      Cumulative area ratio:   43.94
      Required ratio:    0.00 (Cumulative side area) 

    Layer: via
      Partial area ratio:    0.28
      Required ratio:    6.00 (Gate area) 
      Cumulative area ratio:    0.46
      Required ratio:    0.00 (Cumulative area) 

    Layer: met2
      Partial area ratio:    4.27
      Required ratio:    0.00 (Gate area) 
      Cumulative area ratio:   13.29
      Required ratio:    0.00 (Cumulative area) 
      Partial area ratio:   20.90
      Required ratio: 2778.20 (Side area) 
      Cumulative area ratio:   64.84
      Required ratio:    0.00 (Cumulative side area) 

    Layer: via2
      Partial area ratio:    0.03
      Required ratio:   22.04 (Gate area) 
      Cumulative area ratio:    0.50
      Required ratio:    0.00 (Cumulative area) 

    Layer: met3
      Partial area ratio:    1.46
      Required ratio:    0.00 (Gate area) 
      Cumulative area ratio:   14.75
      Required ratio:    0.00 (Cumulative area) 
      Partial area ratio:    7.88
      Required ratio: 2778.20 (Side area) 
      Cumulative area ratio:   72.72
      Required ratio:    0.00 (Cumulative side area) 


  Pin:   _6653_/D (sky130_fd_sc_hd__or4_2)
    Layer: mcon
      Partial area ratio:    0.23
      Required ratio:    3.00 (Gate area) 
      Cumulative area ratio:    0.23
      Required ratio:    0.00 (Cumulative area) 

    Layer: met1
      Partial area ratio:    9.10
      Required ratio:    0.00 (Gate area) 
      Cumulative area ratio:    9.10
      Required ratio:    0.00 (Cumulative area) 
      Partial area ratio:   44.62
      Required ratio:  400.00 (Side area) 
      Cumulative area ratio:   44.62
      Required ratio:    0.00 (Cumulative side area) 

    Layer: via
      Partial area ratio:    0.14
      Required ratio:    6.00 (Gate area) 
      Cumulative area ratio:    0.37
      Required ratio:    0.00 (Cumulative area) 

    Layer: met2
      Partial area ratio:    2.04
      Required ratio:    0.00 (Gate area) 
      Cumulative area ratio:   11.14
      Required ratio:    0.00 (Cumulative area) 
      Partial area ratio:   10.00
      Required ratio:  400.00 (Side area) 
      Cumulative area ratio:   54.62
      Required ratio:    0.00 (Cumulative side area) 

    Layer: via2
      Partial area ratio:    0.01
      Required ratio:    6.00 (Gate area) 
      Cumulative area ratio:    0.38
      Required ratio:    0.00 (Cumulative area) 

    Layer: met3
      Partial area ratio:    1.46
      Required ratio:    0.00 (Gate area) 
      Cumulative area ratio:   12.60
      Required ratio:    0.00 (Cumulative area) 
      Partial area ratio:    7.88
      Required ratio: 2778.20 (Side area) 
      Cumulative area ratio:   62.50
      Required ratio:    0.00 (Cumulative side area) 


  Pin:   _6713_/A (sky130_fd_sc_hd__nand4_2)
    Layer: mcon
      Partial area ratio:    0.06
      Required ratio:    3.00 (Gate area) 
      Cumulative area ratio:    0.06
      Required ratio:    0.00 (Cumulative area) 

    Layer: met1
      Partial area ratio:    2.28
      Required ratio:    0.00 (Gate area) 
      Cumulative area ratio:    2.28
      Required ratio:    0.00 (Cumulative area) 
      Partial area ratio:   10.98
      Required ratio:  400.00 (Side area) 
      Cumulative area ratio:   10.98
      Required ratio:    0.00 (Cumulative side area) 

    Layer: via
      Partial area ratio:    0.07
      Required ratio:    6.00 (Gate area) 
      Cumulative area ratio:    0.13
      Required ratio:    0.00 (Cumulative area) 

    Layer: met2
      Partial area ratio:    2.04
      Required ratio:    0.00 (Gate area) 
      Cumulative area ratio:    4.32
      Required ratio:    0.00 (Cumulative area) 
      Partial area ratio:   10.00
      Required ratio:  400.00 (Side area) 
      Cumulative area ratio:   20.99
      Required ratio:    0.00 (Cumulative side area) 

    Layer: via2
      Partial area ratio:    0.01
      Required ratio:    6.00 (Gate area) 
      Cumulative area ratio:    0.13
      Required ratio:    0.00 (Cumulative area) 

    Layer: met3
      Partial area ratio:    1.46
      Required ratio:    0.00 (Gate area) 
      Cumulative area ratio:    5.79
      Required ratio:    0.00 (Cumulative area) 
      Partial area ratio:    7.88
      Required ratio: 2778.20 (Side area) 
      Cumulative area ratio:   28.86
      Required ratio:    0.00 (Cumulative side area) 


  Pin:   _7687_/B (sky130_fd_sc_hd__nand2_2)
    Layer: mcon
      Partial area ratio:    0.06
      Required ratio:    3.00 (Gate area) 
      Cumulative area ratio:    0.06
      Required ratio:    0.00 (Cumulative area) 

    Layer: met1
      Partial area ratio:    1.23
      Required ratio:    0.00 (Gate area) 
      Cumulative area ratio:    1.23
      Required ratio:    0.00 (Cumulative area) 
      Partial area ratio:    5.68
      Required ratio:  400.00 (Side area) 
      Cumulative area ratio:    5.68
      Required ratio:    0.00 (Cumulative side area) 

    Layer: via
      Partial area ratio:    0.09
      Required ratio:    6.00 (Gate area) 
      Cumulative area ratio:    0.15
      Required ratio:    0.00 (Cumulative area) 

    Layer: met2
      Partial area ratio:    4.27
      Required ratio:    0.00 (Gate area) 
      Cumulative area ratio:    5.50
      Required ratio:    0.00 (Cumulative area) 
      Partial area ratio:   20.90
      Required ratio: 2778.20 (Side area) 
      Cumulative area ratio:   26.58
      Required ratio:    0.00 (Cumulative side area) 

    Layer: via2
      Partial area ratio:    0.03
      Required ratio:   22.04 (Gate area) 
      Cumulative area ratio:    0.18
      Required ratio:    0.00 (Cumulative area) 

    Layer: met3
      Partial area ratio:    1.46
      Required ratio:    0.00 (Gate area) 
      Cumulative area ratio:    6.96
      Required ratio:    0.00 (Cumulative area) 
      Partial area ratio:    7.88
      Required ratio: 2778.20 (Side area) 
      Cumulative area ratio:   34.46
      Required ratio:    0.00 (Cumulative side area) 


  Pin:   _7688_/A2 (sky130_fd_sc_hd__a211oi_2)
    Layer: mcon
      Partial area ratio:    0.06
      Required ratio:    3.00 (Gate area) 
      Cumulative area ratio:    0.06
      Required ratio:    0.00 (Cumulative area) 

    Layer: met1
      Partial area ratio:    1.23
      Required ratio:    0.00 (Gate area) 
      Cumulative area ratio:    1.23
      Required ratio:    0.00 (Cumulative area) 
      Partial area ratio:    5.68
      Required ratio:  400.00 (Side area) 
      Cumulative area ratio:    5.68
      Required ratio:    0.00 (Cumulative side area) 

    Layer: via
      Partial area ratio:    0.09
      Required ratio:    6.00 (Gate area) 
      Cumulative area ratio:    0.15
      Required ratio:    0.00 (Cumulative area) 

    Layer: met2
      Partial area ratio:    4.27
      Required ratio:    0.00 (Gate area) 
      Cumulative area ratio:    5.50
      Required ratio:    0.00 (Cumulative area) 
      Partial area ratio:   20.90
      Required ratio: 2778.20 (Side area) 
      Cumulative area ratio:   26.58
      Required ratio:    0.00 (Cumulative side area) 

    Layer: via2
      Partial area ratio:    0.03
      Required ratio:   22.04 (Gate area) 
      Cumulative area ratio:    0.18
      Required ratio:    0.00 (Cumulative area) 

    Layer: met3
      Partial area ratio:    1.46
      Required ratio:    0.00 (Gate area) 
      Cumulative area ratio:    6.96
      Required ratio:    0.00 (Cumulative area) 
      Partial area ratio:    7.88
      Required ratio: 2778.20 (Side area) 
      Cumulative area ratio:   34.46
      Required ratio:    0.00 (Cumulative side area) 



Net: u_pipeline.a_s2\[44\]
  Pin:   _4796_/A (sky130_fd_sc_hd__nor2b_2)
    Layer: mcon
      Partial area ratio:    0.06
      Required ratio:    3.00 (Gate area) 
      Cumulative area ratio:    0.06
      Required ratio:    0.00 (Cumulative area) 

    Layer: met1
      Partial area ratio:    7.94
      Required ratio:    0.00 (Gate area) 
      Cumulative area ratio:    7.94
      Required ratio:    0.00 (Cumulative area) 
      Partial area ratio:   38.99
      Required ratio:  400.00 (Side area) 
      Cumulative area ratio:   38.99
      Required ratio:    0.00 (Cumulative side area) 

    Layer: via
      Partial area ratio:    0.12
      Required ratio:    6.00 (Gate area) 
      Cumulative area ratio:    0.18
      Required ratio:    0.00 (Cumulative area) 

    Layer: met2
      Partial area ratio:    4.78
      Required ratio:    0.00 (Gate area) 
      Cumulative area ratio:   12.72
      Required ratio:    0.00 (Cumulative area) 
      Partial area ratio:   23.54
      Required ratio:  400.00 (Side area) 
      Cumulative area ratio:   62.52
      Required ratio:    0.00 (Cumulative side area) 

    Layer: via2
      Partial area ratio:    0.01
      Required ratio:    6.00 (Gate area) 
      Cumulative area ratio:    0.19
      Required ratio:    0.00 (Cumulative area) 

    Layer: met3
      Partial area ratio:    2.51
      Required ratio:    0.00 (Gate area) 
      Cumulative area ratio:   15.23
      Required ratio:    0.00 (Cumulative area) 
      Partial area ratio:   13.51
      Required ratio:  400.00 (Side area) 
      Cumulative area ratio:   76.03
      Required ratio:    0.00 (Cumulative side area) 

    Layer: via3
      Partial area ratio:    0.01
      Required ratio:    6.00 (Gate area) 
      Cumulative area ratio:    0.20
      Required ratio:    0.00 (Cumulative area) 

    Layer: met4
      Partial area ratio:    0.93
      Required ratio:    0.00 (Gate area) 
      Cumulative area ratio:   16.16
      Required ratio:    0.00 (Cumulative area) 
      Partial area ratio:    5.06
      Required ratio: 2956.40 (Side area) 
      Cumulative area ratio:   81.09
      Required ratio:    0.00 (Cumulative side area) 


  Pin:   _4797_/B_N (sky130_fd_sc_hd__nor2b_2)
    Layer: mcon
      Partial area ratio:    0.23
      Required ratio:    3.00 (Gate area) 
      Cumulative area ratio:    0.23
      Required ratio:    0.00 (Cumulative area) 

    Layer: met1
      Partial area ratio:    7.62
      Required ratio:    0.00 (Gate area) 
      Cumulative area ratio:    7.62
      Required ratio:    0.00 (Cumulative area) 
      Partial area ratio:   36.71
      Required ratio:  400.00 (Side area) 
      Cumulative area ratio:   36.71
      Required ratio:    0.00 (Cumulative side area) 

    Layer: via
      Partial area ratio:    0.23
      Required ratio:    6.00 (Gate area) 
      Cumulative area ratio:    0.45
      Required ratio:    0.00 (Cumulative area) 

    Layer: met2
      Partial area ratio:    4.78
      Required ratio:    0.00 (Gate area) 
      Cumulative area ratio:   12.40
      Required ratio:    0.00 (Cumulative area) 
      Partial area ratio:   23.54
      Required ratio:  400.00 (Side area) 
      Cumulative area ratio:   60.24
      Required ratio:    0.00 (Cumulative side area) 

    Layer: via2
      Partial area ratio:    0.01
      Required ratio:    6.00 (Gate area) 
      Cumulative area ratio:    0.46
      Required ratio:    0.00 (Cumulative area) 

    Layer: met3
      Partial area ratio:    2.51
      Required ratio:    0.00 (Gate area) 
      Cumulative area ratio:   14.91
      Required ratio:    0.00 (Cumulative area) 
      Partial area ratio:   13.51
      Required ratio:  400.00 (Side area) 
      Cumulative area ratio:   73.75
      Required ratio:    0.00 (Cumulative side area) 

    Layer: via3
      Partial area ratio:    0.01
      Required ratio:    6.00 (Gate area) 
      Cumulative area ratio:    0.47
      Required ratio:    0.00 (Cumulative area) 

    Layer: met4
      Partial area ratio:    0.93
      Required ratio:    0.00 (Gate area) 
      Cumulative area ratio:   15.84
      Required ratio:    0.00 (Cumulative area) 
      Partial area ratio:    5.06
      Required ratio: 2956.40 (Side area) 
      Cumulative area ratio:   78.81
      Required ratio:    0.00 (Cumulative side area) 


  Pin:   _5156_/A0 (sky130_fd_sc_hd__mux2_2)
    Layer: mcon
      Partial area ratio:    0.18
      Required ratio:    3.00 (Gate area) 
      Cumulative area ratio:    0.18
      Required ratio:    0.00 (Cumulative area) 

    Layer: met1
      Partial area ratio:    3.40
      Required ratio:    0.00 (Gate area) 
      Cumulative area ratio:    3.40
      Required ratio:    0.00 (Cumulative area) 
      Partial area ratio:   15.81
      Required ratio:  400.00 (Side area) 
      Cumulative area ratio:   15.81
      Required ratio:    0.00 (Cumulative side area) 

    Layer: via
      Partial area ratio:    0.28
      Required ratio:    6.00 (Gate area) 
      Cumulative area ratio:    0.46
      Required ratio:    0.00 (Cumulative area) 

    Layer: met2
      Partial area ratio:    4.78
      Required ratio:    0.00 (Gate area) 
      Cumulative area ratio:    8.17
      Required ratio:    0.00 (Cumulative area) 
      Partial area ratio:   23.54
      Required ratio:  400.00 (Side area) 
      Cumulative area ratio:   39.35
      Required ratio:    0.00 (Cumulative side area) 

    Layer: via2
      Partial area ratio:    0.01
      Required ratio:    6.00 (Gate area) 
      Cumulative area ratio:    0.48
      Required ratio:    0.00 (Cumulative area) 

    Layer: met3
      Partial area ratio:    2.51
      Required ratio:    0.00 (Gate area) 
      Cumulative area ratio:   10.68
      Required ratio:    0.00 (Cumulative area) 
      Partial area ratio:   13.51
      Required ratio:  400.00 (Side area) 
      Cumulative area ratio:   52.86
      Required ratio:    0.00 (Cumulative side area) 

    Layer: via3
      Partial area ratio:    0.01
      Required ratio:    6.00 (Gate area) 
      Cumulative area ratio:    0.48
      Required ratio:    0.00 (Cumulative area) 

    Layer: met4
      Partial area ratio:    0.93
      Required ratio:    0.00 (Gate area) 
      Cumulative area ratio:   11.61
      Required ratio:    0.00 (Cumulative area) 
      Partial area ratio:    5.06
      Required ratio: 2956.40 (Side area) 
      Cumulative area ratio:   57.92
      Required ratio:    0.00 (Cumulative side area) 


  Pin:   _5229_/A1 (sky130_fd_sc_hd__mux2_2)
    Layer: mcon
      Partial area ratio:    0.18
      Required ratio:    3.00 (Gate area) 
      Cumulative area ratio:    0.18
      Required ratio:    0.00 (Cumulative area) 

    Layer: met1
      Partial area ratio:  143.72
      Required ratio:    0.00 (Gate area) 
      Cumulative area ratio:  143.72
      Required ratio:    0.00 (Cumulative area) 
      Partial area ratio:  716.76
      Required ratio:  400.00 (Side area) (VIOLATED)
      Cumulative area ratio:  716.76
      Required ratio:    0.00 (Cumulative side area) 

    Layer: via
      Partial area ratio:    0.42
      Required ratio:    6.00 (Gate area) 
      Cumulative area ratio:    0.61
      Required ratio:    0.00 (Cumulative area) 

    Layer: met2
      Partial area ratio:    4.78
      Required ratio:    0.00 (Gate area) 
      Cumulative area ratio:  148.50
      Required ratio:    0.00 (Cumulative area) 
      Partial area ratio:   23.54
      Required ratio:  400.00 (Side area) 
      Cumulative area ratio:  740.30
      Required ratio:    0.00 (Cumulative side area) 

    Layer: via2
      Partial area ratio:    0.01
      Required ratio:    6.00 (Gate area) 
      Cumulative area ratio:    0.62
      Required ratio:    0.00 (Cumulative area) 

    Layer: met3
      Partial area ratio:    2.51
      Required ratio:    0.00 (Gate area) 
      Cumulative area ratio:  151.01
      Required ratio:    0.00 (Cumulative area) 
      Partial area ratio:   13.51
      Required ratio:  400.00 (Side area) 
      Cumulative area ratio:  753.81
      Required ratio:    0.00 (Cumulative side area) 

    Layer: via3
      Partial area ratio:    0.01
      Required ratio:    6.00 (Gate area) 
      Cumulative area ratio:    0.63
      Required ratio:    0.00 (Cumulative area) 

    Layer: met4
      Partial area ratio:    0.93
      Required ratio:    0.00 (Gate area) 
      Cumulative area ratio:  151.94
      Required ratio:    0.00 (Cumulative area) 
      Partial area ratio:    5.06
      Required ratio: 2956.40 (Side area) 
      Cumulative area ratio:  758.87
      Required ratio:    0.00 (Cumulative side area) 


  Pin:   _6997_/A (sky130_fd_sc_hd__or2_2)
    Layer: mcon
      Partial area ratio:    0.23
      Required ratio:    3.00 (Gate area) 
      Cumulative area ratio:    0.23
      Required ratio:    0.00 (Cumulative area) 

    Layer: met1
      Partial area ratio:    4.92
      Required ratio:    0.00 (Gate area) 
      Cumulative area ratio:    4.92
      Required ratio:    0.00 (Cumulative area) 
      Partial area ratio:   23.11
      Required ratio:  400.00 (Side area) 
      Cumulative area ratio:   23.11
      Required ratio:    0.00 (Cumulative side area) 

    Layer: via
      Partial area ratio:    0.36
      Required ratio:    6.00 (Gate area) 
      Cumulative area ratio:    0.59
      Required ratio:    0.00 (Cumulative area) 

    Layer: met2
      Partial area ratio:    4.78
      Required ratio:    0.00 (Gate area) 
      Cumulative area ratio:    9.69
      Required ratio:    0.00 (Cumulative area) 
      Partial area ratio:   23.54
      Required ratio:  400.00 (Side area) 
      Cumulative area ratio:   46.65
      Required ratio:    0.00 (Cumulative side area) 

    Layer: via2
      Partial area ratio:    0.01
      Required ratio:    6.00 (Gate area) 
      Cumulative area ratio:    0.60
      Required ratio:    0.00 (Cumulative area) 

    Layer: met3
      Partial area ratio:    2.51
      Required ratio:    0.00 (Gate area) 
      Cumulative area ratio:   12.20
      Required ratio:    0.00 (Cumulative area) 
      Partial area ratio:   13.51
      Required ratio:  400.00 (Side area) 
      Cumulative area ratio:   60.15
      Required ratio:    0.00 (Cumulative side area) 

    Layer: via3
      Partial area ratio:    0.01
      Required ratio:    6.00 (Gate area) 
      Cumulative area ratio:    0.61
      Required ratio:    0.00 (Cumulative area) 

    Layer: met4
      Partial area ratio:    0.93
      Required ratio:    0.00 (Gate area) 
      Cumulative area ratio:   13.13
      Required ratio:    0.00 (Cumulative area) 
      Partial area ratio:    5.06
      Required ratio: 2956.40 (Side area) 
      Cumulative area ratio:   65.22
      Required ratio:    0.00 (Cumulative side area) 


  Pin:   _6998_/A (sky130_fd_sc_hd__and2_2)
    Layer: mcon
      Partial area ratio:    0.23
      Required ratio:    3.00 (Gate area) 
      Cumulative area ratio:    0.23
      Required ratio:    0.00 (Cumulative area) 

    Layer: met1
      Partial area ratio:    7.62
      Required ratio:    0.00 (Gate area) 
      Cumulative area ratio:    7.62
      Required ratio:    0.00 (Cumulative area) 
      Partial area ratio:   36.71
      Required ratio:  400.00 (Side area) 
      Cumulative area ratio:   36.71
      Required ratio:    0.00 (Cumulative side area) 

    Layer: via
      Partial area ratio:    0.23
      Required ratio:    6.00 (Gate area) 
      Cumulative area ratio:    0.45
      Required ratio:    0.00 (Cumulative area) 

    Layer: met2
      Partial area ratio:    4.78
      Required ratio:    0.00 (Gate area) 
      Cumulative area ratio:   12.40
      Required ratio:    0.00 (Cumulative area) 
      Partial area ratio:   23.54
      Required ratio:  400.00 (Side area) 
      Cumulative area ratio:   60.24
      Required ratio:    0.00 (Cumulative side area) 

    Layer: via2
      Partial area ratio:    0.01
      Required ratio:    6.00 (Gate area) 
      Cumulative area ratio:    0.46
      Required ratio:    0.00 (Cumulative area) 

    Layer: met3
      Partial area ratio:    2.51
      Required ratio:    0.00 (Gate area) 
      Cumulative area ratio:   14.91
      Required ratio:    0.00 (Cumulative area) 
      Partial area ratio:   13.51
      Required ratio:  400.00 (Side area) 
      Cumulative area ratio:   73.75
      Required ratio:    0.00 (Cumulative side area) 

    Layer: via3
      Partial area ratio:    0.01
      Required ratio:    6.00 (Gate area) 
      Cumulative area ratio:    0.47
      Required ratio:    0.00 (Cumulative area) 

    Layer: met4
      Partial area ratio:    0.93
      Required ratio:    0.00 (Gate area) 
      Cumulative area ratio:   15.84
      Required ratio:    0.00 (Cumulative area) 
      Partial area ratio:    5.06
      Required ratio: 2956.40 (Side area) 
      Cumulative area ratio:   78.81
      Required ratio:    0.00 (Cumulative side area) 


  Pin:   _7000_/A1_N (sky130_fd_sc_hd__a2bb2o_2)
    Layer: mcon
      Partial area ratio:    0.18
      Required ratio:    3.00 (Gate area) 
      Cumulative area ratio:    0.18
      Required ratio:    0.00 (Cumulative area) 

    Layer: met1
      Partial area ratio:    7.94
      Required ratio:    0.00 (Gate area) 
      Cumulative area ratio:    7.94
      Required ratio:    0.00 (Cumulative area) 
      Partial area ratio:   38.99
      Required ratio:  400.00 (Side area) 
      Cumulative area ratio:   38.99
      Required ratio:    0.00 (Cumulative side area) 

    Layer: via
      Partial area ratio:    0.12
      Required ratio:    6.00 (Gate area) 
      Cumulative area ratio:    0.31
      Required ratio:    0.00 (Cumulative area) 

    Layer: met2
      Partial area ratio:    4.78
      Required ratio:    0.00 (Gate area) 
      Cumulative area ratio:   12.72
      Required ratio:    0.00 (Cumulative area) 
      Partial area ratio:   23.54
      Required ratio:  400.00 (Side area) 
      Cumulative area ratio:   62.52
      Required ratio:    0.00 (Cumulative side area) 

    Layer: via2
      Partial area ratio:    0.01
      Required ratio:    6.00 (Gate area) 
      Cumulative area ratio:    0.32
      Required ratio:    0.00 (Cumulative area) 

    Layer: met3
      Partial area ratio:    2.51
      Required ratio:    0.00 (Gate area) 
      Cumulative area ratio:   15.23
      Required ratio:    0.00 (Cumulative area) 
      Partial area ratio:   13.51
      Required ratio:  400.00 (Side area) 
      Cumulative area ratio:   76.03
      Required ratio:    0.00 (Cumulative side area) 

    Layer: via3
      Partial area ratio:    0.01
      Required ratio:    6.00 (Gate area) 
      Cumulative area ratio:    0.33
      Required ratio:    0.00 (Cumulative area) 

    Layer: met4
      Partial area ratio:    0.93
      Required ratio:    0.00 (Gate area) 
      Cumulative area ratio:   16.16
      Required ratio:    0.00 (Cumulative area) 
      Partial area ratio:    5.06
      Required ratio: 2956.40 (Side area) 
      Cumulative area ratio:   81.09
      Required ratio:    0.00 (Cumulative side area) 


  Pin:   _7002_/A2 (sky130_fd_sc_hd__a32o_2)
    Layer: mcon
      Partial area ratio:    0.12
      Required ratio:    3.00 (Gate area) 
      Cumulative area ratio:    0.12
      Required ratio:    0.00 (Cumulative area) 

    Layer: met1
      Partial area ratio:    7.94
      Required ratio:    0.00 (Gate area) 
      Cumulative area ratio:    7.94
      Required ratio:    0.00 (Cumulative area) 
      Partial area ratio:   38.99
      Required ratio:  400.00 (Side area) 
      Cumulative area ratio:   38.99
      Required ratio:    0.00 (Cumulative side area) 

    Layer: via
      Partial area ratio:    0.12
      Required ratio:    6.00 (Gate area) 
      Cumulative area ratio:    0.24
      Required ratio:    0.00 (Cumulative area) 

    Layer: met2
      Partial area ratio:    4.78
      Required ratio:    0.00 (Gate area) 
      Cumulative area ratio:   12.72
      Required ratio:    0.00 (Cumulative area) 
      Partial area ratio:   23.54
      Required ratio:  400.00 (Side area) 
      Cumulative area ratio:   62.52
      Required ratio:    0.00 (Cumulative side area) 

    Layer: via2
      Partial area ratio:    0.01
      Required ratio:    6.00 (Gate area) 
      Cumulative area ratio:    0.25
      Required ratio:    0.00 (Cumulative area) 

    Layer: met3
      Partial area ratio:    2.51
      Required ratio:    0.00 (Gate area) 
      Cumulative area ratio:   15.23
      Required ratio:    0.00 (Cumulative area) 
      Partial area ratio:   13.51
      Required ratio:  400.00 (Side area) 
      Cumulative area ratio:   76.03
      Required ratio:    0.00 (Cumulative side area) 

    Layer: via3
      Partial area ratio:    0.01
      Required ratio:    6.00 (Gate area) 
      Cumulative area ratio:    0.26
      Required ratio:    0.00 (Cumulative area) 

    Layer: met4
      Partial area ratio:    0.93
      Required ratio:    0.00 (Gate area) 
      Cumulative area ratio:   16.16
      Required ratio:    0.00 (Cumulative area) 
      Partial area ratio:    5.06
      Required ratio: 2956.40 (Side area) 
      Cumulative area ratio:   81.09
      Required ratio:    0.00 (Cumulative side area) 


  Pin:   _7012_/A (sky130_fd_sc_hd__nand2_2)
    Layer: mcon
      Partial area ratio:    0.06
      Required ratio:    3.00 (Gate area) 
      Cumulative area ratio:    0.06
      Required ratio:    0.00 (Cumulative area) 

    Layer: met1
      Partial area ratio:    0.47
      Required ratio:    0.00 (Gate area) 
      Cumulative area ratio:    0.47
      Required ratio:    0.00 (Cumulative area) 
      Partial area ratio:    2.40
      Required ratio:  400.00 (Side area) 
      Cumulative area ratio:    2.40
      Required ratio:    0.00 (Cumulative side area) 

    Layer: via
      Partial area ratio:    0.08
      Required ratio:    6.00 (Gate area) 
      Cumulative area ratio:    0.14
      Required ratio:    0.00 (Cumulative area) 

    Layer: met2
      Partial area ratio:    4.78
      Required ratio:    0.00 (Gate area) 
      Cumulative area ratio:    5.25
      Required ratio:    0.00 (Cumulative area) 
      Partial area ratio:   23.54
      Required ratio:  400.00 (Side area) 
      Cumulative area ratio:   25.94
      Required ratio:    0.00 (Cumulative side area) 

    Layer: via2
      Partial area ratio:    0.01
      Required ratio:    6.00 (Gate area) 
      Cumulative area ratio:    0.15
      Required ratio:    0.00 (Cumulative area) 

    Layer: met3
      Partial area ratio:    2.51
      Required ratio:    0.00 (Gate area) 
      Cumulative area ratio:    7.76
      Required ratio:    0.00 (Cumulative area) 
      Partial area ratio:   13.51
      Required ratio:  400.00 (Side area) 
      Cumulative area ratio:   39.44
      Required ratio:    0.00 (Cumulative side area) 

    Layer: via3
      Partial area ratio:    0.01
      Required ratio:    6.00 (Gate area) 
      Cumulative area ratio:    0.16
      Required ratio:    0.00 (Cumulative area) 

    Layer: met4
      Partial area ratio:    0.93
      Required ratio:    0.00 (Gate area) 
      Cumulative area ratio:    8.69
      Required ratio:    0.00 (Cumulative area) 
      Partial area ratio:    5.06
      Required ratio: 2956.40 (Side area) 
      Cumulative area ratio:   44.51
      Required ratio:    0.00 (Cumulative side area) 


  Pin:   _7013_/A1 (sky130_fd_sc_hd__o31a_2)
    Layer: mcon
      Partial area ratio:    0.12
      Required ratio:    3.00 (Gate area) 
      Cumulative area ratio:    0.12
      Required ratio:    0.00 (Cumulative area) 

    Layer: met1
      Partial area ratio:    0.67
      Required ratio:    0.00 (Gate area) 
      Cumulative area ratio:    0.67
      Required ratio:    0.00 (Cumulative area) 
      Partial area ratio:    3.40
      Required ratio:  400.00 (Side area) 
      Cumulative area ratio:    3.40
      Required ratio:    0.00 (Cumulative side area) 

    Layer: via
      Partial area ratio:    0.08
      Required ratio:    6.00 (Gate area) 
      Cumulative area ratio:    0.20
      Required ratio:    0.00 (Cumulative area) 

    Layer: met2
      Partial area ratio:    4.78
      Required ratio:    0.00 (Gate area) 
      Cumulative area ratio:    5.45
      Required ratio:    0.00 (Cumulative area) 
      Partial area ratio:   23.54
      Required ratio:  400.00 (Side area) 
      Cumulative area ratio:   26.94
      Required ratio:    0.00 (Cumulative side area) 

    Layer: via2
      Partial area ratio:    0.01
      Required ratio:    6.00 (Gate area) 
      Cumulative area ratio:    0.21
      Required ratio:    0.00 (Cumulative area) 

    Layer: met3
      Partial area ratio:    2.51
      Required ratio:    0.00 (Gate area) 
      Cumulative area ratio:    7.96
      Required ratio:    0.00 (Cumulative area) 
      Partial area ratio:   13.51
      Required ratio:  400.00 (Side area) 
      Cumulative area ratio:   40.44
      Required ratio:    0.00 (Cumulative side area) 

    Layer: via3
      Partial area ratio:    0.01
      Required ratio:    6.00 (Gate area) 
      Cumulative area ratio:    0.22
      Required ratio:    0.00 (Cumulative area) 

    Layer: met4
      Partial area ratio:    0.93
      Required ratio:    0.00 (Gate area) 
      Cumulative area ratio:    8.89
      Required ratio:    0.00 (Cumulative area) 
      Partial area ratio:    5.06
      Required ratio: 2956.40 (Side area) 
      Cumulative area ratio:   45.51
      Required ratio:    0.00 (Cumulative side area) 


  Pin:   _7019_/A0 (sky130_fd_sc_hd__mux2_2)
    Layer: mcon
      Partial area ratio:    0.18
      Required ratio:    3.00 (Gate area) 
      Cumulative area ratio:    0.18
      Required ratio:    0.00 (Cumulative area) 

    Layer: met1
      Partial area ratio:    4.61
      Required ratio:    0.00 (Gate area) 
      Cumulative area ratio:    4.61
      Required ratio:    0.00 (Cumulative area) 
      Partial area ratio:   21.89
      Required ratio:  400.00 (Side area) 
      Cumulative area ratio:   21.89
      Required ratio:    0.00 (Cumulative side area) 

    Layer: via
      Partial area ratio:    0.28
      Required ratio:    6.00 (Gate area) 
      Cumulative area ratio:    0.46
      Required ratio:    0.00 (Cumulative area) 

    Layer: met2
      Partial area ratio:    4.00
      Required ratio:    0.00 (Gate area) 
      Cumulative area ratio:    8.61
      Required ratio:    0.00 (Cumulative area) 
      Partial area ratio:   19.38
      Required ratio:  400.00 (Side area) 
      Cumulative area ratio:   41.27
      Required ratio:    0.00 (Cumulative side area) 

    Layer: via2
      Partial area ratio:    0.13
      Required ratio:    6.00 (Gate area) 
      Cumulative area ratio:    0.59
      Required ratio:    0.00 (Cumulative area) 

    Layer: met3
      Partial area ratio:    2.51
      Required ratio:    0.00 (Gate area) 
      Cumulative area ratio:   11.12
      Required ratio:    0.00 (Cumulative area) 
      Partial area ratio:   13.51
      Required ratio:  400.00 (Side area) 
      Cumulative area ratio:   54.78
      Required ratio:    0.00 (Cumulative side area) 

    Layer: via3
      Partial area ratio:    0.01
      Required ratio:    6.00 (Gate area) 
      Cumulative area ratio:    0.60
      Required ratio:    0.00 (Cumulative area) 

    Layer: met4
      Partial area ratio:    0.93
      Required ratio:    0.00 (Gate area) 
      Cumulative area ratio:   12.05
      Required ratio:    0.00 (Cumulative area) 
      Partial area ratio:    5.06
      Required ratio: 2956.40 (Side area) 
      Cumulative area ratio:   59.84
      Required ratio:    0.00 (Cumulative side area) 


  Pin:   _7026_/B1 (sky130_fd_sc_hd__o21ai_2)
    Layer: mcon
      Partial area ratio:    0.06
      Required ratio:    3.00 (Gate area) 
      Cumulative area ratio:    0.06
      Required ratio:    0.00 (Cumulative area) 

    Layer: met1
      Partial area ratio:    3.10
      Required ratio:    0.00 (Gate area) 
      Cumulative area ratio:    3.10
      Required ratio:    0.00 (Cumulative area) 
      Partial area ratio:   15.13
      Required ratio:  400.00 (Side area) 
      Cumulative area ratio:   15.13
      Required ratio:    0.00 (Cumulative side area) 

    Layer: via
      Partial area ratio:    0.09
      Required ratio:    6.00 (Gate area) 
      Cumulative area ratio:    0.15
      Required ratio:    0.00 (Cumulative area) 

    Layer: met2
      Partial area ratio:    4.78
      Required ratio:    0.00 (Gate area) 
      Cumulative area ratio:    7.88
      Required ratio:    0.00 (Cumulative area) 
      Partial area ratio:   23.54
      Required ratio:  400.00 (Side area) 
      Cumulative area ratio:   38.66
      Required ratio:    0.00 (Cumulative side area) 

    Layer: via2
      Partial area ratio:    0.01
      Required ratio:    6.00 (Gate area) 
      Cumulative area ratio:    0.16
      Required ratio:    0.00 (Cumulative area) 

    Layer: met3
      Partial area ratio:    2.51
      Required ratio:    0.00 (Gate area) 
      Cumulative area ratio:   10.39
      Required ratio:    0.00 (Cumulative area) 
      Partial area ratio:   13.51
      Required ratio:  400.00 (Side area) 
      Cumulative area ratio:   52.17
      Required ratio:    0.00 (Cumulative side area) 

    Layer: via3
      Partial area ratio:    0.01
      Required ratio:    6.00 (Gate area) 
      Cumulative area ratio:    0.17
      Required ratio:    0.00 (Cumulative area) 

    Layer: met4
      Partial area ratio:    0.93
      Required ratio:    0.00 (Gate area) 
      Cumulative area ratio:   11.32
      Required ratio:    0.00 (Cumulative area) 
      Partial area ratio:    5.06
      Required ratio: 2956.40 (Side area) 
      Cumulative area ratio:   57.23
      Required ratio:    0.00 (Cumulative side area) 


  Pin:   _7033_/S0 (sky130_fd_sc_hd__mux4_2)
    Layer: met1
      Partial area ratio:    6.16
      Required ratio:    0.00 (Gate area) 
      Cumulative area ratio:    6.16
      Required ratio:    0.00 (Cumulative area) 
      Partial area ratio:   30.33
      Required ratio:  400.00 (Side area) 
      Cumulative area ratio:   30.33
      Required ratio:    0.00 (Cumulative side area) 

    Layer: via
      Partial area ratio:    0.08
      Required ratio:    6.00 (Gate area) 
      Cumulative area ratio:    0.08
      Required ratio:    0.00 (Cumulative area) 

    Layer: met2
      Partial area ratio:    4.78
      Required ratio:    0.00 (Gate area) 
      Cumulative area ratio:   10.94
      Required ratio:    0.00 (Cumulative area) 
      Partial area ratio:   23.54
      Required ratio:  400.00 (Side area) 
      Cumulative area ratio:   53.86
      Required ratio:    0.00 (Cumulative side area) 

    Layer: via2
      Partial area ratio:    0.01
      Required ratio:    6.00 (Gate area) 
      Cumulative area ratio:    0.09
      Required ratio:    0.00 (Cumulative area) 

    Layer: met3
      Partial area ratio:    2.51
      Required ratio:    0.00 (Gate area) 
      Cumulative area ratio:   13.45
      Required ratio:    0.00 (Cumulative area) 
      Partial area ratio:   13.51
      Required ratio:  400.00 (Side area) 
      Cumulative area ratio:   67.37
      Required ratio:    0.00 (Cumulative side area) 

    Layer: via3
      Partial area ratio:    0.01
      Required ratio:    6.00 (Gate area) 
      Cumulative area ratio:    0.10
      Required ratio:    0.00 (Cumulative area) 

    Layer: met4
      Partial area ratio:    0.93
      Required ratio:    0.00 (Gate area) 
      Cumulative area ratio:   14.38
      Required ratio:    0.00 (Cumulative area) 
      Partial area ratio:    5.06
      Required ratio: 2956.40 (Side area) 
      Cumulative area ratio:   72.44
      Required ratio:    0.00 (Cumulative side area) 


  Pin:   _7037_/A1 (sky130_fd_sc_hd__mux4_2)
    Layer: mcon
      Partial area ratio:    0.18
      Required ratio:    3.00 (Gate area) 
      Cumulative area ratio:    0.18
      Required ratio:    0.00 (Cumulative area) 

    Layer: met1
      Partial area ratio:    5.44
      Required ratio:    0.00 (Gate area) 
      Cumulative area ratio:    5.44
      Required ratio:    0.00 (Cumulative area) 
      Partial area ratio:   26.02
      Required ratio:  400.00 (Side area) 
      Cumulative area ratio:   26.02
      Required ratio:    0.00 (Cumulative side area) 

    Layer: via
      Partial area ratio:    0.28
      Required ratio:    6.00 (Gate area) 
      Cumulative area ratio:    0.46
      Required ratio:    0.00 (Cumulative area) 

    Layer: met2
      Partial area ratio:    4.00
      Required ratio:    0.00 (Gate area) 
      Cumulative area ratio:    9.43
      Required ratio:    0.00 (Cumulative area) 
      Partial area ratio:   19.38
      Required ratio:  400.00 (Side area) 
      Cumulative area ratio:   45.40
      Required ratio:    0.00 (Cumulative side area) 

    Layer: via2
      Partial area ratio:    0.13
      Required ratio:    6.00 (Gate area) 
      Cumulative area ratio:    0.59
      Required ratio:    0.00 (Cumulative area) 

    Layer: met3
      Partial area ratio:    2.51
      Required ratio:    0.00 (Gate area) 
      Cumulative area ratio:   11.95
      Required ratio:    0.00 (Cumulative area) 
      Partial area ratio:   13.51
      Required ratio:  400.00 (Side area) 
      Cumulative area ratio:   58.91
      Required ratio:    0.00 (Cumulative side area) 

    Layer: via3
      Partial area ratio:    0.01
      Required ratio:    6.00 (Gate area) 
      Cumulative area ratio:    0.60
      Required ratio:    0.00 (Cumulative area) 

    Layer: met4
      Partial area ratio:    0.93
      Required ratio:    0.00 (Gate area) 
      Cumulative area ratio:   12.88
      Required ratio:    0.00 (Cumulative area) 
      Partial area ratio:    5.06
      Required ratio: 2956.40 (Side area) 
      Cumulative area ratio:   63.97
      Required ratio:    0.00 (Cumulative side area) 


  Pin:   _7064_/C (sky130_fd_sc_hd__or4_2)
    Layer: mcon
      Partial area ratio:    0.23
      Required ratio:    3.00 (Gate area) 
      Cumulative area ratio:    0.23
      Required ratio:    0.00 (Cumulative area) 

    Layer: met1
      Partial area ratio:    6.54
      Required ratio:    0.00 (Gate area) 
      Cumulative area ratio:    6.54
      Required ratio:    0.00 (Cumulative area) 
      Partial area ratio:   31.67
      Required ratio:  400.00 (Side area) 
      Cumulative area ratio:   31.67
      Required ratio:    0.00 (Cumulative side area) 

    Layer: via
      Partial area ratio:    0.18
      Required ratio:    6.00 (Gate area) 
      Cumulative area ratio:    0.41
      Required ratio:    0.00 (Cumulative area) 

    Layer: met2
      Partial area ratio:    4.78
      Required ratio:    0.00 (Gate area) 
      Cumulative area ratio:   11.31
      Required ratio:    0.00 (Cumulative area) 
      Partial area ratio:   23.54
      Required ratio:  400.00 (Side area) 
      Cumulative area ratio:   55.21
      Required ratio:    0.00 (Cumulative side area) 

    Layer: via2
      Partial area ratio:    0.01
      Required ratio:    6.00 (Gate area) 
      Cumulative area ratio:    0.42
      Required ratio:    0.00 (Cumulative area) 

    Layer: met3
      Partial area ratio:    2.51
      Required ratio:    0.00 (Gate area) 
      Cumulative area ratio:   13.82
      Required ratio:    0.00 (Cumulative area) 
      Partial area ratio:   13.51
      Required ratio:  400.00 (Side area) 
      Cumulative area ratio:   68.72
      Required ratio:    0.00 (Cumulative side area) 

    Layer: via3
      Partial area ratio:    0.01
      Required ratio:    6.00 (Gate area) 
      Cumulative area ratio:    0.43
      Required ratio:    0.00 (Cumulative area) 

    Layer: met4
      Partial area ratio:    0.93
      Required ratio:    0.00 (Gate area) 
      Cumulative area ratio:   14.76
      Required ratio:    0.00 (Cumulative area) 
      Partial area ratio:    5.06
      Required ratio: 2956.40 (Side area) 
      Cumulative area ratio:   73.78
      Required ratio:    0.00 (Cumulative side area) 


  Pin:   _7068_/A (sky130_fd_sc_hd__and4_2)
    Layer: mcon
      Partial area ratio:    0.23
      Required ratio:    3.00 (Gate area) 
      Cumulative area ratio:    0.23
      Required ratio:    0.00 (Cumulative area) 

    Layer: met1
      Partial area ratio:    6.54
      Required ratio:    0.00 (Gate area) 
      Cumulative area ratio:    6.54
      Required ratio:    0.00 (Cumulative area) 
      Partial area ratio:   31.67
      Required ratio:  400.00 (Side area) 
      Cumulative area ratio:   31.67
      Required ratio:    0.00 (Cumulative side area) 

    Layer: via
      Partial area ratio:    0.18
      Required ratio:    6.00 (Gate area) 
      Cumulative area ratio:    0.41
      Required ratio:    0.00 (Cumulative area) 

    Layer: met2
      Partial area ratio:    4.78
      Required ratio:    0.00 (Gate area) 
      Cumulative area ratio:   11.31
      Required ratio:    0.00 (Cumulative area) 
      Partial area ratio:   23.54
      Required ratio:  400.00 (Side area) 
      Cumulative area ratio:   55.21
      Required ratio:    0.00 (Cumulative side area) 

    Layer: via2
      Partial area ratio:    0.01
      Required ratio:    6.00 (Gate area) 
      Cumulative area ratio:    0.42
      Required ratio:    0.00 (Cumulative area) 

    Layer: met3
      Partial area ratio:    2.51
      Required ratio:    0.00 (Gate area) 
      Cumulative area ratio:   13.82
      Required ratio:    0.00 (Cumulative area) 
      Partial area ratio:   13.51
      Required ratio:  400.00 (Side area) 
      Cumulative area ratio:   68.72
      Required ratio:    0.00 (Cumulative side area) 

    Layer: via3
      Partial area ratio:    0.01
      Required ratio:    6.00 (Gate area) 
      Cumulative area ratio:    0.43
      Required ratio:    0.00 (Cumulative area) 

    Layer: met4
      Partial area ratio:    0.93
      Required ratio:    0.00 (Gate area) 
      Cumulative area ratio:   14.76
      Required ratio:    0.00 (Cumulative area) 
      Partial area ratio:    5.06
      Required ratio: 2956.40 (Side area) 
      Cumulative area ratio:   73.78
      Required ratio:    0.00 (Cumulative side area) 


  Pin:   _7071_/C (sky130_fd_sc_hd__and4_2)
    Layer: mcon
      Partial area ratio:    0.23
      Required ratio:    3.00 (Gate area) 
      Cumulative area ratio:    0.23
      Required ratio:    0.00 (Cumulative area) 

    Layer: met1
      Partial area ratio:   19.07
      Required ratio:    0.00 (Gate area) 
      Cumulative area ratio:   19.07
      Required ratio:    0.00 (Cumulative area) 
      Partial area ratio:   93.03
      Required ratio:  400.00 (Side area) 
      Cumulative area ratio:   93.03
      Required ratio:    0.00 (Cumulative side area) 

    Layer: via
      Partial area ratio:    0.54
      Required ratio:    6.00 (Gate area) 
      Cumulative area ratio:    0.77
      Required ratio:    0.00 (Cumulative area) 

    Layer: met2
      Partial area ratio:    4.78
      Required ratio:    0.00 (Gate area) 
      Cumulative area ratio:   23.85
      Required ratio:    0.00 (Cumulative area) 
      Partial area ratio:   23.54
      Required ratio:  400.00 (Side area) 
      Cumulative area ratio:  116.56
      Required ratio:    0.00 (Cumulative side area) 

    Layer: via2
      Partial area ratio:    0.01
      Required ratio:    6.00 (Gate area) 
      Cumulative area ratio:    0.78
      Required ratio:    0.00 (Cumulative area) 

    Layer: met3
      Partial area ratio:    2.51
      Required ratio:    0.00 (Gate area) 
      Cumulative area ratio:   26.36
      Required ratio:    0.00 (Cumulative area) 
      Partial area ratio:   13.51
      Required ratio:  400.00 (Side area) 
      Cumulative area ratio:  130.07
      Required ratio:    0.00 (Cumulative side area) 

    Layer: via3
      Partial area ratio:    0.01
      Required ratio:    6.00 (Gate area) 
      Cumulative area ratio:    0.79
      Required ratio:    0.00 (Cumulative area) 

    Layer: met4
      Partial area ratio:    0.93
      Required ratio:    0.00 (Gate area) 
      Cumulative area ratio:   27.29
      Required ratio:    0.00 (Cumulative area) 
      Partial area ratio:    5.06
      Required ratio: 2956.40 (Side area) 
      Cumulative area ratio:  135.14
      Required ratio:    0.00 (Cumulative side area) 


  Pin:   _7086_/B1 (sky130_fd_sc_hd__a21o_2)
    Layer: mcon
      Partial area ratio:    0.12
      Required ratio:    3.00 (Gate area) 
      Cumulative area ratio:    0.12
      Required ratio:    0.00 (Cumulative area) 

    Layer: met1
      Partial area ratio:    7.62
      Required ratio:    0.00 (Gate area) 
      Cumulative area ratio:    7.62
      Required ratio:    0.00 (Cumulative area) 
      Partial area ratio:   36.71
      Required ratio:  400.00 (Side area) 
      Cumulative area ratio:   36.71
      Required ratio:    0.00 (Cumulative side area) 

    Layer: via
      Partial area ratio:    0.23
      Required ratio:    6.00 (Gate area) 
      Cumulative area ratio:    0.34
      Required ratio:    0.00 (Cumulative area) 

    Layer: met2
      Partial area ratio:    4.78
      Required ratio:    0.00 (Gate area) 
      Cumulative area ratio:   12.40
      Required ratio:    0.00 (Cumulative area) 
      Partial area ratio:   23.54
      Required ratio:  400.00 (Side area) 
      Cumulative area ratio:   60.24
      Required ratio:    0.00 (Cumulative side area) 

    Layer: via2
      Partial area ratio:    0.01
      Required ratio:    6.00 (Gate area) 
      Cumulative area ratio:    0.35
      Required ratio:    0.00 (Cumulative area) 

    Layer: met3
      Partial area ratio:    2.51
      Required ratio:    0.00 (Gate area) 
      Cumulative area ratio:   14.91
      Required ratio:    0.00 (Cumulative area) 
      Partial area ratio:   13.51
      Required ratio:  400.00 (Side area) 
      Cumulative area ratio:   73.75
      Required ratio:    0.00 (Cumulative side area) 

    Layer: via3
      Partial area ratio:    0.01
      Required ratio:    6.00 (Gate area) 
      Cumulative area ratio:    0.36
      Required ratio:    0.00 (Cumulative area) 

    Layer: met4
      Partial area ratio:    0.93
      Required ratio:    0.00 (Gate area) 
      Cumulative area ratio:   15.84
      Required ratio:    0.00 (Cumulative area) 
      Partial area ratio:    5.06
      Required ratio: 2956.40 (Side area) 
      Cumulative area ratio:   78.81
      Required ratio:    0.00 (Cumulative side area) 


  Pin:   _7112_/A3 (sky130_fd_sc_hd__mux4_2)
    Layer: mcon
      Partial area ratio:    0.18
      Required ratio:    3.00 (Gate area) 
      Cumulative area ratio:    0.18
      Required ratio:    0.00 (Cumulative area) 

    Layer: met1
      Partial area ratio:    3.91
      Required ratio:    0.00 (Gate area) 
      Cumulative area ratio:    3.91
      Required ratio:    0.00 (Cumulative area) 
      Partial area ratio:   18.39
      Required ratio:  400.00 (Side area) 
      Cumulative area ratio:   18.39
      Required ratio:    0.00 (Cumulative side area) 

    Layer: via
      Partial area ratio:    0.28
      Required ratio:    6.00 (Gate area) 
      Cumulative area ratio:    0.46
      Required ratio:    0.00 (Cumulative area) 

    Layer: met2
      Partial area ratio:   27.26
      Required ratio:    0.00 (Gate area) 
      Cumulative area ratio:   31.17
      Required ratio:    0.00 (Cumulative area) 
      Partial area ratio:  134.79
      Required ratio: 2956.40 (Side area) 
      Cumulative area ratio:  153.18
      Required ratio:    0.00 (Cumulative side area) 

    Layer: via2
      Partial area ratio:    0.10
      Required ratio:   38.08 (Gate area) 
      Cumulative area ratio:    0.56
      Required ratio:    0.00 (Cumulative area) 

    Layer: met3
      Partial area ratio:    0.31
      Required ratio:    0.00 (Gate area) 
      Cumulative area ratio:   31.48
      Required ratio:    0.00 (Cumulative area) 
      Partial area ratio:    2.79
      Required ratio: 2956.40 (Side area) 
      Cumulative area ratio:  155.97
      Required ratio:    0.00 (Cumulative side area) 

    Layer: via3
      Partial area ratio:    0.10
      Required ratio:   38.08 (Gate area) 
      Cumulative area ratio:    0.66
      Required ratio:    0.00 (Cumulative area) 

    Layer: met4
      Partial area ratio:    0.93
      Required ratio:    0.00 (Gate area) 
      Cumulative area ratio:   32.41
      Required ratio:    0.00 (Cumulative area) 
      Partial area ratio:    5.06
      Required ratio: 2956.40 (Side area) 
      Cumulative area ratio:  161.04
      Required ratio:    0.00 (Cumulative side area) 


  Pin:   _7766_/A2 (sky130_fd_sc_hd__a311o_2)
    Layer: mcon
      Partial area ratio:    0.12
      Required ratio:    3.00 (Gate area) 
      Cumulative area ratio:    0.12
      Required ratio:    0.00 (Cumulative area) 

    Layer: met1
      Partial area ratio:   20.32
      Required ratio:    0.00 (Gate area) 
      Cumulative area ratio:   20.32
      Required ratio:    0.00 (Cumulative area) 
      Partial area ratio:  100.86
      Required ratio:  400.00 (Side area) 
      Cumulative area ratio:  100.86
      Required ratio:    0.00 (Cumulative side area) 

    Layer: via
      Partial area ratio:    0.18
      Required ratio:    6.00 (Gate area) 
      Cumulative area ratio:    0.30
      Required ratio:    0.00 (Cumulative area) 

    Layer: met2
      Partial area ratio:   27.26
      Required ratio:    0.00 (Gate area) 
      Cumulative area ratio:   47.58
      Required ratio:    0.00 (Cumulative area) 
      Partial area ratio:  134.79
      Required ratio: 2956.40 (Side area) 
      Cumulative area ratio:  235.65
      Required ratio:    0.00 (Cumulative side area) 

    Layer: via2
      Partial area ratio:    0.10
      Required ratio:   38.08 (Gate area) 
      Cumulative area ratio:    0.40
      Required ratio:    0.00 (Cumulative area) 

    Layer: met3
      Partial area ratio:    0.31
      Required ratio:    0.00 (Gate area) 
      Cumulative area ratio:   47.89
      Required ratio:    0.00 (Cumulative area) 
      Partial area ratio:    2.79
      Required ratio: 2956.40 (Side area) 
      Cumulative area ratio:  238.44
      Required ratio:    0.00 (Cumulative side area) 

    Layer: via3
      Partial area ratio:    0.10
      Required ratio:   38.08 (Gate area) 
      Cumulative area ratio:    0.50
      Required ratio:    0.00 (Cumulative area) 

    Layer: met4
      Partial area ratio:    0.93
      Required ratio:    0.00 (Gate area) 
      Cumulative area ratio:   48.82
      Required ratio:    0.00 (Cumulative area) 
      Partial area ratio:    5.06
      Required ratio: 2956.40 (Side area) 
      Cumulative area ratio:  243.51
      Required ratio:    0.00 (Cumulative side area) 



Net: u_pipeline.a_s2\[45\]
  Pin:   _4792_/A (sky130_fd_sc_hd__inv_2)
    Layer: mcon
      Partial area ratio:    0.06
      Required ratio:    3.00 (Gate area) 
      Cumulative area ratio:    0.06
      Required ratio:    0.00 (Cumulative area) 

    Layer: met1
      Partial area ratio:    8.59
      Required ratio:    0.00 (Gate area) 
      Cumulative area ratio:    8.59
      Required ratio:    0.00 (Cumulative area) 
      Partial area ratio:   42.33
      Required ratio:  400.00 (Side area) 
      Cumulative area ratio:   42.33
      Required ratio:    0.00 (Cumulative side area) 

    Layer: via
      Partial area ratio:    0.14
      Required ratio:    6.00 (Gate area) 
      Cumulative area ratio:    0.19
      Required ratio:    0.00 (Cumulative area) 

    Layer: met2
      Partial area ratio:    5.24
      Required ratio:    0.00 (Gate area) 
      Cumulative area ratio:   13.82
      Required ratio:    0.00 (Cumulative area) 
      Partial area ratio:   25.72
      Required ratio:  400.00 (Side area) 
      Cumulative area ratio:   68.06
      Required ratio:    0.00 (Cumulative side area) 

    Layer: via2
      Partial area ratio:    0.04
      Required ratio:    6.00 (Gate area) 
      Cumulative area ratio:    0.24
      Required ratio:    0.00 (Cumulative area) 

    Layer: met3
      Partial area ratio:    5.35
      Required ratio:    0.00 (Gate area) 
      Cumulative area ratio:   19.17
      Required ratio:    0.00 (Cumulative area) 
      Partial area ratio:   28.80
      Required ratio: 2956.40 (Side area) 
      Cumulative area ratio:   96.86
      Required ratio:    0.00 (Cumulative side area) 


  Pin:   _5156_/A1 (sky130_fd_sc_hd__mux2_2)
    Layer: mcon
      Partial area ratio:    0.18
      Required ratio:    3.00 (Gate area) 
      Cumulative area ratio:    0.18
      Required ratio:    0.00 (Cumulative area) 

    Layer: met1
      Partial area ratio:   26.24
      Required ratio:    0.00 (Gate area) 
      Cumulative area ratio:   26.24
      Required ratio:    0.00 (Cumulative area) 
      Partial area ratio:  129.35
      Required ratio:  400.00 (Side area) 
      Cumulative area ratio:  129.35
      Required ratio:    0.00 (Cumulative side area) 

    Layer: via
      Partial area ratio:    0.42
      Required ratio:    6.00 (Gate area) 
      Cumulative area ratio:    0.61
      Required ratio:    0.00 (Cumulative area) 

    Layer: met2
      Partial area ratio:    5.24
      Required ratio:    0.00 (Gate area) 
      Cumulative area ratio:   31.48
      Required ratio:    0.00 (Cumulative area) 
      Partial area ratio:   25.72
      Required ratio:  400.00 (Side area) 
      Cumulative area ratio:  155.08
      Required ratio:    0.00 (Cumulative side area) 

    Layer: via2
      Partial area ratio:    0.04
      Required ratio:    6.00 (Gate area) 
      Cumulative area ratio:    0.65
      Required ratio:    0.00 (Cumulative area) 

    Layer: met3
      Partial area ratio:    5.35
      Required ratio:    0.00 (Gate area) 
      Cumulative area ratio:   36.83
      Required ratio:    0.00 (Cumulative area) 
      Partial area ratio:   28.80
      Required ratio: 2956.40 (Side area) 
      Cumulative area ratio:  183.88
      Required ratio:    0.00 (Cumulative side area) 


  Pin:   _5233_/A0 (sky130_fd_sc_hd__mux2_2)
    Layer: mcon
      Partial area ratio:    0.18
      Required ratio:    3.00 (Gate area) 
      Cumulative area ratio:    0.18
      Required ratio:    0.00 (Cumulative area) 

    Layer: met1
      Partial area ratio:  138.25
      Required ratio:    0.00 (Gate area) 
      Cumulative area ratio:  138.25
      Required ratio:    0.00 (Cumulative area) 
      Partial area ratio:  688.72
      Required ratio:  400.00 (Side area) (VIOLATED)
      Cumulative area ratio:  688.72
      Required ratio:    0.00 (Cumulative side area) 

    Layer: via
      Partial area ratio:    0.57
      Required ratio:    6.00 (Gate area) 
      Cumulative area ratio:    0.75
      Required ratio:    0.00 (Cumulative area) 

    Layer: met2
      Partial area ratio:    5.24
      Required ratio:    0.00 (Gate area) 
      Cumulative area ratio:  143.49
      Required ratio:    0.00 (Cumulative area) 
      Partial area ratio:   25.72
      Required ratio:  400.00 (Side area) 
      Cumulative area ratio:  714.44
      Required ratio:    0.00 (Cumulative side area) 

    Layer: via2
      Partial area ratio:    0.04
      Required ratio:    6.00 (Gate area) 
      Cumulative area ratio:    0.79
      Required ratio:    0.00 (Cumulative area) 

    Layer: met3
      Partial area ratio:    5.35
      Required ratio:    0.00 (Gate area) 
      Cumulative area ratio:  148.84
      Required ratio:    0.00 (Cumulative area) 
      Partial area ratio:   28.80
      Required ratio: 2956.40 (Side area) 
      Cumulative area ratio:  743.24
      Required ratio:    0.00 (Cumulative side area) 


  Pin:   _7034_/A (sky130_fd_sc_hd__nor2_2)
    Layer: mcon
      Partial area ratio:    0.06
      Required ratio:    3.00 (Gate area) 
      Cumulative area ratio:    0.06
      Required ratio:    0.00 (Cumulative area) 

    Layer: met1
      Partial area ratio:    0.85
      Required ratio:    0.00 (Gate area) 
      Cumulative area ratio:    0.85
      Required ratio:    0.00 (Cumulative area) 
      Partial area ratio:    3.86
      Required ratio:  400.00 (Side area) 
      Cumulative area ratio:    3.86
      Required ratio:    0.00 (Cumulative side area) 

    Layer: via
      Partial area ratio:    0.09
      Required ratio:    6.00 (Gate area) 
      Cumulative area ratio:    0.15
      Required ratio:    0.00 (Cumulative area) 

    Layer: met2
      Partial area ratio:    5.24
      Required ratio:    0.00 (Gate area) 
      Cumulative area ratio:    6.08
      Required ratio:    0.00 (Cumulative area) 
      Partial area ratio:   25.72
      Required ratio:  400.00 (Side area) 
      Cumulative area ratio:   29.59
      Required ratio:    0.00 (Cumulative side area) 

    Layer: via2
      Partial area ratio:    0.04
      Required ratio:    6.00 (Gate area) 
      Cumulative area ratio:    0.19
      Required ratio:    0.00 (Cumulative area) 

    Layer: met3
      Partial area ratio:    5.35
      Required ratio:    0.00 (Gate area) 
      Cumulative area ratio:   11.43
      Required ratio:    0.00 (Cumulative area) 
      Partial area ratio:   28.80
      Required ratio: 2956.40 (Side area) 
      Cumulative area ratio:   58.39
      Required ratio:    0.00 (Cumulative side area) 


  Pin:   _7035_/A1 (sky130_fd_sc_hd__o22a_2)
    Layer: mcon
      Partial area ratio:    0.12
      Required ratio:    3.00 (Gate area) 
      Cumulative area ratio:    0.12
      Required ratio:    0.00 (Cumulative area) 

    Layer: met1
      Partial area ratio:   11.14
      Required ratio:    0.00 (Gate area) 
      Cumulative area ratio:   11.14
      Required ratio:    0.00 (Cumulative area) 
      Partial area ratio:   54.51
      Required ratio:  400.00 (Side area) 
      Cumulative area ratio:   54.51
      Required ratio:    0.00 (Cumulative side area) 

    Layer: via
      Partial area ratio:    0.27
      Required ratio:    6.00 (Gate area) 
      Cumulative area ratio:    0.39
      Required ratio:    0.00 (Cumulative area) 

    Layer: met2
      Partial area ratio:    5.24
      Required ratio:    0.00 (Gate area) 
      Cumulative area ratio:   16.38
      Required ratio:    0.00 (Cumulative area) 
      Partial area ratio:   25.72
      Required ratio:  400.00 (Side area) 
      Cumulative area ratio:   80.23
      Required ratio:    0.00 (Cumulative side area) 

    Layer: via2
      Partial area ratio:    0.04
      Required ratio:    6.00 (Gate area) 
      Cumulative area ratio:    0.43
      Required ratio:    0.00 (Cumulative area) 

    Layer: met3
      Partial area ratio:    5.35
      Required ratio:    0.00 (Gate area) 
      Cumulative area ratio:   21.73
      Required ratio:    0.00 (Cumulative area) 
      Partial area ratio:   28.80
      Required ratio: 2956.40 (Side area) 
      Cumulative area ratio:  109.04
      Required ratio:    0.00 (Cumulative side area) 


  Pin:   _7037_/A0 (sky130_fd_sc_hd__mux4_2)
    Layer: mcon
      Partial area ratio:    0.18
      Required ratio:    3.00 (Gate area) 
      Cumulative area ratio:    0.18
      Required ratio:    0.00 (Cumulative area) 

    Layer: met1
      Partial area ratio:    5.71
      Required ratio:    0.00 (Gate area) 
      Cumulative area ratio:    5.71
      Required ratio:    0.00 (Cumulative area) 
      Partial area ratio:   27.38
      Required ratio:  400.00 (Side area) 
      Cumulative area ratio:   27.38
      Required ratio:    0.00 (Cumulative side area) 

    Layer: via
      Partial area ratio:    0.28
      Required ratio:    6.00 (Gate area) 
      Cumulative area ratio:    0.46
      Required ratio:    0.00 (Cumulative area) 

    Layer: met2
      Partial area ratio:   17.38
      Required ratio:    0.00 (Gate area) 
      Cumulative area ratio:   23.09
      Required ratio:    0.00 (Cumulative area) 
      Partial area ratio:   85.66
      Required ratio: 2956.40 (Side area) 
      Cumulative area ratio:  113.04
      Required ratio:    0.00 (Cumulative side area) 

    Layer: via2
      Partial area ratio:    0.07
      Required ratio:   38.08 (Gate area) 
      Cumulative area ratio:    0.53
      Required ratio:    0.00 (Cumulative area) 

    Layer: met3
      Partial area ratio:    5.35
      Required ratio:    0.00 (Gate area) 
      Cumulative area ratio:   28.45
      Required ratio:    0.00 (Cumulative area) 
      Partial area ratio:   28.80
      Required ratio: 2956.40 (Side area) 
      Cumulative area ratio:  141.85
      Required ratio:    0.00 (Cumulative side area) 


  Pin:   _7059_/A1 (sky130_fd_sc_hd__mux2_2)
    Layer: mcon
      Partial area ratio:    0.18
      Required ratio:    3.00 (Gate area) 
      Cumulative area ratio:    0.18
      Required ratio:    0.00 (Cumulative area) 

    Layer: met1
      Partial area ratio:   15.29
      Required ratio:    0.00 (Gate area) 
      Cumulative area ratio:   15.29
      Required ratio:    0.00 (Cumulative area) 
      Partial area ratio:   74.61
      Required ratio:  400.00 (Side area) 
      Cumulative area ratio:   74.61
      Required ratio:    0.00 (Cumulative side area) 

    Layer: via
      Partial area ratio:    0.42
      Required ratio:    6.00 (Gate area) 
      Cumulative area ratio:    0.61
      Required ratio:    0.00 (Cumulative area) 

    Layer: met2
      Partial area ratio:   17.38
      Required ratio:    0.00 (Gate area) 
      Cumulative area ratio:   32.68
      Required ratio:    0.00 (Cumulative area) 
      Partial area ratio:   85.66
      Required ratio: 2956.40 (Side area) 
      Cumulative area ratio:  160.27
      Required ratio:    0.00 (Cumulative side area) 

    Layer: via2
      Partial area ratio:    0.07
      Required ratio:   38.08 (Gate area) 
      Cumulative area ratio:    0.67
      Required ratio:    0.00 (Cumulative area) 

    Layer: met3
      Partial area ratio:    5.35
      Required ratio:    0.00 (Gate area) 
      Cumulative area ratio:   38.03
      Required ratio:    0.00 (Cumulative area) 
      Partial area ratio:   28.80
      Required ratio: 2956.40 (Side area) 
      Cumulative area ratio:  189.07
      Required ratio:    0.00 (Cumulative side area) 


  Pin:   _7064_/D (sky130_fd_sc_hd__or4_2)
    Layer: mcon
      Partial area ratio:    0.23
      Required ratio:    3.00 (Gate area) 
      Cumulative area ratio:    0.23
      Required ratio:    0.00 (Cumulative area) 

    Layer: met1
      Partial area ratio:   10.97
      Required ratio:    0.00 (Gate area) 
      Cumulative area ratio:   10.97
      Required ratio:    0.00 (Cumulative area) 
      Partial area ratio:   53.41
      Required ratio:  400.00 (Side area) 
      Cumulative area ratio:   53.41
      Required ratio:    0.00 (Cumulative side area) 

    Layer: via
      Partial area ratio:    0.27
      Required ratio:    6.00 (Gate area) 
      Cumulative area ratio:    0.50
      Required ratio:    0.00 (Cumulative area) 

    Layer: met2
      Partial area ratio:    5.24
      Required ratio:    0.00 (Gate area) 
      Cumulative area ratio:   16.21
      Required ratio:    0.00 (Cumulative area) 
      Partial area ratio:   25.72
      Required ratio:  400.00 (Side area) 
      Cumulative area ratio:   79.13
      Required ratio:    0.00 (Cumulative side area) 

    Layer: via2
      Partial area ratio:    0.04
      Required ratio:    6.00 (Gate area) 
      Cumulative area ratio:    0.54
      Required ratio:    0.00 (Cumulative area) 

    Layer: met3
      Partial area ratio:    5.35
      Required ratio:    0.00 (Gate area) 
      Cumulative area ratio:   21.56
      Required ratio:    0.00 (Cumulative area) 
      Partial area ratio:   28.80
      Required ratio: 2956.40 (Side area) 
      Cumulative area ratio:  107.93
      Required ratio:    0.00 (Cumulative side area) 


  Pin:   _7068_/B (sky130_fd_sc_hd__and4_2)
    Layer: mcon
      Partial area ratio:    0.23
      Required ratio:    3.00 (Gate area) 
      Cumulative area ratio:    0.23
      Required ratio:    0.00 (Cumulative area) 

    Layer: met1
      Partial area ratio:   10.97
      Required ratio:    0.00 (Gate area) 
      Cumulative area ratio:   10.97
      Required ratio:    0.00 (Cumulative area) 
      Partial area ratio:   53.41
      Required ratio:  400.00 (Side area) 
      Cumulative area ratio:   53.41
      Required ratio:    0.00 (Cumulative side area) 

    Layer: via
      Partial area ratio:    0.27
      Required ratio:    6.00 (Gate area) 
      Cumulative area ratio:    0.50
      Required ratio:    0.00 (Cumulative area) 

    Layer: met2
      Partial area ratio:    5.24
      Required ratio:    0.00 (Gate area) 
      Cumulative area ratio:   16.21
      Required ratio:    0.00 (Cumulative area) 
      Partial area ratio:   25.72
      Required ratio:  400.00 (Side area) 
      Cumulative area ratio:   79.13
      Required ratio:    0.00 (Cumulative side area) 

    Layer: via2
      Partial area ratio:    0.04
      Required ratio:    6.00 (Gate area) 
      Cumulative area ratio:    0.54
      Required ratio:    0.00 (Cumulative area) 

    Layer: met3
      Partial area ratio:    5.35
      Required ratio:    0.00 (Gate area) 
      Cumulative area ratio:   21.56
      Required ratio:    0.00 (Cumulative area) 
      Partial area ratio:   28.80
      Required ratio: 2956.40 (Side area) 
      Cumulative area ratio:  107.93
      Required ratio:    0.00 (Cumulative side area) 


  Pin:   _7071_/D (sky130_fd_sc_hd__and4_2)
    Layer: mcon
      Partial area ratio:    0.23
      Required ratio:    3.00 (Gate area) 
      Cumulative area ratio:    0.23
      Required ratio:    0.00 (Cumulative area) 

    Layer: met1
      Partial area ratio:    3.96
      Required ratio:    0.00 (Gate area) 
      Cumulative area ratio:    3.96
      Required ratio:    0.00 (Cumulative area) 
      Partial area ratio:   18.31
      Required ratio:  400.00 (Side area) 
      Cumulative area ratio:   18.31
      Required ratio:    0.00 (Cumulative side area) 

    Layer: via
      Partial area ratio:    0.36
      Required ratio:    6.00 (Gate area) 
      Cumulative area ratio:    0.59
      Required ratio:    0.00 (Cumulative area) 

    Layer: met2
      Partial area ratio:    5.24
      Required ratio:    0.00 (Gate area) 
      Cumulative area ratio:    9.19
      Required ratio:    0.00 (Cumulative area) 
      Partial area ratio:   25.72
      Required ratio:  400.00 (Side area) 
      Cumulative area ratio:   44.03
      Required ratio:    0.00 (Cumulative side area) 

    Layer: via2
      Partial area ratio:    0.04
      Required ratio:    6.00 (Gate area) 
      Cumulative area ratio:    0.63
      Required ratio:    0.00 (Cumulative area) 

    Layer: met3
      Partial area ratio:    5.35
      Required ratio:    0.00 (Gate area) 
      Cumulative area ratio:   14.54
      Required ratio:    0.00 (Cumulative area) 
      Partial area ratio:   28.80
      Required ratio: 2956.40 (Side area) 
      Cumulative area ratio:   72.83
      Required ratio:    0.00 (Cumulative side area) 


  Pin:   _7081_/A (sky130_fd_sc_hd__nand2_2)
    Layer: mcon
      Partial area ratio:    0.06
      Required ratio:    3.00 (Gate area) 
      Cumulative area ratio:    0.06
      Required ratio:    0.00 (Cumulative area) 

    Layer: met1
      Partial area ratio:    1.95
      Required ratio:    0.00 (Gate area) 
      Cumulative area ratio:    1.95
      Required ratio:    0.00 (Cumulative area) 
      Partial area ratio:    9.37
      Required ratio:  400.00 (Side area) 
      Cumulative area ratio:    9.37
      Required ratio:    0.00 (Cumulative side area) 

    Layer: via
      Partial area ratio:    0.09
      Required ratio:    6.00 (Gate area) 
      Cumulative area ratio:    0.15
      Required ratio:    0.00 (Cumulative area) 

    Layer: met2
      Partial area ratio:    1.28
      Required ratio:    0.00 (Gate area) 
      Cumulative area ratio:    3.23
      Required ratio:    0.00 (Cumulative area) 
      Partial area ratio:    6.23
      Required ratio:  400.00 (Side area) 
      Cumulative area ratio:   15.59
      Required ratio:    0.00 (Cumulative side area) 

    Layer: via2
      Partial area ratio:    0.04
      Required ratio:    6.00 (Gate area) 
      Cumulative area ratio:    0.19
      Required ratio:    0.00 (Cumulative area) 

    Layer: met3
      Partial area ratio:    5.35
      Required ratio:    0.00 (Gate area) 
      Cumulative area ratio:    8.58
      Required ratio:    0.00 (Cumulative area) 
      Partial area ratio:   28.80
      Required ratio: 2956.40 (Side area) 
      Cumulative area ratio:   44.40
      Required ratio:    0.00 (Cumulative side area) 


  Pin:   _7112_/A2 (sky130_fd_sc_hd__mux4_2)
    Layer: mcon
      Partial area ratio:    0.18
      Required ratio:    3.00 (Gate area) 
      Cumulative area ratio:    0.18
      Required ratio:    0.00 (Cumulative area) 

    Layer: met1
      Partial area ratio:   15.17
      Required ratio:    0.00 (Gate area) 
      Cumulative area ratio:   15.17
      Required ratio:    0.00 (Cumulative area) 
      Partial area ratio:   74.68
      Required ratio:  400.00 (Side area) 
      Cumulative area ratio:   74.68
      Required ratio:    0.00 (Cumulative side area) 

    Layer: via
      Partial area ratio:    0.28
      Required ratio:    6.00 (Gate area) 
      Cumulative area ratio:    0.46
      Required ratio:    0.00 (Cumulative area) 

    Layer: met2
      Partial area ratio:   17.38
      Required ratio:    0.00 (Gate area) 
      Cumulative area ratio:   32.55
      Required ratio:    0.00 (Cumulative area) 
      Partial area ratio:   85.66
      Required ratio: 2956.40 (Side area) 
      Cumulative area ratio:  160.34
      Required ratio:    0.00 (Cumulative side area) 

    Layer: via2
      Partial area ratio:    0.07
      Required ratio:   38.08 (Gate area) 
      Cumulative area ratio:    0.53
      Required ratio:    0.00 (Cumulative area) 

    Layer: met3
      Partial area ratio:    5.35
      Required ratio:    0.00 (Gate area) 
      Cumulative area ratio:   37.90
      Required ratio:    0.00 (Cumulative area) 
      Partial area ratio:   28.80
      Required ratio: 2956.40 (Side area) 
      Cumulative area ratio:  189.14
      Required ratio:    0.00 (Cumulative side area) 


  Pin:   _7168_/A1 (sky130_fd_sc_hd__a21oi_2)
    Layer: mcon
      Partial area ratio:    0.06
      Required ratio:    3.00 (Gate area) 
      Cumulative area ratio:    0.06
      Required ratio:    0.00 (Cumulative area) 

    Layer: met1
      Partial area ratio:    1.31
      Required ratio:    0.00 (Gate area) 
      Cumulative area ratio:    1.31
      Required ratio:    0.00 (Cumulative area) 
      Partial area ratio:    6.19
      Required ratio:  400.00 (Side area) 
      Cumulative area ratio:    6.19
      Required ratio:    0.00 (Cumulative side area) 

    Layer: via
      Partial area ratio:    0.09
      Required ratio:    6.00 (Gate area) 
      Cumulative area ratio:    0.15
      Required ratio:    0.00 (Cumulative area) 

    Layer: met2
      Partial area ratio:    1.28
      Required ratio:    0.00 (Gate area) 
      Cumulative area ratio:    2.60
      Required ratio:    0.00 (Cumulative area) 
      Partial area ratio:    6.23
      Required ratio:  400.00 (Side area) 
      Cumulative area ratio:   12.41
      Required ratio:    0.00 (Cumulative side area) 

    Layer: via2
      Partial area ratio:    0.04
      Required ratio:    6.00 (Gate area) 
      Cumulative area ratio:    0.19
      Required ratio:    0.00 (Cumulative area) 

    Layer: met3
      Partial area ratio:    5.35
      Required ratio:    0.00 (Gate area) 
      Cumulative area ratio:    7.95
      Required ratio:    0.00 (Cumulative area) 
      Partial area ratio:   28.80
      Required ratio: 2956.40 (Side area) 
      Cumulative area ratio:   41.21
      Required ratio:    0.00 (Cumulative side area) 


  Pin:   _7765_/B (sky130_fd_sc_hd__and3_2)
    Layer: mcon
      Partial area ratio:    0.23
      Required ratio:    3.00 (Gate area) 
      Cumulative area ratio:    0.23
      Required ratio:    0.00 (Cumulative area) 

    Layer: met1
      Partial area ratio:   36.94
      Required ratio:    0.00 (Gate area) 
      Cumulative area ratio:   36.94
      Required ratio:    0.00 (Cumulative area) 
      Partial area ratio:  180.75
      Required ratio: 2956.40 (Side area) 
      Cumulative area ratio:  180.75
      Required ratio:    0.00 (Cumulative side area) 

    Layer: via
      Partial area ratio:    0.71
      Required ratio:   38.08 (Gate area) 
      Cumulative area ratio:    0.94
      Required ratio:    0.00 (Cumulative area) 

    Layer: met2
      Partial area ratio:   17.38
      Required ratio:    0.00 (Gate area) 
      Cumulative area ratio:   54.33
      Required ratio:    0.00 (Cumulative area) 
      Partial area ratio:   85.66
      Required ratio: 2956.40 (Side area) 
      Cumulative area ratio:  266.41
      Required ratio:    0.00 (Cumulative side area) 

    Layer: via2
      Partial area ratio:    0.07
      Required ratio:   38.08 (Gate area) 
      Cumulative area ratio:    1.01
      Required ratio:    0.00 (Cumulative area) 

    Layer: met3
      Partial area ratio:    5.35
      Required ratio:    0.00 (Gate area) 
      Cumulative area ratio:   59.68
      Required ratio:    0.00 (Cumulative area) 
      Partial area ratio:   28.80
      Required ratio: 2956.40 (Side area) 
      Cumulative area ratio:  295.21
      Required ratio:    0.00 (Cumulative side area) 



Net: u_pipeline.a_s2\[55\]
  Pin:   _4768_/A (sky130_fd_sc_hd__or2_2)
    Layer: mcon
      Partial area ratio:    0.23
      Required ratio:    3.00 (Gate area) 
      Cumulative area ratio:    0.23
      Required ratio:    0.00 (Cumulative area) 

    Layer: met1
      Partial area ratio:    2.56
      Required ratio:    0.00 (Gate area) 
      Cumulative area ratio:    2.56
      Required ratio:    0.00 (Cumulative area) 
      Partial area ratio:   11.85
      Required ratio:  400.00 (Side area) 
      Cumulative area ratio:   11.85
      Required ratio:    0.00 (Cumulative side area) 

    Layer: via
      Partial area ratio:    0.18
      Required ratio:    6.00 (Gate area) 
      Cumulative area ratio:    0.41
      Required ratio:    0.00 (Cumulative area) 

    Layer: met2
      Partial area ratio:    5.68
      Required ratio:    0.00 (Gate area) 
      Cumulative area ratio:    8.24
      Required ratio:    0.00 (Cumulative area) 
      Partial area ratio:   28.08
      Required ratio: 2778.20 (Side area) 
      Cumulative area ratio:   39.93
      Required ratio:    0.00 (Cumulative side area) 


  Pin:   _4769_/A (sky130_fd_sc_hd__nand2_2)
    Layer: mcon
      Partial area ratio:    0.06
      Required ratio:    3.00 (Gate area) 
      Cumulative area ratio:    0.06
      Required ratio:    0.00 (Cumulative area) 

    Layer: met1
      Partial area ratio:    1.38
      Required ratio:    0.00 (Gate area) 
      Cumulative area ratio:    1.38
      Required ratio:    0.00 (Cumulative area) 
      Partial area ratio:    6.51
      Required ratio:  400.00 (Side area) 
      Cumulative area ratio:    6.51
      Required ratio:    0.00 (Cumulative side area) 

    Layer: via
      Partial area ratio:    0.09
      Required ratio:    6.00 (Gate area) 
      Cumulative area ratio:    0.15
      Required ratio:    0.00 (Cumulative area) 

    Layer: met2
      Partial area ratio:    5.68
      Required ratio:    0.00 (Gate area) 
      Cumulative area ratio:    7.06
      Required ratio:    0.00 (Cumulative area) 
      Partial area ratio:   28.08
      Required ratio: 2778.20 (Side area) 
      Cumulative area ratio:   34.59
      Required ratio:    0.00 (Cumulative side area) 


  Pin:   _5132_/A1 (sky130_fd_sc_hd__mux2_2)
    Layer: mcon
      Partial area ratio:    0.18
      Required ratio:    3.00 (Gate area) 
      Cumulative area ratio:    0.18
      Required ratio:    0.00 (Cumulative area) 

    Layer: met1
      Partial area ratio:    4.25
      Required ratio:    0.00 (Gate area) 
      Cumulative area ratio:    4.25
      Required ratio:    0.00 (Cumulative area) 
      Partial area ratio:   20.11
      Required ratio:  400.00 (Side area) 
      Cumulative area ratio:   20.11
      Required ratio:    0.00 (Cumulative side area) 

    Layer: via
      Partial area ratio:    0.28
      Required ratio:    6.00 (Gate area) 
      Cumulative area ratio:    0.46
      Required ratio:    0.00 (Cumulative area) 

    Layer: met2
      Partial area ratio:    5.68
      Required ratio:    0.00 (Gate area) 
      Cumulative area ratio:    9.94
      Required ratio:    0.00 (Cumulative area) 
      Partial area ratio:   28.08
      Required ratio: 2778.20 (Side area) 
      Cumulative area ratio:   48.19
      Required ratio:    0.00 (Cumulative side area) 


  Pin:   _5216_/A0 (sky130_fd_sc_hd__mux2_2)
    Layer: mcon
      Partial area ratio:    0.18
      Required ratio:    3.00 (Gate area) 
      Cumulative area ratio:    0.18
      Required ratio:    0.00 (Cumulative area) 

    Layer: met1
      Partial area ratio:  117.92
      Required ratio:    0.00 (Gate area) 
      Cumulative area ratio:  117.92
      Required ratio:    0.00 (Cumulative area) 
      Partial area ratio:  587.75
      Required ratio:  400.00 (Side area) (VIOLATED)
      Cumulative area ratio:  587.75
      Required ratio:    0.00 (Cumulative side area) 

    Layer: via
      Partial area ratio:    0.42
      Required ratio:    6.00 (Gate area) 
      Cumulative area ratio:    0.61
      Required ratio:    0.00 (Cumulative area) 

    Layer: met2
      Partial area ratio:    5.68
      Required ratio:    0.00 (Gate area) 
      Cumulative area ratio:  123.60
      Required ratio:    0.00 (Cumulative area) 
      Partial area ratio:   28.08
      Required ratio: 2778.20 (Side area) 
      Cumulative area ratio:  615.83
      Required ratio:    0.00 (Cumulative side area) 


  Pin:   _7377_/A1 (sky130_fd_sc_hd__o21a_2)
    Layer: mcon
      Partial area ratio:    0.12
      Required ratio:    3.00 (Gate area) 
      Cumulative area ratio:    0.12
      Required ratio:    0.00 (Cumulative area) 

    Layer: met1
      Partial area ratio:    2.23
      Required ratio:    0.00 (Gate area) 
      Cumulative area ratio:    2.23
      Required ratio:    0.00 (Cumulative area) 
      Partial area ratio:   10.53
      Required ratio:  400.00 (Side area) 
      Cumulative area ratio:   10.53
      Required ratio:    0.00 (Cumulative side area) 

    Layer: via
      Partial area ratio:    0.12
      Required ratio:    6.00 (Gate area) 
      Cumulative area ratio:    0.24
      Required ratio:    0.00 (Cumulative area) 

    Layer: met2
      Partial area ratio:    5.68
      Required ratio:    0.00 (Gate area) 
      Cumulative area ratio:    7.91
      Required ratio:    0.00 (Cumulative area) 
      Partial area ratio:   28.08
      Required ratio: 2778.20 (Side area) 
      Cumulative area ratio:   38.61
      Required ratio:    0.00 (Cumulative side area) 


  Pin:   _7378_/A1 (sky130_fd_sc_hd__a21oi_2)
    Layer: mcon
      Partial area ratio:    0.06
      Required ratio:    3.00 (Gate area) 
      Cumulative area ratio:    0.06
      Required ratio:    0.00 (Cumulative area) 

    Layer: met1
      Partial area ratio:    2.23
      Required ratio:    0.00 (Gate area) 
      Cumulative area ratio:    2.23
      Required ratio:    0.00 (Cumulative area) 
      Partial area ratio:   10.53
      Required ratio:  400.00 (Side area) 
      Cumulative area ratio:   10.53
      Required ratio:    0.00 (Cumulative side area) 

    Layer: via
      Partial area ratio:    0.12
      Required ratio:    6.00 (Gate area) 
      Cumulative area ratio:    0.18
      Required ratio:    0.00 (Cumulative area) 

    Layer: met2
      Partial area ratio:    5.68
      Required ratio:    0.00 (Gate area) 
      Cumulative area ratio:    7.91
      Required ratio:    0.00 (Cumulative area) 
      Partial area ratio:   28.08
      Required ratio: 2778.20 (Side area) 
      Cumulative area ratio:   38.61
      Required ratio:    0.00 (Cumulative side area) 


  Pin:   _7381_/S (sky130_fd_sc_hd__mux2_2)
    Layer: mcon
      Partial area ratio:    0.09
      Required ratio:    3.00 (Gate area) 
      Cumulative area ratio:    0.09
      Required ratio:    0.00 (Cumulative area) 

    Layer: met1
      Partial area ratio:    1.52
      Required ratio:    0.00 (Gate area) 
      Cumulative area ratio:    1.52
      Required ratio:    0.00 (Cumulative area) 
      Partial area ratio:    7.00
      Required ratio:  400.00 (Side area) 
      Cumulative area ratio:    7.00
      Required ratio:    0.00 (Cumulative side area) 

    Layer: via
      Partial area ratio:    0.14
      Required ratio:    6.00 (Gate area) 
      Cumulative area ratio:    0.23
      Required ratio:    0.00 (Cumulative area) 

    Layer: met2
      Partial area ratio:    5.68
      Required ratio:    0.00 (Gate area) 
      Cumulative area ratio:    7.20
      Required ratio:    0.00 (Cumulative area) 
      Partial area ratio:   28.08
      Required ratio: 2778.20 (Side area) 
      Cumulative area ratio:   35.08
      Required ratio:    0.00 (Cumulative side area) 


  Pin:   _7386_/C1 (sky130_fd_sc_hd__o221a_2)
    Layer: mcon
      Partial area ratio:    0.12
      Required ratio:    3.00 (Gate area) 
      Cumulative area ratio:    0.12
      Required ratio:    0.00 (Cumulative area) 

    Layer: met1
      Partial area ratio:    4.84
      Required ratio:    0.00 (Gate area) 
      Cumulative area ratio:    4.84
      Required ratio:    0.00 (Cumulative area) 
      Partial area ratio:   23.32
      Required ratio:  400.00 (Side area) 
      Cumulative area ratio:   23.32
      Required ratio:    0.00 (Cumulative side area) 

    Layer: via
      Partial area ratio:    0.14
      Required ratio:    6.00 (Gate area) 
      Cumulative area ratio:    0.26
      Required ratio:    0.00 (Cumulative area) 

    Layer: met2
      Partial area ratio:    5.68
      Required ratio:    0.00 (Gate area) 
      Cumulative area ratio:   10.52
      Required ratio:    0.00 (Cumulative area) 
      Partial area ratio:   28.08
      Required ratio: 2778.20 (Side area) 
      Cumulative area ratio:   51.40
      Required ratio:    0.00 (Cumulative side area) 


  Pin:   _7387_/A1 (sky130_fd_sc_hd__o21ba_2)
    Layer: mcon
      Partial area ratio:    0.12
      Required ratio:    3.00 (Gate area) 
      Cumulative area ratio:    0.12
      Required ratio:    0.00 (Cumulative area) 

    Layer: met1
      Partial area ratio:    4.84
      Required ratio:    0.00 (Gate area) 
      Cumulative area ratio:    4.84
      Required ratio:    0.00 (Cumulative area) 
      Partial area ratio:   23.32
      Required ratio:  400.00 (Side area) 
      Cumulative area ratio:   23.32
      Required ratio:    0.00 (Cumulative side area) 

    Layer: via
      Partial area ratio:    0.14
      Required ratio:    6.00 (Gate area) 
      Cumulative area ratio:    0.26
      Required ratio:    0.00 (Cumulative area) 

    Layer: met2
      Partial area ratio:    5.68
      Required ratio:    0.00 (Gate area) 
      Cumulative area ratio:   10.52
      Required ratio:    0.00 (Cumulative area) 
      Partial area ratio:   28.08
      Required ratio: 2778.20 (Side area) 
      Cumulative area ratio:   51.40
      Required ratio:    0.00 (Cumulative side area) 


  Pin:   _7388_/A0 (sky130_fd_sc_hd__mux4_2)
    Layer: mcon
      Partial area ratio:    0.18
      Required ratio:    3.00 (Gate area) 
      Cumulative area ratio:    0.18
      Required ratio:    0.00 (Cumulative area) 

    Layer: met1
      Partial area ratio:   17.59
      Required ratio:    0.00 (Gate area) 
      Cumulative area ratio:   17.59
      Required ratio:    0.00 (Cumulative area) 
      Partial area ratio:   86.48
      Required ratio:  400.00 (Side area) 
      Cumulative area ratio:   86.48
      Required ratio:    0.00 (Cumulative side area) 

    Layer: via
      Partial area ratio:    0.28
      Required ratio:    6.00 (Gate area) 
      Cumulative area ratio:    0.46
      Required ratio:    0.00 (Cumulative area) 

    Layer: met2
      Partial area ratio:    5.68
      Required ratio:    0.00 (Gate area) 
      Cumulative area ratio:   23.27
      Required ratio:    0.00 (Cumulative area) 
      Partial area ratio:   28.08
      Required ratio: 2778.20 (Side area) 
      Cumulative area ratio:  114.56
      Required ratio:    0.00 (Cumulative side area) 


  Pin:   _7401_/A1 (sky130_fd_sc_hd__a221o_2)
    Layer: mcon
      Partial area ratio:    0.12
      Required ratio:    3.00 (Gate area) 
      Cumulative area ratio:    0.12
      Required ratio:    0.00 (Cumulative area) 

    Layer: met1
      Partial area ratio:    1.60
      Required ratio:    0.00 (Gate area) 
      Cumulative area ratio:    1.60
      Required ratio:    0.00 (Cumulative area) 
      Partial area ratio:    7.25
      Required ratio:  400.00 (Side area) 
      Cumulative area ratio:    7.25
      Required ratio:    0.00 (Cumulative side area) 

    Layer: via
      Partial area ratio:    0.18
      Required ratio:    6.00 (Gate area) 
      Cumulative area ratio:    0.30
      Required ratio:    0.00 (Cumulative area) 

    Layer: met2
      Partial area ratio:    5.68
      Required ratio:    0.00 (Gate area) 
      Cumulative area ratio:    7.28
      Required ratio:    0.00 (Cumulative area) 
      Partial area ratio:   28.08
      Required ratio: 2778.20 (Side area) 
      Cumulative area ratio:   35.33
      Required ratio:    0.00 (Cumulative side area) 


  Pin:   _7402_/A1 (sky130_fd_sc_hd__o21a_2)
    Layer: mcon
      Partial area ratio:    0.12
      Required ratio:    3.00 (Gate area) 
      Cumulative area ratio:    0.12
      Required ratio:    0.00 (Cumulative area) 

    Layer: met1
      Partial area ratio:    3.24
      Required ratio:    0.00 (Gate area) 
      Cumulative area ratio:    3.24
      Required ratio:    0.00 (Cumulative area) 
      Partial area ratio:   15.45
      Required ratio:  400.00 (Side area) 
      Cumulative area ratio:   15.45
      Required ratio:    0.00 (Cumulative side area) 

    Layer: via
      Partial area ratio:    0.18
      Required ratio:    6.00 (Gate area) 
      Cumulative area ratio:    0.30
      Required ratio:    0.00 (Cumulative area) 

    Layer: met2
      Partial area ratio:    5.68
      Required ratio:    0.00 (Gate area) 
      Cumulative area ratio:    8.92
      Required ratio:    0.00 (Cumulative area) 
      Partial area ratio:   28.08
      Required ratio: 2778.20 (Side area) 
      Cumulative area ratio:   43.53
      Required ratio:    0.00 (Cumulative side area) 


  Pin:   _7406_/B1 (sky130_fd_sc_hd__a31o_2)
    Layer: mcon
      Partial area ratio:    0.12
      Required ratio:    3.00 (Gate area) 
      Cumulative area ratio:    0.12
      Required ratio:    0.00 (Cumulative area) 

    Layer: met1
      Partial area ratio:    2.56
      Required ratio:    0.00 (Gate area) 
      Cumulative area ratio:    2.56
      Required ratio:    0.00 (Cumulative area) 
      Partial area ratio:   11.85
      Required ratio:  400.00 (Side area) 
      Cumulative area ratio:   11.85
      Required ratio:    0.00 (Cumulative side area) 

    Layer: via
      Partial area ratio:    0.18
      Required ratio:    6.00 (Gate area) 
      Cumulative area ratio:    0.30
      Required ratio:    0.00 (Cumulative area) 

    Layer: met2
      Partial area ratio:    5.68
      Required ratio:    0.00 (Gate area) 
      Cumulative area ratio:    8.24
      Required ratio:    0.00 (Cumulative area) 
      Partial area ratio:   28.08
      Required ratio: 2778.20 (Side area) 
      Cumulative area ratio:   39.93
      Required ratio:    0.00 (Cumulative side area) 


  Pin:   _7418_/A1 (sky130_fd_sc_hd__mux2_2)
    Layer: mcon
      Partial area ratio:    0.18
      Required ratio:    3.00 (Gate area) 
      Cumulative area ratio:    0.18
      Required ratio:    0.00 (Cumulative area) 

    Layer: met1
      Partial area ratio:    4.38
      Required ratio:    0.00 (Gate area) 
      Cumulative area ratio:    4.38
      Required ratio:    0.00 (Cumulative area) 
      Partial area ratio:   20.75
      Required ratio:  400.00 (Side area) 
      Cumulative area ratio:   20.75
      Required ratio:    0.00 (Cumulative side area) 

    Layer: via
      Partial area ratio:    0.28
      Required ratio:    6.00 (Gate area) 
      Cumulative area ratio:    0.46
      Required ratio:    0.00 (Cumulative area) 

    Layer: met2
      Partial area ratio:    5.68
      Required ratio:    0.00 (Gate area) 
      Cumulative area ratio:   10.06
      Required ratio:    0.00 (Cumulative area) 
      Partial area ratio:   28.08
      Required ratio: 2778.20 (Side area) 
      Cumulative area ratio:   48.83
      Required ratio:    0.00 (Cumulative side area) 


  Pin:   _7424_/B (sky130_fd_sc_hd__and3_2)
    Layer: mcon
      Partial area ratio:    0.23
      Required ratio:    3.00 (Gate area) 
      Cumulative area ratio:    0.23
      Required ratio:    0.00 (Cumulative area) 

    Layer: met1
      Partial area ratio:    4.46
      Required ratio:    0.00 (Gate area) 
      Cumulative area ratio:    4.46
      Required ratio:    0.00 (Cumulative area) 
      Partial area ratio:   21.36
      Required ratio:  400.00 (Side area) 
      Cumulative area ratio:   21.36
      Required ratio:    0.00 (Cumulative side area) 

    Layer: via
      Partial area ratio:    0.18
      Required ratio:    6.00 (Gate area) 
      Cumulative area ratio:    0.41
      Required ratio:    0.00 (Cumulative area) 

    Layer: met2
      Partial area ratio:    5.68
      Required ratio:    0.00 (Gate area) 
      Cumulative area ratio:   10.15
      Required ratio:    0.00 (Cumulative area) 
      Partial area ratio:   28.08
      Required ratio: 2778.20 (Side area) 
      Cumulative area ratio:   49.44
      Required ratio:    0.00 (Cumulative side area) 


  Pin:   _7425_/B (sky130_fd_sc_hd__or3_4)
    Layer: mcon
      Partial area ratio:    0.12
      Required ratio:    3.00 (Gate area) 
      Cumulative area ratio:    0.12
      Required ratio:    0.00 (Cumulative area) 

    Layer: met1
      Partial area ratio:    4.46
      Required ratio:    0.00 (Gate area) 
      Cumulative area ratio:    4.46
      Required ratio:    0.00 (Cumulative area) 
      Partial area ratio:   21.36
      Required ratio:  400.00 (Side area) 
      Cumulative area ratio:   21.36
      Required ratio:    0.00 (Cumulative side area) 

    Layer: via
      Partial area ratio:    0.18
      Required ratio:    6.00 (Gate area) 
      Cumulative area ratio:    0.30
      Required ratio:    0.00 (Cumulative area) 

    Layer: met2
      Partial area ratio:    5.68
      Required ratio:    0.00 (Gate area) 
      Cumulative area ratio:   10.15
      Required ratio:    0.00 (Cumulative area) 
      Partial area ratio:   28.08
      Required ratio: 2778.20 (Side area) 
      Cumulative area ratio:   49.44
      Required ratio:    0.00 (Cumulative side area) 


  Pin:   _7438_/A (sky130_fd_sc_hd__and3_2)
    Layer: mcon
      Partial area ratio:    0.23
      Required ratio:    3.00 (Gate area) 
      Cumulative area ratio:    0.23
      Required ratio:    0.00 (Cumulative area) 

    Layer: met1
      Partial area ratio:    4.84
      Required ratio:    0.00 (Gate area) 
      Cumulative area ratio:    4.84
      Required ratio:    0.00 (Cumulative area) 
      Partial area ratio:   23.32
      Required ratio:  400.00 (Side area) 
      Cumulative area ratio:   23.32
      Required ratio:    0.00 (Cumulative side area) 

    Layer: via
      Partial area ratio:    0.14
      Required ratio:    6.00 (Gate area) 
      Cumulative area ratio:    0.37
      Required ratio:    0.00 (Cumulative area) 

    Layer: met2
      Partial area ratio:    5.68
      Required ratio:    0.00 (Gate area) 
      Cumulative area ratio:   10.52
      Required ratio:    0.00 (Cumulative area) 
      Partial area ratio:   28.08
      Required ratio: 2778.20 (Side area) 
      Cumulative area ratio:   51.40
      Required ratio:    0.00 (Cumulative side area) 


  Pin:   _7448_/A2 (sky130_fd_sc_hd__mux4_2)
    Layer: mcon
      Partial area ratio:    0.18
      Required ratio:    3.00 (Gate area) 
      Cumulative area ratio:    0.18
      Required ratio:    0.00 (Cumulative area) 

    Layer: met1
      Partial area ratio:   17.59
      Required ratio:    0.00 (Gate area) 
      Cumulative area ratio:   17.59
      Required ratio:    0.00 (Cumulative area) 
      Partial area ratio:   86.48
      Required ratio:  400.00 (Side area) 
      Cumulative area ratio:   86.48
      Required ratio:    0.00 (Cumulative side area) 

    Layer: via
      Partial area ratio:    0.28
      Required ratio:    6.00 (Gate area) 
      Cumulative area ratio:    0.46
      Required ratio:    0.00 (Cumulative area) 

    Layer: met2
      Partial area ratio:    5.68
      Required ratio:    0.00 (Gate area) 
      Cumulative area ratio:   23.27
      Required ratio:    0.00 (Cumulative area) 
      Partial area ratio:   28.08
      Required ratio: 2778.20 (Side area) 
      Cumulative area ratio:  114.56
      Required ratio:    0.00 (Cumulative side area) 


  Pin:   _7710_/A1 (sky130_fd_sc_hd__o21ai_2)
    Layer: mcon
      Partial area ratio:    0.06
      Required ratio:    3.00 (Gate area) 
      Cumulative area ratio:    0.06
      Required ratio:    0.00 (Cumulative area) 

    Layer: met1
      Partial area ratio:    1.77
      Required ratio:    0.00 (Gate area) 
      Cumulative area ratio:    1.77
      Required ratio:    0.00 (Cumulative area) 
      Partial area ratio:    8.58
      Required ratio:  400.00 (Side area) 
      Cumulative area ratio:    8.58
      Required ratio:    0.00 (Cumulative side area) 

    Layer: via
      Partial area ratio:    0.05
      Required ratio:    6.00 (Gate area) 
      Cumulative area ratio:    0.11
      Required ratio:    0.00 (Cumulative area) 

    Layer: met2
      Partial area ratio:    5.68
      Required ratio:    0.00 (Gate area) 
      Cumulative area ratio:    7.46
      Required ratio:    0.00 (Cumulative area) 
      Partial area ratio:   28.08
      Required ratio: 2778.20 (Side area) 
      Cumulative area ratio:   36.66
      Required ratio:    0.00 (Cumulative side area) 


  Pin:   _7711_/A1 (sky130_fd_sc_hd__o21ai_2)
    Layer: mcon
      Partial area ratio:    0.06
      Required ratio:    3.00 (Gate area) 
      Cumulative area ratio:    0.06
      Required ratio:    0.00 (Cumulative area) 

    Layer: met1
      Partial area ratio:    1.77
      Required ratio:    0.00 (Gate area) 
      Cumulative area ratio:    1.77
      Required ratio:    0.00 (Cumulative area) 
      Partial area ratio:    8.58
      Required ratio:  400.00 (Side area) 
      Cumulative area ratio:    8.58
      Required ratio:    0.00 (Cumulative side area) 

    Layer: via
      Partial area ratio:    0.05
      Required ratio:    6.00 (Gate area) 
      Cumulative area ratio:    0.11
      Required ratio:    0.00 (Cumulative area) 

    Layer: met2
      Partial area ratio:    5.68
      Required ratio:    0.00 (Gate area) 
      Cumulative area ratio:    7.46
      Required ratio:    0.00 (Cumulative area) 
      Partial area ratio:   28.08
      Required ratio: 2778.20 (Side area) 
      Cumulative area ratio:   36.66
      Required ratio:    0.00 (Cumulative side area) 



Net: u_pipeline.a_s2\[7\]
  Pin:   _4942_/A_N (sky130_fd_sc_hd__and2b_2)
    Layer: mcon
      Partial area ratio:    0.23
      Required ratio:    3.00 (Gate area) 
      Cumulative area ratio:    0.23
      Required ratio:    0.00 (Cumulative area) 

    Layer: met1
      Partial area ratio:   17.02
      Required ratio:    0.00 (Gate area) 
      Cumulative area ratio:   17.02
      Required ratio:    0.00 (Cumulative area) 
      Partial area ratio:   83.67
      Required ratio:  400.00 (Side area) 
      Cumulative area ratio:   83.67
      Required ratio:    0.00 (Cumulative side area) 

    Layer: via
      Partial area ratio:    0.24
      Required ratio:    6.00 (Gate area) 
      Cumulative area ratio:    0.47
      Required ratio:    0.00 (Cumulative area) 

    Layer: met2
      Partial area ratio:   10.63
      Required ratio:    0.00 (Gate area) 
      Cumulative area ratio:   27.65
      Required ratio:    0.00 (Cumulative area) 
      Partial area ratio:   52.69
      Required ratio: 2956.40 (Side area) 
      Cumulative area ratio:  136.36
      Required ratio:    0.00 (Cumulative side area) 


  Pin:   _4943_/B (sky130_fd_sc_hd__and2b_2)
    Layer: mcon
      Partial area ratio:    0.23
      Required ratio:    3.00 (Gate area) 
      Cumulative area ratio:    0.23
      Required ratio:    0.00 (Cumulative area) 

    Layer: met1
      Partial area ratio:   17.02
      Required ratio:    0.00 (Gate area) 
      Cumulative area ratio:   17.02
      Required ratio:    0.00 (Cumulative area) 
      Partial area ratio:   83.67
      Required ratio:  400.00 (Side area) 
      Cumulative area ratio:   83.67
      Required ratio:    0.00 (Cumulative side area) 

    Layer: via
      Partial area ratio:    0.24
      Required ratio:    6.00 (Gate area) 
      Cumulative area ratio:    0.47
      Required ratio:    0.00 (Cumulative area) 

    Layer: met2
      Partial area ratio:   10.63
      Required ratio:    0.00 (Gate area) 
      Cumulative area ratio:   27.65
      Required ratio:    0.00 (Cumulative area) 
      Partial area ratio:   52.69
      Required ratio: 2956.40 (Side area) 
      Cumulative area ratio:  136.36
      Required ratio:    0.00 (Cumulative side area) 


  Pin:   _5020_/B1_N (sky130_fd_sc_hd__a21bo_2)
    Layer: li1
      Partial area ratio:    0.09
      Required ratio:    0.00 (Gate area) 
      Cumulative area ratio:    0.09
      Required ratio:    0.00 (Cumulative area) 
      Partial area ratio:    0.37
      Required ratio:   75.00 (Side area) 
      Cumulative area ratio:    0.37
      Required ratio:    0.00 (Cumulative side area) 

    Layer: mcon
      Partial area ratio:    0.23
      Required ratio:    3.00 (Gate area) 
      Cumulative area ratio:    0.23
      Required ratio:    0.00 (Cumulative area) 

    Layer: met1
      Partial area ratio:    6.18
      Required ratio:    0.00 (Gate area) 
      Cumulative area ratio:    6.27
      Required ratio:    0.00 (Cumulative area) 
      Partial area ratio:   29.43
      Required ratio:  400.00 (Side area) 
      Cumulative area ratio:   29.80
      Required ratio:    0.00 (Cumulative side area) 

    Layer: via
      Partial area ratio:    0.36
      Required ratio:    6.00 (Gate area) 
      Cumulative area ratio:    0.59
      Required ratio:    0.00 (Cumulative area) 

    Layer: met2
      Partial area ratio:   10.63
      Required ratio:    0.00 (Gate area) 
      Cumulative area ratio:   16.90
      Required ratio:    0.00 (Cumulative area) 
      Partial area ratio:   52.69
      Required ratio: 2956.40 (Side area) 
      Cumulative area ratio:   82.49
      Required ratio:    0.00 (Cumulative side area) 


  Pin:   _5623_/A (sky130_fd_sc_hd__or2_2)
    Layer: mcon
      Partial area ratio:    0.23
      Required ratio:    3.00 (Gate area) 
      Cumulative area ratio:    0.23
      Required ratio:    0.00 (Cumulative area) 

    Layer: met1
      Partial area ratio:    6.68
      Required ratio:    0.00 (Gate area) 
      Cumulative area ratio:    6.68
      Required ratio:    0.00 (Cumulative area) 
      Partial area ratio:   31.94
      Required ratio:  400.00 (Side area) 
      Cumulative area ratio:   31.94
      Required ratio:    0.00 (Cumulative side area) 

    Layer: via
      Partial area ratio:    0.36
      Required ratio:    6.00 (Gate area) 
      Cumulative area ratio:    0.59
      Required ratio:    0.00 (Cumulative area) 

    Layer: met2
      Partial area ratio:   10.63
      Required ratio:    0.00 (Gate area) 
      Cumulative area ratio:   17.32
      Required ratio:    0.00 (Cumulative area) 
      Partial area ratio:   52.69
      Required ratio: 2956.40 (Side area) 
      Cumulative area ratio:   84.63
      Required ratio:    0.00 (Cumulative side area) 


  Pin:   _5624_/A (sky130_fd_sc_hd__and2_2)
    Layer: mcon
      Partial area ratio:    0.23
      Required ratio:    3.00 (Gate area) 
      Cumulative area ratio:    0.23
      Required ratio:    0.00 (Cumulative area) 

    Layer: met1
      Partial area ratio:   95.77
      Required ratio:    0.00 (Gate area) 
      Cumulative area ratio:   95.77
      Required ratio:    0.00 (Cumulative area) 
      Partial area ratio:  474.81
      Required ratio:  400.00 (Side area) (VIOLATED)
      Cumulative area ratio:  474.81
      Required ratio:    0.00 (Cumulative side area) 

    Layer: via
      Partial area ratio:    0.89
      Required ratio:    6.00 (Gate area) 
      Cumulative area ratio:    1.12
      Required ratio:    0.00 (Cumulative area) 

    Layer: met2
      Partial area ratio:   10.63
      Required ratio:    0.00 (Gate area) 
      Cumulative area ratio:  106.40
      Required ratio:    0.00 (Cumulative area) 
      Partial area ratio:   52.69
      Required ratio: 2956.40 (Side area) 
      Cumulative area ratio:  527.50
      Required ratio:    0.00 (Cumulative side area) 


  Pin:   _5630_/A0 (sky130_fd_sc_hd__mux4_2)
    Layer: mcon
      Partial area ratio:    0.18
      Required ratio:    3.00 (Gate area) 
      Cumulative area ratio:    0.18
      Required ratio:    0.00 (Cumulative area) 

    Layer: met1
      Partial area ratio:    3.65
      Required ratio:    0.00 (Gate area) 
      Cumulative area ratio:    3.65
      Required ratio:    0.00 (Cumulative area) 
      Partial area ratio:   17.13
      Required ratio:  400.00 (Side area) 
      Cumulative area ratio:   17.13
      Required ratio:    0.00 (Cumulative side area) 

    Layer: via
      Partial area ratio:    0.21
      Required ratio:    6.00 (Gate area) 
      Cumulative area ratio:    0.39
      Required ratio:    0.00 (Cumulative area) 

    Layer: met2
      Partial area ratio:   10.63
      Required ratio:    0.00 (Gate area) 
      Cumulative area ratio:   14.28
      Required ratio:    0.00 (Cumulative area) 
      Partial area ratio:   52.69
      Required ratio: 2956.40 (Side area) 
      Cumulative area ratio:   69.82
      Required ratio:    0.00 (Cumulative side area) 


  Pin:   _5678_/A1 (sky130_fd_sc_hd__mux2_2)
    Layer: mcon
      Partial area ratio:    0.18
      Required ratio:    3.00 (Gate area) 
      Cumulative area ratio:    0.18
      Required ratio:    0.00 (Cumulative area) 

    Layer: met1
      Partial area ratio:    2.74
      Required ratio:    0.00 (Gate area) 
      Cumulative area ratio:    2.74
      Required ratio:    0.00 (Cumulative area) 
      Partial area ratio:   12.52
      Required ratio:  400.00 (Side area) 
      Cumulative area ratio:   12.52
      Required ratio:    0.00 (Cumulative side area) 

    Layer: via
      Partial area ratio:    0.28
      Required ratio:    6.00 (Gate area) 
      Cumulative area ratio:    0.46
      Required ratio:    0.00 (Cumulative area) 

    Layer: met2
      Partial area ratio:   10.63
      Required ratio:    0.00 (Gate area) 
      Cumulative area ratio:   13.37
      Required ratio:    0.00 (Cumulative area) 
      Partial area ratio:   52.69
      Required ratio: 2956.40 (Side area) 
      Cumulative area ratio:   65.21
      Required ratio:    0.00 (Cumulative side area) 


  Pin:   _5688_/B (sky130_fd_sc_hd__or3_4)
    Layer: mcon
      Partial area ratio:    0.12
      Required ratio:    3.00 (Gate area) 
      Cumulative area ratio:    0.12
      Required ratio:    0.00 (Cumulative area) 

    Layer: met1
      Partial area ratio:    7.91
      Required ratio:    0.00 (Gate area) 
      Cumulative area ratio:    7.91
      Required ratio:    0.00 (Cumulative area) 
      Partial area ratio:   38.84
      Required ratio:  400.00 (Side area) 
      Cumulative area ratio:   38.84
      Required ratio:    0.00 (Cumulative side area) 

    Layer: via
      Partial area ratio:    0.14
      Required ratio:    6.00 (Gate area) 
      Cumulative area ratio:    0.25
      Required ratio:    0.00 (Cumulative area) 

    Layer: met2
      Partial area ratio:   10.63
      Required ratio:    0.00 (Gate area) 
      Cumulative area ratio:   18.55
      Required ratio:    0.00 (Cumulative area) 
      Partial area ratio:   52.69
      Required ratio: 2956.40 (Side area) 
      Cumulative area ratio:   91.53
      Required ratio:    0.00 (Cumulative side area) 


  Pin:   _5690_/B (sky130_fd_sc_hd__and3_4)
    Layer: mcon
      Partial area ratio:    0.12
      Required ratio:    3.00 (Gate area) 
      Cumulative area ratio:    0.12
      Required ratio:    0.00 (Cumulative area) 

    Layer: met1
      Partial area ratio:    7.91
      Required ratio:    0.00 (Gate area) 
      Cumulative area ratio:    7.91
      Required ratio:    0.00 (Cumulative area) 
      Partial area ratio:   38.84
      Required ratio:  400.00 (Side area) 
      Cumulative area ratio:   38.84
      Required ratio:    0.00 (Cumulative side area) 

    Layer: via
      Partial area ratio:    0.14
      Required ratio:    6.00 (Gate area) 
      Cumulative area ratio:    0.25
      Required ratio:    0.00 (Cumulative area) 

    Layer: met2
      Partial area ratio:   10.63
      Required ratio:    0.00 (Gate area) 
      Cumulative area ratio:   18.55
      Required ratio:    0.00 (Cumulative area) 
      Partial area ratio:   52.69
      Required ratio: 2956.40 (Side area) 
      Cumulative area ratio:   91.53
      Required ratio:    0.00 (Cumulative side area) 


  Pin:   _5711_/B1_N (sky130_fd_sc_hd__a21bo_2)
    Layer: li1
      Partial area ratio:    0.09
      Required ratio:    0.00 (Gate area) 
      Cumulative area ratio:    0.09
      Required ratio:    0.00 (Cumulative area) 
      Partial area ratio:    0.37
      Required ratio:   75.00 (Side area) 
      Cumulative area ratio:    0.37
      Required ratio:    0.00 (Cumulative side area) 

    Layer: mcon
      Partial area ratio:    0.23
      Required ratio:    3.00 (Gate area) 
      Cumulative area ratio:    0.23
      Required ratio:    0.00 (Cumulative area) 

    Layer: met1
      Partial area ratio:   17.02
      Required ratio:    0.00 (Gate area) 
      Cumulative area ratio:   17.11
      Required ratio:    0.00 (Cumulative area) 
      Partial area ratio:   83.67
      Required ratio:  400.00 (Side area) 
      Cumulative area ratio:   84.05
      Required ratio:    0.00 (Cumulative side area) 

    Layer: via
      Partial area ratio:    0.24
      Required ratio:    6.00 (Gate area) 
      Cumulative area ratio:    0.47
      Required ratio:    0.00 (Cumulative area) 

    Layer: met2
      Partial area ratio:   10.63
      Required ratio:    0.00 (Gate area) 
      Cumulative area ratio:   27.74
      Required ratio:    0.00 (Cumulative area) 
      Partial area ratio:   52.69
      Required ratio: 2956.40 (Side area) 
      Cumulative area ratio:  136.74
      Required ratio:    0.00 (Cumulative side area) 


  Pin:   _5747_/A2 (sky130_fd_sc_hd__mux4_2)
    Layer: mcon
      Partial area ratio:    0.18
      Required ratio:    3.00 (Gate area) 
      Cumulative area ratio:    0.18
      Required ratio:    0.00 (Cumulative area) 

    Layer: met1
      Partial area ratio:    3.65
      Required ratio:    0.00 (Gate area) 
      Cumulative area ratio:    3.65
      Required ratio:    0.00 (Cumulative area) 
      Partial area ratio:   17.13
      Required ratio:  400.00 (Side area) 
      Cumulative area ratio:   17.13
      Required ratio:    0.00 (Cumulative side area) 

    Layer: via
      Partial area ratio:    0.21
      Required ratio:    6.00 (Gate area) 
      Cumulative area ratio:    0.39
      Required ratio:    0.00 (Cumulative area) 

    Layer: met2
      Partial area ratio:   10.63
      Required ratio:    0.00 (Gate area) 
      Cumulative area ratio:   14.28
      Required ratio:    0.00 (Cumulative area) 
      Partial area ratio:   52.69
      Required ratio: 2956.40 (Side area) 
      Cumulative area ratio:   69.82
      Required ratio:    0.00 (Cumulative side area) 


  Pin:   split396/A (sky130_fd_sc_hd__buf_4)
    Layer: mcon
      Partial area ratio:    0.12
      Required ratio:    3.00 (Gate area) 
      Cumulative area ratio:    0.12
      Required ratio:    0.00 (Cumulative area) 

    Layer: met1
      Partial area ratio:   16.59
      Required ratio:    0.00 (Gate area) 
      Cumulative area ratio:   16.59
      Required ratio:    0.00 (Cumulative area) 
      Partial area ratio:   81.04
      Required ratio: 2956.40 (Side area) 
      Cumulative area ratio:   81.04
      Required ratio:    0.00 (Cumulative side area) 

    Layer: via
      Partial area ratio:    0.27
      Required ratio:   38.08 (Gate area) 
      Cumulative area ratio:    0.39
      Required ratio:    0.00 (Cumulative area) 

    Layer: met2
      Partial area ratio:   10.63
      Required ratio:    0.00 (Gate area) 
      Cumulative area ratio:   27.22
      Required ratio:    0.00 (Cumulative area) 
      Partial area ratio:   52.69
      Required ratio: 2956.40 (Side area) 
      Cumulative area ratio:  133.73
      Required ratio:    0.00 (Cumulative side area) 



Net: net219
  Pin:   _5304_/A0 (sky130_fd_sc_hd__mux2_2)
    Layer: mcon
      Partial area ratio:    0.18
      Required ratio:    3.00 (Gate area) 
      Cumulative area ratio:    0.18
      Required ratio:    0.00 (Cumulative area) 

    Layer: met1
      Partial area ratio:    5.62
      Required ratio:    0.00 (Gate area) 
      Cumulative area ratio:    5.62
      Required ratio:    0.00 (Cumulative area) 
      Partial area ratio:   26.93
      Required ratio:  400.00 (Side area) 
      Cumulative area ratio:   26.93
      Required ratio:    0.00 (Cumulative side area) 

    Layer: via
      Partial area ratio:    0.28
      Required ratio:    6.00 (Gate area) 
      Cumulative area ratio:    0.46
      Required ratio:    0.00 (Cumulative area) 

    Layer: met2
      Partial area ratio:    1.17
      Required ratio:    0.00 (Gate area) 
      Cumulative area ratio:    6.80
      Required ratio:    0.00 (Cumulative area) 
      Partial area ratio:    5.42
      Required ratio:  400.00 (Side area) 
      Cumulative area ratio:   32.35
      Required ratio:    0.00 (Cumulative side area) 

    Layer: via2
      Partial area ratio:    0.25
      Required ratio:    6.00 (Gate area) 
      Cumulative area ratio:    0.72
      Required ratio:    0.00 (Cumulative area) 

    Layer: met3
      Partial area ratio:    6.05
      Required ratio:    0.00 (Gate area) 
      Cumulative area ratio:   12.85
      Required ratio:    0.00 (Cumulative area) 
      Partial area ratio:   33.57
      Required ratio: 3134.60 (Side area) 
      Cumulative area ratio:   65.92
      Required ratio:    0.00 (Cumulative side area) 

    Layer: via3
      Partial area ratio:    0.06
      Required ratio:   54.11 (Gate area) 
      Cumulative area ratio:    0.77
      Required ratio:    0.00 (Cumulative area) 

    Layer: met4
      Partial area ratio:   22.45
      Required ratio:    0.00 (Gate area) 
      Cumulative area ratio:   35.29
      Required ratio:    0.00 (Cumulative area) 
      Partial area ratio:  120.35
      Required ratio: 3134.60 (Side area) 
      Cumulative area ratio:  186.26
      Required ratio:    0.00 (Cumulative side area) 


  Pin:   _5319_/A (sky130_fd_sc_hd__buf_1)
    Layer: mcon
      Partial area ratio:    0.15
      Required ratio:    3.00 (Gate area) 
      Cumulative area ratio:    0.15
      Required ratio:    0.00 (Cumulative area) 

    Layer: met1
      Partial area ratio:   21.65
      Required ratio:    0.00 (Gate area) 
      Cumulative area ratio:   21.65
      Required ratio:    0.00 (Cumulative area) 
      Partial area ratio:  106.78
      Required ratio:  400.00 (Side area) 
      Cumulative area ratio:  106.78
      Required ratio:    0.00 (Cumulative side area) 

    Layer: via
      Partial area ratio:    0.34
      Required ratio:    6.00 (Gate area) 
      Cumulative area ratio:    0.49
      Required ratio:    0.00 (Cumulative area) 

    Layer: met2
      Partial area ratio:   20.61
      Required ratio:    0.00 (Gate area) 
      Cumulative area ratio:   42.27
      Required ratio:    0.00 (Cumulative area) 
      Partial area ratio:  101.70
      Required ratio:  400.00 (Side area) 
      Cumulative area ratio:  208.48
      Required ratio:    0.00 (Cumulative side area) 

    Layer: via2
      Partial area ratio:    0.23
      Required ratio:    6.00 (Gate area) 
      Cumulative area ratio:    0.72
      Required ratio:    0.00 (Cumulative area) 

    Layer: met3
      Partial area ratio:    6.52
      Required ratio:    0.00 (Gate area) 
      Cumulative area ratio:   48.79
      Required ratio:    0.00 (Cumulative area) 
      Partial area ratio:   37.42
      Required ratio:  400.00 (Side area) 
      Cumulative area ratio:  245.91
      Required ratio:    0.00 (Cumulative side area) 

    Layer: via3
      Partial area ratio:    0.23
      Required ratio:    6.00 (Gate area) 
      Cumulative area ratio:    0.94
      Required ratio:    0.00 (Cumulative area) 

    Layer: met4
      Partial area ratio:   22.45
      Required ratio:    0.00 (Gate area) 
      Cumulative area ratio:   71.24
      Required ratio:    0.00 (Cumulative area) 
      Partial area ratio:  120.35
      Required ratio: 3134.60 (Side area) 
      Cumulative area ratio:  366.25
      Required ratio:    0.00 (Cumulative side area) 


  Pin:   _5327_/A0 (sky130_fd_sc_hd__mux2_2)
    Layer: mcon
      Partial area ratio:    0.18
      Required ratio:    3.00 (Gate area) 
      Cumulative area ratio:    0.18
      Required ratio:    0.00 (Cumulative area) 

    Layer: met1
      Partial area ratio:   20.57
      Required ratio:    0.00 (Gate area) 
      Cumulative area ratio:   20.57
      Required ratio:    0.00 (Cumulative area) 
      Partial area ratio:  101.00
      Required ratio:  400.00 (Side area) 
      Cumulative area ratio:  101.00
      Required ratio:    0.00 (Cumulative side area) 

    Layer: via
      Partial area ratio:    0.42
      Required ratio:    6.00 (Gate area) 
      Cumulative area ratio:    0.61
      Required ratio:    0.00 (Cumulative area) 

    Layer: met2
      Partial area ratio:   11.55
      Required ratio:    0.00 (Gate area) 
      Cumulative area ratio:   32.12
      Required ratio:    0.00 (Cumulative area) 
      Partial area ratio:   56.86
      Required ratio: 3134.60 (Side area) 
      Cumulative area ratio:  157.86
      Required ratio:    0.00 (Cumulative side area) 

    Layer: via2
      Partial area ratio:    0.14
      Required ratio:   54.11 (Gate area) 
      Cumulative area ratio:    0.75
      Required ratio:    0.00 (Cumulative area) 

    Layer: met3
      Partial area ratio:    6.05
      Required ratio:    0.00 (Gate area) 
      Cumulative area ratio:   38.17
      Required ratio:    0.00 (Cumulative area) 
      Partial area ratio:   33.57
      Required ratio: 3134.60 (Side area) 
      Cumulative area ratio:  191.43
      Required ratio:    0.00 (Cumulative side area) 

    Layer: via3
      Partial area ratio:    0.06
      Required ratio:   54.11 (Gate area) 
      Cumulative area ratio:    0.80
      Required ratio:    0.00 (Cumulative area) 

    Layer: met4
      Partial area ratio:   22.45
      Required ratio:    0.00 (Gate area) 
      Cumulative area ratio:   60.62
      Required ratio:    0.00 (Cumulative area) 
      Partial area ratio:  120.35
      Required ratio: 3134.60 (Side area) 
      Cumulative area ratio:  311.78
      Required ratio:    0.00 (Cumulative side area) 


  Pin:   _5424_/A3 (sky130_fd_sc_hd__o311a_2)
    Layer: mcon
      Partial area ratio:    0.12
      Required ratio:    3.00 (Gate area) 
      Cumulative area ratio:    0.12
      Required ratio:    0.00 (Cumulative area) 

    Layer: met1
      Partial area ratio:   21.77
      Required ratio:    0.00 (Gate area) 
      Cumulative area ratio:   21.77
      Required ratio:    0.00 (Cumulative area) 
      Partial area ratio:  107.66
      Required ratio:  400.00 (Side area) 
      Cumulative area ratio:  107.66
      Required ratio:    0.00 (Cumulative side area) 

    Layer: via
      Partial area ratio:    0.27
      Required ratio:    6.00 (Gate area) 
      Cumulative area ratio:    0.39
      Required ratio:    0.00 (Cumulative area) 

    Layer: met2
      Partial area ratio:   11.55
      Required ratio:    0.00 (Gate area) 
      Cumulative area ratio:   33.32
      Required ratio:    0.00 (Cumulative area) 
      Partial area ratio:   56.86
      Required ratio: 3134.60 (Side area) 
      Cumulative area ratio:  164.52
      Required ratio:    0.00 (Cumulative side area) 

    Layer: via2
      Partial area ratio:    0.14
      Required ratio:   54.11 (Gate area) 
      Cumulative area ratio:    0.53
      Required ratio:    0.00 (Cumulative area) 

    Layer: met3
      Partial area ratio:    6.05
      Required ratio:    0.00 (Gate area) 
      Cumulative area ratio:   39.37
      Required ratio:    0.00 (Cumulative area) 
      Partial area ratio:   33.57
      Required ratio: 3134.60 (Side area) 
      Cumulative area ratio:  198.09
      Required ratio:    0.00 (Cumulative side area) 

    Layer: via3
      Partial area ratio:    0.06
      Required ratio:   54.11 (Gate area) 
      Cumulative area ratio:    0.59
      Required ratio:    0.00 (Cumulative area) 

    Layer: met4
      Partial area ratio:   22.45
      Required ratio:    0.00 (Gate area) 
      Cumulative area ratio:   61.82
      Required ratio:    0.00 (Cumulative area) 
      Partial area ratio:  120.35
      Required ratio: 3134.60 (Side area) 
      Cumulative area ratio:  318.43
      Required ratio:    0.00 (Cumulative side area) 


  Pin:   _6552_/B2 (sky130_fd_sc_hd__a2bb2o_2)
    Layer: mcon
      Partial area ratio:    0.18
      Required ratio:    3.00 (Gate area) 
      Cumulative area ratio:    0.18
      Required ratio:    0.00 (Cumulative area) 

    Layer: met1
      Partial area ratio:    5.25
      Required ratio:    0.00 (Gate area) 
      Cumulative area ratio:    5.25
      Required ratio:    0.00 (Cumulative area) 
      Partial area ratio:   25.07
      Required ratio:  400.00 (Side area) 
      Cumulative area ratio:   25.07
      Required ratio:    0.00 (Cumulative side area) 

    Layer: via
      Partial area ratio:    0.28
      Required ratio:    6.00 (Gate area) 
      Cumulative area ratio:    0.46
      Required ratio:    0.00 (Cumulative area) 

    Layer: met2
      Partial area ratio:   11.55
      Required ratio:    0.00 (Gate area) 
      Cumulative area ratio:   16.80
      Required ratio:    0.00 (Cumulative area) 
      Partial area ratio:   56.86
      Required ratio: 3134.60 (Side area) 
      Cumulative area ratio:   81.93
      Required ratio:    0.00 (Cumulative side area) 

    Layer: via2
      Partial area ratio:    0.14
      Required ratio:   54.11 (Gate area) 
      Cumulative area ratio:    0.61
      Required ratio:    0.00 (Cumulative area) 

    Layer: met3
      Partial area ratio:    6.05
      Required ratio:    0.00 (Gate area) 
      Cumulative area ratio:   22.85
      Required ratio:    0.00 (Cumulative area) 
      Partial area ratio:   33.57
      Required ratio: 3134.60 (Side area) 
      Cumulative area ratio:  115.50
      Required ratio:    0.00 (Cumulative side area) 

    Layer: via3
      Partial area ratio:    0.06
      Required ratio:   54.11 (Gate area) 
      Cumulative area ratio:    0.66
      Required ratio:    0.00 (Cumulative area) 

    Layer: met4
      Partial area ratio:   22.45
      Required ratio:    0.00 (Gate area) 
      Cumulative area ratio:   45.29
      Required ratio:    0.00 (Cumulative area) 
      Partial area ratio:  120.35
      Required ratio: 3134.60 (Side area) 
      Cumulative area ratio:  235.85
      Required ratio:    0.00 (Cumulative side area) 


  Pin:   _6716_/B2 (sky130_fd_sc_hd__a22o_2)
    Layer: mcon
      Partial area ratio:    0.12
      Required ratio:    3.00 (Gate area) 
      Cumulative area ratio:    0.12
      Required ratio:    0.00 (Cumulative area) 

    Layer: met1
      Partial area ratio:    1.48
      Required ratio:    0.00 (Gate area) 
      Cumulative area ratio:    1.48
      Required ratio:    0.00 (Cumulative area) 
      Partial area ratio:    6.64
      Required ratio:  400.00 (Side area) 
      Cumulative area ratio:    6.64
      Required ratio:    0.00 (Cumulative side area) 

    Layer: via
      Partial area ratio:    0.18
      Required ratio:    6.00 (Gate area) 
      Cumulative area ratio:    0.30
      Required ratio:    0.00 (Cumulative area) 

    Layer: met2
      Partial area ratio:    0.75
      Required ratio:    0.00 (Gate area) 
      Cumulative area ratio:    2.23
      Required ratio:    0.00 (Cumulative area) 
      Partial area ratio:    3.48
      Required ratio:  400.00 (Side area) 
      Cumulative area ratio:   10.12
      Required ratio:    0.00 (Cumulative side area) 

    Layer: via2
      Partial area ratio:    0.16
      Required ratio:    6.00 (Gate area) 
      Cumulative area ratio:    0.46
      Required ratio:    0.00 (Cumulative area) 

    Layer: met3
      Partial area ratio:    0.50
      Required ratio:    0.00 (Gate area) 
      Cumulative area ratio:    2.74
      Required ratio:    0.00 (Cumulative area) 
      Partial area ratio:    4.59
      Required ratio:  400.00 (Side area) 
      Cumulative area ratio:   14.71
      Required ratio:    0.00 (Cumulative side area) 

    Layer: via3
      Partial area ratio:    0.16
      Required ratio:    6.00 (Gate area) 
      Cumulative area ratio:    0.62
      Required ratio:    0.00 (Cumulative area) 

    Layer: met4
      Partial area ratio:   22.45
      Required ratio:    0.00 (Gate area) 
      Cumulative area ratio:   25.18
      Required ratio:    0.00 (Cumulative area) 
      Partial area ratio:  120.35
      Required ratio: 3134.60 (Side area) 
      Cumulative area ratio:  135.06
      Required ratio:    0.00 (Cumulative side area) 


  Pin:   _7441_/A1_N (sky130_fd_sc_hd__o2bb2a_2)
    Layer: mcon
      Partial area ratio:    0.18
      Required ratio:    3.00 (Gate area) 
      Cumulative area ratio:    0.18
      Required ratio:    0.00 (Cumulative area) 

    Layer: met1
      Partial area ratio:    2.87
      Required ratio:    0.00 (Gate area) 
      Cumulative area ratio:    2.87
      Required ratio:    0.00 (Cumulative area) 
      Partial area ratio:   13.03
      Required ratio:  400.00 (Side area) 
      Cumulative area ratio:   13.03
      Required ratio:    0.00 (Cumulative side area) 

    Layer: via
      Partial area ratio:    0.28
      Required ratio:    6.00 (Gate area) 
      Cumulative area ratio:    0.46
      Required ratio:    0.00 (Cumulative area) 

    Layer: met2
      Partial area ratio:   20.61
      Required ratio:    0.00 (Gate area) 
      Cumulative area ratio:   23.48
      Required ratio:    0.00 (Cumulative area) 
      Partial area ratio:  101.70
      Required ratio:  400.00 (Side area) 
      Cumulative area ratio:  114.73
      Required ratio:    0.00 (Cumulative side area) 

    Layer: via2
      Partial area ratio:    0.23
      Required ratio:    6.00 (Gate area) 
      Cumulative area ratio:    0.69
      Required ratio:    0.00 (Cumulative area) 

    Layer: met3
      Partial area ratio:    6.52
      Required ratio:    0.00 (Gate area) 
      Cumulative area ratio:   30.00
      Required ratio:    0.00 (Cumulative area) 
      Partial area ratio:   37.42
      Required ratio:  400.00 (Side area) 
      Cumulative area ratio:  152.16
      Required ratio:    0.00 (Cumulative side area) 

    Layer: via3
      Partial area ratio:    0.23
      Required ratio:    6.00 (Gate area) 
      Cumulative area ratio:    0.91
      Required ratio:    0.00 (Cumulative area) 

    Layer: met4
      Partial area ratio:   22.45
      Required ratio:    0.00 (Gate area) 
      Cumulative area ratio:   52.45
      Required ratio:    0.00 (Cumulative area) 
      Partial area ratio:  120.35
      Required ratio: 3134.60 (Side area) 
      Cumulative area ratio:  272.50
      Required ratio:    0.00 (Cumulative side area) 


  Pin:   _7509_/A2 (sky130_fd_sc_hd__mux4_2)
    Layer: mcon
      Partial area ratio:    0.18
      Required ratio:    3.00 (Gate area) 
      Cumulative area ratio:    0.18
      Required ratio:    0.00 (Cumulative area) 

    Layer: met1
      Partial area ratio:    3.37
      Required ratio:    0.00 (Gate area) 
      Cumulative area ratio:    3.37
      Required ratio:    0.00 (Cumulative area) 
      Partial area ratio:   15.68
      Required ratio:  400.00 (Side area) 
      Cumulative area ratio:   15.68
      Required ratio:    0.00 (Cumulative side area) 

    Layer: via
      Partial area ratio:    0.28
      Required ratio:    6.00 (Gate area) 
      Cumulative area ratio:    0.46
      Required ratio:    0.00 (Cumulative area) 

    Layer: met2
      Partial area ratio:    7.47
      Required ratio:    0.00 (Gate area) 
      Cumulative area ratio:   10.84
      Required ratio:    0.00 (Cumulative area) 
      Partial area ratio:   36.21
      Required ratio:  400.00 (Side area) 
      Cumulative area ratio:   51.89
      Required ratio:    0.00 (Cumulative side area) 

    Layer: via2
      Partial area ratio:    0.25
      Required ratio:    6.00 (Gate area) 
      Cumulative area ratio:    0.72
      Required ratio:    0.00 (Cumulative area) 

    Layer: met3
      Partial area ratio:  196.06
      Required ratio:    0.00 (Gate area) 
      Cumulative area ratio:  206.90
      Required ratio:    0.00 (Cumulative area) 
      Partial area ratio: 1048.60
      Required ratio:  400.00 (Side area) (VIOLATED)
      Cumulative area ratio: 1100.50
      Required ratio:    0.00 (Cumulative side area) 

    Layer: via3
      Partial area ratio:    0.25
      Required ratio:    6.00 (Gate area) 
      Cumulative area ratio:    0.97
      Required ratio:    0.00 (Cumulative area) 

    Layer: met4
      Partial area ratio:   22.45
      Required ratio:    0.00 (Gate area) 
      Cumulative area ratio:  229.35
      Required ratio:    0.00 (Cumulative area) 
      Partial area ratio:  120.35
      Required ratio: 3134.60 (Side area) 
      Cumulative area ratio: 1220.84
      Required ratio:    0.00 (Cumulative side area) 



Net: net573
  Pin:   _6229_/A (sky130_fd_sc_hd__or2_2)
    Layer: mcon
      Partial area ratio:    0.23
      Required ratio:    3.00 (Gate area) 
      Cumulative area ratio:    0.23
      Required ratio:    0.00 (Cumulative area) 

    Layer: met1
      Partial area ratio:    5.84
      Required ratio:    0.00 (Gate area) 
      Cumulative area ratio:    5.84
      Required ratio:    0.00 (Cumulative area) 
      Partial area ratio:   27.72
      Required ratio:  400.00 (Side area) 
      Cumulative area ratio:   27.72
      Required ratio:    0.00 (Cumulative side area) 

    Layer: via
      Partial area ratio:    0.36
      Required ratio:    6.00 (Gate area) 
      Cumulative area ratio:    0.59
      Required ratio:    0.00 (Cumulative area) 

    Layer: met2
      Partial area ratio:   14.31
      Required ratio:    0.00 (Gate area) 
      Cumulative area ratio:   20.14
      Required ratio:    0.00 (Cumulative area) 
      Partial area ratio:   70.67
      Required ratio:  400.00 (Side area) 
      Cumulative area ratio:   98.40
      Required ratio:    0.00 (Cumulative side area) 

    Layer: via2
      Partial area ratio:    0.11
      Required ratio:    6.00 (Gate area) 
      Cumulative area ratio:    0.69
      Required ratio:    0.00 (Cumulative area) 

    Layer: met3
      Partial area ratio:    0.33
      Required ratio:    0.00 (Gate area) 
      Cumulative area ratio:   20.48
      Required ratio:    0.00 (Cumulative area) 
      Partial area ratio:    3.04
      Required ratio:  400.00 (Side area) 
      Cumulative area ratio:  101.44
      Required ratio:    0.00 (Cumulative side area) 

    Layer: via3
      Partial area ratio:    0.11
      Required ratio:    6.00 (Gate area) 
      Cumulative area ratio:    0.80
      Required ratio:    0.00 (Cumulative area) 

    Layer: met4
      Partial area ratio:   16.36
      Required ratio:    0.00 (Gate area) 
      Cumulative area ratio:   36.84
      Required ratio:    0.00 (Cumulative area) 
      Partial area ratio:   88.01
      Required ratio: 2778.20 (Side area) 
      Cumulative area ratio:  189.45
      Required ratio:    0.00 (Cumulative side area) 


  Pin:   _6274_/A1 (sky130_fd_sc_hd__mux4_2)
    Layer: mcon
      Partial area ratio:    0.18
      Required ratio:    3.00 (Gate area) 
      Cumulative area ratio:    0.18
      Required ratio:    0.00 (Cumulative area) 

    Layer: met1
      Partial area ratio:    3.97
      Required ratio:    0.00 (Gate area) 
      Cumulative area ratio:    3.97
      Required ratio:    0.00 (Cumulative area) 
      Partial area ratio:   18.67
      Required ratio:  400.00 (Side area) 
      Cumulative area ratio:   18.67
      Required ratio:    0.00 (Cumulative side area) 

    Layer: via
      Partial area ratio:    0.28
      Required ratio:    6.00 (Gate area) 
      Cumulative area ratio:    0.46
      Required ratio:    0.00 (Cumulative area) 

    Layer: met2
      Partial area ratio:    1.17
      Required ratio:    0.00 (Gate area) 
      Cumulative area ratio:    5.14
      Required ratio:    0.00 (Cumulative area) 
      Partial area ratio:    5.42
      Required ratio:  400.00 (Side area) 
      Cumulative area ratio:   24.08
      Required ratio:    0.00 (Cumulative side area) 

    Layer: via2
      Partial area ratio:    0.25
      Required ratio:    6.00 (Gate area) 
      Cumulative area ratio:    0.72
      Required ratio:    0.00 (Cumulative area) 

    Layer: met3
      Partial area ratio:  101.34
      Required ratio:    0.00 (Gate area) 
      Cumulative area ratio:  106.49
      Required ratio:    0.00 (Cumulative area) 
      Partial area ratio:  542.77
      Required ratio:  400.00 (Side area) (VIOLATED)
      Cumulative area ratio:  566.86
      Required ratio:    0.00 (Cumulative side area) 

    Layer: via3
      Partial area ratio:    0.19
      Required ratio:    6.00 (Gate area) 
      Cumulative area ratio:    0.91
      Required ratio:    0.00 (Cumulative area) 

    Layer: met4
      Partial area ratio:   16.36
      Required ratio:    0.00 (Gate area) 
      Cumulative area ratio:  122.85
      Required ratio:    0.00 (Cumulative area) 
      Partial area ratio:   88.01
      Required ratio: 2778.20 (Side area) 
      Cumulative area ratio:  654.86
      Required ratio:    0.00 (Cumulative side area) 


  Pin:   _6315_/A (sky130_fd_sc_hd__or3b_4)
    Layer: mcon
      Partial area ratio:    0.12
      Required ratio:    3.00 (Gate area) 
      Cumulative area ratio:    0.12
      Required ratio:    0.00 (Cumulative area) 

    Layer: met1
      Partial area ratio:    4.98
      Required ratio:    0.00 (Gate area) 
      Cumulative area ratio:    4.98
      Required ratio:    0.00 (Cumulative area) 
      Partial area ratio:   23.73
      Required ratio:  400.00 (Side area) 
      Cumulative area ratio:   23.73
      Required ratio:    0.00 (Cumulative side area) 

    Layer: via
      Partial area ratio:    0.27
      Required ratio:    6.00 (Gate area) 
      Cumulative area ratio:    0.39
      Required ratio:    0.00 (Cumulative area) 

    Layer: met2
      Partial area ratio:   14.31
      Required ratio:    0.00 (Gate area) 
      Cumulative area ratio:   19.29
      Required ratio:    0.00 (Cumulative area) 
      Partial area ratio:   70.67
      Required ratio:  400.00 (Side area) 
      Cumulative area ratio:   94.40
      Required ratio:    0.00 (Cumulative side area) 

    Layer: via2
      Partial area ratio:    0.11
      Required ratio:    6.00 (Gate area) 
      Cumulative area ratio:    0.50
      Required ratio:    0.00 (Cumulative area) 

    Layer: met3
      Partial area ratio:    0.33
      Required ratio:    0.00 (Gate area) 
      Cumulative area ratio:   19.62
      Required ratio:    0.00 (Cumulative area) 
      Partial area ratio:    3.04
      Required ratio:  400.00 (Side area) 
      Cumulative area ratio:   97.45
      Required ratio:    0.00 (Cumulative side area) 

    Layer: via3
      Partial area ratio:    0.11
      Required ratio:    6.00 (Gate area) 
      Cumulative area ratio:    0.60
      Required ratio:    0.00 (Cumulative area) 

    Layer: met4
      Partial area ratio:   16.36
      Required ratio:    0.00 (Gate area) 
      Cumulative area ratio:   35.99
      Required ratio:    0.00 (Cumulative area) 
      Partial area ratio:   88.01
      Required ratio: 2778.20 (Side area) 
      Cumulative area ratio:  185.45
      Required ratio:    0.00 (Cumulative side area) 


  Pin:   _6316_/B (sky130_fd_sc_hd__and4_2)
    Layer: mcon
      Partial area ratio:    0.23
      Required ratio:    3.00 (Gate area) 
      Cumulative area ratio:    0.23
      Required ratio:    0.00 (Cumulative area) 

    Layer: met1
      Partial area ratio:   17.95
      Required ratio:    0.00 (Gate area) 
      Cumulative area ratio:   17.95
      Required ratio:    0.00 (Cumulative area) 
      Partial area ratio:   87.40
      Required ratio:  400.00 (Side area) 
      Cumulative area ratio:   87.40
      Required ratio:    0.00 (Cumulative side area) 

    Layer: via
      Partial area ratio:    0.54
      Required ratio:    6.00 (Gate area) 
      Cumulative area ratio:    0.77
      Required ratio:    0.00 (Cumulative area) 

    Layer: met2
      Partial area ratio:    9.29
      Required ratio:    0.00 (Gate area) 
      Cumulative area ratio:   27.23
      Required ratio:    0.00 (Cumulative area) 
      Partial area ratio:   45.43
      Required ratio:  400.00 (Side area) 
      Cumulative area ratio:  132.83
      Required ratio:    0.00 (Cumulative side area) 

    Layer: via2
      Partial area ratio:    0.32
      Required ratio:    6.00 (Gate area) 
      Cumulative area ratio:    1.08
      Required ratio:    0.00 (Cumulative area) 

    Layer: met3
      Partial area ratio:  101.34
      Required ratio:    0.00 (Gate area) 
      Cumulative area ratio:  128.58
      Required ratio:    0.00 (Cumulative area) 
      Partial area ratio:  542.77
      Required ratio:  400.00 (Side area) (VIOLATED)
      Cumulative area ratio:  675.60
      Required ratio:    0.00 (Cumulative side area) 

    Layer: via3
      Partial area ratio:    0.19
      Required ratio:    6.00 (Gate area) 
      Cumulative area ratio:    1.28
      Required ratio:    0.00 (Cumulative area) 

    Layer: met4
      Partial area ratio:   16.36
      Required ratio:    0.00 (Gate area) 
      Cumulative area ratio:  144.94
      Required ratio:    0.00 (Cumulative area) 
      Partial area ratio:   88.01
      Required ratio: 2778.20 (Side area) 
      Cumulative area ratio:  763.61
      Required ratio:    0.00 (Cumulative side area) 


  Pin:   _6490_/A (sky130_fd_sc_hd__and4_2)
    Layer: mcon
      Partial area ratio:    0.23
      Required ratio:    3.00 (Gate area) 
      Cumulative area ratio:    0.23
      Required ratio:    0.00 (Cumulative area) 

    Layer: met1
      Partial area ratio:    7.57
      Required ratio:    0.00 (Gate area) 
      Cumulative area ratio:    7.57
      Required ratio:    0.00 (Cumulative area) 
      Partial area ratio:   36.37
      Required ratio:  400.00 (Side area) 
      Cumulative area ratio:   36.37
      Required ratio:    0.00 (Cumulative side area) 

    Layer: via
      Partial area ratio:    0.36
      Required ratio:    6.00 (Gate area) 
      Cumulative area ratio:    0.59
      Required ratio:    0.00 (Cumulative area) 

    Layer: met2
      Partial area ratio:    9.29
      Required ratio:    0.00 (Gate area) 
      Cumulative area ratio:   16.86
      Required ratio:    0.00 (Cumulative area) 
      Partial area ratio:   45.43
      Required ratio:  400.00 (Side area) 
      Cumulative area ratio:   81.80
      Required ratio:    0.00 (Cumulative side area) 

    Layer: via2
      Partial area ratio:    0.32
      Required ratio:    6.00 (Gate area) 
      Cumulative area ratio:    0.90
      Required ratio:    0.00 (Cumulative area) 

    Layer: met3
      Partial area ratio:  101.34
      Required ratio:    0.00 (Gate area) 
      Cumulative area ratio:  118.20
      Required ratio:    0.00 (Cumulative area) 
      Partial area ratio:  542.77
      Required ratio:  400.00 (Side area) (VIOLATED)
      Cumulative area ratio:  624.58
      Required ratio:    0.00 (Cumulative side area) 

    Layer: via3
      Partial area ratio:    0.19
      Required ratio:    6.00 (Gate area) 
      Cumulative area ratio:    1.10
      Required ratio:    0.00 (Cumulative area) 

    Layer: met4
      Partial area ratio:   16.36
      Required ratio:    0.00 (Gate area) 
      Cumulative area ratio:  134.56
      Required ratio:    0.00 (Cumulative area) 
      Partial area ratio:   88.01
      Required ratio: 2778.20 (Side area) 
      Cumulative area ratio:  712.59
      Required ratio:    0.00 (Cumulative side area) 


  Pin:   split441/A (sky130_fd_sc_hd__buf_6)
    Layer: mcon
      Partial area ratio:    0.06
      Required ratio:    3.00 (Gate area) 
      Cumulative area ratio:    0.06
      Required ratio:    0.00 (Cumulative area) 

    Layer: met1
      Partial area ratio:    3.06
      Required ratio:    0.00 (Gate area) 
      Cumulative area ratio:    3.06
      Required ratio:    0.00 (Cumulative area) 
      Partial area ratio:   14.93
      Required ratio:  400.00 (Side area) 
      Cumulative area ratio:   14.93
      Required ratio:    0.00 (Cumulative side area) 

    Layer: via
      Partial area ratio:    0.09
      Required ratio:    6.00 (Gate area) 
      Cumulative area ratio:    0.15
      Required ratio:    0.00 (Cumulative area) 

    Layer: met2
      Partial area ratio:    6.55
      Required ratio:    0.00 (Gate area) 
      Cumulative area ratio:    9.61
      Required ratio:    0.00 (Cumulative area) 
      Partial area ratio:   32.14
      Required ratio: 2778.20 (Side area) 
      Cumulative area ratio:   47.07
      Required ratio:    0.00 (Cumulative side area) 

    Layer: via2
      Partial area ratio:    0.08
      Required ratio:   22.04 (Gate area) 
      Cumulative area ratio:    0.23
      Required ratio:    0.00 (Cumulative area) 

    Layer: met3
      Partial area ratio:   16.98
      Required ratio:    0.00 (Gate area) 
      Cumulative area ratio:   26.59
      Required ratio:    0.00 (Cumulative area) 
      Partial area ratio:   91.49
      Required ratio: 2778.20 (Side area) 
      Cumulative area ratio:  138.56
      Required ratio:    0.00 (Cumulative side area) 

    Layer: via3
      Partial area ratio:    0.08
      Required ratio:   22.04 (Gate area) 
      Cumulative area ratio:    0.31
      Required ratio:    0.00 (Cumulative area) 

    Layer: met4
      Partial area ratio:   16.36
      Required ratio:    0.00 (Gate area) 
      Cumulative area ratio:   42.95
      Required ratio:    0.00 (Cumulative area) 
      Partial area ratio:   88.01
      Required ratio: 2778.20 (Side area) 
      Cumulative area ratio:  226.57
      Required ratio:    0.00 (Cumulative side area) 



[INFO ANT-0002] Found 25 net violations.
[INFO ANT-0001] Found 27 pin violations.
